solid OpenSCAD_Model
  facet normal -0.989158 -0.146854 0
    outer loop
      vertex -12.3082 0.166629 0
      vertex -12.3327 0.331653 2.5
      vertex -12.3327 0.331653 0
    endloop
  endfacet
  facet normal -0.989158 -0.146854 0
    outer loop
      vertex -12.3327 0.331653 2.5
      vertex -12.3082 0.166629 0
      vertex -12.3082 0.166629 2.5
    endloop
  endfacet
  facet normal -0.998791 -0.0491516 0
    outer loop
      vertex -12.3 0 0
      vertex -12.3082 0.166629 2.5
      vertex -12.3082 0.166629 0
    endloop
  endfacet
  facet normal -0.998791 -0.0491516 0
    outer loop
      vertex -12.3082 0.166629 2.5
      vertex -12.3 0 0
      vertex -12.3 0 2.5
    endloop
  endfacet
  facet normal -0.970083 -0.242774 0
    outer loop
      vertex -12.3327 0.331653 0
      vertex -12.3732 0.493484 2.5
      vertex -12.3732 0.493484 0
    endloop
  endfacet
  facet normal -0.970083 -0.242774 0
    outer loop
      vertex -12.3732 0.493484 2.5
      vertex -12.3327 0.331653 0
      vertex -12.3327 0.331653 2.5
    endloop
  endfacet
  facet normal -0.42754 0.903996 0
    outer loop
      vertex -13.1986 -1.49927 0
      vertex -13.3494 -1.57059 2.5
      vertex -13.1986 -1.49927 2.5
    endloop
  endfacet
  facet normal -0.42754 0.903996 0
    outer loop
      vertex -13.3494 -1.57059 2.5
      vertex -13.1986 -1.49927 0
      vertex -13.3494 -1.57059 0
    endloop
  endfacet
  facet normal 0.0491004 -0.998794 0
    outer loop
      vertex -14.1666 1.69181 0
      vertex -14 1.7 2.5
      vertex -14.1666 1.69181 2.5
    endloop
  endfacet
  facet normal 0.0491004 -0.998794 0
    outer loop
      vertex -14 1.7 2.5
      vertex -14.1666 1.69181 0
      vertex -14 1.7 0
    endloop
  endfacet
  facet normal 0.42754 -0.903996 0
    outer loop
      vertex -14.8014 1.49927 0
      vertex -14.6506 1.57059 2.5
      vertex -14.8014 1.49927 2.5
    endloop
  endfacet
  facet normal 0.42754 -0.903996 0
    outer loop
      vertex -14.6506 1.57059 2.5
      vertex -14.8014 1.49927 0
      vertex -14.6506 1.57059 0
    endloop
  endfacet
  facet normal -0.741051 -0.671448 0
    outer loop
      vertex -12.6859 1.07847 0
      vertex -12.7979 1.20208 2.5
      vertex -12.7979 1.20208 0
    endloop
  endfacet
  facet normal -0.741051 -0.671448 0
    outer loop
      vertex -12.7979 1.20208 2.5
      vertex -12.6859 1.07847 0
      vertex -12.6859 1.07847 2.5
    endloop
  endfacet
  facet normal 0.14667 0.989185 -0
    outer loop
      vertex -14.1666 -1.69181 0
      vertex -14.3317 -1.66733 2.5
      vertex -14.1666 -1.69181 2.5
    endloop
  endfacet
  facet normal 0.14667 0.989185 0
    outer loop
      vertex -14.3317 -1.66733 2.5
      vertex -14.1666 -1.69181 0
      vertex -14.3317 -1.66733 0
    endloop
  endfacet
  facet normal -0.42754 -0.903996 0
    outer loop
      vertex -13.3494 1.57059 0
      vertex -13.1986 1.49927 2.5
      vertex -13.3494 1.57059 2.5
    endloop
  endfacet
  facet normal -0.42754 -0.903996 -0
    outer loop
      vertex -13.1986 1.49927 2.5
      vertex -13.3494 1.57059 0
      vertex -13.1986 1.49927 0
    endloop
  endfacet
  facet normal 0.14667 -0.989185 0
    outer loop
      vertex -14.3317 1.66733 0
      vertex -14.1666 1.69181 2.5
      vertex -14.3317 1.66733 2.5
    endloop
  endfacet
  facet normal 0.14667 -0.989185 0
    outer loop
      vertex -14.1666 1.69181 2.5
      vertex -14.3317 1.66733 0
      vertex -14.1666 1.69181 0
    endloop
  endfacet
  facet normal -0.242987 0.97003 0
    outer loop
      vertex -13.5065 -1.6268 0
      vertex -13.6683 -1.66733 2.5
      vertex -13.5065 -1.6268 2.5
    endloop
  endfacet
  facet normal -0.242987 0.97003 0
    outer loop
      vertex -13.6683 -1.66733 2.5
      vertex -13.5065 -1.6268 0
      vertex -13.6683 -1.66733 0
    endloop
  endfacet
  facet normal 0.595695 -0.803211 0
    outer loop
      vertex -15.0785 1.31412 0
      vertex -14.9445 1.4135 2.5
      vertex -15.0785 1.31412 2.5
    endloop
  endfacet
  facet normal 0.595695 -0.803211 0
    outer loop
      vertex -14.9445 1.4135 2.5
      vertex -15.0785 1.31412 0
      vertex -14.9445 1.4135 0
    endloop
  endfacet
  facet normal 0.904057 -0.427412 0
    outer loop
      vertex -15.5706 0.650561 2.5
      vertex -15.4993 0.801374 0
      vertex -15.4993 0.801374 2.5
    endloop
  endfacet
  facet normal 0.904057 -0.427412 0
    outer loop
      vertex -15.4993 0.801374 0
      vertex -15.5706 0.650561 2.5
      vertex -15.5706 0.650561 0
    endloop
  endfacet
  facet normal 0.42754 0.903996 -0
    outer loop
      vertex -14.6506 -1.57059 0
      vertex -14.8014 -1.49927 2.5
      vertex -14.6506 -1.57059 2.5
    endloop
  endfacet
  facet normal 0.42754 0.903996 0
    outer loop
      vertex -14.8014 -1.49927 2.5
      vertex -14.6506 -1.57059 0
      vertex -14.8014 -1.49927 0
    endloop
  endfacet
  facet normal -0.336883 0.941546 0
    outer loop
      vertex -13.3494 -1.57059 0
      vertex -13.5065 -1.6268 2.5
      vertex -13.3494 -1.57059 2.5
    endloop
  endfacet
  facet normal -0.336883 0.941546 0
    outer loop
      vertex -13.5065 -1.6268 2.5
      vertex -13.3494 -1.57059 0
      vertex -13.5065 -1.6268 0
    endloop
  endfacet
  facet normal 0.595695 0.803211 -0
    outer loop
      vertex -14.9445 -1.4135 0
      vertex -15.0785 -1.31412 2.5
      vertex -14.9445 -1.4135 2.5
    endloop
  endfacet
  facet normal 0.595695 0.803211 0
    outer loop
      vertex -15.0785 -1.31412 2.5
      vertex -14.9445 -1.4135 0
      vertex -15.0785 -1.31412 0
    endloop
  endfacet
  facet normal 0.904057 0.427412 0
    outer loop
      vertex -15.4993 -0.801374 2.5
      vertex -15.5706 -0.650561 0
      vertex -15.5706 -0.650561 2.5
    endloop
  endfacet
  facet normal 0.904057 0.427412 0
    outer loop
      vertex -15.5706 -0.650561 0
      vertex -15.4993 -0.801374 2.5
      vertex -15.4993 -0.801374 0
    endloop
  endfacet
  facet normal -0.514099 -0.857731 0
    outer loop
      vertex -13.1986 1.49927 0
      vertex -13.0555 1.4135 2.5
      vertex -13.1986 1.49927 2.5
    endloop
  endfacet
  facet normal -0.514099 -0.857731 -0
    outer loop
      vertex -13.0555 1.4135 2.5
      vertex -13.1986 1.49927 0
      vertex -13.0555 1.4135 0
    endloop
  endfacet
  facet normal -0.595695 0.803211 0
    outer loop
      vertex -12.9215 -1.31412 0
      vertex -13.0555 -1.4135 2.5
      vertex -12.9215 -1.31412 2.5
    endloop
  endfacet
  facet normal -0.595695 0.803211 0
    outer loop
      vertex -13.0555 -1.4135 2.5
      vertex -12.9215 -1.31412 0
      vertex -13.0555 -1.4135 0
    endloop
  endfacet
  facet normal 0.998791 0.0491516 0
    outer loop
      vertex -15.6918 -0.166629 2.5
      vertex -15.7 0 0
      vertex -15.7 0 2.5
    endloop
  endfacet
  facet normal 0.998791 0.0491516 0
    outer loop
      vertex -15.7 0 0
      vertex -15.6918 -0.166629 2.5
      vertex -15.6918 -0.166629 0
    endloop
  endfacet
  facet normal -0.595695 -0.803211 0
    outer loop
      vertex -13.0555 1.4135 0
      vertex -12.9215 1.31412 2.5
      vertex -13.0555 1.4135 2.5
    endloop
  endfacet
  facet normal -0.595695 -0.803211 -0
    outer loop
      vertex -12.9215 1.31412 2.5
      vertex -13.0555 1.4135 0
      vertex -12.9215 1.31412 0
    endloop
  endfacet
  facet normal -0.970083 0.242774 0
    outer loop
      vertex -12.3732 -0.493484 0
      vertex -12.3327 -0.331653 2.5
      vertex -12.3327 -0.331653 0
    endloop
  endfacet
  facet normal -0.970083 0.242774 0
    outer loop
      vertex -12.3327 -0.331653 2.5
      vertex -12.3732 -0.493484 0
      vertex -12.3732 -0.493484 2.5
    endloop
  endfacet
  facet normal 0.94155 0.336874 0
    outer loop
      vertex -15.5706 -0.650561 2.5
      vertex -15.6268 -0.493484 0
      vertex -15.6268 -0.493484 2.5
    endloop
  endfacet
  facet normal 0.94155 0.336874 0
    outer loop
      vertex -15.6268 -0.493484 0
      vertex -15.5706 -0.650561 2.5
      vertex -15.5706 -0.650561 0
    endloop
  endfacet
  facet normal -0.242987 -0.97003 0
    outer loop
      vertex -13.6683 1.66733 0
      vertex -13.5065 1.6268 2.5
      vertex -13.6683 1.66733 2.5
    endloop
  endfacet
  facet normal -0.242987 -0.97003 -0
    outer loop
      vertex -13.5065 1.6268 2.5
      vertex -13.6683 1.66733 0
      vertex -13.5065 1.6268 0
    endloop
  endfacet
  facet normal 0.741051 -0.671448 0
    outer loop
      vertex -15.3141 1.07847 2.5
      vertex -15.2021 1.20208 0
      vertex -15.2021 1.20208 2.5
    endloop
  endfacet
  facet normal 0.741051 -0.671448 0
    outer loop
      vertex -15.2021 1.20208 0
      vertex -15.3141 1.07847 2.5
      vertex -15.3141 1.07847 0
    endloop
  endfacet
  facet normal -0.0491004 0.998794 0
    outer loop
      vertex -13.8334 -1.69181 0
      vertex -14 -1.7 2.5
      vertex -13.8334 -1.69181 2.5
    endloop
  endfacet
  facet normal -0.0491004 0.998794 0
    outer loop
      vertex -14 -1.7 2.5
      vertex -13.8334 -1.69181 0
      vertex -14 -1.7 0
    endloop
  endfacet
  facet normal -0.803158 -0.595766 0
    outer loop
      vertex -12.5865 0.944468 0
      vertex -12.6859 1.07847 2.5
      vertex -12.6859 1.07847 0
    endloop
  endfacet
  facet normal -0.803158 -0.595766 0
    outer loop
      vertex -12.6859 1.07847 2.5
      vertex -12.5865 0.944468 0
      vertex -12.5865 0.944468 2.5
    endloop
  endfacet
  facet normal 0.970083 0.242774 0
    outer loop
      vertex -15.6268 -0.493484 2.5
      vertex -15.6673 -0.331653 0
      vertex -15.6673 -0.331653 2.5
    endloop
  endfacet
  facet normal 0.970083 0.242774 0
    outer loop
      vertex -15.6673 -0.331653 0
      vertex -15.6268 -0.493484 2.5
      vertex -15.6268 -0.493484 0
    endloop
  endfacet
  facet normal -0.989158 0.146854 0
    outer loop
      vertex -12.3327 -0.331653 0
      vertex -12.3082 -0.166629 2.5
      vertex -12.3082 -0.166629 0
    endloop
  endfacet
  facet normal -0.989158 0.146854 0
    outer loop
      vertex -12.3082 -0.166629 2.5
      vertex -12.3327 -0.331653 0
      vertex -12.3327 -0.331653 2.5
    endloop
  endfacet
  facet normal -0.514099 0.857731 0
    outer loop
      vertex -13.0555 -1.4135 0
      vertex -13.1986 -1.49927 2.5
      vertex -13.0555 -1.4135 2.5
    endloop
  endfacet
  facet normal -0.514099 0.857731 0
    outer loop
      vertex -13.1986 -1.49927 2.5
      vertex -13.0555 -1.4135 0
      vertex -13.1986 -1.49927 0
    endloop
  endfacet
  facet normal 0.94155 -0.336874 0
    outer loop
      vertex -15.6268 0.493484 2.5
      vertex -15.5706 0.650561 0
      vertex -15.5706 0.650561 2.5
    endloop
  endfacet
  facet normal 0.94155 -0.336874 0
    outer loop
      vertex -15.5706 0.650561 0
      vertex -15.6268 0.493484 2.5
      vertex -15.6268 0.493484 0
    endloop
  endfacet
  facet normal -0.67161 -0.740905 0
    outer loop
      vertex -12.9215 1.31412 0
      vertex -12.7979 1.20208 2.5
      vertex -12.9215 1.31412 2.5
    endloop
  endfacet
  facet normal -0.67161 -0.740905 -0
    outer loop
      vertex -12.7979 1.20208 2.5
      vertex -12.9215 1.31412 0
      vertex -12.7979 1.20208 0
    endloop
  endfacet
  facet normal 0.989158 -0.146854 0
    outer loop
      vertex -15.6918 0.166629 2.5
      vertex -15.6673 0.331653 0
      vertex -15.6673 0.331653 2.5
    endloop
  endfacet
  facet normal 0.989158 -0.146854 0
    outer loop
      vertex -15.6673 0.331653 0
      vertex -15.6918 0.166629 2.5
      vertex -15.6918 0.166629 0
    endloop
  endfacet
  facet normal -0.904057 0.427412 0
    outer loop
      vertex -12.5007 -0.801374 0
      vertex -12.4294 -0.650561 2.5
      vertex -12.4294 -0.650561 0
    endloop
  endfacet
  facet normal -0.904057 0.427412 0
    outer loop
      vertex -12.4294 -0.650561 2.5
      vertex -12.5007 -0.801374 0
      vertex -12.5007 -0.801374 2.5
    endloop
  endfacet
  facet normal -0.336883 -0.941546 0
    outer loop
      vertex -13.5065 1.6268 0
      vertex -13.3494 1.57059 2.5
      vertex -13.5065 1.6268 2.5
    endloop
  endfacet
  facet normal -0.336883 -0.941546 -0
    outer loop
      vertex -13.3494 1.57059 2.5
      vertex -13.5065 1.6268 0
      vertex -13.3494 1.57059 0
    endloop
  endfacet
  facet normal -0.998791 0.0491516 0
    outer loop
      vertex -12.3082 -0.166629 0
      vertex -12.3 0 2.5
      vertex -12.3 0 0
    endloop
  endfacet
  facet normal -0.998791 0.0491516 0
    outer loop
      vertex -12.3 0 2.5
      vertex -12.3082 -0.166629 0
      vertex -12.3082 -0.166629 2.5
    endloop
  endfacet
  facet normal -0.14667 0.989185 0
    outer loop
      vertex -13.6683 -1.66733 0
      vertex -13.8334 -1.69181 2.5
      vertex -13.6683 -1.66733 2.5
    endloop
  endfacet
  facet normal -0.14667 0.989185 0
    outer loop
      vertex -13.8334 -1.69181 2.5
      vertex -13.6683 -1.66733 0
      vertex -13.8334 -1.69181 0
    endloop
  endfacet
  facet normal -0.94155 -0.336874 0
    outer loop
      vertex -12.3732 0.493484 0
      vertex -12.4294 0.650561 2.5
      vertex -12.4294 0.650561 0
    endloop
  endfacet
  facet normal -0.94155 -0.336874 0
    outer loop
      vertex -12.4294 0.650561 2.5
      vertex -12.3732 0.493484 0
      vertex -12.3732 0.493484 2.5
    endloop
  endfacet
  facet normal -0.803158 0.595766 0
    outer loop
      vertex -12.6859 -1.07847 0
      vertex -12.5865 -0.944468 2.5
      vertex -12.5865 -0.944468 0
    endloop
  endfacet
  facet normal -0.803158 0.595766 0
    outer loop
      vertex -12.5865 -0.944468 2.5
      vertex -12.6859 -1.07847 0
      vertex -12.6859 -1.07847 2.5
    endloop
  endfacet
  facet normal -0.857642 0.514247 0
    outer loop
      vertex -12.5865 -0.944468 0
      vertex -12.5007 -0.801374 2.5
      vertex -12.5007 -0.801374 0
    endloop
  endfacet
  facet normal -0.857642 0.514247 0
    outer loop
      vertex -12.5007 -0.801374 2.5
      vertex -12.5865 -0.944468 0
      vertex -12.5865 -0.944468 2.5
    endloop
  endfacet
  facet normal 0.242987 -0.97003 0
    outer loop
      vertex -14.4935 1.6268 0
      vertex -14.3317 1.66733 2.5
      vertex -14.4935 1.6268 2.5
    endloop
  endfacet
  facet normal 0.242987 -0.97003 0
    outer loop
      vertex -14.3317 1.66733 2.5
      vertex -14.4935 1.6268 0
      vertex -14.3317 1.66733 0
    endloop
  endfacet
  facet normal -0.94155 0.336874 0
    outer loop
      vertex -12.4294 -0.650561 0
      vertex -12.3732 -0.493484 2.5
      vertex -12.3732 -0.493484 0
    endloop
  endfacet
  facet normal -0.94155 0.336874 0
    outer loop
      vertex -12.3732 -0.493484 2.5
      vertex -12.4294 -0.650561 0
      vertex -12.4294 -0.650561 2.5
    endloop
  endfacet
  facet normal -0.0491004 -0.998794 0
    outer loop
      vertex -14 1.7 0
      vertex -13.8334 1.69181 2.5
      vertex -14 1.7 2.5
    endloop
  endfacet
  facet normal -0.0491004 -0.998794 -0
    outer loop
      vertex -13.8334 1.69181 2.5
      vertex -14 1.7 0
      vertex -13.8334 1.69181 0
    endloop
  endfacet
  facet normal 0.514099 -0.857731 0
    outer loop
      vertex -14.9445 1.4135 0
      vertex -14.8014 1.49927 2.5
      vertex -14.9445 1.4135 2.5
    endloop
  endfacet
  facet normal 0.514099 -0.857731 0
    outer loop
      vertex -14.8014 1.49927 2.5
      vertex -14.9445 1.4135 0
      vertex -14.8014 1.49927 0
    endloop
  endfacet
  facet normal -0.904057 -0.427412 0
    outer loop
      vertex -12.4294 0.650561 0
      vertex -12.5007 0.801374 2.5
      vertex -12.5007 0.801374 0
    endloop
  endfacet
  facet normal -0.904057 -0.427412 0
    outer loop
      vertex -12.5007 0.801374 2.5
      vertex -12.4294 0.650561 0
      vertex -12.4294 0.650561 2.5
    endloop
  endfacet
  facet normal -0.14667 -0.989185 0
    outer loop
      vertex -13.8334 1.69181 0
      vertex -13.6683 1.66733 2.5
      vertex -13.8334 1.69181 2.5
    endloop
  endfacet
  facet normal -0.14667 -0.989185 -0
    outer loop
      vertex -13.6683 1.66733 2.5
      vertex -13.8334 1.69181 0
      vertex -13.6683 1.66733 0
    endloop
  endfacet
  facet normal 0.242987 0.97003 -0
    outer loop
      vertex -14.3317 -1.66733 0
      vertex -14.4935 -1.6268 2.5
      vertex -14.3317 -1.66733 2.5
    endloop
  endfacet
  facet normal 0.242987 0.97003 0
    outer loop
      vertex -14.4935 -1.6268 2.5
      vertex -14.3317 -1.66733 0
      vertex -14.4935 -1.6268 0
    endloop
  endfacet
  facet normal 0.857642 0.514247 0
    outer loop
      vertex -15.4135 -0.944468 2.5
      vertex -15.4993 -0.801374 0
      vertex -15.4993 -0.801374 2.5
    endloop
  endfacet
  facet normal 0.857642 0.514247 0
    outer loop
      vertex -15.4993 -0.801374 0
      vertex -15.4135 -0.944468 2.5
      vertex -15.4135 -0.944468 0
    endloop
  endfacet
  facet normal -0.857642 -0.514247 0
    outer loop
      vertex -12.5007 0.801374 0
      vertex -12.5865 0.944468 2.5
      vertex -12.5865 0.944468 0
    endloop
  endfacet
  facet normal -0.857642 -0.514247 0
    outer loop
      vertex -12.5865 0.944468 2.5
      vertex -12.5007 0.801374 0
      vertex -12.5007 0.801374 2.5
    endloop
  endfacet
  facet normal 0.336883 -0.941546 0
    outer loop
      vertex -14.6506 1.57059 0
      vertex -14.4935 1.6268 2.5
      vertex -14.6506 1.57059 2.5
    endloop
  endfacet
  facet normal 0.336883 -0.941546 0
    outer loop
      vertex -14.4935 1.6268 2.5
      vertex -14.6506 1.57059 0
      vertex -14.4935 1.6268 0
    endloop
  endfacet
  facet normal 0.741051 0.671448 0
    outer loop
      vertex -15.2021 -1.20208 2.5
      vertex -15.3141 -1.07847 0
      vertex -15.3141 -1.07847 2.5
    endloop
  endfacet
  facet normal 0.741051 0.671448 0
    outer loop
      vertex -15.3141 -1.07847 0
      vertex -15.2021 -1.20208 2.5
      vertex -15.2021 -1.20208 0
    endloop
  endfacet
  facet normal 0.67161 -0.740905 0
    outer loop
      vertex -15.2021 1.20208 0
      vertex -15.0785 1.31412 2.5
      vertex -15.2021 1.20208 2.5
    endloop
  endfacet
  facet normal 0.67161 -0.740905 0
    outer loop
      vertex -15.0785 1.31412 2.5
      vertex -15.2021 1.20208 0
      vertex -15.0785 1.31412 0
    endloop
  endfacet
  facet normal 0.514099 0.857731 -0
    outer loop
      vertex -14.8014 -1.49927 0
      vertex -14.9445 -1.4135 2.5
      vertex -14.8014 -1.49927 2.5
    endloop
  endfacet
  facet normal 0.514099 0.857731 0
    outer loop
      vertex -14.9445 -1.4135 2.5
      vertex -14.8014 -1.49927 0
      vertex -14.9445 -1.4135 0
    endloop
  endfacet
  facet normal 0.970083 -0.242774 0
    outer loop
      vertex -15.6673 0.331653 2.5
      vertex -15.6268 0.493484 0
      vertex -15.6268 0.493484 2.5
    endloop
  endfacet
  facet normal 0.970083 -0.242774 0
    outer loop
      vertex -15.6268 0.493484 0
      vertex -15.6673 0.331653 2.5
      vertex -15.6673 0.331653 0
    endloop
  endfacet
  facet normal 0.803158 0.595766 0
    outer loop
      vertex -15.3141 -1.07847 2.5
      vertex -15.4135 -0.944468 0
      vertex -15.4135 -0.944468 2.5
    endloop
  endfacet
  facet normal 0.803158 0.595766 0
    outer loop
      vertex -15.4135 -0.944468 0
      vertex -15.3141 -1.07847 2.5
      vertex -15.3141 -1.07847 0
    endloop
  endfacet
  facet normal 0.989158 0.146854 0
    outer loop
      vertex -15.6673 -0.331653 2.5
      vertex -15.6918 -0.166629 0
      vertex -15.6918 -0.166629 2.5
    endloop
  endfacet
  facet normal 0.989158 0.146854 0
    outer loop
      vertex -15.6918 -0.166629 0
      vertex -15.6673 -0.331653 2.5
      vertex -15.6673 -0.331653 0
    endloop
  endfacet
  facet normal 0.67161 0.740905 -0
    outer loop
      vertex -15.0785 -1.31412 0
      vertex -15.2021 -1.20208 2.5
      vertex -15.0785 -1.31412 2.5
    endloop
  endfacet
  facet normal 0.67161 0.740905 0
    outer loop
      vertex -15.2021 -1.20208 2.5
      vertex -15.0785 -1.31412 0
      vertex -15.2021 -1.20208 0
    endloop
  endfacet
  facet normal 0.803158 -0.595766 0
    outer loop
      vertex -15.4135 0.944468 2.5
      vertex -15.3141 1.07847 0
      vertex -15.3141 1.07847 2.5
    endloop
  endfacet
  facet normal 0.803158 -0.595766 0
    outer loop
      vertex -15.3141 1.07847 0
      vertex -15.4135 0.944468 2.5
      vertex -15.4135 0.944468 0
    endloop
  endfacet
  facet normal 0.857642 -0.514247 0
    outer loop
      vertex -15.4993 0.801374 2.5
      vertex -15.4135 0.944468 0
      vertex -15.4135 0.944468 2.5
    endloop
  endfacet
  facet normal 0.857642 -0.514247 0
    outer loop
      vertex -15.4135 0.944468 0
      vertex -15.4993 0.801374 2.5
      vertex -15.4993 0.801374 0
    endloop
  endfacet
  facet normal 0.0491004 0.998794 -0
    outer loop
      vertex -14 -1.7 0
      vertex -14.1666 -1.69181 2.5
      vertex -14 -1.7 2.5
    endloop
  endfacet
  facet normal 0.0491004 0.998794 0
    outer loop
      vertex -14.1666 -1.69181 2.5
      vertex -14 -1.7 0
      vertex -14.1666 -1.69181 0
    endloop
  endfacet
  facet normal 0.998791 -0.0491516 0
    outer loop
      vertex -15.7 0 2.5
      vertex -15.6918 0.166629 0
      vertex -15.6918 0.166629 2.5
    endloop
  endfacet
  facet normal 0.998791 -0.0491516 0
    outer loop
      vertex -15.6918 0.166629 0
      vertex -15.7 0 2.5
      vertex -15.7 0 0
    endloop
  endfacet
  facet normal 0.336883 0.941546 -0
    outer loop
      vertex -14.4935 -1.6268 0
      vertex -14.6506 -1.57059 2.5
      vertex -14.4935 -1.6268 2.5
    endloop
  endfacet
  facet normal 0.336883 0.941546 0
    outer loop
      vertex -14.6506 -1.57059 2.5
      vertex -14.4935 -1.6268 0
      vertex -14.6506 -1.57059 0
    endloop
  endfacet
  facet normal -0.741051 0.671448 0
    outer loop
      vertex -12.7979 -1.20208 0
      vertex -12.6859 -1.07847 2.5
      vertex -12.6859 -1.07847 0
    endloop
  endfacet
  facet normal -0.741051 0.671448 0
    outer loop
      vertex -12.6859 -1.07847 2.5
      vertex -12.7979 -1.20208 0
      vertex -12.7979 -1.20208 2.5
    endloop
  endfacet
  facet normal -0.67161 0.740905 0
    outer loop
      vertex -12.7979 -1.20208 0
      vertex -12.9215 -1.31412 2.5
      vertex -12.7979 -1.20208 2.5
    endloop
  endfacet
  facet normal -0.67161 0.740905 0
    outer loop
      vertex -12.9215 -1.31412 2.5
      vertex -12.7979 -1.20208 0
      vertex -12.9215 -1.31412 0
    endloop
  endfacet
  facet normal -0.989133 -0.147021 0
    outer loop
      vertex -11.9101 0.205835 2.5
      vertex -11.9404 0.409689 6
      vertex -11.9404 0.409689 2.5
    endloop
  endfacet
  facet normal -0.989133 -0.147021 0
    outer loop
      vertex -11.9404 0.409689 6
      vertex -11.9101 0.205835 2.5
      vertex -11.9101 0.205835 6
    endloop
  endfacet
  facet normal -0.998798 -0.0490095 0
    outer loop
      vertex -11.9 0 2.5
      vertex -11.9101 0.205835 6
      vertex -11.9101 0.205835 2.5
    endloop
  endfacet
  facet normal -0.998798 -0.0490095 0
    outer loop
      vertex -11.9101 0.205835 6
      vertex -11.9 0 2.5
      vertex -11.9 0 6
    endloop
  endfacet
  facet normal -0.970116 -0.242641 0
    outer loop
      vertex -11.9404 0.409689 2.5
      vertex -11.9904 0.609597 6
      vertex -11.9904 0.609597 2.5
    endloop
  endfacet
  facet normal -0.970116 -0.242641 0
    outer loop
      vertex -11.9904 0.609597 6
      vertex -11.9404 0.409689 2.5
      vertex -11.9404 0.409689 6
    endloop
  endfacet
  facet normal -0.998798 0.0490095 0
    outer loop
      vertex -11.9101 -0.205835 2.5
      vertex -11.9 0 6
      vertex -11.9 0 2.5
    endloop
  endfacet
  facet normal -0.998798 0.0490095 0
    outer loop
      vertex -11.9 0 6
      vertex -11.9101 -0.205835 2.5
      vertex -11.9101 -0.205835 6
    endloop
  endfacet
  facet normal -0.336914 0.941535 0
    outer loop
      vertex -13.1964 -1.94015 2.5
      vertex -13.3904 -2.00957 6
      vertex -13.1964 -1.94015 6
    endloop
  endfacet
  facet normal -0.336914 0.941535 0
    outer loop
      vertex -13.3904 -2.00957 6
      vertex -13.1964 -1.94015 2.5
      vertex -13.3904 -2.00957 2.5
    endloop
  endfacet
  facet normal 0.427582 0.903977 -0
    outer loop
      vertex -14.8036 -1.94015 2.5
      vertex -14.9899 -1.85203 6
      vertex -14.8036 -1.94015 6
    endloop
  endfacet
  facet normal 0.427582 0.903977 0
    outer loop
      vertex -14.9899 -1.85203 6
      vertex -14.8036 -1.94015 2.5
      vertex -14.9899 -1.85203 2.5
    endloop
  endfacet
  facet normal 0.989133 0.147021 0
    outer loop
      vertex -16.0596 -0.409689 6
      vertex -16.0899 -0.205835 2.5
      vertex -16.0899 -0.205835 6
    endloop
  endfacet
  facet normal 0.989133 0.147021 0
    outer loop
      vertex -16.0899 -0.205835 2.5
      vertex -16.0596 -0.409689 6
      vertex -16.0596 -0.409689 2.5
    endloop
  endfacet
  facet normal 0.671561 -0.740949 0
    outer loop
      vertex -15.4849 1.48492 2.5
      vertex -15.3322 1.62332 6
      vertex -15.4849 1.48492 6
    endloop
  endfacet
  facet normal 0.671561 -0.740949 0
    outer loop
      vertex -15.3322 1.62332 6
      vertex -15.4849 1.48492 2.5
      vertex -15.3322 1.62332 2.5
    endloop
  endfacet
  facet normal 0.243015 0.970022 -0
    outer loop
      vertex -14.4097 -2.05965 2.5
      vertex -14.6096 -2.00957 6
      vertex -14.4097 -2.05965 6
    endloop
  endfacet
  facet normal 0.243015 0.970022 0
    outer loop
      vertex -14.6096 -2.00957 6
      vertex -14.4097 -2.05965 2.5
      vertex -14.6096 -2.00957 2.5
    endloop
  endfacet
  facet normal 0.970116 -0.242641 0
    outer loop
      vertex -16.0596 0.409689 6
      vertex -16.0096 0.609597 2.5
      vertex -16.0096 0.609597 6
    endloop
  endfacet
  facet normal 0.970116 -0.242641 0
    outer loop
      vertex -16.0096 0.609597 2.5
      vertex -16.0596 0.409689 6
      vertex -16.0596 0.409689 2.5
    endloop
  endfacet
  facet normal -0.803127 -0.595808 0
    outer loop
      vertex -12.2539 1.1667 2.5
      vertex -12.3767 1.33223 6
      vertex -12.3767 1.33223 2.5
    endloop
  endfacet
  facet normal -0.803127 -0.595808 0
    outer loop
      vertex -12.3767 1.33223 6
      vertex -12.2539 1.1667 2.5
      vertex -12.2539 1.1667 6
    endloop
  endfacet
  facet normal 0.0490662 -0.998796 0
    outer loop
      vertex -14.2058 2.08989 2.5
      vertex -14 2.1 6
      vertex -14.2058 2.08989 6
    endloop
  endfacet
  facet normal 0.0490662 -0.998796 0
    outer loop
      vertex -14 2.1 6
      vertex -14.2058 2.08989 2.5
      vertex -14 2.1 2.5
    endloop
  endfacet
  facet normal 0.740927 0.671585 0
    outer loop
      vertex -15.4849 -1.48492 6
      vertex -15.6233 -1.33223 2.5
      vertex -15.6233 -1.33223 6
    endloop
  endfacet
  facet normal 0.740927 0.671585 0
    outer loop
      vertex -15.6233 -1.33223 2.5
      vertex -15.4849 -1.48492 6
      vertex -15.4849 -1.48492 2.5
    endloop
  endfacet
  facet normal 0.595783 0.803145 -0
    outer loop
      vertex -15.1667 -1.74609 2.5
      vertex -15.3322 -1.62332 6
      vertex -15.1667 -1.74609 6
    endloop
  endfacet
  facet normal 0.595783 0.803145 0
    outer loop
      vertex -15.3322 -1.62332 6
      vertex -15.1667 -1.74609 2.5
      vertex -15.3322 -1.62332 2.5
    endloop
  endfacet
  facet normal -0.0490907 -0.998794 0
    outer loop
      vertex -14 2.1 2.5
      vertex -13.8 2.09017 6
      vertex -14 2.1 6
    endloop
  endfacet
  facet normal -0.0490662 -0.998796 -1.40605e-06
    outer loop
      vertex -13.7942 2.08989 2.5
      vertex -13.8 2.09017 6
      vertex -14 2.1 2.5
    endloop
  endfacet
  facet normal -0.0482197 -0.998837 0
    outer loop
      vertex -13.8 2.09017 6
      vertex -13.7942 2.08989 2.5
      vertex -13.7942 2.08989 6
    endloop
  endfacet
  facet normal 0.803127 0.595808 0
    outer loop
      vertex -15.6233 -1.33223 6
      vertex -15.7461 -1.1667 2.5
      vertex -15.7461 -1.1667 6
    endloop
  endfacet
  facet normal 0.803127 0.595808 0
    outer loop
      vertex -15.7461 -1.1667 2.5
      vertex -15.6233 -1.33223 6
      vertex -15.6233 -1.33223 2.5
    endloop
  endfacet
  facet normal -0.989133 0.147021 0
    outer loop
      vertex -11.9404 -0.409689 2.5
      vertex -11.9101 -0.205835 6
      vertex -11.9101 -0.205835 2.5
    endloop
  endfacet
  facet normal -0.989133 0.147021 0
    outer loop
      vertex -11.9101 -0.205835 6
      vertex -11.9404 -0.409689 2.5
      vertex -11.9404 -0.409689 6
    endloop
  endfacet
  facet normal 0.740927 -0.671585 0
    outer loop
      vertex -15.6233 1.33223 6
      vertex -15.4849 1.48492 2.5
      vertex -15.4849 1.48492 6
    endloop
  endfacet
  facet normal 0.740927 -0.671585 0
    outer loop
      vertex -15.4849 1.48492 2.5
      vertex -15.6233 1.33223 6
      vertex -15.6233 1.33223 2.5
    endloop
  endfacet
  facet normal -0.941433 0.3372 0
    outer loop
      vertex -12.0599 -0.803635 2.5
      vertex -11.9904 -0.609597 6
      vertex -11.9904 -0.609597 2.5
    endloop
  endfacet
  facet normal -0.941433 0.3372 0
    outer loop
      vertex -11.9904 -0.609597 6
      vertex -12.0599 -0.803635 2.5
      vertex -12.0599 -0.803635 6
    endloop
  endfacet
  facet normal -0.941433 -0.3372 0
    outer loop
      vertex -11.9904 0.609597 2.5
      vertex -12.0599 0.803635 6
      vertex -12.0599 0.803635 2.5
    endloop
  endfacet
  facet normal -0.941433 -0.3372 0
    outer loop
      vertex -12.0599 0.803635 6
      vertex -11.9904 0.609597 2.5
      vertex -11.9904 0.609597 6
    endloop
  endfacet
  facet normal 0.904013 -0.427506 0
    outer loop
      vertex -15.9401 0.803635 6
      vertex -15.852 0.989933 2.5
      vertex -15.852 0.989933 6
    endloop
  endfacet
  facet normal 0.904013 -0.427506 0
    outer loop
      vertex -15.852 0.989933 2.5
      vertex -15.9401 0.803635 6
      vertex -15.9401 0.803635 2.5
    endloop
  endfacet
  facet normal -0.970116 0.242641 0
    outer loop
      vertex -11.9904 -0.609597 2.5
      vertex -11.9404 -0.409689 6
      vertex -11.9404 -0.409689 2.5
    endloop
  endfacet
  facet normal -0.970116 0.242641 0
    outer loop
      vertex -11.9404 -0.409689 6
      vertex -11.9904 -0.609597 2.5
      vertex -11.9904 -0.609597 6
    endloop
  endfacet
  facet normal -0.0482197 0.998837 0
    outer loop
      vertex -13.7942 -2.08989 2.5
      vertex -13.8 -2.09017 6
      vertex -13.7942 -2.08989 6
    endloop
  endfacet
  facet normal -0.0490907 0.998794 -1.44682e-06
    outer loop
      vertex -13.8 -2.09017 6
      vertex -13.7942 -2.08989 2.5
      vertex -14 -2.1 6
    endloop
  endfacet
  facet normal -0.0490662 0.998796 0
    outer loop
      vertex -14 -2.1 6
      vertex -13.7942 -2.08989 2.5
      vertex -14 -2.1 2.5
    endloop
  endfacet
  facet normal -0.904013 -0.427506 0
    outer loop
      vertex -12.0599 0.803635 2.5
      vertex -12.148 0.989933 6
      vertex -12.148 0.989933 2.5
    endloop
  endfacet
  facet normal -0.904013 -0.427506 0
    outer loop
      vertex -12.148 0.989933 6
      vertex -12.0599 0.803635 2.5
      vertex -12.0599 0.803635 6
    endloop
  endfacet
  facet normal 0.941433 0.3372 0
    outer loop
      vertex -15.9401 -0.803635 6
      vertex -16.0096 -0.609597 2.5
      vertex -16.0096 -0.609597 6
    endloop
  endfacet
  facet normal 0.941433 0.3372 0
    outer loop
      vertex -16.0096 -0.609597 2.5
      vertex -15.9401 -0.803635 6
      vertex -15.9401 -0.803635 2.5
    endloop
  endfacet
  facet normal -0.427582 0.903977 0
    outer loop
      vertex -13.0101 -1.85203 2.5
      vertex -13.1964 -1.94015 6
      vertex -13.0101 -1.85203 6
    endloop
  endfacet
  facet normal -0.427582 0.903977 0
    outer loop
      vertex -13.1964 -1.94015 6
      vertex -13.0101 -1.85203 2.5
      vertex -13.1964 -1.94015 2.5
    endloop
  endfacet
  facet normal -0.427582 -0.903977 0
    outer loop
      vertex -13.1964 1.94015 2.5
      vertex -13.0101 1.85203 6
      vertex -13.1964 1.94015 6
    endloop
  endfacet
  facet normal -0.427582 -0.903977 -0
    outer loop
      vertex -13.0101 1.85203 6
      vertex -13.1964 1.94015 2.5
      vertex -13.0101 1.85203 2.5
    endloop
  endfacet
  facet normal 0.427582 -0.903977 0
    outer loop
      vertex -14.9899 1.85203 2.5
      vertex -14.8036 1.94015 6
      vertex -14.9899 1.85203 6
    endloop
  endfacet
  facet normal 0.427582 -0.903977 0
    outer loop
      vertex -14.8036 1.94015 6
      vertex -14.9899 1.85203 2.5
      vertex -14.8036 1.94015 2.5
    endloop
  endfacet
  facet normal -0.595783 0.803145 0
    outer loop
      vertex -12.6678 -1.62332 2.5
      vertex -12.8333 -1.74609 6
      vertex -12.6678 -1.62332 6
    endloop
  endfacet
  facet normal -0.595783 0.803145 0
    outer loop
      vertex -12.8333 -1.74609 6
      vertex -12.6678 -1.62332 2.5
      vertex -12.8333 -1.74609 2.5
    endloop
  endfacet
  facet normal 0.904013 0.427506 0
    outer loop
      vertex -15.852 -0.989933 6
      vertex -15.9401 -0.803635 2.5
      vertex -15.9401 -0.803635 6
    endloop
  endfacet
  facet normal 0.904013 0.427506 0
    outer loop
      vertex -15.9401 -0.803635 2.5
      vertex -15.852 -0.989933 6
      vertex -15.852 -0.989933 2.5
    endloop
  endfacet
  facet normal -0.146703 0.989181 0
    outer loop
      vertex -13.5903 -2.05965 2.5
      vertex -13.7942 -2.08989 6
      vertex -13.5903 -2.05965 6
    endloop
  endfacet
  facet normal -0.146703 0.989181 0
    outer loop
      vertex -13.7942 -2.08989 6
      vertex -13.5903 -2.05965 2.5
      vertex -13.7942 -2.08989 2.5
    endloop
  endfacet
  facet normal -0.243015 -0.970022 0
    outer loop
      vertex -13.5903 2.05965 2.5
      vertex -13.3904 2.00957 6
      vertex -13.5903 2.05965 6
    endloop
  endfacet
  facet normal -0.243015 -0.970022 -0
    outer loop
      vertex -13.3904 2.00957 6
      vertex -13.5903 2.05965 2.5
      vertex -13.3904 2.00957 2.5
    endloop
  endfacet
  facet normal -0.671561 -0.740949 0
    outer loop
      vertex -12.6678 1.62332 2.5
      vertex -12.5151 1.48492 6
      vertex -12.6678 1.62332 6
    endloop
  endfacet
  facet normal -0.671561 -0.740949 -0
    outer loop
      vertex -12.5151 1.48492 6
      vertex -12.6678 1.62332 2.5
      vertex -12.5151 1.48492 2.5
    endloop
  endfacet
  facet normal 0.989133 -0.147021 0
    outer loop
      vertex -16.0899 0.205835 6
      vertex -16.0596 0.409689 2.5
      vertex -16.0596 0.409689 6
    endloop
  endfacet
  facet normal 0.989133 -0.147021 0
    outer loop
      vertex -16.0596 0.409689 2.5
      vertex -16.0899 0.205835 6
      vertex -16.0899 0.205835 2.5
    endloop
  endfacet
  facet normal -0.595783 -0.803145 0
    outer loop
      vertex -12.8333 1.74609 2.5
      vertex -12.6678 1.62332 6
      vertex -12.8333 1.74609 6
    endloop
  endfacet
  facet normal -0.595783 -0.803145 -0
    outer loop
      vertex -12.6678 1.62332 6
      vertex -12.8333 1.74609 2.5
      vertex -12.6678 1.62332 2.5
    endloop
  endfacet
  facet normal -0.513996 -0.857792 0
    outer loop
      vertex -13.0101 1.85203 2.5
      vertex -12.8333 1.74609 6
      vertex -13.0101 1.85203 6
    endloop
  endfacet
  facet normal -0.513996 -0.857792 -0
    outer loop
      vertex -12.8333 1.74609 6
      vertex -13.0101 1.85203 2.5
      vertex -12.8333 1.74609 2.5
    endloop
  endfacet
  facet normal -0.803127 0.595808 0
    outer loop
      vertex -12.3767 -1.33223 2.5
      vertex -12.2539 -1.1667 6
      vertex -12.2539 -1.1667 2.5
    endloop
  endfacet
  facet normal -0.803127 0.595808 0
    outer loop
      vertex -12.2539 -1.1667 6
      vertex -12.3767 -1.33223 2.5
      vertex -12.3767 -1.33223 6
    endloop
  endfacet
  facet normal -0.336914 -0.941535 0
    outer loop
      vertex -13.3904 2.00957 2.5
      vertex -13.1964 1.94015 6
      vertex -13.3904 2.00957 6
    endloop
  endfacet
  facet normal -0.336914 -0.941535 -0
    outer loop
      vertex -13.1964 1.94015 6
      vertex -13.3904 2.00957 2.5
      vertex -13.1964 1.94015 2.5
    endloop
  endfacet
  facet normal -0.243015 0.970022 0
    outer loop
      vertex -13.3904 -2.00957 2.5
      vertex -13.5903 -2.05965 6
      vertex -13.3904 -2.00957 6
    endloop
  endfacet
  facet normal -0.243015 0.970022 0
    outer loop
      vertex -13.5903 -2.05965 6
      vertex -13.3904 -2.00957 2.5
      vertex -13.5903 -2.05965 2.5
    endloop
  endfacet
  facet normal -0.740927 -0.671585 0
    outer loop
      vertex -12.3767 1.33223 2.5
      vertex -12.5151 1.48492 6
      vertex -12.5151 1.48492 2.5
    endloop
  endfacet
  facet normal -0.740927 -0.671585 0
    outer loop
      vertex -12.5151 1.48492 6
      vertex -12.3767 1.33223 2.5
      vertex -12.3767 1.33223 6
    endloop
  endfacet
  facet normal -0.857836 -0.513924 0
    outer loop
      vertex -12.148 0.989933 2.5
      vertex -12.2539 1.1667 6
      vertex -12.2539 1.1667 2.5
    endloop
  endfacet
  facet normal -0.857836 -0.513924 0
    outer loop
      vertex -12.2539 1.1667 6
      vertex -12.148 0.989933 2.5
      vertex -12.148 0.989933 6
    endloop
  endfacet
  facet normal 0.513996 -0.857792 0
    outer loop
      vertex -15.1667 1.74609 2.5
      vertex -14.9899 1.85203 6
      vertex -15.1667 1.74609 6
    endloop
  endfacet
  facet normal 0.513996 -0.857792 0
    outer loop
      vertex -14.9899 1.85203 6
      vertex -15.1667 1.74609 2.5
      vertex -14.9899 1.85203 2.5
    endloop
  endfacet
  facet normal 0.243015 -0.970022 0
    outer loop
      vertex -14.6096 2.00957 2.5
      vertex -14.4097 2.05965 6
      vertex -14.6096 2.00957 6
    endloop
  endfacet
  facet normal 0.243015 -0.970022 0
    outer loop
      vertex -14.4097 2.05965 6
      vertex -14.6096 2.00957 2.5
      vertex -14.4097 2.05965 2.5
    endloop
  endfacet
  facet normal 0 0 1
    outer loop
      vertex -12.3 0 2.5
      vertex -11.9 0 2.5
      vertex -11.9101 0.205835 2.5
    endloop
  endfacet
  facet normal 0 0 1
    outer loop
      vertex -12.3082 0.166629 2.5
      vertex -11.9101 0.205835 2.5
      vertex -11.9404 0.409689 2.5
    endloop
  endfacet
  facet normal 0 0 1
    outer loop
      vertex -11.9 0 2.5
      vertex -12.3 0 2.5
      vertex -11.9101 -0.205835 2.5
    endloop
  endfacet
  facet normal 0 0 1
    outer loop
      vertex -12.3327 0.331653 2.5
      vertex -11.9404 0.409689 2.5
      vertex -11.9904 0.609597 2.5
    endloop
  endfacet
  facet normal -0 0 1
    outer loop
      vertex -12.3082 -0.166629 2.5
      vertex -11.9101 -0.205835 2.5
      vertex -12.3 0 2.5
    endloop
  endfacet
  facet normal 0 0 1
    outer loop
      vertex -12.3732 0.493484 2.5
      vertex -11.9904 0.609597 2.5
      vertex -12.0599 0.803635 2.5
    endloop
  endfacet
  facet normal 0 0 1
    outer loop
      vertex -11.9101 -0.205835 2.5
      vertex -12.3082 -0.166629 2.5
      vertex -11.9404 -0.409689 2.5
    endloop
  endfacet
  facet normal 0 0 1
    outer loop
      vertex -12.4294 0.650561 2.5
      vertex -12.0599 0.803635 2.5
      vertex -12.148 0.989933 2.5
    endloop
  endfacet
  facet normal -0 0 1
    outer loop
      vertex -12.3327 -0.331653 2.5
      vertex -11.9404 -0.409689 2.5
      vertex -12.3082 -0.166629 2.5
    endloop
  endfacet
  facet normal 0 0 1
    outer loop
      vertex -12.5007 0.801374 2.5
      vertex -12.148 0.989933 2.5
      vertex -12.2539 1.1667 2.5
    endloop
  endfacet
  facet normal 0 0 1
    outer loop
      vertex -11.9404 -0.409689 2.5
      vertex -12.3327 -0.331653 2.5
      vertex -11.9904 -0.609597 2.5
    endloop
  endfacet
  facet normal -0 0 1
    outer loop
      vertex -12.3732 -0.493484 2.5
      vertex -11.9904 -0.609597 2.5
      vertex -12.3327 -0.331653 2.5
    endloop
  endfacet
  facet normal 0 0 1
    outer loop
      vertex -11.9101 0.205835 2.5
      vertex -12.3082 0.166629 2.5
      vertex -12.3 0 2.5
    endloop
  endfacet
  facet normal 0 0 1
    outer loop
      vertex -11.9404 0.409689 2.5
      vertex -12.3327 0.331653 2.5
      vertex -12.3082 0.166629 2.5
    endloop
  endfacet
  facet normal 0 0 1
    outer loop
      vertex -11.9904 0.609597 2.5
      vertex -12.3732 0.493484 2.5
      vertex -12.3327 0.331653 2.5
    endloop
  endfacet
  facet normal 0 0 1
    outer loop
      vertex -12.5865 0.944468 2.5
      vertex -12.2539 1.1667 2.5
      vertex -12.3767 1.33223 2.5
    endloop
  endfacet
  facet normal 0 0 1
    outer loop
      vertex -12.0599 0.803635 2.5
      vertex -12.4294 0.650561 2.5
      vertex -12.3732 0.493484 2.5
    endloop
  endfacet
  facet normal 0 0 1
    outer loop
      vertex -12.148 0.989933 2.5
      vertex -12.5007 0.801374 2.5
      vertex -12.4294 0.650561 2.5
    endloop
  endfacet
  facet normal 0 0 1
    outer loop
      vertex -12.6859 1.07847 2.5
      vertex -12.3767 1.33223 2.5
      vertex -12.5151 1.48492 2.5
    endloop
  endfacet
  facet normal 0 0 1
    outer loop
      vertex -12.2539 1.1667 2.5
      vertex -12.5865 0.944468 2.5
      vertex -12.5007 0.801374 2.5
    endloop
  endfacet
  facet normal 0 0 1
    outer loop
      vertex -12.7979 1.20208 2.5
      vertex -12.5151 1.48492 2.5
      vertex -12.6678 1.62332 2.5
    endloop
  endfacet
  facet normal 0 0 1
    outer loop
      vertex -12.3767 1.33223 2.5
      vertex -12.6859 1.07847 2.5
      vertex -12.5865 0.944468 2.5
    endloop
  endfacet
  facet normal 0 0 1
    outer loop
      vertex -12.5151 1.48492 2.5
      vertex -12.7979 1.20208 2.5
      vertex -12.6859 1.07847 2.5
    endloop
  endfacet
  facet normal 0 0 1
    outer loop
      vertex -12.9215 1.31412 2.5
      vertex -12.6678 1.62332 2.5
      vertex -12.8333 1.74609 2.5
    endloop
  endfacet
  facet normal 0 0 1
    outer loop
      vertex -12.6678 1.62332 2.5
      vertex -12.9215 1.31412 2.5
      vertex -12.7979 1.20208 2.5
    endloop
  endfacet
  facet normal 0 0 1
    outer loop
      vertex -13.0555 1.4135 2.5
      vertex -12.8333 1.74609 2.5
      vertex -13.0101 1.85203 2.5
    endloop
  endfacet
  facet normal 0 0 1
    outer loop
      vertex -12.8333 1.74609 2.5
      vertex -13.0555 1.4135 2.5
      vertex -12.9215 1.31412 2.5
    endloop
  endfacet
  facet normal 0 0 1
    outer loop
      vertex -13.1986 1.49927 2.5
      vertex -13.0101 1.85203 2.5
      vertex -13.1964 1.94015 2.5
    endloop
  endfacet
  facet normal 0 0 1
    outer loop
      vertex -13.0101 1.85203 2.5
      vertex -13.1986 1.49927 2.5
      vertex -13.0555 1.4135 2.5
    endloop
  endfacet
  facet normal 0 0 1
    outer loop
      vertex -13.1964 1.94015 2.5
      vertex -13.3494 1.57059 2.5
      vertex -13.1986 1.49927 2.5
    endloop
  endfacet
  facet normal 0 0 1
    outer loop
      vertex -13.3904 2.00957 2.5
      vertex -13.3494 1.57059 2.5
      vertex -13.1964 1.94015 2.5
    endloop
  endfacet
  facet normal 0 0 1
    outer loop
      vertex -13.3904 2.00957 2.5
      vertex -13.5065 1.6268 2.5
      vertex -13.3494 1.57059 2.5
    endloop
  endfacet
  facet normal 0 0 1
    outer loop
      vertex -13.5903 2.05965 2.5
      vertex -13.5065 1.6268 2.5
      vertex -13.3904 2.00957 2.5
    endloop
  endfacet
  facet normal 0 0 1
    outer loop
      vertex -13.5903 2.05965 2.5
      vertex -13.6683 1.66733 2.5
      vertex -13.5065 1.6268 2.5
    endloop
  endfacet
  facet normal 0 0 1
    outer loop
      vertex -13.7942 2.08989 2.5
      vertex -13.6683 1.66733 2.5
      vertex -13.5903 2.05965 2.5
    endloop
  endfacet
  facet normal 0 0 1
    outer loop
      vertex -13.7942 2.08989 2.5
      vertex -13.8334 1.69181 2.5
      vertex -13.6683 1.66733 2.5
    endloop
  endfacet
  facet normal 0 0 1
    outer loop
      vertex -14 2.1 2.5
      vertex -13.8334 1.69181 2.5
      vertex -13.7942 2.08989 2.5
    endloop
  endfacet
  facet normal 0 0 1
    outer loop
      vertex -14 2.1 2.5
      vertex -14 1.7 2.5
      vertex -13.8334 1.69181 2.5
    endloop
  endfacet
  facet normal 0 0 1
    outer loop
      vertex -14 2.1 2.5
      vertex -14.1666 1.69181 2.5
      vertex -14 1.7 2.5
    endloop
  endfacet
  facet normal -0 0 1
    outer loop
      vertex -14.2058 2.08989 2.5
      vertex -14.1666 1.69181 2.5
      vertex -14 2.1 2.5
    endloop
  endfacet
  facet normal 0 0 1
    outer loop
      vertex -14.2058 2.08989 2.5
      vertex -14.3317 1.66733 2.5
      vertex -14.1666 1.69181 2.5
    endloop
  endfacet
  facet normal -0 0 1
    outer loop
      vertex -14.4097 2.05965 2.5
      vertex -14.3317 1.66733 2.5
      vertex -14.2058 2.08989 2.5
    endloop
  endfacet
  facet normal 0 0 1
    outer loop
      vertex -14.4097 2.05965 2.5
      vertex -14.4935 1.6268 2.5
      vertex -14.3317 1.66733 2.5
    endloop
  endfacet
  facet normal -0 0 1
    outer loop
      vertex -14.6096 2.00957 2.5
      vertex -14.4935 1.6268 2.5
      vertex -14.4097 2.05965 2.5
    endloop
  endfacet
  facet normal 0 0 1
    outer loop
      vertex -14.6096 2.00957 2.5
      vertex -14.6506 1.57059 2.5
      vertex -14.4935 1.6268 2.5
    endloop
  endfacet
  facet normal -0 0 1
    outer loop
      vertex -14.8036 1.94015 2.5
      vertex -14.6506 1.57059 2.5
      vertex -14.6096 2.00957 2.5
    endloop
  endfacet
  facet normal 0 0 1
    outer loop
      vertex -14.6506 1.57059 2.5
      vertex -14.8036 1.94015 2.5
      vertex -14.8014 1.49927 2.5
    endloop
  endfacet
  facet normal -0 0 1
    outer loop
      vertex -14.9899 1.85203 2.5
      vertex -14.8014 1.49927 2.5
      vertex -14.8036 1.94015 2.5
    endloop
  endfacet
  facet normal 0 0 1
    outer loop
      vertex -14.8014 1.49927 2.5
      vertex -14.9899 1.85203 2.5
      vertex -14.9445 1.4135 2.5
    endloop
  endfacet
  facet normal -0 0 1
    outer loop
      vertex -15.1667 1.74609 2.5
      vertex -14.9445 1.4135 2.5
      vertex -14.9899 1.85203 2.5
    endloop
  endfacet
  facet normal 0 0 1
    outer loop
      vertex -14.9445 1.4135 2.5
      vertex -15.1667 1.74609 2.5
      vertex -15.0785 1.31412 2.5
    endloop
  endfacet
  facet normal -0 0 1
    outer loop
      vertex -15.3322 1.62332 2.5
      vertex -15.0785 1.31412 2.5
      vertex -15.1667 1.74609 2.5
    endloop
  endfacet
  facet normal 0 0 1
    outer loop
      vertex -15.0785 1.31412 2.5
      vertex -15.3322 1.62332 2.5
      vertex -15.2021 1.20208 2.5
    endloop
  endfacet
  facet normal -0 0 1
    outer loop
      vertex -15.4849 1.48492 2.5
      vertex -15.2021 1.20208 2.5
      vertex -15.3322 1.62332 2.5
    endloop
  endfacet
  facet normal 0 0 1
    outer loop
      vertex -15.2021 1.20208 2.5
      vertex -15.4849 1.48492 2.5
      vertex -15.3141 1.07847 2.5
    endloop
  endfacet
  facet normal -0 0 1
    outer loop
      vertex -15.6233 1.33223 2.5
      vertex -15.3141 1.07847 2.5
      vertex -15.4849 1.48492 2.5
    endloop
  endfacet
  facet normal 0 0 1
    outer loop
      vertex -15.3141 1.07847 2.5
      vertex -15.6233 1.33223 2.5
      vertex -15.4135 0.944468 2.5
    endloop
  endfacet
  facet normal -0 0 1
    outer loop
      vertex -15.7461 1.1667 2.5
      vertex -15.4135 0.944468 2.5
      vertex -15.6233 1.33223 2.5
    endloop
  endfacet
  facet normal 0 0 1
    outer loop
      vertex -15.4135 0.944468 2.5
      vertex -15.7461 1.1667 2.5
      vertex -15.4993 0.801374 2.5
    endloop
  endfacet
  facet normal -0 0 1
    outer loop
      vertex -15.852 0.989933 2.5
      vertex -15.4993 0.801374 2.5
      vertex -15.7461 1.1667 2.5
    endloop
  endfacet
  facet normal 0 0 1
    outer loop
      vertex -15.4993 0.801374 2.5
      vertex -15.852 0.989933 2.5
      vertex -15.5706 0.650561 2.5
    endloop
  endfacet
  facet normal -0 0 1
    outer loop
      vertex -15.9401 0.803635 2.5
      vertex -15.5706 0.650561 2.5
      vertex -15.852 0.989933 2.5
    endloop
  endfacet
  facet normal -0 0 1
    outer loop
      vertex -16.0096 0.609597 2.5
      vertex -15.6268 0.493484 2.5
      vertex -15.9401 0.803635 2.5
    endloop
  endfacet
  facet normal 0 0 1
    outer loop
      vertex -15.5706 0.650561 2.5
      vertex -15.9401 0.803635 2.5
      vertex -15.6268 0.493484 2.5
    endloop
  endfacet
  facet normal 0 0 1
    outer loop
      vertex -11.9904 -0.609597 2.5
      vertex -12.3732 -0.493484 2.5
      vertex -12.0599 -0.803635 2.5
    endloop
  endfacet
  facet normal -0 0 1
    outer loop
      vertex -12.4294 -0.650561 2.5
      vertex -12.0599 -0.803635 2.5
      vertex -12.3732 -0.493484 2.5
    endloop
  endfacet
  facet normal 0 0 1
    outer loop
      vertex -12.0599 -0.803635 2.5
      vertex -12.4294 -0.650561 2.5
      vertex -12.148 -0.989933 2.5
    endloop
  endfacet
  facet normal -0 0 1
    outer loop
      vertex -12.5007 -0.801374 2.5
      vertex -12.148 -0.989933 2.5
      vertex -12.4294 -0.650561 2.5
    endloop
  endfacet
  facet normal 0 0 1
    outer loop
      vertex -12.148 -0.989933 2.5
      vertex -12.5007 -0.801374 2.5
      vertex -12.2539 -1.1667 2.5
    endloop
  endfacet
  facet normal -0 0 1
    outer loop
      vertex -12.5865 -0.944468 2.5
      vertex -12.2539 -1.1667 2.5
      vertex -12.5007 -0.801374 2.5
    endloop
  endfacet
  facet normal 0 0 1
    outer loop
      vertex -12.2539 -1.1667 2.5
      vertex -12.5865 -0.944468 2.5
      vertex -12.3767 -1.33223 2.5
    endloop
  endfacet
  facet normal -0 0 1
    outer loop
      vertex -12.6859 -1.07847 2.5
      vertex -12.3767 -1.33223 2.5
      vertex -12.5865 -0.944468 2.5
    endloop
  endfacet
  facet normal 0 0 1
    outer loop
      vertex -12.3767 -1.33223 2.5
      vertex -12.6859 -1.07847 2.5
      vertex -12.5151 -1.48492 2.5
    endloop
  endfacet
  facet normal -0 0 1
    outer loop
      vertex -12.7979 -1.20208 2.5
      vertex -12.5151 -1.48492 2.5
      vertex -12.6859 -1.07847 2.5
    endloop
  endfacet
  facet normal 0 0 1
    outer loop
      vertex -12.5151 -1.48492 2.5
      vertex -12.7979 -1.20208 2.5
      vertex -12.6678 -1.62332 2.5
    endloop
  endfacet
  facet normal -0 0 1
    outer loop
      vertex -12.9215 -1.31412 2.5
      vertex -12.6678 -1.62332 2.5
      vertex -12.7979 -1.20208 2.5
    endloop
  endfacet
  facet normal 0 0 1
    outer loop
      vertex -12.6678 -1.62332 2.5
      vertex -12.9215 -1.31412 2.5
      vertex -12.8333 -1.74609 2.5
    endloop
  endfacet
  facet normal -0 0 1
    outer loop
      vertex -13.0555 -1.4135 2.5
      vertex -12.8333 -1.74609 2.5
      vertex -12.9215 -1.31412 2.5
    endloop
  endfacet
  facet normal 0 0 1
    outer loop
      vertex -12.8333 -1.74609 2.5
      vertex -13.0555 -1.4135 2.5
      vertex -13.0101 -1.85203 2.5
    endloop
  endfacet
  facet normal -0 0 1
    outer loop
      vertex -13.1986 -1.49927 2.5
      vertex -13.0101 -1.85203 2.5
      vertex -13.0555 -1.4135 2.5
    endloop
  endfacet
  facet normal 0 0 1
    outer loop
      vertex -13.0101 -1.85203 2.5
      vertex -13.1986 -1.49927 2.5
      vertex -13.1964 -1.94015 2.5
    endloop
  endfacet
  facet normal -0 0 1
    outer loop
      vertex -13.3494 -1.57059 2.5
      vertex -13.1964 -1.94015 2.5
      vertex -13.1986 -1.49927 2.5
    endloop
  endfacet
  facet normal 0 0 1
    outer loop
      vertex -13.3494 -1.57059 2.5
      vertex -13.3904 -2.00957 2.5
      vertex -13.1964 -1.94015 2.5
    endloop
  endfacet
  facet normal -0 0 1
    outer loop
      vertex -13.5065 -1.6268 2.5
      vertex -13.3904 -2.00957 2.5
      vertex -13.3494 -1.57059 2.5
    endloop
  endfacet
  facet normal 0 0 1
    outer loop
      vertex -13.5065 -1.6268 2.5
      vertex -13.5903 -2.05965 2.5
      vertex -13.3904 -2.00957 2.5
    endloop
  endfacet
  facet normal -0 0 1
    outer loop
      vertex -13.6683 -1.66733 2.5
      vertex -13.5903 -2.05965 2.5
      vertex -13.5065 -1.6268 2.5
    endloop
  endfacet
  facet normal 0 0 1
    outer loop
      vertex -13.6683 -1.66733 2.5
      vertex -13.7942 -2.08989 2.5
      vertex -13.5903 -2.05965 2.5
    endloop
  endfacet
  facet normal -0 0 1
    outer loop
      vertex -13.8334 -1.69181 2.5
      vertex -13.7942 -2.08989 2.5
      vertex -13.6683 -1.66733 2.5
    endloop
  endfacet
  facet normal -0 0 1
    outer loop
      vertex -14 -1.7 2.5
      vertex -13.7942 -2.08989 2.5
      vertex -13.8334 -1.69181 2.5
    endloop
  endfacet
  facet normal 0 0 1
    outer loop
      vertex -14 -1.7 2.5
      vertex -14 -2.1 2.5
      vertex -13.7942 -2.08989 2.5
    endloop
  endfacet
  facet normal 0 0 1
    outer loop
      vertex -14.1666 -1.69181 2.5
      vertex -14 -2.1 2.5
      vertex -14 -1.7 2.5
    endloop
  endfacet
  facet normal 0 0 1
    outer loop
      vertex -14.1666 -1.69181 2.5
      vertex -14.2058 -2.08989 2.5
      vertex -14 -2.1 2.5
    endloop
  endfacet
  facet normal 0 0 1
    outer loop
      vertex -14.3317 -1.66733 2.5
      vertex -14.2058 -2.08989 2.5
      vertex -14.1666 -1.69181 2.5
    endloop
  endfacet
  facet normal 0 0 1
    outer loop
      vertex -14.3317 -1.66733 2.5
      vertex -14.4097 -2.05965 2.5
      vertex -14.2058 -2.08989 2.5
    endloop
  endfacet
  facet normal 0 0 1
    outer loop
      vertex -14.4935 -1.6268 2.5
      vertex -14.4097 -2.05965 2.5
      vertex -14.3317 -1.66733 2.5
    endloop
  endfacet
  facet normal 0 0 1
    outer loop
      vertex -14.4935 -1.6268 2.5
      vertex -14.6096 -2.00957 2.5
      vertex -14.4097 -2.05965 2.5
    endloop
  endfacet
  facet normal 0 0 1
    outer loop
      vertex -14.6506 -1.57059 2.5
      vertex -14.6096 -2.00957 2.5
      vertex -14.4935 -1.6268 2.5
    endloop
  endfacet
  facet normal 0 0 1
    outer loop
      vertex -14.8036 -1.94015 2.5
      vertex -14.6506 -1.57059 2.5
      vertex -14.8014 -1.49927 2.5
    endloop
  endfacet
  facet normal 0 0 1
    outer loop
      vertex -14.6506 -1.57059 2.5
      vertex -14.8036 -1.94015 2.5
      vertex -14.6096 -2.00957 2.5
    endloop
  endfacet
  facet normal 0 0 1
    outer loop
      vertex -14.9899 -1.85203 2.5
      vertex -14.8014 -1.49927 2.5
      vertex -14.9445 -1.4135 2.5
    endloop
  endfacet
  facet normal 0 0 1
    outer loop
      vertex -14.8014 -1.49927 2.5
      vertex -14.9899 -1.85203 2.5
      vertex -14.8036 -1.94015 2.5
    endloop
  endfacet
  facet normal 0 0 1
    outer loop
      vertex -15.1667 -1.74609 2.5
      vertex -14.9445 -1.4135 2.5
      vertex -15.0785 -1.31412 2.5
    endloop
  endfacet
  facet normal 0 0 1
    outer loop
      vertex -14.9445 -1.4135 2.5
      vertex -15.1667 -1.74609 2.5
      vertex -14.9899 -1.85203 2.5
    endloop
  endfacet
  facet normal 0 0 1
    outer loop
      vertex -15.3322 -1.62332 2.5
      vertex -15.0785 -1.31412 2.5
      vertex -15.2021 -1.20208 2.5
    endloop
  endfacet
  facet normal 0 0 1
    outer loop
      vertex -15.4849 -1.48492 2.5
      vertex -15.2021 -1.20208 2.5
      vertex -15.3141 -1.07847 2.5
    endloop
  endfacet
  facet normal 0 0 1
    outer loop
      vertex -15.0785 -1.31412 2.5
      vertex -15.3322 -1.62332 2.5
      vertex -15.1667 -1.74609 2.5
    endloop
  endfacet
  facet normal 0 0 1
    outer loop
      vertex -15.6233 -1.33223 2.5
      vertex -15.3141 -1.07847 2.5
      vertex -15.4135 -0.944468 2.5
    endloop
  endfacet
  facet normal 0 0 1
    outer loop
      vertex -15.2021 -1.20208 2.5
      vertex -15.4849 -1.48492 2.5
      vertex -15.3322 -1.62332 2.5
    endloop
  endfacet
  facet normal 0 0 1
    outer loop
      vertex -15.7461 -1.1667 2.5
      vertex -15.4135 -0.944468 2.5
      vertex -15.4993 -0.801374 2.5
    endloop
  endfacet
  facet normal 0 0 1
    outer loop
      vertex -15.852 -0.989933 2.5
      vertex -15.4993 -0.801374 2.5
      vertex -15.5706 -0.650561 2.5
    endloop
  endfacet
  facet normal 0 0 1
    outer loop
      vertex -15.3141 -1.07847 2.5
      vertex -15.6233 -1.33223 2.5
      vertex -15.4849 -1.48492 2.5
    endloop
  endfacet
  facet normal 0 0 1
    outer loop
      vertex -15.9401 -0.803635 2.5
      vertex -15.5706 -0.650561 2.5
      vertex -15.6268 -0.493484 2.5
    endloop
  endfacet
  facet normal 0 0 1
    outer loop
      vertex -16.0096 -0.609597 2.5
      vertex -15.6268 -0.493484 2.5
      vertex -15.6673 -0.331653 2.5
    endloop
  endfacet
  facet normal 0 0 1
    outer loop
      vertex -16.0596 -0.409689 2.5
      vertex -15.6673 -0.331653 2.5
      vertex -15.6918 -0.166629 2.5
    endloop
  endfacet
  facet normal 0 0 1
    outer loop
      vertex -15.4135 -0.944468 2.5
      vertex -15.7461 -1.1667 2.5
      vertex -15.6233 -1.33223 2.5
    endloop
  endfacet
  facet normal 0 0 1
    outer loop
      vertex -16.0899 -0.205835 2.5
      vertex -15.6918 -0.166629 2.5
      vertex -15.7 0 2.5
    endloop
  endfacet
  facet normal 0 0 1
    outer loop
      vertex -15.6268 0.493484 2.5
      vertex -16.0096 0.609597 2.5
      vertex -15.6673 0.331653 2.5
    endloop
  endfacet
  facet normal -0 0 1
    outer loop
      vertex -16.0596 0.409689 2.5
      vertex -15.6673 0.331653 2.5
      vertex -16.0096 0.609597 2.5
    endloop
  endfacet
  facet normal 0 0 1
    outer loop
      vertex -15.4993 -0.801374 2.5
      vertex -15.852 -0.989933 2.5
      vertex -15.7461 -1.1667 2.5
    endloop
  endfacet
  facet normal 0 0 1
    outer loop
      vertex -15.6673 0.331653 2.5
      vertex -16.0596 0.409689 2.5
      vertex -15.6918 0.166629 2.5
    endloop
  endfacet
  facet normal 0 0 1
    outer loop
      vertex -15.5706 -0.650561 2.5
      vertex -15.9401 -0.803635 2.5
      vertex -15.852 -0.989933 2.5
    endloop
  endfacet
  facet normal -0 0 1
    outer loop
      vertex -16.0899 0.205835 2.5
      vertex -15.6918 0.166629 2.5
      vertex -16.0596 0.409689 2.5
    endloop
  endfacet
  facet normal 0 0 1
    outer loop
      vertex -15.6268 -0.493484 2.5
      vertex -16.0096 -0.609597 2.5
      vertex -15.9401 -0.803635 2.5
    endloop
  endfacet
  facet normal 0 0 1
    outer loop
      vertex -15.6918 0.166629 2.5
      vertex -16.0899 0.205835 2.5
      vertex -15.7 0 2.5
    endloop
  endfacet
  facet normal 0 0 1
    outer loop
      vertex -15.6673 -0.331653 2.5
      vertex -16.0596 -0.409689 2.5
      vertex -16.0096 -0.609597 2.5
    endloop
  endfacet
  facet normal 0 0 1
    outer loop
      vertex -16.1 0 2.5
      vertex -15.7 0 2.5
      vertex -16.0899 0.205835 2.5
    endloop
  endfacet
  facet normal 0 0 1
    outer loop
      vertex -15.6918 -0.166629 2.5
      vertex -16.0899 -0.205835 2.5
      vertex -16.0596 -0.409689 2.5
    endloop
  endfacet
  facet normal 0 0 1
    outer loop
      vertex -15.7 0 2.5
      vertex -16.1 0 2.5
      vertex -16.0899 -0.205835 2.5
    endloop
  endfacet
  facet normal 0.146703 -0.989181 0
    outer loop
      vertex -14.4097 2.05965 2.5
      vertex -14.2058 2.08989 6
      vertex -14.4097 2.05965 6
    endloop
  endfacet
  facet normal 0.146703 -0.989181 0
    outer loop
      vertex -14.2058 2.08989 6
      vertex -14.4097 2.05965 2.5
      vertex -14.2058 2.08989 2.5
    endloop
  endfacet
  facet normal 0.336914 -0.941535 0
    outer loop
      vertex -14.8036 1.94015 2.5
      vertex -14.6096 2.00957 6
      vertex -14.8036 1.94015 6
    endloop
  endfacet
  facet normal 0.336914 -0.941535 0
    outer loop
      vertex -14.6096 2.00957 6
      vertex -14.8036 1.94015 2.5
      vertex -14.6096 2.00957 2.5
    endloop
  endfacet
  facet normal 0.998798 -0.0490095 0
    outer loop
      vertex -16.1 0 6
      vertex -16.0899 0.205835 2.5
      vertex -16.0899 0.205835 6
    endloop
  endfacet
  facet normal 0.998798 -0.0490095 0
    outer loop
      vertex -16.0899 0.205835 2.5
      vertex -16.1 0 6
      vertex -16.1 0 2.5
    endloop
  endfacet
  facet normal 0.803127 -0.595808 0
    outer loop
      vertex -15.7461 1.1667 6
      vertex -15.6233 1.33223 2.5
      vertex -15.6233 1.33223 6
    endloop
  endfacet
  facet normal 0.803127 -0.595808 0
    outer loop
      vertex -15.6233 1.33223 2.5
      vertex -15.7461 1.1667 6
      vertex -15.7461 1.1667 2.5
    endloop
  endfacet
  facet normal 0.970116 0.242641 0
    outer loop
      vertex -16.0096 -0.609597 6
      vertex -16.0596 -0.409689 2.5
      vertex -16.0596 -0.409689 6
    endloop
  endfacet
  facet normal 0.970116 0.242641 0
    outer loop
      vertex -16.0596 -0.409689 2.5
      vertex -16.0096 -0.609597 6
      vertex -16.0096 -0.609597 2.5
    endloop
  endfacet
  facet normal -0.857836 0.513924 0
    outer loop
      vertex -12.2539 -1.1667 2.5
      vertex -12.148 -0.989933 6
      vertex -12.148 -0.989933 2.5
    endloop
  endfacet
  facet normal -0.857836 0.513924 0
    outer loop
      vertex -12.148 -0.989933 6
      vertex -12.2539 -1.1667 2.5
      vertex -12.2539 -1.1667 6
    endloop
  endfacet
  facet normal -0.904013 0.427506 0
    outer loop
      vertex -12.148 -0.989933 2.5
      vertex -12.0599 -0.803635 6
      vertex -12.0599 -0.803635 2.5
    endloop
  endfacet
  facet normal -0.904013 0.427506 0
    outer loop
      vertex -12.0599 -0.803635 6
      vertex -12.148 -0.989933 2.5
      vertex -12.148 -0.989933 6
    endloop
  endfacet
  facet normal -0.513996 0.857792 0
    outer loop
      vertex -12.8333 -1.74609 2.5
      vertex -13.0101 -1.85203 6
      vertex -12.8333 -1.74609 6
    endloop
  endfacet
  facet normal -0.513996 0.857792 0
    outer loop
      vertex -13.0101 -1.85203 6
      vertex -12.8333 -1.74609 2.5
      vertex -13.0101 -1.85203 2.5
    endloop
  endfacet
  facet normal 0.941433 -0.3372 0
    outer loop
      vertex -16.0096 0.609597 6
      vertex -15.9401 0.803635 2.5
      vertex -15.9401 0.803635 6
    endloop
  endfacet
  facet normal 0.941433 -0.3372 0
    outer loop
      vertex -15.9401 0.803635 2.5
      vertex -16.0096 0.609597 6
      vertex -16.0096 0.609597 2.5
    endloop
  endfacet
  facet normal 0.0490662 0.998796 -0
    outer loop
      vertex -14 -2.1 2.5
      vertex -14.2058 -2.08989 6
      vertex -14 -2.1 6
    endloop
  endfacet
  facet normal 0.0490662 0.998796 0
    outer loop
      vertex -14.2058 -2.08989 6
      vertex -14 -2.1 2.5
      vertex -14.2058 -2.08989 2.5
    endloop
  endfacet
  facet normal 0.146703 0.989181 -0
    outer loop
      vertex -14.2058 -2.08989 2.5
      vertex -14.4097 -2.05965 6
      vertex -14.2058 -2.08989 6
    endloop
  endfacet
  facet normal 0.146703 0.989181 0
    outer loop
      vertex -14.4097 -2.05965 6
      vertex -14.2058 -2.08989 2.5
      vertex -14.4097 -2.05965 2.5
    endloop
  endfacet
  facet normal 0.595783 -0.803145 0
    outer loop
      vertex -15.3322 1.62332 2.5
      vertex -15.1667 1.74609 6
      vertex -15.3322 1.62332 6
    endloop
  endfacet
  facet normal 0.595783 -0.803145 0
    outer loop
      vertex -15.1667 1.74609 6
      vertex -15.3322 1.62332 2.5
      vertex -15.1667 1.74609 2.5
    endloop
  endfacet
  facet normal -0.671561 0.740949 0
    outer loop
      vertex -12.5151 -1.48492 2.5
      vertex -12.6678 -1.62332 6
      vertex -12.5151 -1.48492 6
    endloop
  endfacet
  facet normal -0.671561 0.740949 0
    outer loop
      vertex -12.6678 -1.62332 6
      vertex -12.5151 -1.48492 2.5
      vertex -12.6678 -1.62332 2.5
    endloop
  endfacet
  facet normal -0.740927 0.671585 0
    outer loop
      vertex -12.5151 -1.48492 2.5
      vertex -12.3767 -1.33223 6
      vertex -12.3767 -1.33223 2.5
    endloop
  endfacet
  facet normal -0.740927 0.671585 0
    outer loop
      vertex -12.3767 -1.33223 6
      vertex -12.5151 -1.48492 2.5
      vertex -12.5151 -1.48492 6
    endloop
  endfacet
  facet normal 0.336914 0.941535 -0
    outer loop
      vertex -14.6096 -2.00957 2.5
      vertex -14.8036 -1.94015 6
      vertex -14.6096 -2.00957 6
    endloop
  endfacet
  facet normal 0.336914 0.941535 0
    outer loop
      vertex -14.8036 -1.94015 6
      vertex -14.6096 -2.00957 2.5
      vertex -14.8036 -1.94015 2.5
    endloop
  endfacet
  facet normal -0.146703 -0.989181 0
    outer loop
      vertex -13.7942 2.08989 2.5
      vertex -13.5903 2.05965 6
      vertex -13.7942 2.08989 6
    endloop
  endfacet
  facet normal -0.146703 -0.989181 -0
    outer loop
      vertex -13.5903 2.05965 6
      vertex -13.7942 2.08989 2.5
      vertex -13.5903 2.05965 2.5
    endloop
  endfacet
  facet normal 0.671561 0.740949 -0
    outer loop
      vertex -15.3322 -1.62332 2.5
      vertex -15.4849 -1.48492 6
      vertex -15.3322 -1.62332 6
    endloop
  endfacet
  facet normal 0.671561 0.740949 0
    outer loop
      vertex -15.4849 -1.48492 6
      vertex -15.3322 -1.62332 2.5
      vertex -15.4849 -1.48492 2.5
    endloop
  endfacet
  facet normal 0.857836 -0.513924 0
    outer loop
      vertex -15.852 0.989933 6
      vertex -15.7461 1.1667 2.5
      vertex -15.7461 1.1667 6
    endloop
  endfacet
  facet normal 0.857836 -0.513924 0
    outer loop
      vertex -15.7461 1.1667 2.5
      vertex -15.852 0.989933 6
      vertex -15.852 0.989933 2.5
    endloop
  endfacet
  facet normal 0.513996 0.857792 -0
    outer loop
      vertex -14.9899 -1.85203 2.5
      vertex -15.1667 -1.74609 6
      vertex -14.9899 -1.85203 6
    endloop
  endfacet
  facet normal 0.513996 0.857792 0
    outer loop
      vertex -15.1667 -1.74609 6
      vertex -14.9899 -1.85203 2.5
      vertex -15.1667 -1.74609 2.5
    endloop
  endfacet
  facet normal 0.998798 0.0490095 0
    outer loop
      vertex -16.0899 -0.205835 6
      vertex -16.1 0 2.5
      vertex -16.1 0 6
    endloop
  endfacet
  facet normal 0.998798 0.0490095 0
    outer loop
      vertex -16.1 0 2.5
      vertex -16.0899 -0.205835 6
      vertex -16.0899 -0.205835 2.5
    endloop
  endfacet
  facet normal 0.857836 0.513924 0
    outer loop
      vertex -15.7461 -1.1667 6
      vertex -15.852 -0.989933 2.5
      vertex -15.852 -0.989933 6
    endloop
  endfacet
  facet normal 0.857836 0.513924 0
    outer loop
      vertex -15.852 -0.989933 2.5
      vertex -15.7461 -1.1667 6
      vertex -15.7461 -1.1667 2.5
    endloop
  endfacet
  facet normal -0.67161 0.740905 0
    outer loop
      vertex 15.2021 -1.20208 0
      vertex 15.0785 -1.31412 2.5
      vertex 15.2021 -1.20208 2.5
    endloop
  endfacet
  facet normal -0.67161 0.740905 0
    outer loop
      vertex 15.0785 -1.31412 2.5
      vertex 15.2021 -1.20208 0
      vertex 15.0785 -1.31412 0
    endloop
  endfacet
  facet normal -0.989158 -0.146854 0
    outer loop
      vertex 15.6918 0.166629 0
      vertex 15.6673 0.331653 2.5
      vertex 15.6673 0.331653 0
    endloop
  endfacet
  facet normal -0.989158 -0.146854 0
    outer loop
      vertex 15.6673 0.331653 2.5
      vertex 15.6918 0.166629 0
      vertex 15.6918 0.166629 2.5
    endloop
  endfacet
  facet normal -0.998791 -0.0491516 0
    outer loop
      vertex 15.7 0 0
      vertex 15.6918 0.166629 2.5
      vertex 15.6918 0.166629 0
    endloop
  endfacet
  facet normal -0.998791 -0.0491516 0
    outer loop
      vertex 15.6918 0.166629 2.5
      vertex 15.7 0 0
      vertex 15.7 0 2.5
    endloop
  endfacet
  facet normal -0.970083 -0.242774 0
    outer loop
      vertex 15.6673 0.331653 0
      vertex 15.6268 0.493484 2.5
      vertex 15.6268 0.493484 0
    endloop
  endfacet
  facet normal -0.970083 -0.242774 0
    outer loop
      vertex 15.6268 0.493484 2.5
      vertex 15.6673 0.331653 0
      vertex 15.6673 0.331653 2.5
    endloop
  endfacet
  facet normal -0.42754 0.903996 0
    outer loop
      vertex 14.8014 -1.49927 0
      vertex 14.6506 -1.57059 2.5
      vertex 14.8014 -1.49927 2.5
    endloop
  endfacet
  facet normal -0.42754 0.903996 0
    outer loop
      vertex 14.6506 -1.57059 2.5
      vertex 14.8014 -1.49927 0
      vertex 14.6506 -1.57059 0
    endloop
  endfacet
  facet normal 0.0491004 -0.998794 0
    outer loop
      vertex 13.8334 1.69181 0
      vertex 14 1.7 2.5
      vertex 13.8334 1.69181 2.5
    endloop
  endfacet
  facet normal 0.0491004 -0.998794 0
    outer loop
      vertex 14 1.7 2.5
      vertex 13.8334 1.69181 0
      vertex 14 1.7 0
    endloop
  endfacet
  facet normal 0.42754 -0.903996 0
    outer loop
      vertex 13.1986 1.49927 0
      vertex 13.3494 1.57059 2.5
      vertex 13.1986 1.49927 2.5
    endloop
  endfacet
  facet normal 0.42754 -0.903996 0
    outer loop
      vertex 13.3494 1.57059 2.5
      vertex 13.1986 1.49927 0
      vertex 13.3494 1.57059 0
    endloop
  endfacet
  facet normal -0.741051 -0.671448 0
    outer loop
      vertex 15.3141 1.07847 0
      vertex 15.2021 1.20208 2.5
      vertex 15.2021 1.20208 0
    endloop
  endfacet
  facet normal -0.741051 -0.671448 0
    outer loop
      vertex 15.2021 1.20208 2.5
      vertex 15.3141 1.07847 0
      vertex 15.3141 1.07847 2.5
    endloop
  endfacet
  facet normal 0.14667 0.989185 -0
    outer loop
      vertex 13.8334 -1.69181 0
      vertex 13.6683 -1.66733 2.5
      vertex 13.8334 -1.69181 2.5
    endloop
  endfacet
  facet normal 0.14667 0.989185 0
    outer loop
      vertex 13.6683 -1.66733 2.5
      vertex 13.8334 -1.69181 0
      vertex 13.6683 -1.66733 0
    endloop
  endfacet
  facet normal -0.42754 -0.903996 0
    outer loop
      vertex 14.6506 1.57059 0
      vertex 14.8014 1.49927 2.5
      vertex 14.6506 1.57059 2.5
    endloop
  endfacet
  facet normal -0.42754 -0.903996 -0
    outer loop
      vertex 14.8014 1.49927 2.5
      vertex 14.6506 1.57059 0
      vertex 14.8014 1.49927 0
    endloop
  endfacet
  facet normal 0.14667 -0.989185 0
    outer loop
      vertex 13.6683 1.66733 0
      vertex 13.8334 1.69181 2.5
      vertex 13.6683 1.66733 2.5
    endloop
  endfacet
  facet normal 0.14667 -0.989185 0
    outer loop
      vertex 13.8334 1.69181 2.5
      vertex 13.6683 1.66733 0
      vertex 13.8334 1.69181 0
    endloop
  endfacet
  facet normal -0.242987 0.97003 0
    outer loop
      vertex 14.4935 -1.6268 0
      vertex 14.3317 -1.66733 2.5
      vertex 14.4935 -1.6268 2.5
    endloop
  endfacet
  facet normal -0.242987 0.97003 0
    outer loop
      vertex 14.3317 -1.66733 2.5
      vertex 14.4935 -1.6268 0
      vertex 14.3317 -1.66733 0
    endloop
  endfacet
  facet normal 0.595695 -0.803211 0
    outer loop
      vertex 12.9215 1.31412 0
      vertex 13.0555 1.4135 2.5
      vertex 12.9215 1.31412 2.5
    endloop
  endfacet
  facet normal 0.595695 -0.803211 0
    outer loop
      vertex 13.0555 1.4135 2.5
      vertex 12.9215 1.31412 0
      vertex 13.0555 1.4135 0
    endloop
  endfacet
  facet normal 0.904057 -0.427412 0
    outer loop
      vertex 12.4294 0.650561 2.5
      vertex 12.5007 0.801374 0
      vertex 12.5007 0.801374 2.5
    endloop
  endfacet
  facet normal 0.904057 -0.427412 0
    outer loop
      vertex 12.5007 0.801374 0
      vertex 12.4294 0.650561 2.5
      vertex 12.4294 0.650561 0
    endloop
  endfacet
  facet normal 0.42754 0.903996 -0
    outer loop
      vertex 13.3494 -1.57059 0
      vertex 13.1986 -1.49927 2.5
      vertex 13.3494 -1.57059 2.5
    endloop
  endfacet
  facet normal 0.42754 0.903996 0
    outer loop
      vertex 13.1986 -1.49927 2.5
      vertex 13.3494 -1.57059 0
      vertex 13.1986 -1.49927 0
    endloop
  endfacet
  facet normal 0.595695 0.803211 -0
    outer loop
      vertex 13.0555 -1.4135 0
      vertex 12.9215 -1.31412 2.5
      vertex 13.0555 -1.4135 2.5
    endloop
  endfacet
  facet normal 0.595695 0.803211 0
    outer loop
      vertex 12.9215 -1.31412 2.5
      vertex 13.0555 -1.4135 0
      vertex 12.9215 -1.31412 0
    endloop
  endfacet
  facet normal 0.904057 0.427412 0
    outer loop
      vertex 12.5007 -0.801374 2.5
      vertex 12.4294 -0.650561 0
      vertex 12.4294 -0.650561 2.5
    endloop
  endfacet
  facet normal 0.904057 0.427412 0
    outer loop
      vertex 12.4294 -0.650561 0
      vertex 12.5007 -0.801374 2.5
      vertex 12.5007 -0.801374 0
    endloop
  endfacet
  facet normal -0.514099 -0.857731 0
    outer loop
      vertex 14.8014 1.49927 0
      vertex 14.9445 1.4135 2.5
      vertex 14.8014 1.49927 2.5
    endloop
  endfacet
  facet normal -0.514099 -0.857731 -0
    outer loop
      vertex 14.9445 1.4135 2.5
      vertex 14.8014 1.49927 0
      vertex 14.9445 1.4135 0
    endloop
  endfacet
  facet normal 0.998791 0.0491516 0
    outer loop
      vertex 12.3082 -0.166629 2.5
      vertex 12.3 0 0
      vertex 12.3 0 2.5
    endloop
  endfacet
  facet normal 0.998791 0.0491516 0
    outer loop
      vertex 12.3 0 0
      vertex 12.3082 -0.166629 2.5
      vertex 12.3082 -0.166629 0
    endloop
  endfacet
  facet normal 0.336883 0.941546 -0
    outer loop
      vertex 13.5065 -1.6268 0
      vertex 13.3494 -1.57059 2.5
      vertex 13.5065 -1.6268 2.5
    endloop
  endfacet
  facet normal 0.336883 0.941546 0
    outer loop
      vertex 13.3494 -1.57059 2.5
      vertex 13.5065 -1.6268 0
      vertex 13.3494 -1.57059 0
    endloop
  endfacet
  facet normal -0.595695 -0.803211 0
    outer loop
      vertex 14.9445 1.4135 0
      vertex 15.0785 1.31412 2.5
      vertex 14.9445 1.4135 2.5
    endloop
  endfacet
  facet normal -0.595695 -0.803211 -0
    outer loop
      vertex 15.0785 1.31412 2.5
      vertex 14.9445 1.4135 0
      vertex 15.0785 1.31412 0
    endloop
  endfacet
  facet normal -0.970083 0.242774 0
    outer loop
      vertex 15.6268 -0.493484 0
      vertex 15.6673 -0.331653 2.5
      vertex 15.6673 -0.331653 0
    endloop
  endfacet
  facet normal -0.970083 0.242774 0
    outer loop
      vertex 15.6673 -0.331653 2.5
      vertex 15.6268 -0.493484 0
      vertex 15.6268 -0.493484 2.5
    endloop
  endfacet
  facet normal 0.514099 -0.857731 0
    outer loop
      vertex 13.0555 1.4135 0
      vertex 13.1986 1.49927 2.5
      vertex 13.0555 1.4135 2.5
    endloop
  endfacet
  facet normal 0.514099 -0.857731 0
    outer loop
      vertex 13.1986 1.49927 2.5
      vertex 13.0555 1.4135 0
      vertex 13.1986 1.49927 0
    endloop
  endfacet
  facet normal 0.94155 0.336874 0
    outer loop
      vertex 12.4294 -0.650561 2.5
      vertex 12.3732 -0.493484 0
      vertex 12.3732 -0.493484 2.5
    endloop
  endfacet
  facet normal 0.94155 0.336874 0
    outer loop
      vertex 12.3732 -0.493484 0
      vertex 12.4294 -0.650561 2.5
      vertex 12.4294 -0.650561 0
    endloop
  endfacet
  facet normal -0.242987 -0.97003 0
    outer loop
      vertex 14.3317 1.66733 0
      vertex 14.4935 1.6268 2.5
      vertex 14.3317 1.66733 2.5
    endloop
  endfacet
  facet normal -0.242987 -0.97003 -0
    outer loop
      vertex 14.4935 1.6268 2.5
      vertex 14.3317 1.66733 0
      vertex 14.4935 1.6268 0
    endloop
  endfacet
  facet normal 0.741051 -0.671448 0
    outer loop
      vertex 12.6859 1.07847 2.5
      vertex 12.7979 1.20208 0
      vertex 12.7979 1.20208 2.5
    endloop
  endfacet
  facet normal 0.741051 -0.671448 0
    outer loop
      vertex 12.7979 1.20208 0
      vertex 12.6859 1.07847 2.5
      vertex 12.6859 1.07847 0
    endloop
  endfacet
  facet normal -0.0491004 0.998794 0
    outer loop
      vertex 14.1666 -1.69181 0
      vertex 14 -1.7 2.5
      vertex 14.1666 -1.69181 2.5
    endloop
  endfacet
  facet normal -0.0491004 0.998794 0
    outer loop
      vertex 14 -1.7 2.5
      vertex 14.1666 -1.69181 0
      vertex 14 -1.7 0
    endloop
  endfacet
  facet normal -0.803158 -0.595766 0
    outer loop
      vertex 15.4135 0.944468 0
      vertex 15.3141 1.07847 2.5
      vertex 15.3141 1.07847 0
    endloop
  endfacet
  facet normal -0.803158 -0.595766 0
    outer loop
      vertex 15.3141 1.07847 2.5
      vertex 15.4135 0.944468 0
      vertex 15.4135 0.944468 2.5
    endloop
  endfacet
  facet normal 0.970083 0.242774 0
    outer loop
      vertex 12.3732 -0.493484 2.5
      vertex 12.3327 -0.331653 0
      vertex 12.3327 -0.331653 2.5
    endloop
  endfacet
  facet normal 0.970083 0.242774 0
    outer loop
      vertex 12.3327 -0.331653 0
      vertex 12.3732 -0.493484 2.5
      vertex 12.3732 -0.493484 0
    endloop
  endfacet
  facet normal -0.989158 0.146854 0
    outer loop
      vertex 15.6673 -0.331653 0
      vertex 15.6918 -0.166629 2.5
      vertex 15.6918 -0.166629 0
    endloop
  endfacet
  facet normal -0.989158 0.146854 0
    outer loop
      vertex 15.6918 -0.166629 2.5
      vertex 15.6673 -0.331653 0
      vertex 15.6673 -0.331653 2.5
    endloop
  endfacet
  facet normal -0.514099 0.857731 0
    outer loop
      vertex 14.9445 -1.4135 0
      vertex 14.8014 -1.49927 2.5
      vertex 14.9445 -1.4135 2.5
    endloop
  endfacet
  facet normal -0.514099 0.857731 0
    outer loop
      vertex 14.8014 -1.49927 2.5
      vertex 14.9445 -1.4135 0
      vertex 14.8014 -1.49927 0
    endloop
  endfacet
  facet normal 0.94155 -0.336874 0
    outer loop
      vertex 12.3732 0.493484 2.5
      vertex 12.4294 0.650561 0
      vertex 12.4294 0.650561 2.5
    endloop
  endfacet
  facet normal 0.94155 -0.336874 0
    outer loop
      vertex 12.4294 0.650561 0
      vertex 12.3732 0.493484 2.5
      vertex 12.3732 0.493484 0
    endloop
  endfacet
  facet normal -0.67161 -0.740905 0
    outer loop
      vertex 15.0785 1.31412 0
      vertex 15.2021 1.20208 2.5
      vertex 15.0785 1.31412 2.5
    endloop
  endfacet
  facet normal -0.67161 -0.740905 -0
    outer loop
      vertex 15.2021 1.20208 2.5
      vertex 15.0785 1.31412 0
      vertex 15.2021 1.20208 0
    endloop
  endfacet
  facet normal 0.989158 -0.146854 0
    outer loop
      vertex 12.3082 0.166629 2.5
      vertex 12.3327 0.331653 0
      vertex 12.3327 0.331653 2.5
    endloop
  endfacet
  facet normal 0.989158 -0.146854 0
    outer loop
      vertex 12.3327 0.331653 0
      vertex 12.3082 0.166629 2.5
      vertex 12.3082 0.166629 0
    endloop
  endfacet
  facet normal -0.904057 0.427412 0
    outer loop
      vertex 15.4993 -0.801374 0
      vertex 15.5706 -0.650561 2.5
      vertex 15.5706 -0.650561 0
    endloop
  endfacet
  facet normal -0.904057 0.427412 0
    outer loop
      vertex 15.5706 -0.650561 2.5
      vertex 15.4993 -0.801374 0
      vertex 15.4993 -0.801374 2.5
    endloop
  endfacet
  facet normal -0.336883 -0.941546 0
    outer loop
      vertex 14.4935 1.6268 0
      vertex 14.6506 1.57059 2.5
      vertex 14.4935 1.6268 2.5
    endloop
  endfacet
  facet normal -0.336883 -0.941546 -0
    outer loop
      vertex 14.6506 1.57059 2.5
      vertex 14.4935 1.6268 0
      vertex 14.6506 1.57059 0
    endloop
  endfacet
  facet normal -0.998791 0.0491516 0
    outer loop
      vertex 15.6918 -0.166629 0
      vertex 15.7 0 2.5
      vertex 15.7 0 0
    endloop
  endfacet
  facet normal -0.998791 0.0491516 0
    outer loop
      vertex 15.7 0 2.5
      vertex 15.6918 -0.166629 0
      vertex 15.6918 -0.166629 2.5
    endloop
  endfacet
  facet normal -0.14667 0.989185 0
    outer loop
      vertex 14.3317 -1.66733 0
      vertex 14.1666 -1.69181 2.5
      vertex 14.3317 -1.66733 2.5
    endloop
  endfacet
  facet normal -0.14667 0.989185 0
    outer loop
      vertex 14.1666 -1.69181 2.5
      vertex 14.3317 -1.66733 0
      vertex 14.1666 -1.69181 0
    endloop
  endfacet
  facet normal -0.94155 -0.336874 0
    outer loop
      vertex 15.6268 0.493484 0
      vertex 15.5706 0.650561 2.5
      vertex 15.5706 0.650561 0
    endloop
  endfacet
  facet normal -0.94155 -0.336874 0
    outer loop
      vertex 15.5706 0.650561 2.5
      vertex 15.6268 0.493484 0
      vertex 15.6268 0.493484 2.5
    endloop
  endfacet
  facet normal -0.803158 0.595766 0
    outer loop
      vertex 15.3141 -1.07847 0
      vertex 15.4135 -0.944468 2.5
      vertex 15.4135 -0.944468 0
    endloop
  endfacet
  facet normal -0.803158 0.595766 0
    outer loop
      vertex 15.4135 -0.944468 2.5
      vertex 15.3141 -1.07847 0
      vertex 15.3141 -1.07847 2.5
    endloop
  endfacet
  facet normal -0.857642 0.514247 0
    outer loop
      vertex 15.4135 -0.944468 0
      vertex 15.4993 -0.801374 2.5
      vertex 15.4993 -0.801374 0
    endloop
  endfacet
  facet normal -0.857642 0.514247 0
    outer loop
      vertex 15.4993 -0.801374 2.5
      vertex 15.4135 -0.944468 0
      vertex 15.4135 -0.944468 2.5
    endloop
  endfacet
  facet normal 0.242987 -0.97003 0
    outer loop
      vertex 13.5065 1.6268 0
      vertex 13.6683 1.66733 2.5
      vertex 13.5065 1.6268 2.5
    endloop
  endfacet
  facet normal 0.242987 -0.97003 0
    outer loop
      vertex 13.6683 1.66733 2.5
      vertex 13.5065 1.6268 0
      vertex 13.6683 1.66733 0
    endloop
  endfacet
  facet normal -0.94155 0.336874 0
    outer loop
      vertex 15.5706 -0.650561 0
      vertex 15.6268 -0.493484 2.5
      vertex 15.6268 -0.493484 0
    endloop
  endfacet
  facet normal -0.94155 0.336874 0
    outer loop
      vertex 15.6268 -0.493484 2.5
      vertex 15.5706 -0.650561 0
      vertex 15.5706 -0.650561 2.5
    endloop
  endfacet
  facet normal -0.0491004 -0.998794 0
    outer loop
      vertex 14 1.7 0
      vertex 14.1666 1.69181 2.5
      vertex 14 1.7 2.5
    endloop
  endfacet
  facet normal -0.0491004 -0.998794 -0
    outer loop
      vertex 14.1666 1.69181 2.5
      vertex 14 1.7 0
      vertex 14.1666 1.69181 0
    endloop
  endfacet
  facet normal -0.904057 -0.427412 0
    outer loop
      vertex 15.5706 0.650561 0
      vertex 15.4993 0.801374 2.5
      vertex 15.4993 0.801374 0
    endloop
  endfacet
  facet normal -0.904057 -0.427412 0
    outer loop
      vertex 15.4993 0.801374 2.5
      vertex 15.5706 0.650561 0
      vertex 15.5706 0.650561 2.5
    endloop
  endfacet
  facet normal -0.14667 -0.989185 0
    outer loop
      vertex 14.1666 1.69181 0
      vertex 14.3317 1.66733 2.5
      vertex 14.1666 1.69181 2.5
    endloop
  endfacet
  facet normal -0.14667 -0.989185 -0
    outer loop
      vertex 14.3317 1.66733 2.5
      vertex 14.1666 1.69181 0
      vertex 14.3317 1.66733 0
    endloop
  endfacet
  facet normal 0.242987 0.97003 -0
    outer loop
      vertex 13.6683 -1.66733 0
      vertex 13.5065 -1.6268 2.5
      vertex 13.6683 -1.66733 2.5
    endloop
  endfacet
  facet normal 0.242987 0.97003 0
    outer loop
      vertex 13.5065 -1.6268 2.5
      vertex 13.6683 -1.66733 0
      vertex 13.5065 -1.6268 0
    endloop
  endfacet
  facet normal 0.857642 0.514247 0
    outer loop
      vertex 12.5865 -0.944468 2.5
      vertex 12.5007 -0.801374 0
      vertex 12.5007 -0.801374 2.5
    endloop
  endfacet
  facet normal 0.857642 0.514247 0
    outer loop
      vertex 12.5007 -0.801374 0
      vertex 12.5865 -0.944468 2.5
      vertex 12.5865 -0.944468 0
    endloop
  endfacet
  facet normal -0.857642 -0.514247 0
    outer loop
      vertex 15.4993 0.801374 0
      vertex 15.4135 0.944468 2.5
      vertex 15.4135 0.944468 0
    endloop
  endfacet
  facet normal -0.857642 -0.514247 0
    outer loop
      vertex 15.4135 0.944468 2.5
      vertex 15.4993 0.801374 0
      vertex 15.4993 0.801374 2.5
    endloop
  endfacet
  facet normal 0.336883 -0.941546 0
    outer loop
      vertex 13.3494 1.57059 0
      vertex 13.5065 1.6268 2.5
      vertex 13.3494 1.57059 2.5
    endloop
  endfacet
  facet normal 0.336883 -0.941546 0
    outer loop
      vertex 13.5065 1.6268 2.5
      vertex 13.3494 1.57059 0
      vertex 13.5065 1.6268 0
    endloop
  endfacet
  facet normal 0.741051 0.671448 0
    outer loop
      vertex 12.7979 -1.20208 2.5
      vertex 12.6859 -1.07847 0
      vertex 12.6859 -1.07847 2.5
    endloop
  endfacet
  facet normal 0.741051 0.671448 0
    outer loop
      vertex 12.6859 -1.07847 0
      vertex 12.7979 -1.20208 2.5
      vertex 12.7979 -1.20208 0
    endloop
  endfacet
  facet normal 0.67161 -0.740905 0
    outer loop
      vertex 12.7979 1.20208 0
      vertex 12.9215 1.31412 2.5
      vertex 12.7979 1.20208 2.5
    endloop
  endfacet
  facet normal 0.67161 -0.740905 0
    outer loop
      vertex 12.9215 1.31412 2.5
      vertex 12.7979 1.20208 0
      vertex 12.9215 1.31412 0
    endloop
  endfacet
  facet normal 0.514099 0.857731 -0
    outer loop
      vertex 13.1986 -1.49927 0
      vertex 13.0555 -1.4135 2.5
      vertex 13.1986 -1.49927 2.5
    endloop
  endfacet
  facet normal 0.514099 0.857731 0
    outer loop
      vertex 13.0555 -1.4135 2.5
      vertex 13.1986 -1.49927 0
      vertex 13.0555 -1.4135 0
    endloop
  endfacet
  facet normal 0.970083 -0.242774 0
    outer loop
      vertex 12.3327 0.331653 2.5
      vertex 12.3732 0.493484 0
      vertex 12.3732 0.493484 2.5
    endloop
  endfacet
  facet normal 0.970083 -0.242774 0
    outer loop
      vertex 12.3732 0.493484 0
      vertex 12.3327 0.331653 2.5
      vertex 12.3327 0.331653 0
    endloop
  endfacet
  facet normal -0.336883 0.941546 0
    outer loop
      vertex 14.6506 -1.57059 0
      vertex 14.4935 -1.6268 2.5
      vertex 14.6506 -1.57059 2.5
    endloop
  endfacet
  facet normal -0.336883 0.941546 0
    outer loop
      vertex 14.4935 -1.6268 2.5
      vertex 14.6506 -1.57059 0
      vertex 14.4935 -1.6268 0
    endloop
  endfacet
  facet normal 0.803158 0.595766 0
    outer loop
      vertex 12.6859 -1.07847 2.5
      vertex 12.5865 -0.944468 0
      vertex 12.5865 -0.944468 2.5
    endloop
  endfacet
  facet normal 0.803158 0.595766 0
    outer loop
      vertex 12.5865 -0.944468 0
      vertex 12.6859 -1.07847 2.5
      vertex 12.6859 -1.07847 0
    endloop
  endfacet
  facet normal 0.989158 0.146854 0
    outer loop
      vertex 12.3327 -0.331653 2.5
      vertex 12.3082 -0.166629 0
      vertex 12.3082 -0.166629 2.5
    endloop
  endfacet
  facet normal 0.989158 0.146854 0
    outer loop
      vertex 12.3082 -0.166629 0
      vertex 12.3327 -0.331653 2.5
      vertex 12.3327 -0.331653 0
    endloop
  endfacet
  facet normal -0.595695 0.803211 0
    outer loop
      vertex 15.0785 -1.31412 0
      vertex 14.9445 -1.4135 2.5
      vertex 15.0785 -1.31412 2.5
    endloop
  endfacet
  facet normal -0.595695 0.803211 0
    outer loop
      vertex 14.9445 -1.4135 2.5
      vertex 15.0785 -1.31412 0
      vertex 14.9445 -1.4135 0
    endloop
  endfacet
  facet normal 0.67161 0.740905 -0
    outer loop
      vertex 12.9215 -1.31412 0
      vertex 12.7979 -1.20208 2.5
      vertex 12.9215 -1.31412 2.5
    endloop
  endfacet
  facet normal 0.67161 0.740905 0
    outer loop
      vertex 12.7979 -1.20208 2.5
      vertex 12.9215 -1.31412 0
      vertex 12.7979 -1.20208 0
    endloop
  endfacet
  facet normal 0.803158 -0.595766 0
    outer loop
      vertex 12.5865 0.944468 2.5
      vertex 12.6859 1.07847 0
      vertex 12.6859 1.07847 2.5
    endloop
  endfacet
  facet normal 0.803158 -0.595766 0
    outer loop
      vertex 12.6859 1.07847 0
      vertex 12.5865 0.944468 2.5
      vertex 12.5865 0.944468 0
    endloop
  endfacet
  facet normal 0.857642 -0.514247 0
    outer loop
      vertex 12.5007 0.801374 2.5
      vertex 12.5865 0.944468 0
      vertex 12.5865 0.944468 2.5
    endloop
  endfacet
  facet normal 0.857642 -0.514247 0
    outer loop
      vertex 12.5865 0.944468 0
      vertex 12.5007 0.801374 2.5
      vertex 12.5007 0.801374 0
    endloop
  endfacet
  facet normal 0.0491004 0.998794 -0
    outer loop
      vertex 14 -1.7 0
      vertex 13.8334 -1.69181 2.5
      vertex 14 -1.7 2.5
    endloop
  endfacet
  facet normal 0.0491004 0.998794 0
    outer loop
      vertex 13.8334 -1.69181 2.5
      vertex 14 -1.7 0
      vertex 13.8334 -1.69181 0
    endloop
  endfacet
  facet normal 0.998791 -0.0491516 0
    outer loop
      vertex 12.3 0 2.5
      vertex 12.3082 0.166629 0
      vertex 12.3082 0.166629 2.5
    endloop
  endfacet
  facet normal 0.998791 -0.0491516 0
    outer loop
      vertex 12.3082 0.166629 0
      vertex 12.3 0 2.5
      vertex 12.3 0 0
    endloop
  endfacet
  facet normal -0.741051 0.671448 0
    outer loop
      vertex 15.2021 -1.20208 0
      vertex 15.3141 -1.07847 2.5
      vertex 15.3141 -1.07847 0
    endloop
  endfacet
  facet normal -0.741051 0.671448 0
    outer loop
      vertex 15.3141 -1.07847 2.5
      vertex 15.2021 -1.20208 0
      vertex 15.2021 -1.20208 2.5
    endloop
  endfacet
  facet normal -0.989133 -0.147021 0
    outer loop
      vertex 16.0899 0.205835 2.5
      vertex 16.0596 0.409689 6
      vertex 16.0596 0.409689 2.5
    endloop
  endfacet
  facet normal -0.989133 -0.147021 0
    outer loop
      vertex 16.0596 0.409689 6
      vertex 16.0899 0.205835 2.5
      vertex 16.0899 0.205835 6
    endloop
  endfacet
  facet normal -0.998798 -0.0490095 0
    outer loop
      vertex 16.1 0 2.5
      vertex 16.0899 0.205835 6
      vertex 16.0899 0.205835 2.5
    endloop
  endfacet
  facet normal -0.998798 -0.0490095 0
    outer loop
      vertex 16.0899 0.205835 6
      vertex 16.1 0 2.5
      vertex 16.1 0 6
    endloop
  endfacet
  facet normal -0.970116 -0.242641 0
    outer loop
      vertex 16.0596 0.409689 2.5
      vertex 16.0096 0.609597 6
      vertex 16.0096 0.609597 2.5
    endloop
  endfacet
  facet normal -0.970116 -0.242641 0
    outer loop
      vertex 16.0096 0.609597 6
      vertex 16.0596 0.409689 2.5
      vertex 16.0596 0.409689 6
    endloop
  endfacet
  facet normal -0.998798 0.0490095 0
    outer loop
      vertex 16.0899 -0.205835 2.5
      vertex 16.1 0 6
      vertex 16.1 0 2.5
    endloop
  endfacet
  facet normal -0.998798 0.0490095 0
    outer loop
      vertex 16.1 0 6
      vertex 16.0899 -0.205835 2.5
      vertex 16.0899 -0.205835 6
    endloop
  endfacet
  facet normal -0.336914 0.941535 0
    outer loop
      vertex 14.8036 -1.94015 2.5
      vertex 14.6096 -2.00957 6
      vertex 14.8036 -1.94015 6
    endloop
  endfacet
  facet normal -0.336914 0.941535 0
    outer loop
      vertex 14.6096 -2.00957 6
      vertex 14.8036 -1.94015 2.5
      vertex 14.6096 -2.00957 2.5
    endloop
  endfacet
  facet normal 0.427582 0.903977 -0
    outer loop
      vertex 13.1964 -1.94015 2.5
      vertex 13.0101 -1.85203 6
      vertex 13.1964 -1.94015 6
    endloop
  endfacet
  facet normal 0.427582 0.903977 0
    outer loop
      vertex 13.0101 -1.85203 6
      vertex 13.1964 -1.94015 2.5
      vertex 13.0101 -1.85203 2.5
    endloop
  endfacet
  facet normal 0.989133 0.147021 0
    outer loop
      vertex 11.9404 -0.409689 6
      vertex 11.9101 -0.205835 2.5
      vertex 11.9101 -0.205835 6
    endloop
  endfacet
  facet normal 0.989133 0.147021 0
    outer loop
      vertex 11.9101 -0.205835 2.5
      vertex 11.9404 -0.409689 6
      vertex 11.9404 -0.409689 2.5
    endloop
  endfacet
  facet normal 0.671561 -0.740949 0
    outer loop
      vertex 12.5151 1.48492 2.5
      vertex 12.6678 1.62332 6
      vertex 12.5151 1.48492 6
    endloop
  endfacet
  facet normal 0.671561 -0.740949 0
    outer loop
      vertex 12.6678 1.62332 6
      vertex 12.5151 1.48492 2.5
      vertex 12.6678 1.62332 2.5
    endloop
  endfacet
  facet normal 0.243015 0.970022 -0
    outer loop
      vertex 13.5903 -2.05965 2.5
      vertex 13.3904 -2.00957 6
      vertex 13.5903 -2.05965 6
    endloop
  endfacet
  facet normal 0.243015 0.970022 0
    outer loop
      vertex 13.3904 -2.00957 6
      vertex 13.5903 -2.05965 2.5
      vertex 13.3904 -2.00957 2.5
    endloop
  endfacet
  facet normal 0.970116 -0.242641 0
    outer loop
      vertex 11.9404 0.409689 6
      vertex 11.9904 0.609597 2.5
      vertex 11.9904 0.609597 6
    endloop
  endfacet
  facet normal 0.970116 -0.242641 0
    outer loop
      vertex 11.9904 0.609597 2.5
      vertex 11.9404 0.409689 6
      vertex 11.9404 0.409689 2.5
    endloop
  endfacet
  facet normal -0.803127 -0.595808 0
    outer loop
      vertex 15.7461 1.1667 2.5
      vertex 15.6233 1.33223 6
      vertex 15.6233 1.33223 2.5
    endloop
  endfacet
  facet normal -0.803127 -0.595808 0
    outer loop
      vertex 15.6233 1.33223 6
      vertex 15.7461 1.1667 2.5
      vertex 15.7461 1.1667 6
    endloop
  endfacet
  facet normal 0.0482197 -0.998837 0
    outer loop
      vertex 13.7942 2.08989 2.5
      vertex 13.8 2.09017 6
      vertex 13.7942 2.08989 6
    endloop
  endfacet
  facet normal 0.0490907 -0.998794 -1.44682e-06
    outer loop
      vertex 13.8 2.09017 6
      vertex 13.7942 2.08989 2.5
      vertex 14 2.1 6
    endloop
  endfacet
  facet normal 0.0490662 -0.998796 0
    outer loop
      vertex 14 2.1 6
      vertex 13.7942 2.08989 2.5
      vertex 14 2.1 2.5
    endloop
  endfacet
  facet normal 0.740927 0.671585 0
    outer loop
      vertex 12.5151 -1.48492 6
      vertex 12.3767 -1.33223 2.5
      vertex 12.3767 -1.33223 6
    endloop
  endfacet
  facet normal 0.740927 0.671585 0
    outer loop
      vertex 12.3767 -1.33223 2.5
      vertex 12.5151 -1.48492 6
      vertex 12.5151 -1.48492 2.5
    endloop
  endfacet
  facet normal 0.595783 0.803145 -0
    outer loop
      vertex 12.8333 -1.74609 2.5
      vertex 12.6678 -1.62332 6
      vertex 12.8333 -1.74609 6
    endloop
  endfacet
  facet normal 0.595783 0.803145 0
    outer loop
      vertex 12.6678 -1.62332 6
      vertex 12.8333 -1.74609 2.5
      vertex 12.6678 -1.62332 2.5
    endloop
  endfacet
  facet normal 0.513996 0.857792 -0
    outer loop
      vertex 13.0101 -1.85203 2.5
      vertex 12.8333 -1.74609 6
      vertex 13.0101 -1.85203 6
    endloop
  endfacet
  facet normal 0.513996 0.857792 0
    outer loop
      vertex 12.8333 -1.74609 6
      vertex 13.0101 -1.85203 2.5
      vertex 12.8333 -1.74609 2.5
    endloop
  endfacet
  facet normal -0.0490662 -0.998796 0
    outer loop
      vertex 14 2.1 2.5
      vertex 14.2058 2.08989 6
      vertex 14 2.1 6
    endloop
  endfacet
  facet normal -0.0490662 -0.998796 -0
    outer loop
      vertex 14.2058 2.08989 6
      vertex 14 2.1 2.5
      vertex 14.2058 2.08989 2.5
    endloop
  endfacet
  facet normal 0.803127 0.595808 0
    outer loop
      vertex 12.3767 -1.33223 6
      vertex 12.2539 -1.1667 2.5
      vertex 12.2539 -1.1667 6
    endloop
  endfacet
  facet normal 0.803127 0.595808 0
    outer loop
      vertex 12.2539 -1.1667 2.5
      vertex 12.3767 -1.33223 6
      vertex 12.3767 -1.33223 2.5
    endloop
  endfacet
  facet normal -0.989133 0.147021 0
    outer loop
      vertex 16.0596 -0.409689 2.5
      vertex 16.0899 -0.205835 6
      vertex 16.0899 -0.205835 2.5
    endloop
  endfacet
  facet normal -0.989133 0.147021 0
    outer loop
      vertex 16.0899 -0.205835 6
      vertex 16.0596 -0.409689 2.5
      vertex 16.0596 -0.409689 6
    endloop
  endfacet
  facet normal 0.740927 -0.671585 0
    outer loop
      vertex 12.3767 1.33223 6
      vertex 12.5151 1.48492 2.5
      vertex 12.5151 1.48492 6
    endloop
  endfacet
  facet normal 0.740927 -0.671585 0
    outer loop
      vertex 12.5151 1.48492 2.5
      vertex 12.3767 1.33223 6
      vertex 12.3767 1.33223 2.5
    endloop
  endfacet
  facet normal -0.941433 0.3372 0
    outer loop
      vertex 15.9401 -0.803635 2.5
      vertex 16.0096 -0.609597 6
      vertex 16.0096 -0.609597 2.5
    endloop
  endfacet
  facet normal -0.941433 0.3372 0
    outer loop
      vertex 16.0096 -0.609597 6
      vertex 15.9401 -0.803635 2.5
      vertex 15.9401 -0.803635 6
    endloop
  endfacet
  facet normal 0.336914 -0.941535 0
    outer loop
      vertex 13.1964 1.94015 2.5
      vertex 13.3904 2.00957 6
      vertex 13.1964 1.94015 6
    endloop
  endfacet
  facet normal 0.336914 -0.941535 0
    outer loop
      vertex 13.3904 2.00957 6
      vertex 13.1964 1.94015 2.5
      vertex 13.3904 2.00957 2.5
    endloop
  endfacet
  facet normal -0.941433 -0.3372 0
    outer loop
      vertex 16.0096 0.609597 2.5
      vertex 15.9401 0.803635 6
      vertex 15.9401 0.803635 2.5
    endloop
  endfacet
  facet normal -0.941433 -0.3372 0
    outer loop
      vertex 15.9401 0.803635 6
      vertex 16.0096 0.609597 2.5
      vertex 16.0096 0.609597 6
    endloop
  endfacet
  facet normal 0.904013 -0.427506 0
    outer loop
      vertex 12.0599 0.803635 6
      vertex 12.148 0.989933 2.5
      vertex 12.148 0.989933 6
    endloop
  endfacet
  facet normal 0.904013 -0.427506 0
    outer loop
      vertex 12.148 0.989933 2.5
      vertex 12.0599 0.803635 6
      vertex 12.0599 0.803635 2.5
    endloop
  endfacet
  facet normal -0.970116 0.242641 0
    outer loop
      vertex 16.0096 -0.609597 2.5
      vertex 16.0596 -0.409689 6
      vertex 16.0596 -0.409689 2.5
    endloop
  endfacet
  facet normal -0.970116 0.242641 0
    outer loop
      vertex 16.0596 -0.409689 6
      vertex 16.0096 -0.609597 2.5
      vertex 16.0096 -0.609597 6
    endloop
  endfacet
  facet normal -0.0490662 0.998796 0
    outer loop
      vertex 14.2058 -2.08989 2.5
      vertex 14 -2.1 6
      vertex 14.2058 -2.08989 6
    endloop
  endfacet
  facet normal -0.0490662 0.998796 0
    outer loop
      vertex 14 -2.1 6
      vertex 14.2058 -2.08989 2.5
      vertex 14 -2.1 2.5
    endloop
  endfacet
  facet normal -0.904013 -0.427506 0
    outer loop
      vertex 15.9401 0.803635 2.5
      vertex 15.852 0.989933 6
      vertex 15.852 0.989933 2.5
    endloop
  endfacet
  facet normal -0.904013 -0.427506 0
    outer loop
      vertex 15.852 0.989933 6
      vertex 15.9401 0.803635 2.5
      vertex 15.9401 0.803635 6
    endloop
  endfacet
  facet normal 0.941433 0.3372 0
    outer loop
      vertex 12.0599 -0.803635 6
      vertex 11.9904 -0.609597 2.5
      vertex 11.9904 -0.609597 6
    endloop
  endfacet
  facet normal 0.941433 0.3372 0
    outer loop
      vertex 11.9904 -0.609597 2.5
      vertex 12.0599 -0.803635 6
      vertex 12.0599 -0.803635 2.5
    endloop
  endfacet
  facet normal -0.427582 0.903977 0
    outer loop
      vertex 14.9899 -1.85203 2.5
      vertex 14.8036 -1.94015 6
      vertex 14.9899 -1.85203 6
    endloop
  endfacet
  facet normal -0.427582 0.903977 0
    outer loop
      vertex 14.8036 -1.94015 6
      vertex 14.9899 -1.85203 2.5
      vertex 14.8036 -1.94015 2.5
    endloop
  endfacet
  facet normal -0.427582 -0.903977 0
    outer loop
      vertex 14.8036 1.94015 2.5
      vertex 14.9899 1.85203 6
      vertex 14.8036 1.94015 6
    endloop
  endfacet
  facet normal -0.427582 -0.903977 -0
    outer loop
      vertex 14.9899 1.85203 6
      vertex 14.8036 1.94015 2.5
      vertex 14.9899 1.85203 2.5
    endloop
  endfacet
  facet normal 0.427582 -0.903977 0
    outer loop
      vertex 13.0101 1.85203 2.5
      vertex 13.1964 1.94015 6
      vertex 13.0101 1.85203 6
    endloop
  endfacet
  facet normal 0.427582 -0.903977 0
    outer loop
      vertex 13.1964 1.94015 6
      vertex 13.0101 1.85203 2.5
      vertex 13.1964 1.94015 2.5
    endloop
  endfacet
  facet normal -0.595783 0.803145 0
    outer loop
      vertex 15.3322 -1.62332 2.5
      vertex 15.1667 -1.74609 6
      vertex 15.3322 -1.62332 6
    endloop
  endfacet
  facet normal -0.595783 0.803145 0
    outer loop
      vertex 15.1667 -1.74609 6
      vertex 15.3322 -1.62332 2.5
      vertex 15.1667 -1.74609 2.5
    endloop
  endfacet
  facet normal -0.740927 0.671585 0
    outer loop
      vertex 15.4849 -1.48492 2.5
      vertex 15.6233 -1.33223 6
      vertex 15.6233 -1.33223 2.5
    endloop
  endfacet
  facet normal -0.740927 0.671585 0
    outer loop
      vertex 15.6233 -1.33223 6
      vertex 15.4849 -1.48492 2.5
      vertex 15.4849 -1.48492 6
    endloop
  endfacet
  facet normal 0.904013 0.427506 0
    outer loop
      vertex 12.148 -0.989933 6
      vertex 12.0599 -0.803635 2.5
      vertex 12.0599 -0.803635 6
    endloop
  endfacet
  facet normal 0.904013 0.427506 0
    outer loop
      vertex 12.0599 -0.803635 2.5
      vertex 12.148 -0.989933 6
      vertex 12.148 -0.989933 2.5
    endloop
  endfacet
  facet normal -0.146703 0.989181 0
    outer loop
      vertex 14.4097 -2.05965 2.5
      vertex 14.2058 -2.08989 6
      vertex 14.4097 -2.05965 6
    endloop
  endfacet
  facet normal -0.146703 0.989181 0
    outer loop
      vertex 14.2058 -2.08989 6
      vertex 14.4097 -2.05965 2.5
      vertex 14.2058 -2.08989 2.5
    endloop
  endfacet
  facet normal -0.243015 -0.970022 0
    outer loop
      vertex 14.4097 2.05965 2.5
      vertex 14.6096 2.00957 6
      vertex 14.4097 2.05965 6
    endloop
  endfacet
  facet normal -0.243015 -0.970022 -0
    outer loop
      vertex 14.6096 2.00957 6
      vertex 14.4097 2.05965 2.5
      vertex 14.6096 2.00957 2.5
    endloop
  endfacet
  facet normal -0.857836 0.513924 0
    outer loop
      vertex 15.7461 -1.1667 2.5
      vertex 15.852 -0.989933 6
      vertex 15.852 -0.989933 2.5
    endloop
  endfacet
  facet normal -0.857836 0.513924 0
    outer loop
      vertex 15.852 -0.989933 6
      vertex 15.7461 -1.1667 2.5
      vertex 15.7461 -1.1667 6
    endloop
  endfacet
  facet normal -0.671561 -0.740949 0
    outer loop
      vertex 15.3322 1.62332 2.5
      vertex 15.4849 1.48492 6
      vertex 15.3322 1.62332 6
    endloop
  endfacet
  facet normal -0.671561 -0.740949 -0
    outer loop
      vertex 15.4849 1.48492 6
      vertex 15.3322 1.62332 2.5
      vertex 15.4849 1.48492 2.5
    endloop
  endfacet
  facet normal 0.989133 -0.147021 0
    outer loop
      vertex 11.9101 0.205835 6
      vertex 11.9404 0.409689 2.5
      vertex 11.9404 0.409689 6
    endloop
  endfacet
  facet normal 0.989133 -0.147021 0
    outer loop
      vertex 11.9404 0.409689 2.5
      vertex 11.9101 0.205835 6
      vertex 11.9101 0.205835 2.5
    endloop
  endfacet
  facet normal -0.595783 -0.803145 0
    outer loop
      vertex 15.1667 1.74609 2.5
      vertex 15.3322 1.62332 6
      vertex 15.1667 1.74609 6
    endloop
  endfacet
  facet normal -0.595783 -0.803145 -0
    outer loop
      vertex 15.3322 1.62332 6
      vertex 15.1667 1.74609 2.5
      vertex 15.3322 1.62332 2.5
    endloop
  endfacet
  facet normal -0.513996 -0.857792 0
    outer loop
      vertex 14.9899 1.85203 2.5
      vertex 15.1667 1.74609 6
      vertex 14.9899 1.85203 6
    endloop
  endfacet
  facet normal -0.513996 -0.857792 -0
    outer loop
      vertex 15.1667 1.74609 6
      vertex 14.9899 1.85203 2.5
      vertex 15.1667 1.74609 2.5
    endloop
  endfacet
  facet normal -0.803127 0.595808 0
    outer loop
      vertex 15.6233 -1.33223 2.5
      vertex 15.7461 -1.1667 6
      vertex 15.7461 -1.1667 2.5
    endloop
  endfacet
  facet normal -0.803127 0.595808 0
    outer loop
      vertex 15.7461 -1.1667 6
      vertex 15.6233 -1.33223 2.5
      vertex 15.6233 -1.33223 6
    endloop
  endfacet
  facet normal -0.336914 -0.941535 0
    outer loop
      vertex 14.6096 2.00957 2.5
      vertex 14.8036 1.94015 6
      vertex 14.6096 2.00957 6
    endloop
  endfacet
  facet normal -0.336914 -0.941535 -0
    outer loop
      vertex 14.8036 1.94015 6
      vertex 14.6096 2.00957 2.5
      vertex 14.8036 1.94015 2.5
    endloop
  endfacet
  facet normal 0.857836 0.513924 0
    outer loop
      vertex 12.2539 -1.1667 6
      vertex 12.148 -0.989933 2.5
      vertex 12.148 -0.989933 6
    endloop
  endfacet
  facet normal 0.857836 0.513924 0
    outer loop
      vertex 12.148 -0.989933 2.5
      vertex 12.2539 -1.1667 6
      vertex 12.2539 -1.1667 2.5
    endloop
  endfacet
  facet normal -0.243015 0.970022 0
    outer loop
      vertex 14.6096 -2.00957 2.5
      vertex 14.4097 -2.05965 6
      vertex 14.6096 -2.00957 6
    endloop
  endfacet
  facet normal -0.243015 0.970022 0
    outer loop
      vertex 14.4097 -2.05965 6
      vertex 14.6096 -2.00957 2.5
      vertex 14.4097 -2.05965 2.5
    endloop
  endfacet
  facet normal -0.740927 -0.671585 0
    outer loop
      vertex 15.6233 1.33223 2.5
      vertex 15.4849 1.48492 6
      vertex 15.4849 1.48492 2.5
    endloop
  endfacet
  facet normal -0.740927 -0.671585 0
    outer loop
      vertex 15.4849 1.48492 6
      vertex 15.6233 1.33223 2.5
      vertex 15.6233 1.33223 6
    endloop
  endfacet
  facet normal -0.857836 -0.513924 0
    outer loop
      vertex 15.852 0.989933 2.5
      vertex 15.7461 1.1667 6
      vertex 15.7461 1.1667 2.5
    endloop
  endfacet
  facet normal -0.857836 -0.513924 0
    outer loop
      vertex 15.7461 1.1667 6
      vertex 15.852 0.989933 2.5
      vertex 15.852 0.989933 6
    endloop
  endfacet
  facet normal 0.513996 -0.857792 0
    outer loop
      vertex 12.8333 1.74609 2.5
      vertex 13.0101 1.85203 6
      vertex 12.8333 1.74609 6
    endloop
  endfacet
  facet normal 0.513996 -0.857792 0
    outer loop
      vertex 13.0101 1.85203 6
      vertex 12.8333 1.74609 2.5
      vertex 13.0101 1.85203 2.5
    endloop
  endfacet
  facet normal 0.243015 -0.970022 0
    outer loop
      vertex 13.3904 2.00957 2.5
      vertex 13.5903 2.05965 6
      vertex 13.3904 2.00957 6
    endloop
  endfacet
  facet normal 0.243015 -0.970022 0
    outer loop
      vertex 13.5903 2.05965 6
      vertex 13.3904 2.00957 2.5
      vertex 13.5903 2.05965 2.5
    endloop
  endfacet
  facet normal 0 0 1
    outer loop
      vertex 15.7 0 2.5
      vertex 16.1 0 2.5
      vertex 16.0899 0.205835 2.5
    endloop
  endfacet
  facet normal 0 0 1
    outer loop
      vertex 15.6918 0.166629 2.5
      vertex 16.0899 0.205835 2.5
      vertex 16.0596 0.409689 2.5
    endloop
  endfacet
  facet normal 0 0 1
    outer loop
      vertex 16.1 0 2.5
      vertex 15.7 0 2.5
      vertex 16.0899 -0.205835 2.5
    endloop
  endfacet
  facet normal 0 0 1
    outer loop
      vertex 15.6673 0.331653 2.5
      vertex 16.0596 0.409689 2.5
      vertex 16.0096 0.609597 2.5
    endloop
  endfacet
  facet normal -0 0 1
    outer loop
      vertex 15.6918 -0.166629 2.5
      vertex 16.0899 -0.205835 2.5
      vertex 15.7 0 2.5
    endloop
  endfacet
  facet normal 0 0 1
    outer loop
      vertex 15.6268 0.493484 2.5
      vertex 16.0096 0.609597 2.5
      vertex 15.9401 0.803635 2.5
    endloop
  endfacet
  facet normal 0 0 1
    outer loop
      vertex 16.0899 -0.205835 2.5
      vertex 15.6918 -0.166629 2.5
      vertex 16.0596 -0.409689 2.5
    endloop
  endfacet
  facet normal 0 0 1
    outer loop
      vertex 15.5706 0.650561 2.5
      vertex 15.9401 0.803635 2.5
      vertex 15.852 0.989933 2.5
    endloop
  endfacet
  facet normal -0 0 1
    outer loop
      vertex 15.6673 -0.331653 2.5
      vertex 16.0596 -0.409689 2.5
      vertex 15.6918 -0.166629 2.5
    endloop
  endfacet
  facet normal 0 0 1
    outer loop
      vertex 15.4993 0.801374 2.5
      vertex 15.852 0.989933 2.5
      vertex 15.7461 1.1667 2.5
    endloop
  endfacet
  facet normal 0 0 1
    outer loop
      vertex 16.0596 -0.409689 2.5
      vertex 15.6673 -0.331653 2.5
      vertex 16.0096 -0.609597 2.5
    endloop
  endfacet
  facet normal -0 0 1
    outer loop
      vertex 15.6268 -0.493484 2.5
      vertex 16.0096 -0.609597 2.5
      vertex 15.6673 -0.331653 2.5
    endloop
  endfacet
  facet normal 0 0 1
    outer loop
      vertex 16.0899 0.205835 2.5
      vertex 15.6918 0.166629 2.5
      vertex 15.7 0 2.5
    endloop
  endfacet
  facet normal 0 0 1
    outer loop
      vertex 16.0596 0.409689 2.5
      vertex 15.6673 0.331653 2.5
      vertex 15.6918 0.166629 2.5
    endloop
  endfacet
  facet normal 0 0 1
    outer loop
      vertex 16.0096 0.609597 2.5
      vertex 15.6268 0.493484 2.5
      vertex 15.6673 0.331653 2.5
    endloop
  endfacet
  facet normal 0 0 1
    outer loop
      vertex 15.4135 0.944468 2.5
      vertex 15.7461 1.1667 2.5
      vertex 15.6233 1.33223 2.5
    endloop
  endfacet
  facet normal 0 0 1
    outer loop
      vertex 15.9401 0.803635 2.5
      vertex 15.5706 0.650561 2.5
      vertex 15.6268 0.493484 2.5
    endloop
  endfacet
  facet normal 0 0 1
    outer loop
      vertex 15.852 0.989933 2.5
      vertex 15.4993 0.801374 2.5
      vertex 15.5706 0.650561 2.5
    endloop
  endfacet
  facet normal 0 0 1
    outer loop
      vertex 15.3141 1.07847 2.5
      vertex 15.6233 1.33223 2.5
      vertex 15.4849 1.48492 2.5
    endloop
  endfacet
  facet normal 0 0 1
    outer loop
      vertex 15.7461 1.1667 2.5
      vertex 15.4135 0.944468 2.5
      vertex 15.4993 0.801374 2.5
    endloop
  endfacet
  facet normal 0 0 1
    outer loop
      vertex 15.2021 1.20208 2.5
      vertex 15.4849 1.48492 2.5
      vertex 15.3322 1.62332 2.5
    endloop
  endfacet
  facet normal 0 0 1
    outer loop
      vertex 15.6233 1.33223 2.5
      vertex 15.3141 1.07847 2.5
      vertex 15.4135 0.944468 2.5
    endloop
  endfacet
  facet normal 0 0 1
    outer loop
      vertex 15.4849 1.48492 2.5
      vertex 15.2021 1.20208 2.5
      vertex 15.3141 1.07847 2.5
    endloop
  endfacet
  facet normal 0 0 1
    outer loop
      vertex 15.0785 1.31412 2.5
      vertex 15.3322 1.62332 2.5
      vertex 15.1667 1.74609 2.5
    endloop
  endfacet
  facet normal 0 0 1
    outer loop
      vertex 15.3322 1.62332 2.5
      vertex 15.0785 1.31412 2.5
      vertex 15.2021 1.20208 2.5
    endloop
  endfacet
  facet normal 0 0 1
    outer loop
      vertex 14.9445 1.4135 2.5
      vertex 15.1667 1.74609 2.5
      vertex 14.9899 1.85203 2.5
    endloop
  endfacet
  facet normal 0 0 1
    outer loop
      vertex 15.1667 1.74609 2.5
      vertex 14.9445 1.4135 2.5
      vertex 15.0785 1.31412 2.5
    endloop
  endfacet
  facet normal 0 0 1
    outer loop
      vertex 14.8014 1.49927 2.5
      vertex 14.9899 1.85203 2.5
      vertex 14.8036 1.94015 2.5
    endloop
  endfacet
  facet normal 0 0 1
    outer loop
      vertex 14.9899 1.85203 2.5
      vertex 14.8014 1.49927 2.5
      vertex 14.9445 1.4135 2.5
    endloop
  endfacet
  facet normal 0 0 1
    outer loop
      vertex 14.8036 1.94015 2.5
      vertex 14.6506 1.57059 2.5
      vertex 14.8014 1.49927 2.5
    endloop
  endfacet
  facet normal 0 0 1
    outer loop
      vertex 14.6096 2.00957 2.5
      vertex 14.6506 1.57059 2.5
      vertex 14.8036 1.94015 2.5
    endloop
  endfacet
  facet normal 0 0 1
    outer loop
      vertex 14.6096 2.00957 2.5
      vertex 14.4935 1.6268 2.5
      vertex 14.6506 1.57059 2.5
    endloop
  endfacet
  facet normal 0 0 1
    outer loop
      vertex 14.4097 2.05965 2.5
      vertex 14.4935 1.6268 2.5
      vertex 14.6096 2.00957 2.5
    endloop
  endfacet
  facet normal 0 0 1
    outer loop
      vertex 14.4097 2.05965 2.5
      vertex 14.3317 1.66733 2.5
      vertex 14.4935 1.6268 2.5
    endloop
  endfacet
  facet normal 0 0 1
    outer loop
      vertex 14.2058 2.08989 2.5
      vertex 14.3317 1.66733 2.5
      vertex 14.4097 2.05965 2.5
    endloop
  endfacet
  facet normal 0 0 1
    outer loop
      vertex 14.2058 2.08989 2.5
      vertex 14.1666 1.69181 2.5
      vertex 14.3317 1.66733 2.5
    endloop
  endfacet
  facet normal 0 0 1
    outer loop
      vertex 14 2.1 2.5
      vertex 14.1666 1.69181 2.5
      vertex 14.2058 2.08989 2.5
    endloop
  endfacet
  facet normal 0 0 1
    outer loop
      vertex 14 2.1 2.5
      vertex 14 1.7 2.5
      vertex 14.1666 1.69181 2.5
    endloop
  endfacet
  facet normal 0 0 1
    outer loop
      vertex 14 2.1 2.5
      vertex 13.8334 1.69181 2.5
      vertex 14 1.7 2.5
    endloop
  endfacet
  facet normal -0 0 1
    outer loop
      vertex 13.7942 2.08989 2.5
      vertex 13.8334 1.69181 2.5
      vertex 14 2.1 2.5
    endloop
  endfacet
  facet normal 0 0 1
    outer loop
      vertex 13.7942 2.08989 2.5
      vertex 13.6683 1.66733 2.5
      vertex 13.8334 1.69181 2.5
    endloop
  endfacet
  facet normal -0 0 1
    outer loop
      vertex 13.5903 2.05965 2.5
      vertex 13.6683 1.66733 2.5
      vertex 13.7942 2.08989 2.5
    endloop
  endfacet
  facet normal 0 0 1
    outer loop
      vertex 13.5903 2.05965 2.5
      vertex 13.5065 1.6268 2.5
      vertex 13.6683 1.66733 2.5
    endloop
  endfacet
  facet normal -0 0 1
    outer loop
      vertex 13.3904 2.00957 2.5
      vertex 13.5065 1.6268 2.5
      vertex 13.5903 2.05965 2.5
    endloop
  endfacet
  facet normal 0 0 1
    outer loop
      vertex 13.3904 2.00957 2.5
      vertex 13.3494 1.57059 2.5
      vertex 13.5065 1.6268 2.5
    endloop
  endfacet
  facet normal -0 0 1
    outer loop
      vertex 13.1964 1.94015 2.5
      vertex 13.3494 1.57059 2.5
      vertex 13.3904 2.00957 2.5
    endloop
  endfacet
  facet normal 0 0 1
    outer loop
      vertex 13.3494 1.57059 2.5
      vertex 13.1964 1.94015 2.5
      vertex 13.1986 1.49927 2.5
    endloop
  endfacet
  facet normal -0 0 1
    outer loop
      vertex 13.0101 1.85203 2.5
      vertex 13.1986 1.49927 2.5
      vertex 13.1964 1.94015 2.5
    endloop
  endfacet
  facet normal 0 0 1
    outer loop
      vertex 13.1986 1.49927 2.5
      vertex 13.0101 1.85203 2.5
      vertex 13.0555 1.4135 2.5
    endloop
  endfacet
  facet normal -0 0 1
    outer loop
      vertex 12.8333 1.74609 2.5
      vertex 13.0555 1.4135 2.5
      vertex 13.0101 1.85203 2.5
    endloop
  endfacet
  facet normal 0 0 1
    outer loop
      vertex 13.0555 1.4135 2.5
      vertex 12.8333 1.74609 2.5
      vertex 12.9215 1.31412 2.5
    endloop
  endfacet
  facet normal -0 0 1
    outer loop
      vertex 12.6678 1.62332 2.5
      vertex 12.9215 1.31412 2.5
      vertex 12.8333 1.74609 2.5
    endloop
  endfacet
  facet normal 0 0 1
    outer loop
      vertex 12.9215 1.31412 2.5
      vertex 12.6678 1.62332 2.5
      vertex 12.7979 1.20208 2.5
    endloop
  endfacet
  facet normal -0 0 1
    outer loop
      vertex 12.5151 1.48492 2.5
      vertex 12.7979 1.20208 2.5
      vertex 12.6678 1.62332 2.5
    endloop
  endfacet
  facet normal 0 0 1
    outer loop
      vertex 12.7979 1.20208 2.5
      vertex 12.5151 1.48492 2.5
      vertex 12.6859 1.07847 2.5
    endloop
  endfacet
  facet normal -0 0 1
    outer loop
      vertex 12.3767 1.33223 2.5
      vertex 12.6859 1.07847 2.5
      vertex 12.5151 1.48492 2.5
    endloop
  endfacet
  facet normal 0 0 1
    outer loop
      vertex 12.6859 1.07847 2.5
      vertex 12.3767 1.33223 2.5
      vertex 12.5865 0.944468 2.5
    endloop
  endfacet
  facet normal -0 0 1
    outer loop
      vertex 12.2539 1.1667 2.5
      vertex 12.5865 0.944468 2.5
      vertex 12.3767 1.33223 2.5
    endloop
  endfacet
  facet normal 0 0 1
    outer loop
      vertex 12.5865 0.944468 2.5
      vertex 12.2539 1.1667 2.5
      vertex 12.5007 0.801374 2.5
    endloop
  endfacet
  facet normal -0 0 1
    outer loop
      vertex 12.148 0.989933 2.5
      vertex 12.5007 0.801374 2.5
      vertex 12.2539 1.1667 2.5
    endloop
  endfacet
  facet normal 0 0 1
    outer loop
      vertex 12.5007 0.801374 2.5
      vertex 12.148 0.989933 2.5
      vertex 12.4294 0.650561 2.5
    endloop
  endfacet
  facet normal -0 0 1
    outer loop
      vertex 12.0599 0.803635 2.5
      vertex 12.4294 0.650561 2.5
      vertex 12.148 0.989933 2.5
    endloop
  endfacet
  facet normal -0 0 1
    outer loop
      vertex 11.9904 0.609597 2.5
      vertex 12.3732 0.493484 2.5
      vertex 12.0599 0.803635 2.5
    endloop
  endfacet
  facet normal 0 0 1
    outer loop
      vertex 12.4294 0.650561 2.5
      vertex 12.0599 0.803635 2.5
      vertex 12.3732 0.493484 2.5
    endloop
  endfacet
  facet normal 0 0 1
    outer loop
      vertex 16.0096 -0.609597 2.5
      vertex 15.6268 -0.493484 2.5
      vertex 15.9401 -0.803635 2.5
    endloop
  endfacet
  facet normal -0 0 1
    outer loop
      vertex 15.5706 -0.650561 2.5
      vertex 15.9401 -0.803635 2.5
      vertex 15.6268 -0.493484 2.5
    endloop
  endfacet
  facet normal 0 0 1
    outer loop
      vertex 15.9401 -0.803635 2.5
      vertex 15.5706 -0.650561 2.5
      vertex 15.852 -0.989933 2.5
    endloop
  endfacet
  facet normal -0 0 1
    outer loop
      vertex 15.4993 -0.801374 2.5
      vertex 15.852 -0.989933 2.5
      vertex 15.5706 -0.650561 2.5
    endloop
  endfacet
  facet normal 0 0 1
    outer loop
      vertex 15.852 -0.989933 2.5
      vertex 15.4993 -0.801374 2.5
      vertex 15.7461 -1.1667 2.5
    endloop
  endfacet
  facet normal -0 0 1
    outer loop
      vertex 15.4135 -0.944468 2.5
      vertex 15.7461 -1.1667 2.5
      vertex 15.4993 -0.801374 2.5
    endloop
  endfacet
  facet normal 0 0 1
    outer loop
      vertex 15.7461 -1.1667 2.5
      vertex 15.4135 -0.944468 2.5
      vertex 15.6233 -1.33223 2.5
    endloop
  endfacet
  facet normal -0 0 1
    outer loop
      vertex 15.3141 -1.07847 2.5
      vertex 15.6233 -1.33223 2.5
      vertex 15.4135 -0.944468 2.5
    endloop
  endfacet
  facet normal 0 0 1
    outer loop
      vertex 15.6233 -1.33223 2.5
      vertex 15.3141 -1.07847 2.5
      vertex 15.4849 -1.48492 2.5
    endloop
  endfacet
  facet normal -0 0 1
    outer loop
      vertex 15.2021 -1.20208 2.5
      vertex 15.4849 -1.48492 2.5
      vertex 15.3141 -1.07847 2.5
    endloop
  endfacet
  facet normal 0 0 1
    outer loop
      vertex 15.4849 -1.48492 2.5
      vertex 15.2021 -1.20208 2.5
      vertex 15.3322 -1.62332 2.5
    endloop
  endfacet
  facet normal -0 0 1
    outer loop
      vertex 15.0785 -1.31412 2.5
      vertex 15.3322 -1.62332 2.5
      vertex 15.2021 -1.20208 2.5
    endloop
  endfacet
  facet normal 0 0 1
    outer loop
      vertex 15.3322 -1.62332 2.5
      vertex 15.0785 -1.31412 2.5
      vertex 15.1667 -1.74609 2.5
    endloop
  endfacet
  facet normal -0 0 1
    outer loop
      vertex 14.9445 -1.4135 2.5
      vertex 15.1667 -1.74609 2.5
      vertex 15.0785 -1.31412 2.5
    endloop
  endfacet
  facet normal 0 0 1
    outer loop
      vertex 15.1667 -1.74609 2.5
      vertex 14.9445 -1.4135 2.5
      vertex 14.9899 -1.85203 2.5
    endloop
  endfacet
  facet normal -0 0 1
    outer loop
      vertex 14.8014 -1.49927 2.5
      vertex 14.9899 -1.85203 2.5
      vertex 14.9445 -1.4135 2.5
    endloop
  endfacet
  facet normal 0 0 1
    outer loop
      vertex 14.9899 -1.85203 2.5
      vertex 14.8014 -1.49927 2.5
      vertex 14.8036 -1.94015 2.5
    endloop
  endfacet
  facet normal -0 0 1
    outer loop
      vertex 14.6506 -1.57059 2.5
      vertex 14.8036 -1.94015 2.5
      vertex 14.8014 -1.49927 2.5
    endloop
  endfacet
  facet normal 0 0 1
    outer loop
      vertex 14.6506 -1.57059 2.5
      vertex 14.6096 -2.00957 2.5
      vertex 14.8036 -1.94015 2.5
    endloop
  endfacet
  facet normal -0 0 1
    outer loop
      vertex 14.4935 -1.6268 2.5
      vertex 14.6096 -2.00957 2.5
      vertex 14.6506 -1.57059 2.5
    endloop
  endfacet
  facet normal 0 0 1
    outer loop
      vertex 14.4935 -1.6268 2.5
      vertex 14.4097 -2.05965 2.5
      vertex 14.6096 -2.00957 2.5
    endloop
  endfacet
  facet normal -0 0 1
    outer loop
      vertex 14.3317 -1.66733 2.5
      vertex 14.4097 -2.05965 2.5
      vertex 14.4935 -1.6268 2.5
    endloop
  endfacet
  facet normal 0 0 1
    outer loop
      vertex 14.3317 -1.66733 2.5
      vertex 14.2058 -2.08989 2.5
      vertex 14.4097 -2.05965 2.5
    endloop
  endfacet
  facet normal -0 0 1
    outer loop
      vertex 14.1666 -1.69181 2.5
      vertex 14.2058 -2.08989 2.5
      vertex 14.3317 -1.66733 2.5
    endloop
  endfacet
  facet normal -0 0 1
    outer loop
      vertex 14 -1.7 2.5
      vertex 14.2058 -2.08989 2.5
      vertex 14.1666 -1.69181 2.5
    endloop
  endfacet
  facet normal 0 0 1
    outer loop
      vertex 14 -1.7 2.5
      vertex 14 -2.1 2.5
      vertex 14.2058 -2.08989 2.5
    endloop
  endfacet
  facet normal 0 0 1
    outer loop
      vertex 13.8334 -1.69181 2.5
      vertex 14 -2.1 2.5
      vertex 14 -1.7 2.5
    endloop
  endfacet
  facet normal 0 0 1
    outer loop
      vertex 13.8334 -1.69181 2.5
      vertex 13.7942 -2.08989 2.5
      vertex 14 -2.1 2.5
    endloop
  endfacet
  facet normal 0 0 1
    outer loop
      vertex 13.6683 -1.66733 2.5
      vertex 13.7942 -2.08989 2.5
      vertex 13.8334 -1.69181 2.5
    endloop
  endfacet
  facet normal 0 0 1
    outer loop
      vertex 13.6683 -1.66733 2.5
      vertex 13.5903 -2.05965 2.5
      vertex 13.7942 -2.08989 2.5
    endloop
  endfacet
  facet normal 0 0 1
    outer loop
      vertex 13.5065 -1.6268 2.5
      vertex 13.5903 -2.05965 2.5
      vertex 13.6683 -1.66733 2.5
    endloop
  endfacet
  facet normal 0 0 1
    outer loop
      vertex 13.5065 -1.6268 2.5
      vertex 13.3904 -2.00957 2.5
      vertex 13.5903 -2.05965 2.5
    endloop
  endfacet
  facet normal 0 0 1
    outer loop
      vertex 13.3494 -1.57059 2.5
      vertex 13.3904 -2.00957 2.5
      vertex 13.5065 -1.6268 2.5
    endloop
  endfacet
  facet normal 0 0 1
    outer loop
      vertex 13.1964 -1.94015 2.5
      vertex 13.3494 -1.57059 2.5
      vertex 13.1986 -1.49927 2.5
    endloop
  endfacet
  facet normal 0 0 1
    outer loop
      vertex 13.3494 -1.57059 2.5
      vertex 13.1964 -1.94015 2.5
      vertex 13.3904 -2.00957 2.5
    endloop
  endfacet
  facet normal 0 0 1
    outer loop
      vertex 13.0101 -1.85203 2.5
      vertex 13.1986 -1.49927 2.5
      vertex 13.0555 -1.4135 2.5
    endloop
  endfacet
  facet normal 0 0 1
    outer loop
      vertex 13.1986 -1.49927 2.5
      vertex 13.0101 -1.85203 2.5
      vertex 13.1964 -1.94015 2.5
    endloop
  endfacet
  facet normal 0 0 1
    outer loop
      vertex 12.8333 -1.74609 2.5
      vertex 13.0555 -1.4135 2.5
      vertex 12.9215 -1.31412 2.5
    endloop
  endfacet
  facet normal 0 0 1
    outer loop
      vertex 13.0555 -1.4135 2.5
      vertex 12.8333 -1.74609 2.5
      vertex 13.0101 -1.85203 2.5
    endloop
  endfacet
  facet normal 0 0 1
    outer loop
      vertex 12.6678 -1.62332 2.5
      vertex 12.9215 -1.31412 2.5
      vertex 12.7979 -1.20208 2.5
    endloop
  endfacet
  facet normal 0 0 1
    outer loop
      vertex 12.5151 -1.48492 2.5
      vertex 12.7979 -1.20208 2.5
      vertex 12.6859 -1.07847 2.5
    endloop
  endfacet
  facet normal 0 0 1
    outer loop
      vertex 12.9215 -1.31412 2.5
      vertex 12.6678 -1.62332 2.5
      vertex 12.8333 -1.74609 2.5
    endloop
  endfacet
  facet normal 0 0 1
    outer loop
      vertex 12.3767 -1.33223 2.5
      vertex 12.6859 -1.07847 2.5
      vertex 12.5865 -0.944468 2.5
    endloop
  endfacet
  facet normal 0 0 1
    outer loop
      vertex 12.7979 -1.20208 2.5
      vertex 12.5151 -1.48492 2.5
      vertex 12.6678 -1.62332 2.5
    endloop
  endfacet
  facet normal 0 0 1
    outer loop
      vertex 12.2539 -1.1667 2.5
      vertex 12.5865 -0.944468 2.5
      vertex 12.5007 -0.801374 2.5
    endloop
  endfacet
  facet normal 0 0 1
    outer loop
      vertex 12.148 -0.989933 2.5
      vertex 12.5007 -0.801374 2.5
      vertex 12.4294 -0.650561 2.5
    endloop
  endfacet
  facet normal 0 0 1
    outer loop
      vertex 12.6859 -1.07847 2.5
      vertex 12.3767 -1.33223 2.5
      vertex 12.5151 -1.48492 2.5
    endloop
  endfacet
  facet normal 0 0 1
    outer loop
      vertex 12.0599 -0.803635 2.5
      vertex 12.4294 -0.650561 2.5
      vertex 12.3732 -0.493484 2.5
    endloop
  endfacet
  facet normal 0 0 1
    outer loop
      vertex 11.9904 -0.609597 2.5
      vertex 12.3732 -0.493484 2.5
      vertex 12.3327 -0.331653 2.5
    endloop
  endfacet
  facet normal 0 0 1
    outer loop
      vertex 11.9404 -0.409689 2.5
      vertex 12.3327 -0.331653 2.5
      vertex 12.3082 -0.166629 2.5
    endloop
  endfacet
  facet normal 0 0 1
    outer loop
      vertex 12.5865 -0.944468 2.5
      vertex 12.2539 -1.1667 2.5
      vertex 12.3767 -1.33223 2.5
    endloop
  endfacet
  facet normal 0 0 1
    outer loop
      vertex 11.9101 -0.205835 2.5
      vertex 12.3082 -0.166629 2.5
      vertex 12.3 0 2.5
    endloop
  endfacet
  facet normal 0 0 1
    outer loop
      vertex 12.3732 0.493484 2.5
      vertex 11.9904 0.609597 2.5
      vertex 12.3327 0.331653 2.5
    endloop
  endfacet
  facet normal -0 0 1
    outer loop
      vertex 11.9404 0.409689 2.5
      vertex 12.3327 0.331653 2.5
      vertex 11.9904 0.609597 2.5
    endloop
  endfacet
  facet normal 0 0 1
    outer loop
      vertex 12.5007 -0.801374 2.5
      vertex 12.148 -0.989933 2.5
      vertex 12.2539 -1.1667 2.5
    endloop
  endfacet
  facet normal 0 0 1
    outer loop
      vertex 12.3327 0.331653 2.5
      vertex 11.9404 0.409689 2.5
      vertex 12.3082 0.166629 2.5
    endloop
  endfacet
  facet normal 0 0 1
    outer loop
      vertex 12.4294 -0.650561 2.5
      vertex 12.0599 -0.803635 2.5
      vertex 12.148 -0.989933 2.5
    endloop
  endfacet
  facet normal -0 0 1
    outer loop
      vertex 11.9101 0.205835 2.5
      vertex 12.3082 0.166629 2.5
      vertex 11.9404 0.409689 2.5
    endloop
  endfacet
  facet normal 0 0 1
    outer loop
      vertex 12.3732 -0.493484 2.5
      vertex 11.9904 -0.609597 2.5
      vertex 12.0599 -0.803635 2.5
    endloop
  endfacet
  facet normal 0 0 1
    outer loop
      vertex 12.3082 0.166629 2.5
      vertex 11.9101 0.205835 2.5
      vertex 12.3 0 2.5
    endloop
  endfacet
  facet normal 0 0 1
    outer loop
      vertex 12.3327 -0.331653 2.5
      vertex 11.9404 -0.409689 2.5
      vertex 11.9904 -0.609597 2.5
    endloop
  endfacet
  facet normal 0 0 1
    outer loop
      vertex 11.9 0 2.5
      vertex 12.3 0 2.5
      vertex 11.9101 0.205835 2.5
    endloop
  endfacet
  facet normal 0 0 1
    outer loop
      vertex 12.3082 -0.166629 2.5
      vertex 11.9101 -0.205835 2.5
      vertex 11.9404 -0.409689 2.5
    endloop
  endfacet
  facet normal 0 0 1
    outer loop
      vertex 12.3 0 2.5
      vertex 11.9 0 2.5
      vertex 11.9101 -0.205835 2.5
    endloop
  endfacet
  facet normal 0.146703 -0.989181 0
    outer loop
      vertex 13.5903 2.05965 2.5
      vertex 13.7942 2.08989 6
      vertex 13.5903 2.05965 6
    endloop
  endfacet
  facet normal 0.146703 -0.989181 0
    outer loop
      vertex 13.7942 2.08989 6
      vertex 13.5903 2.05965 2.5
      vertex 13.7942 2.08989 2.5
    endloop
  endfacet
  facet normal 0.998798 -0.0490095 0
    outer loop
      vertex 11.9 0 6
      vertex 11.9101 0.205835 2.5
      vertex 11.9101 0.205835 6
    endloop
  endfacet
  facet normal 0.998798 -0.0490095 0
    outer loop
      vertex 11.9101 0.205835 2.5
      vertex 11.9 0 6
      vertex 11.9 0 2.5
    endloop
  endfacet
  facet normal 0.803127 -0.595808 0
    outer loop
      vertex 12.2539 1.1667 6
      vertex 12.3767 1.33223 2.5
      vertex 12.3767 1.33223 6
    endloop
  endfacet
  facet normal 0.803127 -0.595808 0
    outer loop
      vertex 12.3767 1.33223 2.5
      vertex 12.2539 1.1667 6
      vertex 12.2539 1.1667 2.5
    endloop
  endfacet
  facet normal 0.970116 0.242641 0
    outer loop
      vertex 11.9904 -0.609597 6
      vertex 11.9404 -0.409689 2.5
      vertex 11.9404 -0.409689 6
    endloop
  endfacet
  facet normal 0.970116 0.242641 0
    outer loop
      vertex 11.9404 -0.409689 2.5
      vertex 11.9904 -0.609597 6
      vertex 11.9904 -0.609597 2.5
    endloop
  endfacet
  facet normal -0.904013 0.427506 0
    outer loop
      vertex 15.852 -0.989933 2.5
      vertex 15.9401 -0.803635 6
      vertex 15.9401 -0.803635 2.5
    endloop
  endfacet
  facet normal -0.904013 0.427506 0
    outer loop
      vertex 15.9401 -0.803635 6
      vertex 15.852 -0.989933 2.5
      vertex 15.852 -0.989933 6
    endloop
  endfacet
  facet normal -0.513996 0.857792 0
    outer loop
      vertex 15.1667 -1.74609 2.5
      vertex 14.9899 -1.85203 6
      vertex 15.1667 -1.74609 6
    endloop
  endfacet
  facet normal -0.513996 0.857792 0
    outer loop
      vertex 14.9899 -1.85203 6
      vertex 15.1667 -1.74609 2.5
      vertex 14.9899 -1.85203 2.5
    endloop
  endfacet
  facet normal 0.941433 -0.3372 0
    outer loop
      vertex 11.9904 0.609597 6
      vertex 12.0599 0.803635 2.5
      vertex 12.0599 0.803635 6
    endloop
  endfacet
  facet normal 0.941433 -0.3372 0
    outer loop
      vertex 12.0599 0.803635 2.5
      vertex 11.9904 0.609597 6
      vertex 11.9904 0.609597 2.5
    endloop
  endfacet
  facet normal 0.0490907 0.998794 -0
    outer loop
      vertex 14 -2.1 2.5
      vertex 13.8 -2.09017 6
      vertex 14 -2.1 6
    endloop
  endfacet
  facet normal 0.0490662 0.998796 -1.40605e-06
    outer loop
      vertex 13.7942 -2.08989 2.5
      vertex 13.8 -2.09017 6
      vertex 14 -2.1 2.5
    endloop
  endfacet
  facet normal 0.0482197 0.998837 0
    outer loop
      vertex 13.8 -2.09017 6
      vertex 13.7942 -2.08989 2.5
      vertex 13.7942 -2.08989 6
    endloop
  endfacet
  facet normal 0.146703 0.989181 -0
    outer loop
      vertex 13.7942 -2.08989 2.5
      vertex 13.5903 -2.05965 6
      vertex 13.7942 -2.08989 6
    endloop
  endfacet
  facet normal 0.146703 0.989181 0
    outer loop
      vertex 13.5903 -2.05965 6
      vertex 13.7942 -2.08989 2.5
      vertex 13.5903 -2.05965 2.5
    endloop
  endfacet
  facet normal 0.595783 -0.803145 0
    outer loop
      vertex 12.6678 1.62332 2.5
      vertex 12.8333 1.74609 6
      vertex 12.6678 1.62332 6
    endloop
  endfacet
  facet normal 0.595783 -0.803145 0
    outer loop
      vertex 12.8333 1.74609 6
      vertex 12.6678 1.62332 2.5
      vertex 12.8333 1.74609 2.5
    endloop
  endfacet
  facet normal -0.671561 0.740949 0
    outer loop
      vertex 15.4849 -1.48492 2.5
      vertex 15.3322 -1.62332 6
      vertex 15.4849 -1.48492 6
    endloop
  endfacet
  facet normal -0.671561 0.740949 0
    outer loop
      vertex 15.3322 -1.62332 6
      vertex 15.4849 -1.48492 2.5
      vertex 15.3322 -1.62332 2.5
    endloop
  endfacet
  facet normal 0.336914 0.941535 -0
    outer loop
      vertex 13.3904 -2.00957 2.5
      vertex 13.1964 -1.94015 6
      vertex 13.3904 -2.00957 6
    endloop
  endfacet
  facet normal 0.336914 0.941535 0
    outer loop
      vertex 13.1964 -1.94015 6
      vertex 13.3904 -2.00957 2.5
      vertex 13.1964 -1.94015 2.5
    endloop
  endfacet
  facet normal -0.146703 -0.989181 0
    outer loop
      vertex 14.2058 2.08989 2.5
      vertex 14.4097 2.05965 6
      vertex 14.2058 2.08989 6
    endloop
  endfacet
  facet normal -0.146703 -0.989181 -0
    outer loop
      vertex 14.4097 2.05965 6
      vertex 14.2058 2.08989 2.5
      vertex 14.4097 2.05965 2.5
    endloop
  endfacet
  facet normal 0.671561 0.740949 -0
    outer loop
      vertex 12.6678 -1.62332 2.5
      vertex 12.5151 -1.48492 6
      vertex 12.6678 -1.62332 6
    endloop
  endfacet
  facet normal 0.671561 0.740949 0
    outer loop
      vertex 12.5151 -1.48492 6
      vertex 12.6678 -1.62332 2.5
      vertex 12.5151 -1.48492 2.5
    endloop
  endfacet
  facet normal 0.857836 -0.513924 0
    outer loop
      vertex 12.148 0.989933 6
      vertex 12.2539 1.1667 2.5
      vertex 12.2539 1.1667 6
    endloop
  endfacet
  facet normal 0.857836 -0.513924 0
    outer loop
      vertex 12.2539 1.1667 2.5
      vertex 12.148 0.989933 6
      vertex 12.148 0.989933 2.5
    endloop
  endfacet
  facet normal 0.998798 0.0490095 0
    outer loop
      vertex 11.9101 -0.205835 6
      vertex 11.9 0 2.5
      vertex 11.9 0 6
    endloop
  endfacet
  facet normal 0.998798 0.0490095 0
    outer loop
      vertex 11.9 0 2.5
      vertex 11.9101 -0.205835 6
      vertex 11.9101 -0.205835 2.5
    endloop
  endfacet
  facet normal 1 -0 0
    outer loop
      vertex 18 -14 6
      vertex 18 14 0
      vertex 18 14 6
    endloop
  endfacet
  facet normal 1 0 0
    outer loop
      vertex 18 14 0
      vertex 18 -14 6
      vertex 18 -14 0
    endloop
  endfacet
  facet normal 0 0 -1
    outer loop
      vertex -13.8 -1 6
      vertex -11.9 0 6
      vertex -11.9101 -0.205835 6
    endloop
  endfacet
  facet normal 0 0 -1
    outer loop
      vertex -13.8 -1 6
      vertex -11.9101 -0.205835 6
      vertex -11.9404 -0.409689 6
    endloop
  endfacet
  facet normal 0 0 -1
    outer loop
      vertex -13.8 1 6
      vertex -11.9 0 6
      vertex -13.8 -1 6
    endloop
  endfacet
  facet normal 0 0 -1
    outer loop
      vertex -13.8 -1 6
      vertex -11.9404 -0.409689 6
      vertex -11.9904 -0.609597 6
    endloop
  endfacet
  facet normal 0 0 -1
    outer loop
      vertex -11.9 0 6
      vertex -13.8 1 6
      vertex -11.9101 0.205835 6
    endloop
  endfacet
  facet normal 0 0 -1
    outer loop
      vertex -13.8 -1 6
      vertex -11.9904 -0.609597 6
      vertex -12.0599 -0.803635 6
    endloop
  endfacet
  facet normal 0 0 -1
    outer loop
      vertex -11.9101 0.205835 6
      vertex -13.8 1 6
      vertex -11.9404 0.409689 6
    endloop
  endfacet
  facet normal 0 0 -1
    outer loop
      vertex -13.8 -1 6
      vertex -12.0599 -0.803635 6
      vertex -12.148 -0.989933 6
    endloop
  endfacet
  facet normal 0 0 -1
    outer loop
      vertex -11.9404 0.409689 6
      vertex -13.8 1 6
      vertex -11.9904 0.609597 6
    endloop
  endfacet
  facet normal 0 0 -1
    outer loop
      vertex -13.8 -1 6
      vertex -12.148 -0.989933 6
      vertex -12.2539 -1.1667 6
    endloop
  endfacet
  facet normal 0 0 -1
    outer loop
      vertex -11.9904 0.609597 6
      vertex -13.8 1 6
      vertex -12.0599 0.803635 6
    endloop
  endfacet
  facet normal 0 0 -1
    outer loop
      vertex -13.8 -1 6
      vertex -12.2539 -1.1667 6
      vertex -12.3767 -1.33223 6
    endloop
  endfacet
  facet normal 0 0 -1
    outer loop
      vertex -12.0599 0.803635 6
      vertex -13.8 1 6
      vertex -12.148 0.989933 6
    endloop
  endfacet
  facet normal 0 0 -1
    outer loop
      vertex -13.8 -1 6
      vertex -12.3767 -1.33223 6
      vertex -12.5151 -1.48492 6
    endloop
  endfacet
  facet normal 0 0 -1
    outer loop
      vertex -12.148 0.989933 6
      vertex -13.8 1 6
      vertex -12.2539 1.1667 6
    endloop
  endfacet
  facet normal 0 0 -1
    outer loop
      vertex -13.8 -1 6
      vertex -12.5151 -1.48492 6
      vertex -12.6678 -1.62332 6
    endloop
  endfacet
  facet normal -0 0 -1
    outer loop
      vertex -12.2539 1.1667 6
      vertex -13.8 1 6
      vertex -12.3767 1.33223 6
    endloop
  endfacet
  facet normal 0 0 -1
    outer loop
      vertex -13.8 -1 6
      vertex -12.6678 -1.62332 6
      vertex -12.8333 -1.74609 6
    endloop
  endfacet
  facet normal -0 0 -1
    outer loop
      vertex -12.3767 1.33223 6
      vertex -13.8 1 6
      vertex -12.5151 1.48492 6
    endloop
  endfacet
  facet normal 0 0 -1
    outer loop
      vertex -13.8 -1 6
      vertex -12.8333 -1.74609 6
      vertex -13.0101 -1.85203 6
    endloop
  endfacet
  facet normal -0 0 -1
    outer loop
      vertex -12.5151 1.48492 6
      vertex -13.8 1 6
      vertex -12.6678 1.62332 6
    endloop
  endfacet
  facet normal 0 0 -1
    outer loop
      vertex -13.8 -1 6
      vertex -13.0101 -1.85203 6
      vertex -13.1964 -1.94015 6
    endloop
  endfacet
  facet normal -0 0 -1
    outer loop
      vertex -12.6678 1.62332 6
      vertex -13.8 1 6
      vertex -12.8333 1.74609 6
    endloop
  endfacet
  facet normal 0 0 -1
    outer loop
      vertex -13.8 -1 6
      vertex -13.1964 -1.94015 6
      vertex -13.3904 -2.00957 6
    endloop
  endfacet
  facet normal -0 0 -1
    outer loop
      vertex -12.8333 1.74609 6
      vertex -13.8 1 6
      vertex -13.0101 1.85203 6
    endloop
  endfacet
  facet normal 0 0 -1
    outer loop
      vertex -13.8 -1 6
      vertex -13.3904 -2.00957 6
      vertex -13.5903 -2.05965 6
    endloop
  endfacet
  facet normal -0 0 -1
    outer loop
      vertex -13.0101 1.85203 6
      vertex -13.8 1 6
      vertex -13.1964 1.94015 6
    endloop
  endfacet
  facet normal 0 0 -1
    outer loop
      vertex -13.8 -1 6
      vertex -13.5903 -2.05965 6
      vertex -13.7942 -2.08989 6
    endloop
  endfacet
  facet normal -0 0 -1
    outer loop
      vertex -13.1964 1.94015 6
      vertex -13.8 1 6
      vertex -13.3904 2.00957 6
    endloop
  endfacet
  facet normal -0 0 -1
    outer loop
      vertex -13.3904 2.00957 6
      vertex -13.8 1 6
      vertex -13.5903 2.05965 6
    endloop
  endfacet
  facet normal 0 0 -1
    outer loop
      vertex -13.8 -1 6
      vertex -13.7942 -2.08989 6
      vertex -13.8 -2.09017 6
    endloop
  endfacet
  facet normal -0 0 -1
    outer loop
      vertex -13.5903 2.05965 6
      vertex -13.8 1 6
      vertex -13.7942 2.08989 6
    endloop
  endfacet
  facet normal -0 0 -1
    outer loop
      vertex -13.7942 2.08989 6
      vertex -13.8 1 6
      vertex -13.8 2.09017 6
    endloop
  endfacet
  facet normal 0 0 -1
    outer loop
      vertex 13.7942 -2.08989 6
      vertex 13.8 -1 6
      vertex 13.8 -2.09017 6
    endloop
  endfacet
  facet normal 0 0 -1
    outer loop
      vertex 13.5903 -2.05965 6
      vertex 13.8 -1 6
      vertex 13.7942 -2.08989 6
    endloop
  endfacet
  facet normal 0 0 -1
    outer loop
      vertex 13.3904 -2.00957 6
      vertex 13.8 -1 6
      vertex 13.5903 -2.05965 6
    endloop
  endfacet
  facet normal 0 0 -1
    outer loop
      vertex 13.1964 -1.94015 6
      vertex 13.8 -1 6
      vertex 13.3904 -2.00957 6
    endloop
  endfacet
  facet normal 0 -0 -1
    outer loop
      vertex 13.7942 2.08989 6
      vertex 13.8 1 6
      vertex 13.5903 2.05965 6
    endloop
  endfacet
  facet normal 0 0 -1
    outer loop
      vertex 13.8 1 6
      vertex 13.7942 2.08989 6
      vertex 13.8 2.09017 6
    endloop
  endfacet
  facet normal 0 0 -1
    outer loop
      vertex 13.0101 -1.85203 6
      vertex 13.8 -1 6
      vertex 13.1964 -1.94015 6
    endloop
  endfacet
  facet normal 0 0 -1
    outer loop
      vertex 13.8 1 6
      vertex 13.3904 2.00957 6
      vertex 13.5903 2.05965 6
    endloop
  endfacet
  facet normal 0 0 -1
    outer loop
      vertex 12.8333 -1.74609 6
      vertex 13.8 -1 6
      vertex 13.0101 -1.85203 6
    endloop
  endfacet
  facet normal 0 0 -1
    outer loop
      vertex 13.8 1 6
      vertex 13.1964 1.94015 6
      vertex 13.3904 2.00957 6
    endloop
  endfacet
  facet normal 0 0 -1
    outer loop
      vertex 12.6678 -1.62332 6
      vertex 13.8 -1 6
      vertex 12.8333 -1.74609 6
    endloop
  endfacet
  facet normal 0 0 -1
    outer loop
      vertex 13.8 1 6
      vertex 13.0101 1.85203 6
      vertex 13.1964 1.94015 6
    endloop
  endfacet
  facet normal 0 0 -1
    outer loop
      vertex 12.5151 -1.48492 6
      vertex 13.8 -1 6
      vertex 12.6678 -1.62332 6
    endloop
  endfacet
  facet normal 0 0 -1
    outer loop
      vertex 13.8 1 6
      vertex 12.8333 1.74609 6
      vertex 13.0101 1.85203 6
    endloop
  endfacet
  facet normal 0 0 -1
    outer loop
      vertex 12.3767 -1.33223 6
      vertex 13.8 -1 6
      vertex 12.5151 -1.48492 6
    endloop
  endfacet
  facet normal 0 0 -1
    outer loop
      vertex 13.8 1 6
      vertex 12.6678 1.62332 6
      vertex 12.8333 1.74609 6
    endloop
  endfacet
  facet normal 0 0 -1
    outer loop
      vertex 12.2539 -1.1667 6
      vertex 13.8 -1 6
      vertex 12.3767 -1.33223 6
    endloop
  endfacet
  facet normal 0 0 -1
    outer loop
      vertex 13.8 1 6
      vertex 12.5151 1.48492 6
      vertex 12.6678 1.62332 6
    endloop
  endfacet
  facet normal 0 0 -1
    outer loop
      vertex 12.148 -0.989933 6
      vertex 13.8 -1 6
      vertex 12.2539 -1.1667 6
    endloop
  endfacet
  facet normal 0 0 -1
    outer loop
      vertex 13.8 1 6
      vertex 12.3767 1.33223 6
      vertex 12.5151 1.48492 6
    endloop
  endfacet
  facet normal 0 0 -1
    outer loop
      vertex 12.0599 -0.803635 6
      vertex 13.8 -1 6
      vertex 12.148 -0.989933 6
    endloop
  endfacet
  facet normal 0 0 -1
    outer loop
      vertex 13.8 1 6
      vertex 12.2539 1.1667 6
      vertex 12.3767 1.33223 6
    endloop
  endfacet
  facet normal 0 0 -1
    outer loop
      vertex 11.9904 -0.609597 6
      vertex 13.8 -1 6
      vertex 12.0599 -0.803635 6
    endloop
  endfacet
  facet normal -0 0 -1
    outer loop
      vertex 13.8 1 6
      vertex 12.148 0.989933 6
      vertex 12.2539 1.1667 6
    endloop
  endfacet
  facet normal 0 0 -1
    outer loop
      vertex 11.9404 -0.409689 6
      vertex 13.8 -1 6
      vertex 11.9904 -0.609597 6
    endloop
  endfacet
  facet normal 0 0 -1
    outer loop
      vertex 13.8 1 6
      vertex 12.0599 0.803635 6
      vertex 12.148 0.989933 6
    endloop
  endfacet
  facet normal 0 0 -1
    outer loop
      vertex 11.9101 -0.205835 6
      vertex 13.8 -1 6
      vertex 11.9404 -0.409689 6
    endloop
  endfacet
  facet normal 0 0 -1
    outer loop
      vertex 13.8 1 6
      vertex 11.9904 0.609597 6
      vertex 12.0599 0.803635 6
    endloop
  endfacet
  facet normal 0 0 -1
    outer loop
      vertex 11.9 0 6
      vertex 13.8 -1 6
      vertex 11.9101 -0.205835 6
    endloop
  endfacet
  facet normal 0 0 -1
    outer loop
      vertex 13.8 1 6
      vertex 11.9404 0.409689 6
      vertex 11.9904 0.609597 6
    endloop
  endfacet
  facet normal 0 0 -1
    outer loop
      vertex 13.8 -1 6
      vertex 11.9 0 6
      vertex 13.8 1 6
    endloop
  endfacet
  facet normal 0 0 -1
    outer loop
      vertex 13.8 1 6
      vertex 11.9101 0.205835 6
      vertex 11.9404 0.409689 6
    endloop
  endfacet
  facet normal 0 0 -1
    outer loop
      vertex 13.8 1 6
      vertex 11.9 0 6
      vertex 11.9101 0.205835 6
    endloop
  endfacet
  facet normal 0 0 1
    outer loop
      vertex 9.8 7.75 6
      vertex 8.5 6.45 6
      vertex 9.8 -7.75 6
    endloop
  endfacet
  facet normal 0 0 1
    outer loop
      vertex 9.8 7.75 6
      vertex 8.49614 6.52841 6
      vertex 8.5 6.45 6
    endloop
  endfacet
  facet normal 0 0 1
    outer loop
      vertex 9.8 7.75 6
      vertex 8.48462 6.60606 6
      vertex 8.49614 6.52841 6
    endloop
  endfacet
  facet normal 0 0 1
    outer loop
      vertex 9.8 7.75 6
      vertex 8.46555 6.68222 6
      vertex 8.48462 6.60606 6
    endloop
  endfacet
  facet normal 0 0 1
    outer loop
      vertex 9.8 7.75 6
      vertex 8.4391 6.75615 6
      vertex 8.46555 6.68222 6
    endloop
  endfacet
  facet normal 0 0 1
    outer loop
      vertex 9.8 7.75 6
      vertex 8.40553 6.82712 6
      vertex 8.4391 6.75615 6
    endloop
  endfacet
  facet normal 0 0 1
    outer loop
      vertex 9.8 7.75 6
      vertex 8.36517 6.89445 6
      vertex 8.40553 6.82712 6
    endloop
  endfacet
  facet normal 0 0 1
    outer loop
      vertex 9.8 7.75 6
      vertex 8.31841 6.9575 6
      vertex 8.36517 6.89445 6
    endloop
  endfacet
  facet normal 0 0 1
    outer loop
      vertex 9.8 7.75 6
      vertex 8.26569 7.01569 6
      vertex 8.31841 6.9575 6
    endloop
  endfacet
  facet normal 0 0 1
    outer loop
      vertex 9.8 7.75 6
      vertex 8.2075 7.06841 6
      vertex 8.26569 7.01569 6
    endloop
  endfacet
  facet normal 0 0 1
    outer loop
      vertex 9.8 7.75 6
      vertex 8.14445 7.11517 6
      vertex 8.2075 7.06841 6
    endloop
  endfacet
  facet normal 0 0 1
    outer loop
      vertex 9.8 7.75 6
      vertex 8.07712 7.15553 6
      vertex 8.14445 7.11517 6
    endloop
  endfacet
  facet normal 0 0 1
    outer loop
      vertex 9.8 7.75 6
      vertex 8.00615 7.1891 6
      vertex 8.07712 7.15553 6
    endloop
  endfacet
  facet normal 0 0 1
    outer loop
      vertex 9.8 7.75 6
      vertex 7.93222 7.21555 6
      vertex 8.00615 7.1891 6
    endloop
  endfacet
  facet normal 0 0 1
    outer loop
      vertex 9.8 7.75 6
      vertex 7.85606 7.23462 6
      vertex 7.93222 7.21555 6
    endloop
  endfacet
  facet normal 0 0 1
    outer loop
      vertex 9.8 7.75 6
      vertex 7.77841 7.24614 6
      vertex 7.85606 7.23462 6
    endloop
  endfacet
  facet normal 0 0 1
    outer loop
      vertex 9.8 7.75 6
      vertex 7.7 7.25 6
      vertex 7.77841 7.24614 6
    endloop
  endfacet
  facet normal 0 0 1
    outer loop
      vertex 9.8 7.75 6
      vertex -7.7 7.25 6
      vertex 7.7 7.25 6
    endloop
  endfacet
  facet normal 0 0 1
    outer loop
      vertex -8.5 6.45 6
      vertex -9.8 7.75 6
      vertex -8.5 -6.45 6
    endloop
  endfacet
  facet normal 0 0 1
    outer loop
      vertex -8.49614 6.52841 6
      vertex -9.8 7.75 6
      vertex -8.5 6.45 6
    endloop
  endfacet
  facet normal 0 0 1
    outer loop
      vertex -8.48462 6.60606 6
      vertex -9.8 7.75 6
      vertex -8.49614 6.52841 6
    endloop
  endfacet
  facet normal 0 0 1
    outer loop
      vertex -8.46555 6.68222 6
      vertex -9.8 7.75 6
      vertex -8.48462 6.60606 6
    endloop
  endfacet
  facet normal 0 0 1
    outer loop
      vertex -8.4391 6.75615 6
      vertex -9.8 7.75 6
      vertex -8.46555 6.68222 6
    endloop
  endfacet
  facet normal 0 0 1
    outer loop
      vertex -8.40553 6.82712 6
      vertex -9.8 7.75 6
      vertex -8.4391 6.75615 6
    endloop
  endfacet
  facet normal 0 0 1
    outer loop
      vertex -8.36517 6.89445 6
      vertex -9.8 7.75 6
      vertex -8.40553 6.82712 6
    endloop
  endfacet
  facet normal 0 0 1
    outer loop
      vertex -8.31841 6.9575 6
      vertex -9.8 7.75 6
      vertex -8.36517 6.89445 6
    endloop
  endfacet
  facet normal 0 0 1
    outer loop
      vertex -8.26569 7.01569 6
      vertex -9.8 7.75 6
      vertex -8.31841 6.9575 6
    endloop
  endfacet
  facet normal 0 0 1
    outer loop
      vertex -8.2075 7.06841 6
      vertex -9.8 7.75 6
      vertex -8.26569 7.01569 6
    endloop
  endfacet
  facet normal 0 0 1
    outer loop
      vertex -8.14445 7.11517 6
      vertex -9.8 7.75 6
      vertex -8.2075 7.06841 6
    endloop
  endfacet
  facet normal 0 0 1
    outer loop
      vertex -8.07712 7.15553 6
      vertex -9.8 7.75 6
      vertex -8.14445 7.11517 6
    endloop
  endfacet
  facet normal 0 0 1
    outer loop
      vertex -8.00615 7.1891 6
      vertex -9.8 7.75 6
      vertex -8.07712 7.15553 6
    endloop
  endfacet
  facet normal 0 0 1
    outer loop
      vertex -7.93222 7.21555 6
      vertex -9.8 7.75 6
      vertex -8.00615 7.1891 6
    endloop
  endfacet
  facet normal 0 0 1
    outer loop
      vertex -7.85606 7.23462 6
      vertex -9.8 7.75 6
      vertex -7.93222 7.21555 6
    endloop
  endfacet
  facet normal 0 0 1
    outer loop
      vertex -7.77841 7.24614 6
      vertex -9.8 7.75 6
      vertex -7.85606 7.23462 6
    endloop
  endfacet
  facet normal 0 0 1
    outer loop
      vertex -7.7 7.25 6
      vertex -9.8 7.75 6
      vertex -7.77841 7.24614 6
    endloop
  endfacet
  facet normal -0 0 1
    outer loop
      vertex -9.8 7.75 6
      vertex -7.7 7.25 6
      vertex 9.8 7.75 6
    endloop
  endfacet
  facet normal -0 0 1
    outer loop
      vertex 8.5 -6.45 6
      vertex 9.8 -7.75 6
      vertex 8.5 6.45 6
    endloop
  endfacet
  facet normal -0 0 1
    outer loop
      vertex 8.49614 -6.52841 6
      vertex 9.8 -7.75 6
      vertex 8.5 -6.45 6
    endloop
  endfacet
  facet normal -0 0 1
    outer loop
      vertex 8.48462 -6.60606 6
      vertex 9.8 -7.75 6
      vertex 8.49614 -6.52841 6
    endloop
  endfacet
  facet normal -0 0 1
    outer loop
      vertex 8.46555 -6.68222 6
      vertex 9.8 -7.75 6
      vertex 8.48462 -6.60606 6
    endloop
  endfacet
  facet normal -0 0 1
    outer loop
      vertex 8.4391 -6.75615 6
      vertex 9.8 -7.75 6
      vertex 8.46555 -6.68222 6
    endloop
  endfacet
  facet normal -0 0 1
    outer loop
      vertex 8.40553 -6.82712 6
      vertex 9.8 -7.75 6
      vertex 8.4391 -6.75615 6
    endloop
  endfacet
  facet normal -0 0 1
    outer loop
      vertex 8.36517 -6.89445 6
      vertex 9.8 -7.75 6
      vertex 8.40553 -6.82712 6
    endloop
  endfacet
  facet normal -0 0 1
    outer loop
      vertex 8.31841 -6.9575 6
      vertex 9.8 -7.75 6
      vertex 8.36517 -6.89445 6
    endloop
  endfacet
  facet normal -0 0 1
    outer loop
      vertex 8.26569 -7.01569 6
      vertex 9.8 -7.75 6
      vertex 8.31841 -6.9575 6
    endloop
  endfacet
  facet normal -0 0 1
    outer loop
      vertex 8.2075 -7.06841 6
      vertex 9.8 -7.75 6
      vertex 8.26569 -7.01569 6
    endloop
  endfacet
  facet normal -0 0 1
    outer loop
      vertex 8.14445 -7.11517 6
      vertex 9.8 -7.75 6
      vertex 8.2075 -7.06841 6
    endloop
  endfacet
  facet normal -0 0 1
    outer loop
      vertex 8.07712 -7.15553 6
      vertex 9.8 -7.75 6
      vertex 8.14445 -7.11517 6
    endloop
  endfacet
  facet normal -0 0 1
    outer loop
      vertex 8.00615 -7.1891 6
      vertex 9.8 -7.75 6
      vertex 8.07712 -7.15553 6
    endloop
  endfacet
  facet normal -0 0 1
    outer loop
      vertex 7.93222 -7.21555 6
      vertex 9.8 -7.75 6
      vertex 8.00615 -7.1891 6
    endloop
  endfacet
  facet normal -0 0 1
    outer loop
      vertex 7.85606 -7.23462 6
      vertex 9.8 -7.75 6
      vertex 7.93222 -7.21555 6
    endloop
  endfacet
  facet normal -0 0 1
    outer loop
      vertex 7.77841 -7.24614 6
      vertex 9.8 -7.75 6
      vertex 7.85606 -7.23462 6
    endloop
  endfacet
  facet normal -0 0 1
    outer loop
      vertex 7.7 -7.25 6
      vertex 9.8 -7.75 6
      vertex 7.77841 -7.24614 6
    endloop
  endfacet
  facet normal -0 0 1
    outer loop
      vertex -7.7 -7.25 6
      vertex 9.8 -7.75 6
      vertex 7.7 -7.25 6
    endloop
  endfacet
  facet normal 0 0 1
    outer loop
      vertex -9.8 -7.75 6
      vertex -8.5 -6.45 6
      vertex -9.8 7.75 6
    endloop
  endfacet
  facet normal 0 0 1
    outer loop
      vertex -7.7 -7.25 6
      vertex -9.8 -7.75 6
      vertex 9.8 -7.75 6
    endloop
  endfacet
  facet normal 0 0 1
    outer loop
      vertex -7.77841 -7.24614 6
      vertex -9.8 -7.75 6
      vertex -7.7 -7.25 6
    endloop
  endfacet
  facet normal 0 0 1
    outer loop
      vertex -7.85606 -7.23462 6
      vertex -9.8 -7.75 6
      vertex -7.77841 -7.24614 6
    endloop
  endfacet
  facet normal 0 0 1
    outer loop
      vertex -7.93222 -7.21555 6
      vertex -9.8 -7.75 6
      vertex -7.85606 -7.23462 6
    endloop
  endfacet
  facet normal 0 0 1
    outer loop
      vertex -8.00615 -7.1891 6
      vertex -9.8 -7.75 6
      vertex -7.93222 -7.21555 6
    endloop
  endfacet
  facet normal 0 0 1
    outer loop
      vertex -8.07712 -7.15553 6
      vertex -9.8 -7.75 6
      vertex -8.00615 -7.1891 6
    endloop
  endfacet
  facet normal 0 0 1
    outer loop
      vertex -8.14445 -7.11517 6
      vertex -9.8 -7.75 6
      vertex -8.07712 -7.15553 6
    endloop
  endfacet
  facet normal 0 0 1
    outer loop
      vertex -8.2075 -7.06841 6
      vertex -9.8 -7.75 6
      vertex -8.14445 -7.11517 6
    endloop
  endfacet
  facet normal 0 0 1
    outer loop
      vertex -8.26569 -7.01569 6
      vertex -9.8 -7.75 6
      vertex -8.2075 -7.06841 6
    endloop
  endfacet
  facet normal 0 0 1
    outer loop
      vertex -8.31841 -6.9575 6
      vertex -9.8 -7.75 6
      vertex -8.26569 -7.01569 6
    endloop
  endfacet
  facet normal 0 0 1
    outer loop
      vertex -8.36517 -6.89445 6
      vertex -9.8 -7.75 6
      vertex -8.31841 -6.9575 6
    endloop
  endfacet
  facet normal 0 0 1
    outer loop
      vertex -8.40553 -6.82712 6
      vertex -9.8 -7.75 6
      vertex -8.36517 -6.89445 6
    endloop
  endfacet
  facet normal 0 0 1
    outer loop
      vertex -8.4391 -6.75615 6
      vertex -9.8 -7.75 6
      vertex -8.40553 -6.82712 6
    endloop
  endfacet
  facet normal 0 0 1
    outer loop
      vertex -8.46555 -6.68222 6
      vertex -9.8 -7.75 6
      vertex -8.4391 -6.75615 6
    endloop
  endfacet
  facet normal 0 0 1
    outer loop
      vertex -8.48462 -6.60606 6
      vertex -9.8 -7.75 6
      vertex -8.46555 -6.68222 6
    endloop
  endfacet
  facet normal 0 0 1
    outer loop
      vertex -8.49614 -6.52841 6
      vertex -9.8 -7.75 6
      vertex -8.48462 -6.60606 6
    endloop
  endfacet
  facet normal 0 0 1
    outer loop
      vertex -8.5 -6.45 6
      vertex -9.8 -7.75 6
      vertex -8.49614 -6.52841 6
    endloop
  endfacet
  facet normal 0 0 1
    outer loop
      vertex -13.8 -2.09017 6
      vertex -14 -2.1 6
      vertex -13.8 -7.75 6
    endloop
  endfacet
  facet normal 0 0 1
    outer loop
      vertex 18 14 6
      vertex 16.1 0 6
      vertex 18 -14 6
    endloop
  endfacet
  facet normal 0 0 1
    outer loop
      vertex 18 14 6
      vertex 16.0899 0.205835 6
      vertex 16.1 0 6
    endloop
  endfacet
  facet normal 0 0 1
    outer loop
      vertex 18 14 6
      vertex 16.0596 0.409689 6
      vertex 16.0899 0.205835 6
    endloop
  endfacet
  facet normal 0 0 1
    outer loop
      vertex 18 14 6
      vertex 16.0096 0.609597 6
      vertex 16.0596 0.409689 6
    endloop
  endfacet
  facet normal 0 0 1
    outer loop
      vertex 18 14 6
      vertex 15.9401 0.803635 6
      vertex 16.0096 0.609597 6
    endloop
  endfacet
  facet normal 0 0 1
    outer loop
      vertex 18 14 6
      vertex 15.852 0.989933 6
      vertex 15.9401 0.803635 6
    endloop
  endfacet
  facet normal 0 0 1
    outer loop
      vertex 18 14 6
      vertex 15.7461 1.1667 6
      vertex 15.852 0.989933 6
    endloop
  endfacet
  facet normal 0 0 1
    outer loop
      vertex 18 14 6
      vertex 15.6233 1.33223 6
      vertex 15.7461 1.1667 6
    endloop
  endfacet
  facet normal -0 0 1
    outer loop
      vertex 13.8 7.75 6
      vertex 15.6233 1.33223 6
      vertex 18 14 6
    endloop
  endfacet
  facet normal 0 0 1
    outer loop
      vertex 15.6233 1.33223 6
      vertex 13.8 7.75 6
      vertex 15.4849 1.48492 6
    endloop
  endfacet
  facet normal 0 0 1
    outer loop
      vertex 15.4849 1.48492 6
      vertex 13.8 7.75 6
      vertex 15.3322 1.62332 6
    endloop
  endfacet
  facet normal 0 0 1
    outer loop
      vertex 15.3322 1.62332 6
      vertex 13.8 7.75 6
      vertex 15.1667 1.74609 6
    endloop
  endfacet
  facet normal 0 0 1
    outer loop
      vertex 15.1667 1.74609 6
      vertex 13.8 7.75 6
      vertex 14.9899 1.85203 6
    endloop
  endfacet
  facet normal 0 0 1
    outer loop
      vertex 14.9899 1.85203 6
      vertex 13.8 7.75 6
      vertex 14.8036 1.94015 6
    endloop
  endfacet
  facet normal 0 0 1
    outer loop
      vertex 14.8036 1.94015 6
      vertex 13.8 7.75 6
      vertex 14.6096 2.00957 6
    endloop
  endfacet
  facet normal 0 0 1
    outer loop
      vertex 14.6096 2.00957 6
      vertex 13.8 7.75 6
      vertex 14.4097 2.05965 6
    endloop
  endfacet
  facet normal 0 0 1
    outer loop
      vertex 14.4097 2.05965 6
      vertex 13.8 7.75 6
      vertex 14.2058 2.08989 6
    endloop
  endfacet
  facet normal 0 0 1
    outer loop
      vertex 14.2058 2.08989 6
      vertex 13.8 7.75 6
      vertex 14 2.1 6
    endloop
  endfacet
  facet normal 0 0 1
    outer loop
      vertex 18 14 6
      vertex 13.8 9.75 6
      vertex 13.8 7.75 6
    endloop
  endfacet
  facet normal 0 0 1
    outer loop
      vertex 18 14 6
      vertex -13.8 9.75 6
      vertex 13.8 9.75 6
    endloop
  endfacet
  facet normal 0 0 1
    outer loop
      vertex -13.8 7.75 6
      vertex -14 2.1 6
      vertex -13.8 2.09017 6
    endloop
  endfacet
  facet normal 0 0 1
    outer loop
      vertex -18 14 6
      vertex -13.8 7.75 6
      vertex -13.8 9.75 6
    endloop
  endfacet
  facet normal 0 0 1
    outer loop
      vertex -13.8 7.75 6
      vertex -14.2058 2.08989 6
      vertex -14 2.1 6
    endloop
  endfacet
  facet normal 0 0 1
    outer loop
      vertex -13.8 7.75 6
      vertex -14.4097 2.05965 6
      vertex -14.2058 2.08989 6
    endloop
  endfacet
  facet normal 0 0 1
    outer loop
      vertex -13.8 7.75 6
      vertex -14.6096 2.00957 6
      vertex -14.4097 2.05965 6
    endloop
  endfacet
  facet normal 0 0 1
    outer loop
      vertex -13.8 7.75 6
      vertex -14.8036 1.94015 6
      vertex -14.6096 2.00957 6
    endloop
  endfacet
  facet normal 0 0 1
    outer loop
      vertex -13.8 7.75 6
      vertex -14.9899 1.85203 6
      vertex -14.8036 1.94015 6
    endloop
  endfacet
  facet normal 0 0 1
    outer loop
      vertex -13.8 7.75 6
      vertex -15.1667 1.74609 6
      vertex -14.9899 1.85203 6
    endloop
  endfacet
  facet normal 0 0 1
    outer loop
      vertex -13.8 7.75 6
      vertex -15.3322 1.62332 6
      vertex -15.1667 1.74609 6
    endloop
  endfacet
  facet normal 0 0 1
    outer loop
      vertex -13.8 7.75 6
      vertex -15.4849 1.48492 6
      vertex -15.3322 1.62332 6
    endloop
  endfacet
  facet normal 0 -0 1
    outer loop
      vertex -15.6233 1.33223 6
      vertex -13.8 7.75 6
      vertex -18 14 6
    endloop
  endfacet
  facet normal 0 0 1
    outer loop
      vertex -13.8 7.75 6
      vertex -15.6233 1.33223 6
      vertex -15.4849 1.48492 6
    endloop
  endfacet
  facet normal 0 0 1
    outer loop
      vertex -15.6233 1.33223 6
      vertex -18 14 6
      vertex -15.7461 1.1667 6
    endloop
  endfacet
  facet normal 0 0 1
    outer loop
      vertex -15.7461 1.1667 6
      vertex -18 14 6
      vertex -15.852 0.989933 6
    endloop
  endfacet
  facet normal 0 0 1
    outer loop
      vertex -15.852 0.989933 6
      vertex -18 14 6
      vertex -15.9401 0.803635 6
    endloop
  endfacet
  facet normal 0 0 1
    outer loop
      vertex -15.9401 0.803635 6
      vertex -18 14 6
      vertex -16.0096 0.609597 6
    endloop
  endfacet
  facet normal 0 0 1
    outer loop
      vertex -16.0899 0.205835 6
      vertex -18 14 6
      vertex -16.1 0 6
    endloop
  endfacet
  facet normal 0 0 1
    outer loop
      vertex -16.0596 0.409689 6
      vertex -18 14 6
      vertex -16.0899 0.205835 6
    endloop
  endfacet
  facet normal 0 0 1
    outer loop
      vertex -16.0096 0.609597 6
      vertex -18 14 6
      vertex -16.0596 0.409689 6
    endloop
  endfacet
  facet normal -0 0 1
    outer loop
      vertex -18 14 6
      vertex -13.8 9.75 6
      vertex 18 14 6
    endloop
  endfacet
  facet normal -0 0 1
    outer loop
      vertex 16.0899 -0.205835 6
      vertex 18 -14 6
      vertex 16.1 0 6
    endloop
  endfacet
  facet normal -0 0 1
    outer loop
      vertex 16.0596 -0.409689 6
      vertex 18 -14 6
      vertex 16.0899 -0.205835 6
    endloop
  endfacet
  facet normal -0 0 1
    outer loop
      vertex 16.0096 -0.609597 6
      vertex 18 -14 6
      vertex 16.0596 -0.409689 6
    endloop
  endfacet
  facet normal -0 0 1
    outer loop
      vertex 15.9401 -0.803635 6
      vertex 18 -14 6
      vertex 16.0096 -0.609597 6
    endloop
  endfacet
  facet normal -0 0 1
    outer loop
      vertex 15.852 -0.989933 6
      vertex 18 -14 6
      vertex 15.9401 -0.803635 6
    endloop
  endfacet
  facet normal -0 0 1
    outer loop
      vertex 15.7461 -1.1667 6
      vertex 18 -14 6
      vertex 15.852 -0.989933 6
    endloop
  endfacet
  facet normal -0 0 1
    outer loop
      vertex 15.6233 -1.33223 6
      vertex 18 -14 6
      vertex 15.7461 -1.1667 6
    endloop
  endfacet
  facet normal 0 0 1
    outer loop
      vertex 13.8 -7.75 6
      vertex 15.6233 -1.33223 6
      vertex 15.4849 -1.48492 6
    endloop
  endfacet
  facet normal 0 0 1
    outer loop
      vertex 13.8 -7.75 6
      vertex 15.4849 -1.48492 6
      vertex 15.3322 -1.62332 6
    endloop
  endfacet
  facet normal 0 0 1
    outer loop
      vertex 13.8 -7.75 6
      vertex 15.3322 -1.62332 6
      vertex 15.1667 -1.74609 6
    endloop
  endfacet
  facet normal 0 0 1
    outer loop
      vertex 13.8 -7.75 6
      vertex 15.1667 -1.74609 6
      vertex 14.9899 -1.85203 6
    endloop
  endfacet
  facet normal 0 0 1
    outer loop
      vertex 13.8 -7.75 6
      vertex 14.9899 -1.85203 6
      vertex 14.8036 -1.94015 6
    endloop
  endfacet
  facet normal 0 0 1
    outer loop
      vertex 13.8 -7.75 6
      vertex 14.8036 -1.94015 6
      vertex 14.6096 -2.00957 6
    endloop
  endfacet
  facet normal 0 0 1
    outer loop
      vertex 13.8 -7.75 6
      vertex 14.6096 -2.00957 6
      vertex 14.4097 -2.05965 6
    endloop
  endfacet
  facet normal 0 0 1
    outer loop
      vertex 13.8 -7.75 6
      vertex 14.4097 -2.05965 6
      vertex 14.2058 -2.08989 6
    endloop
  endfacet
  facet normal 0 0 1
    outer loop
      vertex 13.8 -7.75 6
      vertex 14.2058 -2.08989 6
      vertex 14 -2.1 6
    endloop
  endfacet
  facet normal 0 0 1
    outer loop
      vertex 13.8 -7.75 6
      vertex 14 -2.1 6
      vertex 13.8 -2.09017 6
    endloop
  endfacet
  facet normal 0 0 1
    outer loop
      vertex 15.6233 -1.33223 6
      vertex 13.8 -7.75 6
      vertex 18 -14 6
    endloop
  endfacet
  facet normal 0 0 1
    outer loop
      vertex 13.8 -7.75 6
      vertex 13.8 -9.75 6
      vertex 18 -14 6
    endloop
  endfacet
  facet normal -0 0 1
    outer loop
      vertex -13.8 -9.75 6
      vertex 18 -14 6
      vertex 13.8 -9.75 6
    endloop
  endfacet
  facet normal 0 0 1
    outer loop
      vertex -14.2058 -2.08989 6
      vertex -13.8 -7.75 6
      vertex -14 -2.1 6
    endloop
  endfacet
  facet normal 0 0 1
    outer loop
      vertex -14.4097 -2.05965 6
      vertex -13.8 -7.75 6
      vertex -14.2058 -2.08989 6
    endloop
  endfacet
  facet normal 0 0 1
    outer loop
      vertex -14.6096 -2.00957 6
      vertex -13.8 -7.75 6
      vertex -14.4097 -2.05965 6
    endloop
  endfacet
  facet normal 0 0 1
    outer loop
      vertex -14.8036 -1.94015 6
      vertex -13.8 -7.75 6
      vertex -14.6096 -2.00957 6
    endloop
  endfacet
  facet normal 0 0 1
    outer loop
      vertex -14.9899 -1.85203 6
      vertex -13.8 -7.75 6
      vertex -14.8036 -1.94015 6
    endloop
  endfacet
  facet normal 0 0 1
    outer loop
      vertex -15.1667 -1.74609 6
      vertex -13.8 -7.75 6
      vertex -14.9899 -1.85203 6
    endloop
  endfacet
  facet normal 0 0 1
    outer loop
      vertex -15.3322 -1.62332 6
      vertex -13.8 -7.75 6
      vertex -15.1667 -1.74609 6
    endloop
  endfacet
  facet normal 0 0 1
    outer loop
      vertex -15.4849 -1.48492 6
      vertex -13.8 -7.75 6
      vertex -15.3322 -1.62332 6
    endloop
  endfacet
  facet normal 0 0 1
    outer loop
      vertex -15.6233 -1.33223 6
      vertex -13.8 -7.75 6
      vertex -15.4849 -1.48492 6
    endloop
  endfacet
  facet normal 0 0 1
    outer loop
      vertex -13.8 -7.75 6
      vertex -15.6233 -1.33223 6
      vertex -18 -14 6
    endloop
  endfacet
  facet normal 0 0 1
    outer loop
      vertex -18 -14 6
      vertex -15.6233 -1.33223 6
      vertex -15.7461 -1.1667 6
    endloop
  endfacet
  facet normal 0 0 1
    outer loop
      vertex -18 -14 6
      vertex -15.7461 -1.1667 6
      vertex -15.852 -0.989933 6
    endloop
  endfacet
  facet normal 0 0 1
    outer loop
      vertex -18 -14 6
      vertex -15.852 -0.989933 6
      vertex -15.9401 -0.803635 6
    endloop
  endfacet
  facet normal 0 0 1
    outer loop
      vertex -18 -14 6
      vertex -15.9401 -0.803635 6
      vertex -16.0096 -0.609597 6
    endloop
  endfacet
  facet normal 0 0 1
    outer loop
      vertex -18 -14 6
      vertex -16.0096 -0.609597 6
      vertex -16.0596 -0.409689 6
    endloop
  endfacet
  facet normal 0 0 1
    outer loop
      vertex -18 -14 6
      vertex -16.1 0 6
      vertex -18 14 6
    endloop
  endfacet
  facet normal 0 0 1
    outer loop
      vertex -13.8 -9.75 6
      vertex -18 -14 6
      vertex 18 -14 6
    endloop
  endfacet
  facet normal 0 0 1
    outer loop
      vertex -13.8 -7.75 6
      vertex -18 -14 6
      vertex -13.8 -9.75 6
    endloop
  endfacet
  facet normal 0 0 1
    outer loop
      vertex -16.0899 -0.205835 6
      vertex -18 -14 6
      vertex -16.0596 -0.409689 6
    endloop
  endfacet
  facet normal 0 0 1
    outer loop
      vertex -16.1 0 6
      vertex -18 -14 6
      vertex -16.0899 -0.205835 6
    endloop
  endfacet
  facet normal 0 0 1
    outer loop
      vertex 14 2.1 6
      vertex 13.8 7.75 6
      vertex 13.8 2.09017 6
    endloop
  endfacet
  facet normal 0 0 -1
    outer loop
      vertex 18 -14 0
      vertex 15.7 0 0
      vertex 18 14 0
    endloop
  endfacet
  facet normal 0 0 -1
    outer loop
      vertex 18 -14 0
      vertex 15.6918 -0.166629 0
      vertex 15.7 0 0
    endloop
  endfacet
  facet normal 0 0 -1
    outer loop
      vertex 18 -14 0
      vertex 15.6673 -0.331653 0
      vertex 15.6918 -0.166629 0
    endloop
  endfacet
  facet normal 0 0 -1
    outer loop
      vertex 18 -14 0
      vertex 15.6268 -0.493484 0
      vertex 15.6673 -0.331653 0
    endloop
  endfacet
  facet normal 0 0 -1
    outer loop
      vertex 18 -14 0
      vertex 15.5706 -0.650561 0
      vertex 15.6268 -0.493484 0
    endloop
  endfacet
  facet normal 0 0 -1
    outer loop
      vertex 18 -14 0
      vertex 15.4993 -0.801374 0
      vertex 15.5706 -0.650561 0
    endloop
  endfacet
  facet normal 0 0 -1
    outer loop
      vertex 18 -14 0
      vertex 15.4135 -0.944468 0
      vertex 15.4993 -0.801374 0
    endloop
  endfacet
  facet normal 0 0 -1
    outer loop
      vertex 18 -14 0
      vertex 15.3141 -1.07847 0
      vertex 15.4135 -0.944468 0
    endloop
  endfacet
  facet normal 0 0 -1
    outer loop
      vertex 18 -14 0
      vertex 15.2021 -1.20208 0
      vertex 15.3141 -1.07847 0
    endloop
  endfacet
  facet normal 0 0 -1
    outer loop
      vertex 18 -14 0
      vertex 15.0785 -1.31412 0
      vertex 15.2021 -1.20208 0
    endloop
  endfacet
  facet normal 0 0 -1
    outer loop
      vertex 18 -14 0
      vertex 14.9445 -1.4135 0
      vertex 15.0785 -1.31412 0
    endloop
  endfacet
  facet normal 0 0 -1
    outer loop
      vertex 18 -14 0
      vertex 14.8014 -1.49927 0
      vertex 14.9445 -1.4135 0
    endloop
  endfacet
  facet normal 0 0 -1
    outer loop
      vertex 18 -14 0
      vertex 14.6506 -1.57059 0
      vertex 14.8014 -1.49927 0
    endloop
  endfacet
  facet normal 0 0 -1
    outer loop
      vertex 18 -14 0
      vertex 14.4935 -1.6268 0
      vertex 14.6506 -1.57059 0
    endloop
  endfacet
  facet normal 0 0 -1
    outer loop
      vertex 18 -14 0
      vertex 14.3317 -1.66733 0
      vertex 14.4935 -1.6268 0
    endloop
  endfacet
  facet normal 0 0 -1
    outer loop
      vertex 18 -14 0
      vertex 14.1666 -1.69181 0
      vertex 14.3317 -1.66733 0
    endloop
  endfacet
  facet normal 0 0 -1
    outer loop
      vertex 8.48462 -6.60606 0
      vertex 14.1666 -1.69181 0
      vertex 18 -14 0
    endloop
  endfacet
  facet normal 0 0 -1
    outer loop
      vertex 14.1666 -1.69181 0
      vertex 8.48462 -6.60606 0
      vertex 14 -1.7 0
    endloop
  endfacet
  facet normal 0 -0 -1
    outer loop
      vertex 8.49614 -6.52841 0
      vertex 14 -1.7 0
      vertex 8.48462 -6.60606 0
    endloop
  endfacet
  facet normal -0 0 -1
    outer loop
      vertex 14 -1.7 0
      vertex 8.49614 -6.52841 0
      vertex 13.8334 -1.69181 0
    endloop
  endfacet
  facet normal 0 -0 -1
    outer loop
      vertex 8.5 -6.45 0
      vertex 13.8334 -1.69181 0
      vertex 8.49614 -6.52841 0
    endloop
  endfacet
  facet normal -0 0 -1
    outer loop
      vertex 13.8334 -1.69181 0
      vertex 8.5 -6.45 0
      vertex 13.6683 -1.66733 0
    endloop
  endfacet
  facet normal -0 0 -1
    outer loop
      vertex 13.6683 -1.66733 0
      vertex 8.5 -6.45 0
      vertex 13.5065 -1.6268 0
    endloop
  endfacet
  facet normal -0 0 -1
    outer loop
      vertex 13.5065 -1.6268 0
      vertex 8.5 -6.45 0
      vertex 13.3494 -1.57059 0
    endloop
  endfacet
  facet normal -0 0 -1
    outer loop
      vertex 13.3494 -1.57059 0
      vertex 8.5 -6.45 0
      vertex 13.1986 -1.49927 0
    endloop
  endfacet
  facet normal -0 0 -1
    outer loop
      vertex 13.0555 -1.4135 0
      vertex 8.5 -6.45 0
      vertex 12.9215 -1.31412 0
    endloop
  endfacet
  facet normal -0 0 -1
    outer loop
      vertex 12.9215 -1.31412 0
      vertex 8.5 -6.45 0
      vertex 12.7979 -1.20208 0
    endloop
  endfacet
  facet normal -0 0 -1
    outer loop
      vertex 12.7979 -1.20208 0
      vertex 8.5 -6.45 0
      vertex 12.6859 -1.07847 0
    endloop
  endfacet
  facet normal -0 0 -1
    outer loop
      vertex 12.6859 -1.07847 0
      vertex 8.5 -6.45 0
      vertex 12.5865 -0.944468 0
    endloop
  endfacet
  facet normal -0 0 -1
    outer loop
      vertex 12.3082 -0.166629 0
      vertex 8.5 -6.45 0
      vertex 12.3 0 0
    endloop
  endfacet
  facet normal -0 0 -1
    outer loop
      vertex 12.3327 -0.331653 0
      vertex 8.5 -6.45 0
      vertex 12.3082 -0.166629 0
    endloop
  endfacet
  facet normal -0 0 -1
    outer loop
      vertex 12.3732 -0.493484 0
      vertex 8.5 -6.45 0
      vertex 12.3327 -0.331653 0
    endloop
  endfacet
  facet normal -0 0 -1
    outer loop
      vertex 12.4294 -0.650561 0
      vertex 8.5 -6.45 0
      vertex 12.3732 -0.493484 0
    endloop
  endfacet
  facet normal -0 0 -1
    outer loop
      vertex 12.5865 -0.944468 0
      vertex 8.5 -6.45 0
      vertex 12.5007 -0.801374 0
    endloop
  endfacet
  facet normal -0 0 -1
    outer loop
      vertex 12.5007 -0.801374 0
      vertex 8.5 -6.45 0
      vertex 12.4294 -0.650561 0
    endloop
  endfacet
  facet normal -0 0 -1
    outer loop
      vertex 13.1986 -1.49927 0
      vertex 8.5 -6.45 0
      vertex 13.0555 -1.4135 0
    endloop
  endfacet
  facet normal 0 0 -1
    outer loop
      vertex 18 -14 0
      vertex 8.46555 -6.68222 0
      vertex 8.48462 -6.60606 0
    endloop
  endfacet
  facet normal 0 0 -1
    outer loop
      vertex 18 -14 0
      vertex 8.4391 -6.75615 0
      vertex 8.46555 -6.68222 0
    endloop
  endfacet
  facet normal 0 0 -1
    outer loop
      vertex 18 -14 0
      vertex 8.40553 -6.82712 0
      vertex 8.4391 -6.75615 0
    endloop
  endfacet
  facet normal 0 0 -1
    outer loop
      vertex 18 -14 0
      vertex 8.36517 -6.89445 0
      vertex 8.40553 -6.82712 0
    endloop
  endfacet
  facet normal 0 0 -1
    outer loop
      vertex 18 -14 0
      vertex 8.31841 -6.9575 0
      vertex 8.36517 -6.89445 0
    endloop
  endfacet
  facet normal 0 0 -1
    outer loop
      vertex 18 -14 0
      vertex 8.26569 -7.01569 0
      vertex 8.31841 -6.9575 0
    endloop
  endfacet
  facet normal 0 0 -1
    outer loop
      vertex 18 -14 0
      vertex 8.2075 -7.06841 0
      vertex 8.26569 -7.01569 0
    endloop
  endfacet
  facet normal 0 0 -1
    outer loop
      vertex 18 -14 0
      vertex 8.14445 -7.11517 0
      vertex 8.2075 -7.06841 0
    endloop
  endfacet
  facet normal 0 0 -1
    outer loop
      vertex 18 -14 0
      vertex 8.07712 -7.15553 0
      vertex 8.14445 -7.11517 0
    endloop
  endfacet
  facet normal 0 0 -1
    outer loop
      vertex 18 -14 0
      vertex 8.00615 -7.1891 0
      vertex 8.07712 -7.15553 0
    endloop
  endfacet
  facet normal 0 0 -1
    outer loop
      vertex 18 -14 0
      vertex 7.93222 -7.21555 0
      vertex 8.00615 -7.1891 0
    endloop
  endfacet
  facet normal 0 0 -1
    outer loop
      vertex 18 -14 0
      vertex 7.85606 -7.23462 0
      vertex 7.93222 -7.21555 0
    endloop
  endfacet
  facet normal 0 0 -1
    outer loop
      vertex 18 -14 0
      vertex 7.77841 -7.24614 0
      vertex 7.85606 -7.23462 0
    endloop
  endfacet
  facet normal 0 0 -1
    outer loop
      vertex 18 -14 0
      vertex 7.7 -7.25 0
      vertex 7.77841 -7.24614 0
    endloop
  endfacet
  facet normal 0 0 -1
    outer loop
      vertex 18 -14 0
      vertex -7.7 -7.25 0
      vertex 7.7 -7.25 0
    endloop
  endfacet
  facet normal 0 0 -1
    outer loop
      vertex -18 -14 0
      vertex -7.7 -7.25 0
      vertex 18 -14 0
    endloop
  endfacet
  facet normal -0 0 -1
    outer loop
      vertex -7.7 -7.25 0
      vertex -18 -14 0
      vertex -7.77841 -7.24614 0
    endloop
  endfacet
  facet normal -0 0 -1
    outer loop
      vertex -7.77841 -7.24614 0
      vertex -18 -14 0
      vertex -7.85606 -7.23462 0
    endloop
  endfacet
  facet normal 0 0 -1
    outer loop
      vertex -8.5 -6.45 0
      vertex -12.3 0 0
      vertex -8.5 6.45 0
    endloop
  endfacet
  facet normal 0 0 -1
    outer loop
      vertex -13.8334 -1.69181 0
      vertex -8.5 -6.45 0
      vertex -8.49614 -6.52841 0
    endloop
  endfacet
  facet normal 0 0 -1
    outer loop
      vertex -14 -1.7 0
      vertex -8.49614 -6.52841 0
      vertex -8.48462 -6.60606 0
    endloop
  endfacet
  facet normal 0 0 -1
    outer loop
      vertex -14.1666 -1.69181 0
      vertex -8.48462 -6.60606 0
      vertex -8.46555 -6.68222 0
    endloop
  endfacet
  facet normal 0 0 -1
    outer loop
      vertex -18 -14 0
      vertex -8.46555 -6.68222 0
      vertex -8.4391 -6.75615 0
    endloop
  endfacet
  facet normal 0 0 -1
    outer loop
      vertex -18 -14 0
      vertex -8.4391 -6.75615 0
      vertex -8.40553 -6.82712 0
    endloop
  endfacet
  facet normal 0 0 -1
    outer loop
      vertex -8.5 -6.45 0
      vertex -12.3082 -0.166629 0
      vertex -12.3 0 0
    endloop
  endfacet
  facet normal 0 0 -1
    outer loop
      vertex -8.5 -6.45 0
      vertex -12.3327 -0.331653 0
      vertex -12.3082 -0.166629 0
    endloop
  endfacet
  facet normal 0 0 -1
    outer loop
      vertex -18 -14 0
      vertex -8.40553 -6.82712 0
      vertex -8.36517 -6.89445 0
    endloop
  endfacet
  facet normal 0 0 -1
    outer loop
      vertex -8.5 -6.45 0
      vertex -12.3732 -0.493484 0
      vertex -12.3327 -0.331653 0
    endloop
  endfacet
  facet normal 0 0 -1
    outer loop
      vertex -8.5 -6.45 0
      vertex -12.4294 -0.650561 0
      vertex -12.3732 -0.493484 0
    endloop
  endfacet
  facet normal 0 0 -1
    outer loop
      vertex -8.5 -6.45 0
      vertex -12.5007 -0.801374 0
      vertex -12.4294 -0.650561 0
    endloop
  endfacet
  facet normal 0 0 -1
    outer loop
      vertex -8.5 -6.45 0
      vertex -12.5865 -0.944468 0
      vertex -12.5007 -0.801374 0
    endloop
  endfacet
  facet normal 0 0 -1
    outer loop
      vertex -8.5 -6.45 0
      vertex -12.6859 -1.07847 0
      vertex -12.5865 -0.944468 0
    endloop
  endfacet
  facet normal 0 0 -1
    outer loop
      vertex -18 -14 0
      vertex -8.36517 -6.89445 0
      vertex -8.31841 -6.9575 0
    endloop
  endfacet
  facet normal 0 0 -1
    outer loop
      vertex -8.5 -6.45 0
      vertex -12.7979 -1.20208 0
      vertex -12.6859 -1.07847 0
    endloop
  endfacet
  facet normal 0 0 -1
    outer loop
      vertex -8.5 -6.45 0
      vertex -12.9215 -1.31412 0
      vertex -12.7979 -1.20208 0
    endloop
  endfacet
  facet normal 0 0 -1
    outer loop
      vertex -8.5 -6.45 0
      vertex -13.0555 -1.4135 0
      vertex -12.9215 -1.31412 0
    endloop
  endfacet
  facet normal 0 0 -1
    outer loop
      vertex -8.5 -6.45 0
      vertex -13.1986 -1.49927 0
      vertex -13.0555 -1.4135 0
    endloop
  endfacet
  facet normal 0 0 -1
    outer loop
      vertex -8.5 -6.45 0
      vertex -13.3494 -1.57059 0
      vertex -13.1986 -1.49927 0
    endloop
  endfacet
  facet normal 0 0 -1
    outer loop
      vertex -18 -14 0
      vertex -8.31841 -6.9575 0
      vertex -8.26569 -7.01569 0
    endloop
  endfacet
  facet normal 0 0 -1
    outer loop
      vertex -8.5 -6.45 0
      vertex -13.5065 -1.6268 0
      vertex -13.3494 -1.57059 0
    endloop
  endfacet
  facet normal 0 0 -1
    outer loop
      vertex -8.5 -6.45 0
      vertex -13.6683 -1.66733 0
      vertex -13.5065 -1.6268 0
    endloop
  endfacet
  facet normal 0 0 -1
    outer loop
      vertex -8.5 -6.45 0
      vertex -13.8334 -1.69181 0
      vertex -13.6683 -1.66733 0
    endloop
  endfacet
  facet normal 0 0 -1
    outer loop
      vertex -8.49614 -6.52841 0
      vertex -14 -1.7 0
      vertex -13.8334 -1.69181 0
    endloop
  endfacet
  facet normal 0 0 -1
    outer loop
      vertex -8.48462 -6.60606 0
      vertex -14.1666 -1.69181 0
      vertex -14 -1.7 0
    endloop
  endfacet
  facet normal 0 0 -1
    outer loop
      vertex -18 -14 0
      vertex -8.26569 -7.01569 0
      vertex -8.2075 -7.06841 0
    endloop
  endfacet
  facet normal -0 0 -1
    outer loop
      vertex -8.46555 -6.68222 0
      vertex -18 -14 0
      vertex -14.1666 -1.69181 0
    endloop
  endfacet
  facet normal -0 0 -1
    outer loop
      vertex -14.1666 -1.69181 0
      vertex -18 -14 0
      vertex -14.3317 -1.66733 0
    endloop
  endfacet
  facet normal -0 0 -1
    outer loop
      vertex -14.3317 -1.66733 0
      vertex -18 -14 0
      vertex -14.4935 -1.6268 0
    endloop
  endfacet
  facet normal -0 0 -1
    outer loop
      vertex -14.4935 -1.6268 0
      vertex -18 -14 0
      vertex -14.6506 -1.57059 0
    endloop
  endfacet
  facet normal -0 0 -1
    outer loop
      vertex -14.6506 -1.57059 0
      vertex -18 -14 0
      vertex -14.8014 -1.49927 0
    endloop
  endfacet
  facet normal -0 0 -1
    outer loop
      vertex -14.8014 -1.49927 0
      vertex -18 -14 0
      vertex -14.9445 -1.4135 0
    endloop
  endfacet
  facet normal -0 0 -1
    outer loop
      vertex -15.6918 -0.166629 0
      vertex -18 -14 0
      vertex -15.7 0 0
    endloop
  endfacet
  facet normal -0 0 -1
    outer loop
      vertex -15.6673 -0.331653 0
      vertex -18 -14 0
      vertex -15.6918 -0.166629 0
    endloop
  endfacet
  facet normal -0 0 -1
    outer loop
      vertex -15.6268 -0.493484 0
      vertex -18 -14 0
      vertex -15.6673 -0.331653 0
    endloop
  endfacet
  facet normal -0 0 -1
    outer loop
      vertex -15.5706 -0.650561 0
      vertex -18 -14 0
      vertex -15.6268 -0.493484 0
    endloop
  endfacet
  facet normal -0 0 -1
    outer loop
      vertex -15.4993 -0.801374 0
      vertex -18 -14 0
      vertex -15.5706 -0.650561 0
    endloop
  endfacet
  facet normal -0 0 -1
    outer loop
      vertex -15.4135 -0.944468 0
      vertex -18 -14 0
      vertex -15.4993 -0.801374 0
    endloop
  endfacet
  facet normal -0 0 -1
    outer loop
      vertex -15.3141 -1.07847 0
      vertex -18 -14 0
      vertex -15.4135 -0.944468 0
    endloop
  endfacet
  facet normal -0 0 -1
    outer loop
      vertex -15.2021 -1.20208 0
      vertex -18 -14 0
      vertex -15.3141 -1.07847 0
    endloop
  endfacet
  facet normal -0 0 -1
    outer loop
      vertex -15.0785 -1.31412 0
      vertex -18 -14 0
      vertex -15.2021 -1.20208 0
    endloop
  endfacet
  facet normal -0 0 -1
    outer loop
      vertex -14.9445 -1.4135 0
      vertex -18 -14 0
      vertex -15.0785 -1.31412 0
    endloop
  endfacet
  facet normal -0 0 -1
    outer loop
      vertex -8.14445 -7.11517 0
      vertex -18 -14 0
      vertex -8.2075 -7.06841 0
    endloop
  endfacet
  facet normal -0 0 -1
    outer loop
      vertex -8.07712 -7.15553 0
      vertex -18 -14 0
      vertex -8.14445 -7.11517 0
    endloop
  endfacet
  facet normal -0 0 -1
    outer loop
      vertex -8.00615 -7.1891 0
      vertex -18 -14 0
      vertex -8.07712 -7.15553 0
    endloop
  endfacet
  facet normal -0 0 -1
    outer loop
      vertex -7.93222 -7.21555 0
      vertex -18 -14 0
      vertex -8.00615 -7.1891 0
    endloop
  endfacet
  facet normal -0 0 -1
    outer loop
      vertex -7.85606 -7.23462 0
      vertex -18 -14 0
      vertex -7.93222 -7.21555 0
    endloop
  endfacet
  facet normal 0 0 -1
    outer loop
      vertex 15.6918 0.166629 0
      vertex 18 14 0
      vertex 15.7 0 0
    endloop
  endfacet
  facet normal 0 0 -1
    outer loop
      vertex 15.6673 0.331653 0
      vertex 18 14 0
      vertex 15.6918 0.166629 0
    endloop
  endfacet
  facet normal 0 0 -1
    outer loop
      vertex 15.6268 0.493484 0
      vertex 18 14 0
      vertex 15.6673 0.331653 0
    endloop
  endfacet
  facet normal 0 0 -1
    outer loop
      vertex 15.5706 0.650561 0
      vertex 18 14 0
      vertex 15.6268 0.493484 0
    endloop
  endfacet
  facet normal 0 0 -1
    outer loop
      vertex 15.4993 0.801374 0
      vertex 18 14 0
      vertex 15.5706 0.650561 0
    endloop
  endfacet
  facet normal 0 0 -1
    outer loop
      vertex 15.4135 0.944468 0
      vertex 18 14 0
      vertex 15.4993 0.801374 0
    endloop
  endfacet
  facet normal 0 0 -1
    outer loop
      vertex 15.3141 1.07847 0
      vertex 18 14 0
      vertex 15.4135 0.944468 0
    endloop
  endfacet
  facet normal 0 0 -1
    outer loop
      vertex 15.2021 1.20208 0
      vertex 18 14 0
      vertex 15.3141 1.07847 0
    endloop
  endfacet
  facet normal 0 0 -1
    outer loop
      vertex 15.0785 1.31412 0
      vertex 18 14 0
      vertex 15.2021 1.20208 0
    endloop
  endfacet
  facet normal 0 0 -1
    outer loop
      vertex 14.9445 1.4135 0
      vertex 18 14 0
      vertex 15.0785 1.31412 0
    endloop
  endfacet
  facet normal 0 0 -1
    outer loop
      vertex 14.8014 1.49927 0
      vertex 18 14 0
      vertex 14.9445 1.4135 0
    endloop
  endfacet
  facet normal 0 0 -1
    outer loop
      vertex 14.6506 1.57059 0
      vertex 18 14 0
      vertex 14.8014 1.49927 0
    endloop
  endfacet
  facet normal 0 0 -1
    outer loop
      vertex 14.4935 1.6268 0
      vertex 18 14 0
      vertex 14.6506 1.57059 0
    endloop
  endfacet
  facet normal 0 0 -1
    outer loop
      vertex 14.3317 1.66733 0
      vertex 18 14 0
      vertex 14.4935 1.6268 0
    endloop
  endfacet
  facet normal 0 0 -1
    outer loop
      vertex 14.1666 1.69181 0
      vertex 18 14 0
      vertex 14.3317 1.66733 0
    endloop
  endfacet
  facet normal 0 0 -1
    outer loop
      vertex 8.48462 6.60606 0
      vertex 14.1666 1.69181 0
      vertex 14 1.7 0
    endloop
  endfacet
  facet normal 0 0 -1
    outer loop
      vertex 8.49614 6.52841 0
      vertex 14 1.7 0
      vertex 13.8334 1.69181 0
    endloop
  endfacet
  facet normal 0 0 -1
    outer loop
      vertex 8.5 6.45 0
      vertex 13.8334 1.69181 0
      vertex 13.6683 1.66733 0
    endloop
  endfacet
  facet normal 0 0 -1
    outer loop
      vertex 8.5 6.45 0
      vertex 13.6683 1.66733 0
      vertex 13.5065 1.6268 0
    endloop
  endfacet
  facet normal 0 0 -1
    outer loop
      vertex 8.5 6.45 0
      vertex 13.5065 1.6268 0
      vertex 13.3494 1.57059 0
    endloop
  endfacet
  facet normal 0 0 -1
    outer loop
      vertex 8.5 6.45 0
      vertex 13.3494 1.57059 0
      vertex 13.1986 1.49927 0
    endloop
  endfacet
  facet normal 0 0 -1
    outer loop
      vertex 8.5 6.45 0
      vertex 13.1986 1.49927 0
      vertex 13.0555 1.4135 0
    endloop
  endfacet
  facet normal 0 0 -1
    outer loop
      vertex 8.5 6.45 0
      vertex 13.0555 1.4135 0
      vertex 12.9215 1.31412 0
    endloop
  endfacet
  facet normal 0 0 -1
    outer loop
      vertex 8.5 6.45 0
      vertex 12.9215 1.31412 0
      vertex 12.7979 1.20208 0
    endloop
  endfacet
  facet normal 0 0 -1
    outer loop
      vertex 8.5 6.45 0
      vertex 12.7979 1.20208 0
      vertex 12.6859 1.07847 0
    endloop
  endfacet
  facet normal 0 0 -1
    outer loop
      vertex 8.5 6.45 0
      vertex 12.6859 1.07847 0
      vertex 12.5865 0.944468 0
    endloop
  endfacet
  facet normal 0 0 -1
    outer loop
      vertex 8.5 6.45 0
      vertex 12.5865 0.944468 0
      vertex 12.5007 0.801374 0
    endloop
  endfacet
  facet normal 0 0 -1
    outer loop
      vertex 8.5 6.45 0
      vertex 12.5007 0.801374 0
      vertex 12.4294 0.650561 0
    endloop
  endfacet
  facet normal 0 0 -1
    outer loop
      vertex 8.5 6.45 0
      vertex 12.3 0 0
      vertex 8.5 -6.45 0
    endloop
  endfacet
  facet normal 0 0 -1
    outer loop
      vertex 12.3 0 0
      vertex 8.5 6.45 0
      vertex 12.3082 0.166629 0
    endloop
  endfacet
  facet normal 0 0 -1
    outer loop
      vertex 12.3082 0.166629 0
      vertex 8.5 6.45 0
      vertex 12.3327 0.331653 0
    endloop
  endfacet
  facet normal 0 0 -1
    outer loop
      vertex 12.3327 0.331653 0
      vertex 8.5 6.45 0
      vertex 12.3732 0.493484 0
    endloop
  endfacet
  facet normal 0 0 -1
    outer loop
      vertex 12.3732 0.493484 0
      vertex 8.5 6.45 0
      vertex 12.4294 0.650561 0
    endloop
  endfacet
  facet normal 0 0 -1
    outer loop
      vertex 13.8334 1.69181 0
      vertex 8.5 6.45 0
      vertex 8.49614 6.52841 0
    endloop
  endfacet
  facet normal 0 0 -1
    outer loop
      vertex 14 1.7 0
      vertex 8.49614 6.52841 0
      vertex 8.48462 6.60606 0
    endloop
  endfacet
  facet normal 0 0 -1
    outer loop
      vertex 14.1666 1.69181 0
      vertex 8.48462 6.60606 0
      vertex 18 14 0
    endloop
  endfacet
  facet normal 0 0 -1
    outer loop
      vertex 8.46555 6.68222 0
      vertex 18 14 0
      vertex 8.48462 6.60606 0
    endloop
  endfacet
  facet normal 0 0 -1
    outer loop
      vertex 8.4391 6.75615 0
      vertex 18 14 0
      vertex 8.46555 6.68222 0
    endloop
  endfacet
  facet normal 0 0 -1
    outer loop
      vertex 8.40553 6.82712 0
      vertex 18 14 0
      vertex 8.4391 6.75615 0
    endloop
  endfacet
  facet normal 0 0 -1
    outer loop
      vertex 8.36517 6.89445 0
      vertex 18 14 0
      vertex 8.40553 6.82712 0
    endloop
  endfacet
  facet normal 0 0 -1
    outer loop
      vertex 8.31841 6.9575 0
      vertex 18 14 0
      vertex 8.36517 6.89445 0
    endloop
  endfacet
  facet normal 0 0 -1
    outer loop
      vertex 8.26569 7.01569 0
      vertex 18 14 0
      vertex 8.31841 6.9575 0
    endloop
  endfacet
  facet normal 0 0 -1
    outer loop
      vertex 8.2075 7.06841 0
      vertex 18 14 0
      vertex 8.26569 7.01569 0
    endloop
  endfacet
  facet normal 0 0 -1
    outer loop
      vertex 8.14445 7.11517 0
      vertex 18 14 0
      vertex 8.2075 7.06841 0
    endloop
  endfacet
  facet normal 0 0 -1
    outer loop
      vertex 8.07712 7.15553 0
      vertex 18 14 0
      vertex 8.14445 7.11517 0
    endloop
  endfacet
  facet normal 0 0 -1
    outer loop
      vertex 8.00615 7.1891 0
      vertex 18 14 0
      vertex 8.07712 7.15553 0
    endloop
  endfacet
  facet normal 0 0 -1
    outer loop
      vertex 7.93222 7.21555 0
      vertex 18 14 0
      vertex 8.00615 7.1891 0
    endloop
  endfacet
  facet normal 0 0 -1
    outer loop
      vertex 7.85606 7.23462 0
      vertex 18 14 0
      vertex 7.93222 7.21555 0
    endloop
  endfacet
  facet normal 0 0 -1
    outer loop
      vertex 7.77841 7.24614 0
      vertex 18 14 0
      vertex 7.85606 7.23462 0
    endloop
  endfacet
  facet normal 0 0 -1
    outer loop
      vertex 7.7 7.25 0
      vertex 18 14 0
      vertex 7.77841 7.24614 0
    endloop
  endfacet
  facet normal 0 0 -1
    outer loop
      vertex -7.7 7.25 0
      vertex 18 14 0
      vertex 7.7 7.25 0
    endloop
  endfacet
  facet normal 0 0 -1
    outer loop
      vertex -18 14 0
      vertex -7.7 7.25 0
      vertex -7.77841 7.24614 0
    endloop
  endfacet
  facet normal 0 0 -1
    outer loop
      vertex -18 14 0
      vertex -7.77841 7.24614 0
      vertex -7.85606 7.23462 0
    endloop
  endfacet
  facet normal 0 0 -1
    outer loop
      vertex -18 14 0
      vertex -7.85606 7.23462 0
      vertex -7.93222 7.21555 0
    endloop
  endfacet
  facet normal 0 0 -1
    outer loop
      vertex -12.3082 0.166629 0
      vertex -8.5 6.45 0
      vertex -12.3 0 0
    endloop
  endfacet
  facet normal 0 0 -1
    outer loop
      vertex -12.3327 0.331653 0
      vertex -8.5 6.45 0
      vertex -12.3082 0.166629 0
    endloop
  endfacet
  facet normal 0 0 -1
    outer loop
      vertex -12.3732 0.493484 0
      vertex -8.5 6.45 0
      vertex -12.3327 0.331653 0
    endloop
  endfacet
  facet normal 0 0 -1
    outer loop
      vertex -12.4294 0.650561 0
      vertex -8.5 6.45 0
      vertex -12.3732 0.493484 0
    endloop
  endfacet
  facet normal 0 0 -1
    outer loop
      vertex -12.5007 0.801374 0
      vertex -8.5 6.45 0
      vertex -12.4294 0.650561 0
    endloop
  endfacet
  facet normal 0 0 -1
    outer loop
      vertex -12.5865 0.944468 0
      vertex -8.5 6.45 0
      vertex -12.5007 0.801374 0
    endloop
  endfacet
  facet normal 0 0 -1
    outer loop
      vertex -12.6859 1.07847 0
      vertex -8.5 6.45 0
      vertex -12.5865 0.944468 0
    endloop
  endfacet
  facet normal 0 0 -1
    outer loop
      vertex -12.7979 1.20208 0
      vertex -8.5 6.45 0
      vertex -12.6859 1.07847 0
    endloop
  endfacet
  facet normal 0 0 -1
    outer loop
      vertex -12.9215 1.31412 0
      vertex -8.5 6.45 0
      vertex -12.7979 1.20208 0
    endloop
  endfacet
  facet normal 0 0 -1
    outer loop
      vertex -13.0555 1.4135 0
      vertex -8.5 6.45 0
      vertex -12.9215 1.31412 0
    endloop
  endfacet
  facet normal 0 0 -1
    outer loop
      vertex -13.1986 1.49927 0
      vertex -8.5 6.45 0
      vertex -13.0555 1.4135 0
    endloop
  endfacet
  facet normal 0 0 -1
    outer loop
      vertex -13.3494 1.57059 0
      vertex -8.5 6.45 0
      vertex -13.1986 1.49927 0
    endloop
  endfacet
  facet normal 0 0 -1
    outer loop
      vertex -13.5065 1.6268 0
      vertex -8.5 6.45 0
      vertex -13.3494 1.57059 0
    endloop
  endfacet
  facet normal 0 0 -1
    outer loop
      vertex -13.6683 1.66733 0
      vertex -8.5 6.45 0
      vertex -13.5065 1.6268 0
    endloop
  endfacet
  facet normal 0 0 -1
    outer loop
      vertex -13.8334 1.69181 0
      vertex -8.5 6.45 0
      vertex -13.6683 1.66733 0
    endloop
  endfacet
  facet normal -0 0 -1
    outer loop
      vertex -8.5 6.45 0
      vertex -13.8334 1.69181 0
      vertex -8.49614 6.52841 0
    endloop
  endfacet
  facet normal 0 0 -1
    outer loop
      vertex -14 1.7 0
      vertex -8.49614 6.52841 0
      vertex -13.8334 1.69181 0
    endloop
  endfacet
  facet normal -0 0 -1
    outer loop
      vertex -8.49614 6.52841 0
      vertex -14 1.7 0
      vertex -8.48462 6.60606 0
    endloop
  endfacet
  facet normal 0 0 -1
    outer loop
      vertex -14.1666 1.69181 0
      vertex -8.48462 6.60606 0
      vertex -14 1.7 0
    endloop
  endfacet
  facet normal -0 0 -1
    outer loop
      vertex -8.48462 6.60606 0
      vertex -14.1666 1.69181 0
      vertex -8.46555 6.68222 0
    endloop
  endfacet
  facet normal 0 0 -1
    outer loop
      vertex -18 14 0
      vertex -8.46555 6.68222 0
      vertex -14.1666 1.69181 0
    endloop
  endfacet
  facet normal 0 0 -1
    outer loop
      vertex -8.46555 6.68222 0
      vertex -18 14 0
      vertex -8.4391 6.75615 0
    endloop
  endfacet
  facet normal 0 0 -1
    outer loop
      vertex -8.4391 6.75615 0
      vertex -18 14 0
      vertex -8.40553 6.82712 0
    endloop
  endfacet
  facet normal 0 0 -1
    outer loop
      vertex -8.40553 6.82712 0
      vertex -18 14 0
      vertex -8.36517 6.89445 0
    endloop
  endfacet
  facet normal 0 0 -1
    outer loop
      vertex -8.36517 6.89445 0
      vertex -18 14 0
      vertex -8.31841 6.9575 0
    endloop
  endfacet
  facet normal 0 0 -1
    outer loop
      vertex -8.31841 6.9575 0
      vertex -18 14 0
      vertex -8.26569 7.01569 0
    endloop
  endfacet
  facet normal 0 0 -1
    outer loop
      vertex -18 14 0
      vertex -14.1666 1.69181 0
      vertex -14.3317 1.66733 0
    endloop
  endfacet
  facet normal 0 0 -1
    outer loop
      vertex -18 14 0
      vertex -14.3317 1.66733 0
      vertex -14.4935 1.6268 0
    endloop
  endfacet
  facet normal 0 0 -1
    outer loop
      vertex -18 14 0
      vertex -14.4935 1.6268 0
      vertex -14.6506 1.57059 0
    endloop
  endfacet
  facet normal 0 0 -1
    outer loop
      vertex -18 14 0
      vertex -14.6506 1.57059 0
      vertex -14.8014 1.49927 0
    endloop
  endfacet
  facet normal 0 0 -1
    outer loop
      vertex -18 14 0
      vertex -14.8014 1.49927 0
      vertex -14.9445 1.4135 0
    endloop
  endfacet
  facet normal 0 0 -1
    outer loop
      vertex -18 14 0
      vertex -14.9445 1.4135 0
      vertex -15.0785 1.31412 0
    endloop
  endfacet
  facet normal 0 0 -1
    outer loop
      vertex -18 14 0
      vertex -15.7 0 0
      vertex -18 -14 0
    endloop
  endfacet
  facet normal 0 0 -1
    outer loop
      vertex -15.7 0 0
      vertex -18 14 0
      vertex -15.6918 0.166629 0
    endloop
  endfacet
  facet normal 0 0 -1
    outer loop
      vertex -7.7 7.25 0
      vertex -18 14 0
      vertex 18 14 0
    endloop
  endfacet
  facet normal 0 0 -1
    outer loop
      vertex -8.00615 7.1891 0
      vertex -18 14 0
      vertex -7.93222 7.21555 0
    endloop
  endfacet
  facet normal 0 0 -1
    outer loop
      vertex -8.07712 7.15553 0
      vertex -18 14 0
      vertex -8.00615 7.1891 0
    endloop
  endfacet
  facet normal 0 0 -1
    outer loop
      vertex -8.14445 7.11517 0
      vertex -18 14 0
      vertex -8.07712 7.15553 0
    endloop
  endfacet
  facet normal 0 0 -1
    outer loop
      vertex -8.2075 7.06841 0
      vertex -18 14 0
      vertex -8.14445 7.11517 0
    endloop
  endfacet
  facet normal 0 0 -1
    outer loop
      vertex -8.26569 7.01569 0
      vertex -18 14 0
      vertex -8.2075 7.06841 0
    endloop
  endfacet
  facet normal 0 0 -1
    outer loop
      vertex -15.2021 1.20208 0
      vertex -18 14 0
      vertex -15.0785 1.31412 0
    endloop
  endfacet
  facet normal 0 0 -1
    outer loop
      vertex -15.3141 1.07847 0
      vertex -18 14 0
      vertex -15.2021 1.20208 0
    endloop
  endfacet
  facet normal 0 0 -1
    outer loop
      vertex -15.4135 0.944468 0
      vertex -18 14 0
      vertex -15.3141 1.07847 0
    endloop
  endfacet
  facet normal 0 0 -1
    outer loop
      vertex -15.4993 0.801374 0
      vertex -18 14 0
      vertex -15.4135 0.944468 0
    endloop
  endfacet
  facet normal 0 0 -1
    outer loop
      vertex -15.5706 0.650561 0
      vertex -18 14 0
      vertex -15.4993 0.801374 0
    endloop
  endfacet
  facet normal 0 0 -1
    outer loop
      vertex -15.6268 0.493484 0
      vertex -18 14 0
      vertex -15.5706 0.650561 0
    endloop
  endfacet
  facet normal 0 0 -1
    outer loop
      vertex -15.6673 0.331653 0
      vertex -18 14 0
      vertex -15.6268 0.493484 0
    endloop
  endfacet
  facet normal 0 0 -1
    outer loop
      vertex -15.6918 0.166629 0
      vertex -18 14 0
      vertex -15.6673 0.331653 0
    endloop
  endfacet
  facet normal -1 0 0
    outer loop
      vertex -18 -14 0
      vertex -18 14 6
      vertex -18 14 0
    endloop
  endfacet
  facet normal -1 -0 0
    outer loop
      vertex -18 14 6
      vertex -18 -14 0
      vertex -18 -14 6
    endloop
  endfacet
  facet normal 0 1 -0
    outer loop
      vertex 18 14 0
      vertex -18 14 6
      vertex 18 14 6
    endloop
  endfacet
  facet normal 0 1 0
    outer loop
      vertex -18 14 6
      vertex 18 14 0
      vertex -18 14 0
    endloop
  endfacet
  facet normal 0 -1 0
    outer loop
      vertex -18 -14 0
      vertex 18 -14 6
      vertex -18 -14 6
    endloop
  endfacet
  facet normal 0 -1 -0
    outer loop
      vertex 18 -14 6
      vertex -18 -14 0
      vertex 18 -14 0
    endloop
  endfacet
  facet normal -0.595691 0.803214 0
    outer loop
      vertex 8.2075 -7.06841 0
      vertex 8.14445 -7.11517 6
      vertex 8.2075 -7.06841 6
    endloop
  endfacet
  facet normal -0.595691 0.803214 0
    outer loop
      vertex 8.14445 -7.11517 6
      vertex 8.2075 -7.06841 0
      vertex 8.14445 -7.11517 0
    endloop
  endfacet
  facet normal -0.242895 0.970053 0
    outer loop
      vertex 7.93222 -7.21555 0
      vertex 7.85606 -7.23462 6
      vertex 7.93222 -7.21555 6
    endloop
  endfacet
  facet normal -0.242895 0.970053 0
    outer loop
      vertex 7.85606 -7.23462 6
      vertex 7.93222 -7.21555 0
      vertex 7.85606 -7.23462 0
    endloop
  endfacet
  facet normal -0.51414 0.857706 0
    outer loop
      vertex 8.14445 -7.11517 0
      vertex 8.07712 -7.15553 6
      vertex 8.14445 -7.11517 6
    endloop
  endfacet
  facet normal -0.51414 0.857706 0
    outer loop
      vertex 8.07712 -7.15553 6
      vertex 8.14445 -7.11517 0
      vertex 8.07712 -7.15553 0
    endloop
  endfacet
  facet normal 1 -0 0
    outer loop
      vertex -8.5 -6.45 6
      vertex -8.5 6.45 0
      vertex -8.5 6.45 6
    endloop
  endfacet
  facet normal 1 0 0
    outer loop
      vertex -8.5 6.45 0
      vertex -8.5 -6.45 6
      vertex -8.5 -6.45 0
    endloop
  endfacet
  facet normal 0.595691 -0.803214 0
    outer loop
      vertex -8.2075 7.06841 0
      vertex -8.14445 7.11517 6
      vertex -8.2075 7.06841 6
    endloop
  endfacet
  facet normal 0.595691 -0.803214 0
    outer loop
      vertex -8.14445 7.11517 6
      vertex -8.2075 7.06841 0
      vertex -8.14445 7.11517 0
    endloop
  endfacet
  facet normal 0 1 -0
    outer loop
      vertex 7.7 -7.25 0
      vertex -7.7 -7.25 6
      vertex 7.7 -7.25 6
    endloop
  endfacet
  facet normal 0 1 0
    outer loop
      vertex -7.7 -7.25 6
      vertex 7.7 -7.25 0
      vertex -7.7 -7.25 0
    endloop
  endfacet
  facet normal -0.99879 -0.0491689 0
    outer loop
      vertex 8.5 6.45 0
      vertex 8.49614 6.52841 6
      vertex 8.49614 6.52841 0
    endloop
  endfacet
  facet normal -0.99879 -0.0491689 0
    outer loop
      vertex 8.49614 6.52841 6
      vertex 8.5 6.45 0
      vertex 8.5 6.45 6
    endloop
  endfacet
  facet normal 0.427594 0.903971 -0
    outer loop
      vertex -8.00615 -7.1891 0
      vertex -8.07712 -7.15553 6
      vertex -8.00615 -7.1891 6
    endloop
  endfacet
  facet normal 0.427594 0.903971 0
    outer loop
      vertex -8.07712 -7.15553 6
      vertex -8.00615 -7.1891 0
      vertex -8.07712 -7.15553 0
    endloop
  endfacet
  facet normal 0 -1 0
    outer loop
      vertex -7.7 7.25 0
      vertex 7.7 7.25 6
      vertex -7.7 7.25 6
    endloop
  endfacet
  facet normal 0 -1 -0
    outer loop
      vertex 7.7 7.25 6
      vertex -7.7 7.25 0
      vertex 7.7 7.25 0
    endloop
  endfacet
  facet normal -0.803214 0.595691 0
    outer loop
      vertex 8.31841 -6.9575 0
      vertex 8.36517 -6.89445 6
      vertex 8.36517 -6.89445 0
    endloop
  endfacet
  facet normal -0.803214 0.595691 0
    outer loop
      vertex 8.36517 -6.89445 6
      vertex 8.31841 -6.9575 0
      vertex 8.31841 -6.9575 6
    endloop
  endfacet
  facet normal -0.857706 0.51414 0
    outer loop
      vertex 8.36517 -6.89445 0
      vertex 8.40553 -6.82712 6
      vertex 8.40553 -6.82712 0
    endloop
  endfacet
  facet normal -0.857706 0.51414 0
    outer loop
      vertex 8.40553 -6.82712 6
      vertex 8.36517 -6.89445 0
      vertex 8.36517 -6.89445 6
    endloop
  endfacet
  facet normal -0.51414 -0.857706 0
    outer loop
      vertex 8.07712 7.15553 0
      vertex 8.14445 7.11517 6
      vertex 8.07712 7.15553 6
    endloop
  endfacet
  facet normal -0.51414 -0.857706 -0
    outer loop
      vertex 8.14445 7.11517 6
      vertex 8.07712 7.15553 0
      vertex 8.14445 7.11517 0
    endloop
  endfacet
  facet normal -0.857706 -0.51414 0
    outer loop
      vertex 8.40553 6.82712 0
      vertex 8.36517 6.89445 6
      vertex 8.36517 6.89445 0
    endloop
  endfacet
  facet normal -0.857706 -0.51414 0
    outer loop
      vertex 8.36517 6.89445 6
      vertex 8.40553 6.82712 0
      vertex 8.40553 6.82712 6
    endloop
  endfacet
  facet normal 0.595691 0.803214 -0
    outer loop
      vertex -8.14445 -7.11517 0
      vertex -8.2075 -7.06841 6
      vertex -8.14445 -7.11517 6
    endloop
  endfacet
  facet normal 0.595691 0.803214 0
    outer loop
      vertex -8.2075 -7.06841 6
      vertex -8.14445 -7.11517 0
      vertex -8.2075 -7.06841 0
    endloop
  endfacet
  facet normal -0.427594 0.903971 0
    outer loop
      vertex 8.07712 -7.15553 0
      vertex 8.00615 -7.1891 6
      vertex 8.07712 -7.15553 6
    endloop
  endfacet
  facet normal -0.427594 0.903971 0
    outer loop
      vertex 8.00615 -7.1891 6
      vertex 8.07712 -7.15553 0
      vertex 8.00615 -7.1891 0
    endloop
  endfacet
  facet normal -0.336861 0.941554 0
    outer loop
      vertex 8.00615 -7.1891 0
      vertex 7.93222 -7.21555 6
      vertex 8.00615 -7.1891 6
    endloop
  endfacet
  facet normal -0.336861 0.941554 0
    outer loop
      vertex 7.93222 -7.21555 6
      vertex 8.00615 -7.1891 0
      vertex 7.93222 -7.21555 0
    endloop
  endfacet
  facet normal -1 0 0
    outer loop
      vertex 8.5 -6.45 0
      vertex 8.5 6.45 6
      vertex 8.5 6.45 0
    endloop
  endfacet
  facet normal -1 -0 0
    outer loop
      vertex 8.5 6.45 6
      vertex 8.5 -6.45 0
      vertex 8.5 -6.45 6
    endloop
  endfacet
  facet normal -0.427594 -0.903971 0
    outer loop
      vertex 8.00615 7.1891 0
      vertex 8.07712 7.15553 6
      vertex 8.00615 7.1891 6
    endloop
  endfacet
  facet normal -0.427594 -0.903971 -0
    outer loop
      vertex 8.07712 7.15553 6
      vertex 8.00615 7.1891 0
      vertex 8.07712 7.15553 0
    endloop
  endfacet
  facet normal 0.671417 -0.74108 0
    outer loop
      vertex -8.26569 7.01569 0
      vertex -8.2075 7.06841 6
      vertex -8.26569 7.01569 6
    endloop
  endfacet
  facet normal 0.671417 -0.74108 0
    outer loop
      vertex -8.2075 7.06841 6
      vertex -8.26569 7.01569 0
      vertex -8.2075 7.06841 0
    endloop
  endfacet
  facet normal 0.903971 0.427594 0
    outer loop
      vertex -8.40553 -6.82712 6
      vertex -8.4391 -6.75615 0
      vertex -8.4391 -6.75615 6
    endloop
  endfacet
  facet normal 0.903971 0.427594 0
    outer loop
      vertex -8.4391 -6.75615 0
      vertex -8.40553 -6.82712 6
      vertex -8.40553 -6.82712 0
    endloop
  endfacet
  facet normal 0.242895 0.970053 -0
    outer loop
      vertex -7.85606 -7.23462 0
      vertex -7.93222 -7.21555 6
      vertex -7.85606 -7.23462 6
    endloop
  endfacet
  facet normal 0.242895 0.970053 0
    outer loop
      vertex -7.93222 -7.21555 6
      vertex -7.85606 -7.23462 0
      vertex -7.93222 -7.21555 0
    endloop
  endfacet
  facet normal 0.989173 -0.146752 0
    outer loop
      vertex -8.49614 6.52841 6
      vertex -8.48462 6.60606 0
      vertex -8.48462 6.60606 6
    endloop
  endfacet
  facet normal 0.989173 -0.146752 0
    outer loop
      vertex -8.48462 6.60606 0
      vertex -8.49614 6.52841 6
      vertex -8.49614 6.52841 0
    endloop
  endfacet
  facet normal 0.903971 -0.427594 0
    outer loop
      vertex -8.4391 6.75615 6
      vertex -8.40553 6.82712 0
      vertex -8.40553 6.82712 6
    endloop
  endfacet
  facet normal 0.903971 -0.427594 0
    outer loop
      vertex -8.40553 6.82712 0
      vertex -8.4391 6.75615 6
      vertex -8.4391 6.75615 0
    endloop
  endfacet
  facet normal 0.857706 -0.51414 0
    outer loop
      vertex -8.40553 6.82712 6
      vertex -8.36517 6.89445 0
      vertex -8.36517 6.89445 6
    endloop
  endfacet
  facet normal 0.857706 -0.51414 0
    outer loop
      vertex -8.36517 6.89445 0
      vertex -8.40553 6.82712 6
      vertex -8.40553 6.82712 0
    endloop
  endfacet
  facet normal 0.0491689 0.99879 -0
    outer loop
      vertex -7.7 -7.25 0
      vertex -7.77841 -7.24614 6
      vertex -7.7 -7.25 6
    endloop
  endfacet
  facet normal 0.0491689 0.99879 0
    outer loop
      vertex -7.77841 -7.24614 6
      vertex -7.7 -7.25 0
      vertex -7.77841 -7.24614 0
    endloop
  endfacet
  facet normal 0.51414 0.857706 -0
    outer loop
      vertex -8.07712 -7.15553 0
      vertex -8.14445 -7.11517 6
      vertex -8.07712 -7.15553 6
    endloop
  endfacet
  facet normal 0.51414 0.857706 0
    outer loop
      vertex -8.14445 -7.11517 6
      vertex -8.07712 -7.15553 0
      vertex -8.14445 -7.11517 0
    endloop
  endfacet
  facet normal -0.903971 -0.427594 0
    outer loop
      vertex 8.4391 6.75615 0
      vertex 8.40553 6.82712 6
      vertex 8.40553 6.82712 0
    endloop
  endfacet
  facet normal -0.903971 -0.427594 0
    outer loop
      vertex 8.40553 6.82712 6
      vertex 8.4391 6.75615 0
      vertex 8.4391 6.75615 6
    endloop
  endfacet
  facet normal -0.74108 -0.671417 0
    outer loop
      vertex 8.31841 6.9575 0
      vertex 8.26569 7.01569 6
      vertex 8.26569 7.01569 0
    endloop
  endfacet
  facet normal -0.74108 -0.671417 0
    outer loop
      vertex 8.26569 7.01569 6
      vertex 8.31841 6.9575 0
      vertex 8.31841 6.9575 6
    endloop
  endfacet
  facet normal -0.146752 0.989173 0
    outer loop
      vertex 7.85606 -7.23462 0
      vertex 7.77841 -7.24614 6
      vertex 7.85606 -7.23462 6
    endloop
  endfacet
  facet normal -0.146752 0.989173 0
    outer loop
      vertex 7.77841 -7.24614 6
      vertex 7.85606 -7.23462 0
      vertex 7.77841 -7.24614 0
    endloop
  endfacet
  facet normal -0.74108 0.671417 0
    outer loop
      vertex 8.26569 -7.01569 0
      vertex 8.31841 -6.9575 6
      vertex 8.31841 -6.9575 0
    endloop
  endfacet
  facet normal -0.74108 0.671417 0
    outer loop
      vertex 8.31841 -6.9575 6
      vertex 8.26569 -7.01569 0
      vertex 8.26569 -7.01569 6
    endloop
  endfacet
  facet normal 0.941554 -0.336861 0
    outer loop
      vertex -8.46555 6.68222 6
      vertex -8.4391 6.75615 0
      vertex -8.4391 6.75615 6
    endloop
  endfacet
  facet normal 0.941554 -0.336861 0
    outer loop
      vertex -8.4391 6.75615 0
      vertex -8.46555 6.68222 6
      vertex -8.46555 6.68222 0
    endloop
  endfacet
  facet normal 0.146752 -0.989173 0
    outer loop
      vertex -7.85606 7.23462 0
      vertex -7.77841 7.24614 6
      vertex -7.85606 7.23462 6
    endloop
  endfacet
  facet normal 0.146752 -0.989173 0
    outer loop
      vertex -7.77841 7.24614 6
      vertex -7.85606 7.23462 0
      vertex -7.77841 7.24614 0
    endloop
  endfacet
  facet normal 0.74108 -0.671417 0
    outer loop
      vertex -8.31841 6.9575 6
      vertex -8.26569 7.01569 0
      vertex -8.26569 7.01569 6
    endloop
  endfacet
  facet normal 0.74108 -0.671417 0
    outer loop
      vertex -8.26569 7.01569 0
      vertex -8.31841 6.9575 6
      vertex -8.31841 6.9575 0
    endloop
  endfacet
  facet normal -0.941554 0.336861 0
    outer loop
      vertex 8.4391 -6.75615 0
      vertex 8.46555 -6.68222 6
      vertex 8.46555 -6.68222 0
    endloop
  endfacet
  facet normal -0.941554 0.336861 0
    outer loop
      vertex 8.46555 -6.68222 6
      vertex 8.4391 -6.75615 0
      vertex 8.4391 -6.75615 6
    endloop
  endfacet
  facet normal 0.989173 0.146752 0
    outer loop
      vertex -8.48462 -6.60606 6
      vertex -8.49614 -6.52841 0
      vertex -8.49614 -6.52841 6
    endloop
  endfacet
  facet normal 0.989173 0.146752 0
    outer loop
      vertex -8.49614 -6.52841 0
      vertex -8.48462 -6.60606 6
      vertex -8.48462 -6.60606 0
    endloop
  endfacet
  facet normal -0.99879 0.0491689 0
    outer loop
      vertex 8.49614 -6.52841 0
      vertex 8.5 -6.45 6
      vertex 8.5 -6.45 0
    endloop
  endfacet
  facet normal -0.99879 0.0491689 0
    outer loop
      vertex 8.5 -6.45 6
      vertex 8.49614 -6.52841 0
      vertex 8.49614 -6.52841 6
    endloop
  endfacet
  facet normal 0.146752 0.989173 -0
    outer loop
      vertex -7.77841 -7.24614 0
      vertex -7.85606 -7.23462 6
      vertex -7.77841 -7.24614 6
    endloop
  endfacet
  facet normal 0.146752 0.989173 0
    outer loop
      vertex -7.85606 -7.23462 6
      vertex -7.77841 -7.24614 0
      vertex -7.85606 -7.23462 0
    endloop
  endfacet
  facet normal 0.336861 -0.941554 0
    outer loop
      vertex -8.00615 7.1891 0
      vertex -7.93222 7.21555 6
      vertex -8.00615 7.1891 6
    endloop
  endfacet
  facet normal 0.336861 -0.941554 0
    outer loop
      vertex -7.93222 7.21555 6
      vertex -8.00615 7.1891 0
      vertex -7.93222 7.21555 0
    endloop
  endfacet
  facet normal 0.336861 0.941554 -0
    outer loop
      vertex -7.93222 -7.21555 0
      vertex -8.00615 -7.1891 6
      vertex -7.93222 -7.21555 6
    endloop
  endfacet
  facet normal 0.336861 0.941554 0
    outer loop
      vertex -8.00615 -7.1891 6
      vertex -7.93222 -7.21555 0
      vertex -8.00615 -7.1891 0
    endloop
  endfacet
  facet normal 0.671417 0.74108 -0
    outer loop
      vertex -8.2075 -7.06841 0
      vertex -8.26569 -7.01569 6
      vertex -8.2075 -7.06841 6
    endloop
  endfacet
  facet normal 0.671417 0.74108 0
    outer loop
      vertex -8.26569 -7.01569 6
      vertex -8.2075 -7.06841 0
      vertex -8.26569 -7.01569 0
    endloop
  endfacet
  facet normal 0.803214 -0.595691 0
    outer loop
      vertex -8.36517 6.89445 6
      vertex -8.31841 6.9575 0
      vertex -8.31841 6.9575 6
    endloop
  endfacet
  facet normal 0.803214 -0.595691 0
    outer loop
      vertex -8.31841 6.9575 0
      vertex -8.36517 6.89445 6
      vertex -8.36517 6.89445 0
    endloop
  endfacet
  facet normal -0.146752 -0.989173 0
    outer loop
      vertex 7.77841 7.24614 0
      vertex 7.85606 7.23462 6
      vertex 7.77841 7.24614 6
    endloop
  endfacet
  facet normal -0.146752 -0.989173 -0
    outer loop
      vertex 7.85606 7.23462 6
      vertex 7.77841 7.24614 0
      vertex 7.85606 7.23462 0
    endloop
  endfacet
  facet normal 0.242895 -0.970053 0
    outer loop
      vertex -7.93222 7.21555 0
      vertex -7.85606 7.23462 6
      vertex -7.93222 7.21555 6
    endloop
  endfacet
  facet normal 0.242895 -0.970053 0
    outer loop
      vertex -7.85606 7.23462 6
      vertex -7.93222 7.21555 0
      vertex -7.85606 7.23462 0
    endloop
  endfacet
  facet normal -0.595691 -0.803214 0
    outer loop
      vertex 8.14445 7.11517 0
      vertex 8.2075 7.06841 6
      vertex 8.14445 7.11517 6
    endloop
  endfacet
  facet normal -0.595691 -0.803214 -0
    outer loop
      vertex 8.2075 7.06841 6
      vertex 8.14445 7.11517 0
      vertex 8.2075 7.06841 0
    endloop
  endfacet
  facet normal -0.671417 -0.74108 0
    outer loop
      vertex 8.2075 7.06841 0
      vertex 8.26569 7.01569 6
      vertex 8.2075 7.06841 6
    endloop
  endfacet
  facet normal -0.671417 -0.74108 -0
    outer loop
      vertex 8.26569 7.01569 6
      vertex 8.2075 7.06841 0
      vertex 8.26569 7.01569 0
    endloop
  endfacet
  facet normal -0.941554 -0.336861 0
    outer loop
      vertex 8.46555 6.68222 0
      vertex 8.4391 6.75615 6
      vertex 8.4391 6.75615 0
    endloop
  endfacet
  facet normal -0.941554 -0.336861 0
    outer loop
      vertex 8.4391 6.75615 6
      vertex 8.46555 6.68222 0
      vertex 8.46555 6.68222 6
    endloop
  endfacet
  facet normal -0.803214 -0.595691 0
    outer loop
      vertex 8.36517 6.89445 0
      vertex 8.31841 6.9575 6
      vertex 8.31841 6.9575 0
    endloop
  endfacet
  facet normal -0.803214 -0.595691 0
    outer loop
      vertex 8.31841 6.9575 6
      vertex 8.36517 6.89445 0
      vertex 8.36517 6.89445 6
    endloop
  endfacet
  facet normal 0.74108 0.671417 0
    outer loop
      vertex -8.26569 -7.01569 6
      vertex -8.31841 -6.9575 0
      vertex -8.31841 -6.9575 6
    endloop
  endfacet
  facet normal 0.74108 0.671417 0
    outer loop
      vertex -8.31841 -6.9575 0
      vertex -8.26569 -7.01569 6
      vertex -8.26569 -7.01569 0
    endloop
  endfacet
  facet normal 0.427594 -0.903971 0
    outer loop
      vertex -8.07712 7.15553 0
      vertex -8.00615 7.1891 6
      vertex -8.07712 7.15553 6
    endloop
  endfacet
  facet normal 0.427594 -0.903971 0
    outer loop
      vertex -8.00615 7.1891 6
      vertex -8.07712 7.15553 0
      vertex -8.00615 7.1891 0
    endloop
  endfacet
  facet normal -0.0491689 0.99879 0
    outer loop
      vertex 7.77841 -7.24614 0
      vertex 7.7 -7.25 6
      vertex 7.77841 -7.24614 6
    endloop
  endfacet
  facet normal -0.0491689 0.99879 0
    outer loop
      vertex 7.7 -7.25 6
      vertex 7.77841 -7.24614 0
      vertex 7.7 -7.25 0
    endloop
  endfacet
  facet normal 0.970053 -0.242895 0
    outer loop
      vertex -8.48462 6.60606 6
      vertex -8.46555 6.68222 0
      vertex -8.46555 6.68222 6
    endloop
  endfacet
  facet normal 0.970053 -0.242895 0
    outer loop
      vertex -8.46555 6.68222 0
      vertex -8.48462 6.60606 6
      vertex -8.48462 6.60606 0
    endloop
  endfacet
  facet normal -0.989173 -0.146752 0
    outer loop
      vertex 8.49614 6.52841 0
      vertex 8.48462 6.60606 6
      vertex 8.48462 6.60606 0
    endloop
  endfacet
  facet normal -0.989173 -0.146752 0
    outer loop
      vertex 8.48462 6.60606 6
      vertex 8.49614 6.52841 0
      vertex 8.49614 6.52841 6
    endloop
  endfacet
  facet normal -0.970053 -0.242895 0
    outer loop
      vertex 8.48462 6.60606 0
      vertex 8.46555 6.68222 6
      vertex 8.46555 6.68222 0
    endloop
  endfacet
  facet normal -0.970053 -0.242895 0
    outer loop
      vertex 8.46555 6.68222 6
      vertex 8.48462 6.60606 0
      vertex 8.48462 6.60606 6
    endloop
  endfacet
  facet normal 0.51414 -0.857706 0
    outer loop
      vertex -8.14445 7.11517 0
      vertex -8.07712 7.15553 6
      vertex -8.14445 7.11517 6
    endloop
  endfacet
  facet normal 0.51414 -0.857706 0
    outer loop
      vertex -8.07712 7.15553 6
      vertex -8.14445 7.11517 0
      vertex -8.07712 7.15553 0
    endloop
  endfacet
  facet normal 0.99879 0.0491689 0
    outer loop
      vertex -8.49614 -6.52841 6
      vertex -8.5 -6.45 0
      vertex -8.5 -6.45 6
    endloop
  endfacet
  facet normal 0.99879 0.0491689 0
    outer loop
      vertex -8.5 -6.45 0
      vertex -8.49614 -6.52841 6
      vertex -8.49614 -6.52841 0
    endloop
  endfacet
  facet normal 0.0491689 -0.99879 0
    outer loop
      vertex -7.77841 7.24614 0
      vertex -7.7 7.25 6
      vertex -7.77841 7.24614 6
    endloop
  endfacet
  facet normal 0.0491689 -0.99879 0
    outer loop
      vertex -7.7 7.25 6
      vertex -7.77841 7.24614 0
      vertex -7.7 7.25 0
    endloop
  endfacet
  facet normal 0.99879 -0.0491689 0
    outer loop
      vertex -8.5 6.45 6
      vertex -8.49614 6.52841 0
      vertex -8.49614 6.52841 6
    endloop
  endfacet
  facet normal 0.99879 -0.0491689 0
    outer loop
      vertex -8.49614 6.52841 0
      vertex -8.5 6.45 6
      vertex -8.5 6.45 0
    endloop
  endfacet
  facet normal 0.803214 0.595691 0
    outer loop
      vertex -8.31841 -6.9575 6
      vertex -8.36517 -6.89445 0
      vertex -8.36517 -6.89445 6
    endloop
  endfacet
  facet normal 0.803214 0.595691 0
    outer loop
      vertex -8.36517 -6.89445 0
      vertex -8.31841 -6.9575 6
      vertex -8.31841 -6.9575 0
    endloop
  endfacet
  facet normal -0.970053 0.242895 0
    outer loop
      vertex 8.46555 -6.68222 0
      vertex 8.48462 -6.60606 6
      vertex 8.48462 -6.60606 0
    endloop
  endfacet
  facet normal -0.970053 0.242895 0
    outer loop
      vertex 8.48462 -6.60606 6
      vertex 8.46555 -6.68222 0
      vertex 8.46555 -6.68222 6
    endloop
  endfacet
  facet normal 0.941554 0.336861 0
    outer loop
      vertex -8.4391 -6.75615 6
      vertex -8.46555 -6.68222 0
      vertex -8.46555 -6.68222 6
    endloop
  endfacet
  facet normal 0.941554 0.336861 0
    outer loop
      vertex -8.46555 -6.68222 0
      vertex -8.4391 -6.75615 6
      vertex -8.4391 -6.75615 0
    endloop
  endfacet
  facet normal -0.903971 0.427594 0
    outer loop
      vertex 8.40553 -6.82712 0
      vertex 8.4391 -6.75615 6
      vertex 8.4391 -6.75615 0
    endloop
  endfacet
  facet normal -0.903971 0.427594 0
    outer loop
      vertex 8.4391 -6.75615 6
      vertex 8.40553 -6.82712 0
      vertex 8.40553 -6.82712 6
    endloop
  endfacet
  facet normal 0.857706 0.51414 0
    outer loop
      vertex -8.36517 -6.89445 6
      vertex -8.40553 -6.82712 0
      vertex -8.40553 -6.82712 6
    endloop
  endfacet
  facet normal 0.857706 0.51414 0
    outer loop
      vertex -8.40553 -6.82712 0
      vertex -8.36517 -6.89445 6
      vertex -8.36517 -6.89445 0
    endloop
  endfacet
  facet normal -0.0491689 -0.99879 0
    outer loop
      vertex 7.7 7.25 0
      vertex 7.77841 7.24614 6
      vertex 7.7 7.25 6
    endloop
  endfacet
  facet normal -0.0491689 -0.99879 -0
    outer loop
      vertex 7.77841 7.24614 6
      vertex 7.7 7.25 0
      vertex 7.77841 7.24614 0
    endloop
  endfacet
  facet normal -0.671417 0.74108 0
    outer loop
      vertex 8.26569 -7.01569 0
      vertex 8.2075 -7.06841 6
      vertex 8.26569 -7.01569 6
    endloop
  endfacet
  facet normal -0.671417 0.74108 0
    outer loop
      vertex 8.2075 -7.06841 6
      vertex 8.26569 -7.01569 0
      vertex 8.2075 -7.06841 0
    endloop
  endfacet
  facet normal -0.242895 -0.970053 0
    outer loop
      vertex 7.85606 7.23462 0
      vertex 7.93222 7.21555 6
      vertex 7.85606 7.23462 6
    endloop
  endfacet
  facet normal -0.242895 -0.970053 -0
    outer loop
      vertex 7.93222 7.21555 6
      vertex 7.85606 7.23462 0
      vertex 7.93222 7.21555 0
    endloop
  endfacet
  facet normal -0.336861 -0.941554 0
    outer loop
      vertex 7.93222 7.21555 0
      vertex 8.00615 7.1891 6
      vertex 7.93222 7.21555 6
    endloop
  endfacet
  facet normal -0.336861 -0.941554 -0
    outer loop
      vertex 8.00615 7.1891 6
      vertex 7.93222 7.21555 0
      vertex 8.00615 7.1891 0
    endloop
  endfacet
  facet normal 0.970053 0.242895 0
    outer loop
      vertex -8.46555 -6.68222 6
      vertex -8.48462 -6.60606 0
      vertex -8.48462 -6.60606 6
    endloop
  endfacet
  facet normal 0.970053 0.242895 0
    outer loop
      vertex -8.48462 -6.60606 0
      vertex -8.46555 -6.68222 6
      vertex -8.46555 -6.68222 0
    endloop
  endfacet
  facet normal -0.989173 0.146752 0
    outer loop
      vertex 8.48462 -6.60606 0
      vertex 8.49614 -6.52841 6
      vertex 8.49614 -6.52841 0
    endloop
  endfacet
  facet normal -0.989173 0.146752 0
    outer loop
      vertex 8.49614 -6.52841 6
      vertex 8.48462 -6.60606 0
      vertex 8.48462 -6.60606 6
    endloop
  endfacet
  facet normal 1 -0 0
    outer loop
      vertex 13.8 -9.75 50
      vertex 13.8 -7.75 6
      vertex 13.8 -7.75 50
    endloop
  endfacet
  facet normal 1 0 0
    outer loop
      vertex 13.8 -7.75 6
      vertex 13.8 -9.75 50
      vertex 13.8 -9.75 6
    endloop
  endfacet
  facet normal 1 -0 0
    outer loop
      vertex 13.8 7.75 50
      vertex 13.8 9.75 6
      vertex 13.8 9.75 50
    endloop
  endfacet
  facet normal 1 0 0
    outer loop
      vertex 13.8 9.75 6
      vertex 13.8 7.75 50
      vertex 13.8 7.75 6
    endloop
  endfacet
  facet normal 1 -0 0
    outer loop
      vertex 13.8 -1 50
      vertex 13.8 1 6
      vertex 13.8 1 50
    endloop
  endfacet
  facet normal 1 0 0
    outer loop
      vertex 13.8 1 6
      vertex 13.8 -1 50
      vertex 13.8 -1 6
    endloop
  endfacet
  facet normal 0 0 1
    outer loop
      vertex -11.8 -1 50
      vertex -13.6 -1 50
      vertex -11.8 -7.75 50
    endloop
  endfacet
  facet normal 0 0 1
    outer loop
      vertex 11.8 7.75 50
      vertex 13.8 7.75 50
      vertex 13.8 9.75 50
    endloop
  endfacet
  facet normal 0 -0 1
    outer loop
      vertex 13.6 1 50
      vertex 13.8 7.75 50
      vertex 11.8 7.75 50
    endloop
  endfacet
  facet normal 0 0 1
    outer loop
      vertex 13.8 1 50
      vertex 13.6 1 50
      vertex 13.8 -1 50
    endloop
  endfacet
  facet normal 0 0 1
    outer loop
      vertex 13.6 -1 50
      vertex 13.8 -1 50
      vertex 13.6 1 50
    endloop
  endfacet
  facet normal 0 0 1
    outer loop
      vertex 13.8 -1 50
      vertex 13.6 -1 50
      vertex 13.8 -7.75 50
    endloop
  endfacet
  facet normal 0 0 1
    outer loop
      vertex 13.8 7.75 50
      vertex 13.6 1 50
      vertex 13.8 1 50
    endloop
  endfacet
  facet normal 0 0 1
    outer loop
      vertex 13.8 9.75 50
      vertex 3 7.75 50
      vertex 11.8 7.75 50
    endloop
  endfacet
  facet normal 0 0 1
    outer loop
      vertex 3 7.75 50
      vertex -3 7.75 50
      vertex 3 7.05 50
    endloop
  endfacet
  facet normal 0 0 1
    outer loop
      vertex 13.8 9.75 50
      vertex -3 7.75 50
      vertex 3 7.75 50
    endloop
  endfacet
  facet normal -0 0 1
    outer loop
      vertex -13.8 9.75 50
      vertex -3 7.75 50
      vertex 13.8 9.75 50
    endloop
  endfacet
  facet normal 0 0 1
    outer loop
      vertex -11.8 7.75 50
      vertex -13.6 1 50
      vertex -11.8 1 50
    endloop
  endfacet
  facet normal 0 0 1
    outer loop
      vertex -11.8 7.75 50
      vertex -13.8 7.75 50
      vertex -13.6 1 50
    endloop
  endfacet
  facet normal 0 0 1
    outer loop
      vertex -13.8 7.75 50
      vertex -11.8 7.75 50
      vertex -13.8 9.75 50
    endloop
  endfacet
  facet normal 0 0 1
    outer loop
      vertex -3 7.75 50
      vertex -13.8 9.75 50
      vertex -11.8 7.75 50
    endloop
  endfacet
  facet normal 0 0 1
    outer loop
      vertex 11.8 -7.75 50
      vertex 13.8 -7.75 50
      vertex 13.6 -1 50
    endloop
  endfacet
  facet normal 0 0 1
    outer loop
      vertex 11.8 -7.75 50
      vertex 13.6 -1 50
      vertex 11.8 -1 50
    endloop
  endfacet
  facet normal 0 0 1
    outer loop
      vertex 13.8 -7.75 50
      vertex 11.8 -7.75 50
      vertex 13.8 -9.75 50
    endloop
  endfacet
  facet normal -0 0 1
    outer loop
      vertex -11.8 -7.75 50
      vertex 13.8 -9.75 50
      vertex 11.8 -7.75 50
    endloop
  endfacet
  facet normal 0 0 1
    outer loop
      vertex -13.8 1 50
      vertex -13.6 1 50
      vertex -13.8 7.75 50
    endloop
  endfacet
  facet normal 0 0 1
    outer loop
      vertex -13.6 1 50
      vertex -13.8 1 50
      vertex -13.6 -1 50
    endloop
  endfacet
  facet normal 0 0 1
    outer loop
      vertex -13.8 -1 50
      vertex -13.6 -1 50
      vertex -13.8 1 50
    endloop
  endfacet
  facet normal 0 0 1
    outer loop
      vertex -13.8 -7.75 50
      vertex -13.6 -1 50
      vertex -13.8 -1 50
    endloop
  endfacet
  facet normal 0 0 1
    outer loop
      vertex -13.6 -1 50
      vertex -13.8 -7.75 50
      vertex -11.8 -7.75 50
    endloop
  endfacet
  facet normal 0 0 1
    outer loop
      vertex -13.8 -9.75 50
      vertex -11.8 -7.75 50
      vertex -13.8 -7.75 50
    endloop
  endfacet
  facet normal 0 0 1
    outer loop
      vertex -11.8 -7.75 50
      vertex -13.8 -9.75 50
      vertex 13.8 -9.75 50
    endloop
  endfacet
  facet normal 0 0 1
    outer loop
      vertex 13.6 1 50
      vertex 11.8 7.75 50
      vertex 11.8 1 50
    endloop
  endfacet
  facet normal 0 0 1
    outer loop
      vertex 3 7.05 50
      vertex -3 7.75 50
      vertex -3 7.05 50
    endloop
  endfacet
  facet normal -1 0 0
    outer loop
      vertex -13.8 7.75 6
      vertex -13.8 9.75 50
      vertex -13.8 9.75 6
    endloop
  endfacet
  facet normal -1 -0 0
    outer loop
      vertex -13.8 9.75 50
      vertex -13.8 7.75 6
      vertex -13.8 7.75 50
    endloop
  endfacet
  facet normal -1 0 0
    outer loop
      vertex -13.8 -9.75 6
      vertex -13.8 -7.75 50
      vertex -13.8 -7.75 6
    endloop
  endfacet
  facet normal -1 -0 0
    outer loop
      vertex -13.8 -7.75 50
      vertex -13.8 -9.75 6
      vertex -13.8 -9.75 50
    endloop
  endfacet
  facet normal -1 0 0
    outer loop
      vertex -13.8 -1 6
      vertex -13.8 1 50
      vertex -13.8 1 6
    endloop
  endfacet
  facet normal -1 -0 0
    outer loop
      vertex -13.8 1 50
      vertex -13.8 -1 6
      vertex -13.8 -1 50
    endloop
  endfacet
  facet normal 0 1 -0
    outer loop
      vertex 13.8 9.75 6
      vertex -13.8 9.75 50
      vertex 13.8 9.75 50
    endloop
  endfacet
  facet normal 0 1 0
    outer loop
      vertex -13.8 9.75 50
      vertex 13.8 9.75 6
      vertex -13.8 9.75 6
    endloop
  endfacet
  facet normal 0 -1 0
    outer loop
      vertex -13.8 -9.75 6
      vertex 13.8 -9.75 50
      vertex -13.8 -9.75 50
    endloop
  endfacet
  facet normal 0 -1 -0
    outer loop
      vertex 13.8 -9.75 50
      vertex -13.8 -9.75 6
      vertex 13.8 -9.75 6
    endloop
  endfacet
  facet normal -1 0 0
    outer loop
      vertex 13.6 -1 9.8
      vertex 13.6 1 50
      vertex 13.6 1 9.8
    endloop
  endfacet
  facet normal -1 -0 0
    outer loop
      vertex 13.6 1 50
      vertex 13.6 -1 9.8
      vertex 13.6 -1 50
    endloop
  endfacet
  facet normal 1 -0 0
    outer loop
      vertex -13.6 -1 50
      vertex -13.6 1 9.8
      vertex -13.6 1 50
    endloop
  endfacet
  facet normal 1 0 0
    outer loop
      vertex -13.6 1 9.8
      vertex -13.6 -1 50
      vertex -13.6 -1 9.8
    endloop
  endfacet
  facet normal 0 -1 0
    outer loop
      vertex -11.8 7.75 50
      vertex -3 7.75 46
      vertex -3 7.75 50
    endloop
  endfacet
  facet normal 0 -1 -0
    outer loop
      vertex -3 7.75 46
      vertex -11.8 7.75 8
      vertex 3 7.75 46
    endloop
  endfacet
  facet normal 0 -1 0
    outer loop
      vertex -11.8 7.75 8
      vertex -3 7.75 46
      vertex -11.8 7.75 50
    endloop
  endfacet
  facet normal 0 -1 0
    outer loop
      vertex 3 7.75 46
      vertex 11.8 7.75 50
      vertex 3 7.75 50
    endloop
  endfacet
  facet normal 0 -1 0
    outer loop
      vertex 11.8 7.75 8
      vertex 3 7.75 46
      vertex -11.8 7.75 8
    endloop
  endfacet
  facet normal 0 -1 0
    outer loop
      vertex 3 7.75 46
      vertex 11.8 7.75 8
      vertex 11.8 7.75 50
    endloop
  endfacet
  facet normal 0 -1 0
    outer loop
      vertex -9.8 7.75 6
      vertex 11.8 7.75 8
      vertex -11.8 7.75 8
    endloop
  endfacet
  facet normal 0 -1 0
    outer loop
      vertex 11.8 7.75 8
      vertex -9.8 7.75 6
      vertex 9.8 7.75 6
    endloop
  endfacet
  facet normal 0 1 -0
    outer loop
      vertex 11.8 -7.75 8
      vertex -11.8 -7.75 50
      vertex 11.8 -7.75 50
    endloop
  endfacet
  facet normal 0 1 0
    outer loop
      vertex 11.8 -7.75 8
      vertex -11.8 -7.75 8
      vertex -11.8 -7.75 50
    endloop
  endfacet
  facet normal 0 1 -0
    outer loop
      vertex 9.8 -7.75 6
      vertex -11.8 -7.75 8
      vertex 11.8 -7.75 8
    endloop
  endfacet
  facet normal 0 1 0
    outer loop
      vertex -11.8 -7.75 8
      vertex 9.8 -7.75 6
      vertex -9.8 -7.75 6
    endloop
  endfacet
  facet normal 1 -0 0
    outer loop
      vertex -11.8 1 50
      vertex -11.8 7.75 8
      vertex -11.8 7.75 50
    endloop
  endfacet
  facet normal 1 0 0
    outer loop
      vertex -11.8 7.75 8
      vertex -11.8 1 50
      vertex -11.8 1 8
    endloop
  endfacet
  facet normal 1 -0 0
    outer loop
      vertex -11.8 -7.75 50
      vertex -11.8 -1 8
      vertex -11.8 -1 50
    endloop
  endfacet
  facet normal 1 0 0
    outer loop
      vertex -11.8 -1 8
      vertex -11.8 -7.75 50
      vertex -11.8 -7.75 8
    endloop
  endfacet
  facet normal -1 0 0
    outer loop
      vertex -13.8 2.09017 6
      vertex -13.8 7.75 50
      vertex -13.8 7.75 6
    endloop
  endfacet
  facet normal -1 0 0
    outer loop
      vertex -13.8 1 50
      vertex -13.8 2.09017 6
      vertex -13.8 1 6
    endloop
  endfacet
  facet normal -1 0 0
    outer loop
      vertex -13.8 2.09017 6
      vertex -13.8 1 50
      vertex -13.8 7.75 50
    endloop
  endfacet
  facet normal -1 0 0
    outer loop
      vertex -13.8 -2.09017 6
      vertex -13.8 -1 50
      vertex -13.8 -1 6
    endloop
  endfacet
  facet normal -1 0 0
    outer loop
      vertex -13.8 -7.75 50
      vertex -13.8 -2.09017 6
      vertex -13.8 -7.75 6
    endloop
  endfacet
  facet normal -1 0 0
    outer loop
      vertex -13.8 -2.09017 6
      vertex -13.8 -7.75 50
      vertex -13.8 -1 50
    endloop
  endfacet
  facet normal 0 -1 0
    outer loop
      vertex -13.6 1 9.8
      vertex -11.8 1 50
      vertex -13.6 1 50
    endloop
  endfacet
  facet normal 0 -1 -0
    outer loop
      vertex -11.8 1 50
      vertex -13.6 1 9.8
      vertex -11.8 1 8
    endloop
  endfacet
  facet normal 0 1 0
    outer loop
      vertex -11.8 -1 50
      vertex -13.6 -1 9.8
      vertex -13.6 -1 50
    endloop
  endfacet
  facet normal -0 1 0
    outer loop
      vertex -13.6 -1 9.8
      vertex -11.8 -1 50
      vertex -11.8 -1 8
    endloop
  endfacet
  facet normal 1 0 0
    outer loop
      vertex 13.8 7.75 50
      vertex 13.8 2.09017 6
      vertex 13.8 7.75 6
    endloop
  endfacet
  facet normal 1 -0 0
    outer loop
      vertex 13.8 1 50
      vertex 13.8 2.09017 6
      vertex 13.8 7.75 50
    endloop
  endfacet
  facet normal 1 0 0
    outer loop
      vertex 13.8 2.09017 6
      vertex 13.8 1 50
      vertex 13.8 1 6
    endloop
  endfacet
  facet normal 1 0 0
    outer loop
      vertex 13.8 -1 50
      vertex 13.8 -2.09017 6
      vertex 13.8 -1 6
    endloop
  endfacet
  facet normal 1 -0 0
    outer loop
      vertex 13.8 -7.75 50
      vertex 13.8 -2.09017 6
      vertex 13.8 -1 50
    endloop
  endfacet
  facet normal 1 0 0
    outer loop
      vertex 13.8 -2.09017 6
      vertex 13.8 -7.75 50
      vertex 13.8 -7.75 6
    endloop
  endfacet
  facet normal -1 0 0
    outer loop
      vertex 11.8 1 8
      vertex 11.8 7.75 50
      vertex 11.8 7.75 8
    endloop
  endfacet
  facet normal -1 -0 0
    outer loop
      vertex 11.8 7.75 50
      vertex 11.8 1 8
      vertex 11.8 1 50
    endloop
  endfacet
  facet normal -1 0 0
    outer loop
      vertex 11.8 -7.75 8
      vertex 11.8 -1 50
      vertex 11.8 -1 8
    endloop
  endfacet
  facet normal -1 -0 0
    outer loop
      vertex 11.8 -1 50
      vertex 11.8 -7.75 8
      vertex 11.8 -7.75 50
    endloop
  endfacet
  facet normal 0 -1 0
    outer loop
      vertex 11.8 1 50
      vertex 13.6 1 9.8
      vertex 13.6 1 50
    endloop
  endfacet
  facet normal -0 -1 0
    outer loop
      vertex 13.6 1 9.8
      vertex 11.8 1 50
      vertex 11.8 1 8
    endloop
  endfacet
  facet normal 0 1 -0
    outer loop
      vertex 13.6 -1 9.8
      vertex 11.8 -1 50
      vertex 13.6 -1 50
    endloop
  endfacet
  facet normal 0 1 0
    outer loop
      vertex 11.8 -1 50
      vertex 13.6 -1 9.8
      vertex 11.8 -1 8
    endloop
  endfacet
  facet normal 1 0 0
    outer loop
      vertex 3 7.75 50
      vertex 3 7.35 48.8
      vertex 3 7.75 46
    endloop
  endfacet
  facet normal 1 -0 0
    outer loop
      vertex 3 7.05 50
      vertex 3 7.35 48.8
      vertex 3 7.75 50
    endloop
  endfacet
  facet normal 1 0 0
    outer loop
      vertex 3 7.35 48.8
      vertex 3 7.05 50
      vertex 3 7.05 48.8
    endloop
  endfacet
  facet normal 1 0 0
    outer loop
      vertex 3 7.75 46
      vertex 3 7.35 48.8
      vertex 3 7.35 46
    endloop
  endfacet
  facet normal 0 0 -1
    outer loop
      vertex -3 7.35 46
      vertex 3 7.75 46
      vertex 3 7.35 46
    endloop
  endfacet
  facet normal -0 0 -1
    outer loop
      vertex 3 7.75 46
      vertex -3 7.35 46
      vertex -3 7.75 46
    endloop
  endfacet
  facet normal -1 0 0
    outer loop
      vertex -3 7.35 48.8
      vertex -3 7.75 46
      vertex -3 7.35 46
    endloop
  endfacet
  facet normal -1 0 0
    outer loop
      vertex -3 7.75 46
      vertex -3 7.35 48.8
      vertex -3 7.75 50
    endloop
  endfacet
  facet normal -1 0 0
    outer loop
      vertex -3 7.05 50
      vertex -3 7.35 48.8
      vertex -3 7.05 48.8
    endloop
  endfacet
  facet normal -1 0 0
    outer loop
      vertex -3 7.35 48.8
      vertex -3 7.05 50
      vertex -3 7.75 50
    endloop
  endfacet
  facet normal 0 -1 0
    outer loop
      vertex -3 7.35 46
      vertex 3 7.35 48.8
      vertex -3 7.35 48.8
    endloop
  endfacet
  facet normal 0 -1 -0
    outer loop
      vertex 3 7.35 48.8
      vertex -3 7.35 46
      vertex 3 7.35 46
    endloop
  endfacet
  facet normal 0 0 -1
    outer loop
      vertex -3 7.05 48.8
      vertex 3 7.35 48.8
      vertex 3 7.05 48.8
    endloop
  endfacet
  facet normal -0 0 -1
    outer loop
      vertex 3 7.35 48.8
      vertex -3 7.05 48.8
      vertex -3 7.35 48.8
    endloop
  endfacet
  facet normal 0 -1 0
    outer loop
      vertex -3 7.05 48.8
      vertex 3 7.05 50
      vertex -3 7.05 50
    endloop
  endfacet
  facet normal 0 -1 -0
    outer loop
      vertex 3 7.05 50
      vertex -3 7.05 48.8
      vertex 3 7.05 48.8
    endloop
  endfacet
  facet normal 0.707107 0 0.707107
    outer loop
      vertex -13.6 1 9.8
      vertex -13.6 -1 9.8
      vertex -11.8 1 8
    endloop
  endfacet
  facet normal 0.707107 -0 0.707107
    outer loop
      vertex -11.8 1 8
      vertex -9.8 7.75 6
      vertex -11.8 7.75 8
    endloop
  endfacet
  facet normal 0.707107 -0 0.707107
    outer loop
      vertex -11.8 -1 8
      vertex -11.8 1 8
      vertex -13.6 -1 9.8
    endloop
  endfacet
  facet normal 0.707107 -0 0.707107
    outer loop
      vertex -11.8 -1 8
      vertex -9.8 7.75 6
      vertex -11.8 1 8
    endloop
  endfacet
  facet normal 0.707107 0 0.707107
    outer loop
      vertex -9.8 -7.75 6
      vertex -11.8 -1 8
      vertex -11.8 -7.75 8
    endloop
  endfacet
  facet normal 0.707107 0 0.707107
    outer loop
      vertex -11.8 -1 8
      vertex -9.8 -7.75 6
      vertex -9.8 7.75 6
    endloop
  endfacet
  facet normal -0.707107 0 0.707107
    outer loop
      vertex 9.8 7.75 6
      vertex 11.8 1 8
      vertex 11.8 7.75 8
    endloop
  endfacet
  facet normal -0.707107 0 0.707107
    outer loop
      vertex 11.8 1 8
      vertex 11.8 -1 8
      vertex 13.6 1 9.8
    endloop
  endfacet
  facet normal -0.707107 0 0.707107
    outer loop
      vertex 9.8 7.75 6
      vertex 11.8 -1 8
      vertex 11.8 1 8
    endloop
  endfacet
  facet normal -0.707107 0 0.707107
    outer loop
      vertex 9.8 -7.75 6
      vertex 11.8 -1 8
      vertex 9.8 7.75 6
    endloop
  endfacet
  facet normal -0.707107 0 0.707107
    outer loop
      vertex 11.8 -1 8
      vertex 9.8 -7.75 6
      vertex 11.8 -7.75 8
    endloop
  endfacet
  facet normal -0.707107 0 0.707107
    outer loop
      vertex 13.6 1 9.8
      vertex 11.8 -1 8
      vertex 13.6 -1 9.8
    endloop
  endfacet
endsolid OpenSCAD_Model
