solid OpenSCAD_Model
  facet normal -1 0 0
    outer loop
      vertex -17.25 8.7 4
      vertex -17.25 8.7 6.5
      vertex -17.25 15.2 6.5
    endloop
  endfacet
  facet normal 0 0 1
    outer loop
      vertex -17.25 8.7 6.5
      vertex -15.039230484541326 11.35 6.5
      vertex -15.108655439013544 11.490779881161892 6.5
    endloop
  endfacet
  facet normal 0 0 1
    outer loop
      vertex -17.25 8.7 6.5
      vertex -15.108655439013544 11.490779881161892 6.5
      vertex -15.159110991546882 11.639417145876974 6.5
    endloop
  endfacet
  facet normal 0 0 1
    outer loop
      vertex -17.25 8.7 6.5
      vertex -15.159110991546882 11.639417145876974 6.5
      vertex -15.189733833648573 11.793368569335938 6.5
    endloop
  endfacet
  facet normal 0 0 1
    outer loop
      vertex -17.25 8.7 6.5
      vertex -15.189733833648573 11.793368569335938 6.5
      vertex -15.2 11.95 6.5
    endloop
  endfacet
  facet normal 0 0 1
    outer loop
      vertex -17.25 8.7 6.5
      vertex -15.2 11.95 6.5
      vertex -15.189733833648573 12.106631430664061 6.5
    endloop
  endfacet
  facet normal 0 0 1
    outer loop
      vertex -17.25 8.7 6.5
      vertex -15.189733833648573 12.106631430664061 6.5
      vertex -15.159110991546882 12.260582854123024 6.5
    endloop
  endfacet
  facet normal 0 0 1
    outer loop
      vertex -17.25 8.7 6.5
      vertex -15.159110991546882 12.260582854123024 6.5
      vertex -15.108655439013544 12.409220118838107 6.5
    endloop
  endfacet
  facet normal 0 -1 0
    outer loop
      vertex -17.25 8.7 4
      vertex -10.75 8.7 6.5
      vertex -17.25 8.7 6.5
    endloop
  endfacet
  facet normal 0 0 1
    outer loop
      vertex -17.25 8.7 6.5
      vertex -10.75 8.7 6.5
      vertex -14.459220118838108 10.841344560986455 6.5
    endloop
  endfacet
  facet normal 0 0 1
    outer loop
      vertex -17.25 8.7 6.5
      vertex -14.730513714810465 10.997975991650517 6.5
      vertex -14.848528137423857 11.101471862576142 6.5
    endloop
  endfacet
  facet normal 0 0 1
    outer loop
      vertex -17.25 8.7 6.5
      vertex -14.6 10.910769515458673 6.5
      vertex -14.730513714810465 10.997975991650517 6.5
    endloop
  endfacet
  facet normal 0 0 1
    outer loop
      vertex -17.25 8.7 6.5
      vertex -14.848528137423857 11.101471862576142 6.5
      vertex -14.952024008349483 11.219486285189534 6.5
    endloop
  endfacet
  facet normal 0 0 1
    outer loop
      vertex -17.25 8.7 6.5
      vertex -14.952024008349483 11.219486285189534 6.5
      vertex -15.039230484541326 11.35 6.5
    endloop
  endfacet
  facet normal 0 0 1
    outer loop
      vertex -17.25 8.7 6.5
      vertex -14.459220118838108 10.841344560986455 6.5
      vertex -14.6 10.910769515458673 6.5
    endloop
  endfacet
  facet normal 0 -1 0
    outer loop
      vertex -17.25 8.7 4
      vertex -10.75 8.7 4
      vertex -10.75 8.7 6.5
    endloop
  endfacet
  facet normal 1 0 0
    outer loop
      vertex -10.75 8.7 4
      vertex -10.75 15.2 4
      vertex -10.75 8.7 6.5
    endloop
  endfacet
  facet normal 0 0 1
    outer loop
      vertex -14.156631430664062 10.760266166351427 6.5
      vertex -10.75 8.7 6.5
      vertex -14 10.75 6.5
    endloop
  endfacet
  facet normal 0 0 1
    outer loop
      vertex -14 10.75 6.5
      vertex -10.75 8.7 6.5
      vertex -13.843368569335938 10.760266166351427 6.5
    endloop
  endfacet
  facet normal 0 0 1
    outer loop
      vertex -14.459220118838108 10.841344560986455 6.5
      vertex -10.75 8.7 6.5
      vertex -14.310582854123025 10.790889008453117 6.5
    endloop
  endfacet
  facet normal 0 0 1
    outer loop
      vertex -14.156631430664062 10.760266166351427 6.5
      vertex -14.310582854123025 10.790889008453117 6.5
      vertex -10.75 8.7 6.5
    endloop
  endfacet
  facet normal 0 0 1
    outer loop
      vertex -13.843368569335938 10.760266166351427 6.5
      vertex -10.75 8.7 6.5
      vertex -13.689417145876975 10.790889008453117 6.5
    endloop
  endfacet
  facet normal 0 0 1
    outer loop
      vertex -13.689417145876975 10.790889008453117 6.5
      vertex -10.75 8.7 6.5
      vertex -13.540779881161892 10.841344560986455 6.5
    endloop
  endfacet
  facet normal 0 0 1
    outer loop
      vertex -13.540779881161892 10.841344560986455 6.5
      vertex -10.75 8.7 6.5
      vertex -13.4 10.910769515458673 6.5
    endloop
  endfacet
  facet normal 0 0 1
    outer loop
      vertex -13.4 10.910769515458673 6.5
      vertex -10.75 8.7 6.5
      vertex -13.269486285189535 10.997975991650517 6.5
    endloop
  endfacet
  facet normal 0 0 1
    outer loop
      vertex -13.269486285189535 10.997975991650517 6.5
      vertex -10.75 8.7 6.5
      vertex -13.151471862576143 11.101471862576142 6.5
    endloop
  endfacet
  facet normal 0 0 1
    outer loop
      vertex -13.151471862576143 11.101471862576142 6.5
      vertex -10.75 8.7 6.5
      vertex -13.047975991650517 11.219486285189534 6.5
    endloop
  endfacet
  facet normal 0 0 1
    outer loop
      vertex -13.047975991650517 11.219486285189534 6.5
      vertex -10.75 8.7 6.5
      vertex -12.960769515458674 11.35 6.5
    endloop
  endfacet
  facet normal 0 0 1
    outer loop
      vertex -12.960769515458674 11.35 6.5
      vertex -10.75 8.7 6.5
      vertex -12.891344560986456 11.490779881161892 6.5
    endloop
  endfacet
  facet normal 0 0 1
    outer loop
      vertex -12.891344560986456 11.490779881161892 6.5
      vertex -10.75 8.7 6.5
      vertex -10.75 15.2 6.5
    endloop
  endfacet
  facet normal -1 0 0
    outer loop
      vertex -17.25 8.7 4
      vertex -17.25 15.2 6.5
      vertex -17.25 15.2 4
    endloop
  endfacet
  facet normal 0 1 0
    outer loop
      vertex -17.25 15.2 4
      vertex -17.25 15.2 6.5
      vertex -10.75 15.2 4
    endloop
  endfacet
  facet normal 0 0 1
    outer loop
      vertex -17.25 8.7 6.5
      vertex -15.108655439013544 12.409220118838107 6.5
      vertex -17.25 15.2 6.5
    endloop
  endfacet
  facet normal 0 0 1
    outer loop
      vertex -17.25 15.2 6.5
      vertex -15.108655439013544 12.409220118838107 6.5
      vertex -15.039230484541326 12.549999999999999 6.5
    endloop
  endfacet
  facet normal 0 0 1
    outer loop
      vertex -17.25 15.2 6.5
      vertex -15.039230484541326 12.549999999999999 6.5
      vertex -14.952024008349483 12.680513714810465 6.5
    endloop
  endfacet
  facet normal 0 0 1
    outer loop
      vertex -17.25 15.2 6.5
      vertex -14.952024008349483 12.680513714810465 6.5
      vertex -14.848528137423857 12.798528137423856 6.5
    endloop
  endfacet
  facet normal 0 0 1
    outer loop
      vertex -17.25 15.2 6.5
      vertex -14.848528137423857 12.798528137423856 6.5
      vertex -14.730513714810465 12.902024008349482 6.5
    endloop
  endfacet
  facet normal 0 0 1
    outer loop
      vertex -17.25 15.2 6.5
      vertex -14.730513714810465 12.902024008349482 6.5
      vertex -14.6 12.989230484541325 6.5
    endloop
  endfacet
  facet normal 0 0 1
    outer loop
      vertex -17.25 15.2 6.5
      vertex -14.6 12.989230484541325 6.5
      vertex -14.459220118838108 13.058655439013544 6.5
    endloop
  endfacet
  facet normal 0 0 1
    outer loop
      vertex -17.25 15.2 6.5
      vertex -14.459220118838108 13.058655439013544 6.5
      vertex -14.310582854123025 13.109110991546881 6.5
    endloop
  endfacet
  facet normal 0 0 1
    outer loop
      vertex -17.25 15.2 6.5
      vertex -14.310582854123025 13.109110991546881 6.5
      vertex -14.156631430664062 13.139733833648572 6.5
    endloop
  endfacet
  facet normal 0 0 1
    outer loop
      vertex -17.25 15.2 6.5
      vertex -13.843368569335938 13.139733833648572 6.5
      vertex -13.689417145876975 13.109110991546881 6.5
    endloop
  endfacet
  facet normal 0 0 1
    outer loop
      vertex -17.25 15.2 6.5
      vertex -13.689417145876975 13.109110991546881 6.5
      vertex -13.540779881161892 13.058655439013544 6.5
    endloop
  endfacet
  facet normal 0 0 1
    outer loop
      vertex -17.25 15.2 6.5
      vertex -14.156631430664062 13.139733833648572 6.5
      vertex -14 13.149999999999999 6.5
    endloop
  endfacet
  facet normal 0 0 1
    outer loop
      vertex -17.25 15.2 6.5
      vertex -14 13.149999999999999 6.5
      vertex -13.843368569335938 13.139733833648572 6.5
    endloop
  endfacet
  facet normal 0 0 1
    outer loop
      vertex -17.25 15.2 6.5
      vertex -13.540779881161892 13.058655439013544 6.5
      vertex -10.75 15.2 6.5
    endloop
  endfacet
  facet normal 0 0 1
    outer loop
      vertex -13.540779881161892 13.058655439013544 6.5
      vertex -13.4 12.989230484541325 6.5
      vertex -10.75 15.2 6.5
    endloop
  endfacet
  facet normal 0 0 1
    outer loop
      vertex -13.4 12.989230484541325 6.5
      vertex -13.269486285189535 12.902024008349482 6.5
      vertex -10.75 15.2 6.5
    endloop
  endfacet
  facet normal 0 0 1
    outer loop
      vertex -13.151471862576143 12.798528137423856 6.5
      vertex -10.75 15.2 6.5
      vertex -13.269486285189535 12.902024008349482 6.5
    endloop
  endfacet
  facet normal 0 0 1
    outer loop
      vertex -12.891344560986456 11.490779881161892 6.5
      vertex -10.75 15.2 6.5
      vertex -12.840889008453118 11.639417145876974 6.5
    endloop
  endfacet
  facet normal 0 0 1
    outer loop
      vertex -12.840889008453118 11.639417145876974 6.5
      vertex -10.75 15.2 6.5
      vertex -12.810266166351427 11.793368569335938 6.5
    endloop
  endfacet
  facet normal 0 0 1
    outer loop
      vertex -12.810266166351427 11.793368569335938 6.5
      vertex -10.75 15.2 6.5
      vertex -12.8 11.95 6.5
    endloop
  endfacet
  facet normal 0 0 1
    outer loop
      vertex -12.8 11.95 6.5
      vertex -10.75 15.2 6.5
      vertex -12.810266166351427 12.106631430664061 6.5
    endloop
  endfacet
  facet normal 0 0 1
    outer loop
      vertex -12.810266166351427 12.106631430664061 6.5
      vertex -10.75 15.2 6.5
      vertex -12.840889008453118 12.260582854123024 6.5
    endloop
  endfacet
  facet normal 0 0 1
    outer loop
      vertex -12.840889008453118 12.260582854123024 6.5
      vertex -10.75 15.2 6.5
      vertex -12.891344560986456 12.409220118838107 6.5
    endloop
  endfacet
  facet normal 0 0 1
    outer loop
      vertex -13.151471862576143 12.798528137423856 6.5
      vertex -13.047975991650517 12.680513714810465 6.5
      vertex -10.75 15.2 6.5
    endloop
  endfacet
  facet normal 0 0 1
    outer loop
      vertex -12.960769515458674 12.549999999999999 6.5
      vertex -10.75 15.2 6.5
      vertex -13.047975991650517 12.680513714810465 6.5
    endloop
  endfacet
  facet normal 0 0 1
    outer loop
      vertex -12.960769515458674 12.549999999999999 6.5
      vertex -12.891344560986456 12.409220118838107 6.5
      vertex -10.75 15.2 6.5
    endloop
  endfacet
  facet normal 0 1 0
    outer loop
      vertex -17.25 15.2 6.5
      vertex -10.75 15.2 6.5
      vertex -10.75 15.2 4
    endloop
  endfacet
  facet normal 1 0 0
    outer loop
      vertex -10.75 8.7 6.5
      vertex -10.75 15.2 4
      vertex -10.75 15.2 6.5
    endloop
  endfacet
  facet normal -1 0 0
    outer loop
      vertex 10.75 8.7 4
      vertex 10.75 8.7 6.5
      vertex 10.75 15.2 6.5
    endloop
  endfacet
  facet normal 0 -1 0
    outer loop
      vertex 10.75 8.7 4
      vertex 17.25 8.7 6.5
      vertex 10.75 8.7 6.5
    endloop
  endfacet
  facet normal 0 0 1
    outer loop
      vertex 10.75 8.7 6.5
      vertex 12.960769515458674 11.35 6.5
      vertex 12.891344560986456 11.490779881161892 6.5
    endloop
  endfacet
  facet normal 0 0 1
    outer loop
      vertex 10.75 8.7 6.5
      vertex 13.047975991650517 11.219486285189534 6.5
      vertex 12.960769515458674 11.35 6.5
    endloop
  endfacet
  facet normal 0 0 1
    outer loop
      vertex 10.75 8.7 6.5
      vertex 13.151471862576143 11.101471862576142 6.5
      vertex 13.047975991650517 11.219486285189534 6.5
    endloop
  endfacet
  facet normal 0 0 1
    outer loop
      vertex 10.75 8.7 6.5
      vertex 12.891344560986456 11.490779881161892 6.5
      vertex 12.840889008453118 11.639417145876974 6.5
    endloop
  endfacet
  facet normal 0 0 1
    outer loop
      vertex 10.75 8.7 6.5
      vertex 12.840889008453118 11.639417145876974 6.5
      vertex 12.810266166351427 11.793368569335938 6.5
    endloop
  endfacet
  facet normal 0 0 1
    outer loop
      vertex 10.75 8.7 6.5
      vertex 12.810266166351427 11.793368569335938 6.5
      vertex 12.8 11.95 6.5
    endloop
  endfacet
  facet normal 0 0 1
    outer loop
      vertex 10.75 8.7 6.5
      vertex 12.8 11.95 6.5
      vertex 12.810266166351427 12.106631430664061 6.5
    endloop
  endfacet
  facet normal 0 0 1
    outer loop
      vertex 10.75 8.7 6.5
      vertex 12.810266166351427 12.106631430664061 6.5
      vertex 12.840889008453118 12.260582854123024 6.5
    endloop
  endfacet
  facet normal 0 0 1
    outer loop
      vertex 10.75 8.7 6.5
      vertex 12.840889008453118 12.260582854123024 6.5
      vertex 12.891344560986456 12.409220118838107 6.5
    endloop
  endfacet
  facet normal 0 0 1
    outer loop
      vertex 10.75 8.7 6.5
      vertex 13.269486285189535 10.997975991650517 6.5
      vertex 13.151471862576143 11.101471862576142 6.5
    endloop
  endfacet
  facet normal 0 0 1
    outer loop
      vertex 10.75 8.7 6.5
      vertex 13.4 10.910769515458673 6.5
      vertex 13.269486285189535 10.997975991650517 6.5
    endloop
  endfacet
  facet normal 0 0 1
    outer loop
      vertex 10.75 8.7 6.5
      vertex 13.540779881161892 10.841344560986455 6.5
      vertex 13.4 10.910769515458673 6.5
    endloop
  endfacet
  facet normal 0 -1 0
    outer loop
      vertex 10.75 8.7 4
      vertex 17.25 8.7 4
      vertex 17.25 8.7 6.5
    endloop
  endfacet
  facet normal 1 0 0
    outer loop
      vertex 17.25 8.7 4
      vertex 17.25 15.2 4
      vertex 17.25 8.7 6.5
    endloop
  endfacet
  facet normal 0 0 1
    outer loop
      vertex 10.75 8.7 6.5
      vertex 17.25 8.7 6.5
      vertex 13.540779881161892 10.841344560986455 6.5
    endloop
  endfacet
  facet normal 0 0 1
    outer loop
      vertex 13.843368569335938 10.760266166351427 6.5
      vertex 17.25 8.7 6.5
      vertex 14 10.75 6.5
    endloop
  endfacet
  facet normal 0 0 1
    outer loop
      vertex 14 10.75 6.5
      vertex 17.25 8.7 6.5
      vertex 14.156631430664062 10.760266166351427 6.5
    endloop
  endfacet
  facet normal 0 0 1
    outer loop
      vertex 13.540779881161892 10.841344560986455 6.5
      vertex 17.25 8.7 6.5
      vertex 13.689417145876975 10.790889008453117 6.5
    endloop
  endfacet
  facet normal 0 0 1
    outer loop
      vertex 13.689417145876975 10.790889008453117 6.5
      vertex 17.25 8.7 6.5
      vertex 13.843368569335938 10.760266166351427 6.5
    endloop
  endfacet
  facet normal 0 0 1
    outer loop
      vertex 14.156631430664062 10.760266166351427 6.5
      vertex 17.25 8.7 6.5
      vertex 14.310582854123025 10.790889008453117 6.5
    endloop
  endfacet
  facet normal 0 0 1
    outer loop
      vertex 14.310582854123025 10.790889008453117 6.5
      vertex 17.25 8.7 6.5
      vertex 14.459220118838108 10.841344560986455 6.5
    endloop
  endfacet
  facet normal 0 0 1
    outer loop
      vertex 14.459220118838108 10.841344560986455 6.5
      vertex 17.25 8.7 6.5
      vertex 14.6 10.910769515458673 6.5
    endloop
  endfacet
  facet normal 0 0 1
    outer loop
      vertex 14.6 10.910769515458673 6.5
      vertex 17.25 8.7 6.5
      vertex 14.730513714810465 10.997975991650517 6.5
    endloop
  endfacet
  facet normal 0 0 1
    outer loop
      vertex 14.730513714810465 10.997975991650517 6.5
      vertex 17.25 8.7 6.5
      vertex 14.848528137423857 11.101471862576142 6.5
    endloop
  endfacet
  facet normal 0 0 1
    outer loop
      vertex 14.848528137423857 11.101471862576142 6.5
      vertex 17.25 8.7 6.5
      vertex 14.952024008349483 11.219486285189534 6.5
    endloop
  endfacet
  facet normal 0 0 1
    outer loop
      vertex 14.952024008349483 11.219486285189534 6.5
      vertex 17.25 8.7 6.5
      vertex 15.039230484541326 11.35 6.5
    endloop
  endfacet
  facet normal 0 0 1
    outer loop
      vertex 15.039230484541326 11.35 6.5
      vertex 17.25 8.7 6.5
      vertex 15.108655439013544 11.490779881161892 6.5
    endloop
  endfacet
  facet normal 0 0 1
    outer loop
      vertex 15.108655439013544 11.490779881161892 6.5
      vertex 17.25 8.7 6.5
      vertex 17.25 15.2 6.5
    endloop
  endfacet
  facet normal -1 0 0
    outer loop
      vertex 10.75 8.7 4
      vertex 10.75 15.2 6.5
      vertex 10.75 15.2 4
    endloop
  endfacet
  facet normal 0 1 0
    outer loop
      vertex 10.75 15.2 4
      vertex 10.75 15.2 6.5
      vertex 17.25 15.2 4
    endloop
  endfacet
  facet normal 0 0 1
    outer loop
      vertex 10.75 8.7 6.5
      vertex 12.891344560986456 12.409220118838107 6.5
      vertex 10.75 15.2 6.5
    endloop
  endfacet
  facet normal 0 0 1
    outer loop
      vertex 10.75 15.2 6.5
      vertex 12.891344560986456 12.409220118838107 6.5
      vertex 12.960769515458674 12.549999999999999 6.5
    endloop
  endfacet
  facet normal 0 0 1
    outer loop
      vertex 10.75 15.2 6.5
      vertex 12.960769515458674 12.549999999999999 6.5
      vertex 13.047975991650517 12.680513714810465 6.5
    endloop
  endfacet
  facet normal 0 0 1
    outer loop
      vertex 10.75 15.2 6.5
      vertex 13.047975991650517 12.680513714810465 6.5
      vertex 13.151471862576143 12.798528137423856 6.5
    endloop
  endfacet
  facet normal 0 0 1
    outer loop
      vertex 10.75 15.2 6.5
      vertex 13.151471862576143 12.798528137423856 6.5
      vertex 13.269486285189535 12.902024008349482 6.5
    endloop
  endfacet
  facet normal 0 0 1
    outer loop
      vertex 10.75 15.2 6.5
      vertex 13.269486285189535 12.902024008349482 6.5
      vertex 13.4 12.989230484541325 6.5
    endloop
  endfacet
  facet normal 0 0 1
    outer loop
      vertex 10.75 15.2 6.5
      vertex 13.4 12.989230484541325 6.5
      vertex 13.540779881161892 13.058655439013544 6.5
    endloop
  endfacet
  facet normal 0 0 1
    outer loop
      vertex 10.75 15.2 6.5
      vertex 13.540779881161892 13.058655439013544 6.5
      vertex 13.689417145876975 13.109110991546881 6.5
    endloop
  endfacet
  facet normal 0 0 1
    outer loop
      vertex 10.75 15.2 6.5
      vertex 13.689417145876975 13.109110991546881 6.5
      vertex 13.843368569335938 13.139733833648572 6.5
    endloop
  endfacet
  facet normal 0 0 1
    outer loop
      vertex 10.75 15.2 6.5
      vertex 14.156631430664062 13.139733833648572 6.5
      vertex 14.310582854123025 13.109110991546881 6.5
    endloop
  endfacet
  facet normal 0 0 1
    outer loop
      vertex 10.75 15.2 6.5
      vertex 14.310582854123025 13.109110991546881 6.5
      vertex 14.459220118838108 13.058655439013544 6.5
    endloop
  endfacet
  facet normal 0 0 1
    outer loop
      vertex 10.75 15.2 6.5
      vertex 13.843368569335938 13.139733833648572 6.5
      vertex 14 13.149999999999999 6.5
    endloop
  endfacet
  facet normal 0 0 1
    outer loop
      vertex 10.75 15.2 6.5
      vertex 14 13.149999999999999 6.5
      vertex 14.156631430664062 13.139733833648572 6.5
    endloop
  endfacet
  facet normal 0 0 1
    outer loop
      vertex 14.459220118838108 13.058655439013544 6.5
      vertex 14.6 12.989230484541325 6.5
      vertex 17.25 15.2 6.5
    endloop
  endfacet
  facet normal 0 0 1
    outer loop
      vertex 15.039230484541326 12.549999999999999 6.5
      vertex 17.25 15.2 6.5
      vertex 14.952024008349483 12.680513714810465 6.5
    endloop
  endfacet
  facet normal 0 0 1
    outer loop
      vertex 14.848528137423857 12.798528137423856 6.5
      vertex 14.952024008349483 12.680513714810465 6.5
      vertex 17.25 15.2 6.5
    endloop
  endfacet
  facet normal 0 0 1
    outer loop
      vertex 14.6 12.989230484541325 6.5
      vertex 14.730513714810465 12.902024008349482 6.5
      vertex 17.25 15.2 6.5
    endloop
  endfacet
  facet normal 0 0 1
    outer loop
      vertex 14.848528137423857 12.798528137423856 6.5
      vertex 17.25 15.2 6.5
      vertex 14.730513714810465 12.902024008349482 6.5
    endloop
  endfacet
  facet normal 0 1 0
    outer loop
      vertex 10.75 15.2 6.5
      vertex 17.25 15.2 6.5
      vertex 17.25 15.2 4
    endloop
  endfacet
  facet normal 0 0 1
    outer loop
      vertex 10.75 15.2 6.5
      vertex 14.459220118838108 13.058655439013544 6.5
      vertex 17.25 15.2 6.5
    endloop
  endfacet
  facet normal 1 0 0
    outer loop
      vertex 17.25 8.7 6.5
      vertex 17.25 15.2 4
      vertex 17.25 15.2 6.5
    endloop
  endfacet
  facet normal 0 0 1
    outer loop
      vertex 15.108655439013544 11.490779881161892 6.5
      vertex 17.25 15.2 6.5
      vertex 15.159110991546882 11.639417145876974 6.5
    endloop
  endfacet
  facet normal 0 0 1
    outer loop
      vertex 15.159110991546882 11.639417145876974 6.5
      vertex 17.25 15.2 6.5
      vertex 15.189733833648573 11.793368569335938 6.5
    endloop
  endfacet
  facet normal 0 0 1
    outer loop
      vertex 15.189733833648573 11.793368569335938 6.5
      vertex 17.25 15.2 6.5
      vertex 15.2 11.95 6.5
    endloop
  endfacet
  facet normal 0 0 1
    outer loop
      vertex 15.2 11.95 6.5
      vertex 17.25 15.2 6.5
      vertex 15.189733833648573 12.106631430664061 6.5
    endloop
  endfacet
  facet normal 0 0 1
    outer loop
      vertex 15.159110991546882 12.260582854123024 6.5
      vertex 15.189733833648573 12.106631430664061 6.5
      vertex 17.25 15.2 6.5
    endloop
  endfacet
  facet normal 0 0 1
    outer loop
      vertex 15.159110991546882 12.260582854123024 6.5
      vertex 17.25 15.2 6.5
      vertex 15.108655439013544 12.409220118838107 6.5
    endloop
  endfacet
  facet normal 0 0 1
    outer loop
      vertex 15.108655439013544 12.409220118838107 6.5
      vertex 17.25 15.2 6.5
      vertex 15.039230484541326 12.549999999999999 6.5
    endloop
  endfacet
  facet normal 0 0 -1
    outer loop
      vertex -18 -3.0500000000000007 0
      vertex -8.339103624224663 5.193853248655795 0
      vertex -8.292820326983929 5.099999998509883 0
    endloop
  endfacet
  facet normal 0 0 -1
    outer loop
      vertex -18 -3.0500000000000007 0
      vertex -8.23468267172575 5.012990851700305 0
      vertex -8.165685422718525 4.934314575791358 0
    endloop
  endfacet
  facet normal 0 0 -1
    outer loop
      vertex -18 -3.0500000000000007 0
      vertex -8.165685422718525 4.934314575791358 0
      vertex -8.087009146809578 4.865317326784133 0
    endloop
  endfacet
  facet normal 0 0 -1
    outer loop
      vertex -18 -3.0500000000000007 0
      vertex -8.087009146809578 4.865317326784133 0
      vertex -8 4.8071796715259545 0
    endloop
  endfacet
  facet normal 0 0 -1
    outer loop
      vertex -18 -3.0500000000000007 0
      vertex -8 4.8071796715259545 0
      vertex -7.906146749854088 4.76089637428522 0
    endloop
  endfacet
  facet normal 0 0 -1
    outer loop
      vertex -18 -3.0500000000000007 0
      vertex -8.292820326983929 5.099999998509883 0
      vertex -8.23468267172575 5.012990851700305 0
    endloop
  endfacet
  facet normal 0 0 -1
    outer loop
      vertex -18 -3.0500000000000007 0
      vertex -14 10.35 0
      vertex -8.339103624224663 5.193853248655795 0
    endloop
  endfacet
  facet normal 0 0 -1
    outer loop
      vertex -18 -3.0500000000000007 0
      vertex -7.906146749854088 4.76089637428522 0
      vertex -7.807055234909058 4.727259334921836 0
    endloop
  endfacet
  facet normal 0 0 -1
    outer loop
      vertex -18 -3.0500000000000007 0
      vertex -7.807055234909058 4.727259334921836 0
      vertex -7.704420953989029 4.706844110786914 0
    endloop
  endfacet
  facet normal 0 0 -1
    outer loop
      vertex -18 -3.0500000000000007 0
      vertex -7.704420953989029 4.706844110786914 0
      vertex -7.600000001490116 4.699999999999999 0
    endloop
  endfacet
  facet normal 0 0 1
    outer loop
      vertex -18 -3.0500000000000007 4
      vertex -15 -2.5 4
      vertex -17 0 4
    endloop
  endfacet
  facet normal 0 0 1
    outer loop
      vertex -18 -3.0500000000000007 4
      vertex -17 0 4
      vertex -17 5 4
    endloop
  endfacet
  facet normal 0 0 1
    outer loop
      vertex -17 0 4
      vertex -15 -2.5 4
      vertex -15 0 4
    endloop
  endfacet
  facet normal 0 0 1
    outer loop
      vertex -18 -3.0500000000000007 4
      vertex -17 5 4
      vertex -17.25 8.7 4
    endloop
  endfacet
  facet normal 0 0 1
    outer loop
      vertex -13 3.5999999999999996 4
      vertex -7.906146749854088 4.76089637428522 4
      vertex -8 4.8071796715259545 4
    endloop
  endfacet
  facet normal 0 0 1
    outer loop
      vertex -13 3.5999999999999996 4
      vertex -8 4.8071796715259545 4
      vertex -8.087009146809578 4.865317326784133 4
    endloop
  endfacet
  facet normal 0 0 1
    outer loop
      vertex -13 3.5999999999999996 4
      vertex -7.807055234909058 4.727259334921836 4
      vertex -7.906146749854088 4.76089637428522 4
    endloop
  endfacet
  facet normal 0 0 1
    outer loop
      vertex -13 3.5999999999999996 4
      vertex -7.8 3.5999999999999996 4
      vertex -7.704420953989029 4.706844110786914 4
    endloop
  endfacet
  facet normal 0 0 1
    outer loop
      vertex -13 3.5999999999999996 4
      vertex -7.704420953989029 4.706844110786914 4
      vertex -7.807055234909058 4.727259334921836 4
    endloop
  endfacet
  facet normal 0 0 -1
    outer loop
      vertex -18 -3.0500000000000007 0
      vertex -15.131370849898476 10.818629150101524 0
      vertex -14.974018286413953 10.680634655534023 0
    endloop
  endfacet
  facet normal 0 0 -1
    outer loop
      vertex -18 -3.0500000000000007 0
      vertex -15.269365344465976 10.975981713586046 0
      vertex -15.131370849898476 10.818629150101524 0
    endloop
  endfacet
  facet normal 0 0 -1
    outer loop
      vertex -18 -3.0500000000000007 0
      vertex -14.974018286413953 10.680634655534023 0
      vertex -14.8 10.564359353944898 0
    endloop
  endfacet
  facet normal 0 0 -1
    outer loop
      vertex -18 -3.0500000000000007 0
      vertex -14.8 10.564359353944898 0
      vertex -14.612293491784143 10.47179274798194 0
    endloop
  endfacet
  facet normal 0 0 -1
    outer loop
      vertex -18 -3.0500000000000007 0
      vertex -15.545481322062509 11.535889527835966 0
      vertex -15.47820725201806 11.337706508215856 0
    endloop
  endfacet
  facet normal 0 0 -1
    outer loop
      vertex -18 -3.0500000000000007 0
      vertex -15.586311778198096 11.741158092447916 0
      vertex -15.545481322062509 11.535889527835966 0
    endloop
  endfacet
  facet normal 0 0 -1
    outer loop
      vertex -18 -3.0500000000000007 0
      vertex -15.6 11.95 0
      vertex -15.586311778198096 11.741158092447916 0
    endloop
  endfacet
  facet normal 0 0 -1
    outer loop
      vertex -18 -3.0500000000000007 0
      vertex -15.385640646055101 11.149999999999999 0
      vertex -15.269365344465976 10.975981713586046 0
    endloop
  endfacet
  facet normal 0 0 -1
    outer loop
      vertex -18 -3.0500000000000007 0
      vertex -15.47820725201806 11.337706508215856 0
      vertex -15.385640646055101 11.149999999999999 0
    endloop
  endfacet
  facet normal 0 0 -1
    outer loop
      vertex -18 -3.0500000000000007 0
      vertex -14.612293491784143 10.47179274798194 0
      vertex -14.414110472164033 10.40451867793749 0
    endloop
  endfacet
  facet normal 0 0 -1
    outer loop
      vertex -18 -3.0500000000000007 0
      vertex -14.414110472164033 10.40451867793749 0
      vertex -14.208841907552083 10.363688221801903 0
    endloop
  endfacet
  facet normal 0 0 -1
    outer loop
      vertex -18 -3.0500000000000007 0
      vertex -14.208841907552083 10.363688221801903 0
      vertex -14 10.35 0
    endloop
  endfacet
  facet normal -1 0 0
    outer loop
      vertex -18 -3.0500000000000007 0
      vertex -18 -3.0500000000000007 4
      vertex -18 26.95 4
    endloop
  endfacet
  facet normal 0 0 -1
    outer loop
      vertex -18 -3.0500000000000007 0
      vertex -18 26.95 0
      vertex -15.6 11.95 0
    endloop
  endfacet
  facet normal 0 0 -1
    outer loop
      vertex -14 10.35 0
      vertex -8.372740663588047 5.2929447636008256 0
      vertex -8.339103624224663 5.193853248655795 0
    endloop
  endfacet
  facet normal 0 0 -1
    outer loop
      vertex -14 10.35 0
      vertex -8.393155887722969 5.395579044520854 0
      vertex -8.372740663588047 5.2929447636008256 0
    endloop
  endfacet
  facet normal 0 0 -1
    outer loop
      vertex -14 10.35 0
      vertex -8.399999998509884 5.499999997019767 0
      vertex -8.393155887722969 5.395579044520854 0
    endloop
  endfacet
  facet normal 0 0 -1
    outer loop
      vertex -14 10.35 0
      vertex -13.791158092447917 10.363688221801903 0
      vertex -8.399999998509884 5.499999997019767 0
    endloop
  endfacet
  facet normal 0 0 -1
    outer loop
      vertex -13.791158092447917 10.363688221801903 0
      vertex -13.585889527835967 10.40451867793749 0
      vertex -8.399999998509884 5.499999997019767 0
    endloop
  endfacet
  facet normal 0 0 -1
    outer loop
      vertex -13.585889527835967 10.40451867793749 0
      vertex -13.387706508215857 10.47179274798194 0
      vertex -8.399999998509884 5.499999997019767 0
    endloop
  endfacet
  facet normal 0 0 -1
    outer loop
      vertex -13.387706508215857 10.47179274798194 0
      vertex -13.2 10.564359353944898 0
      vertex -8.399999998509884 5.499999997019767 0
    endloop
  endfacet
  facet normal 0 0 -1
    outer loop
      vertex -13.2 10.564359353944898 0
      vertex -13.025981713586047 10.680634655534023 0
      vertex -8.399999998509884 5.499999997019767 0
    endloop
  endfacet
  facet normal 0 0 -1
    outer loop
      vertex -13.025981713586047 10.680634655534023 0
      vertex -12.868629150101524 10.818629150101524 0
      vertex -8.399999998509884 5.499999997019767 0
    endloop
  endfacet
  facet normal 0 0 -1
    outer loop
      vertex -12.868629150101524 10.818629150101524 0
      vertex -12.730634655534024 10.975981713586046 0
      vertex -8.399999998509884 5.499999997019767 0
    endloop
  endfacet
  facet normal 0 0 -1
    outer loop
      vertex -12.730634655534024 10.975981713586046 0
      vertex -12.614359353944899 11.149999999999999 0
      vertex -8.399999998509884 5.499999997019767 0
    endloop
  endfacet
  facet normal 0 0 -1
    outer loop
      vertex -12.614359353944899 11.149999999999999 0
      vertex -12.52179274798194 11.337706508215856 0
      vertex -8.399999998509884 5.499999997019767 0
    endloop
  endfacet
  facet normal 0 0 -1
    outer loop
      vertex -12.52179274798194 11.337706508215856 0
      vertex -8.399999998509884 18.40000000298023 0
      vertex -8.399999998509884 5.499999997019767 0
    endloop
  endfacet
  facet normal 0 0 1
    outer loop
      vertex -17 5 4
      vertex -15 5 4
      vertex -17.25 8.7 4
    endloop
  endfacet
  facet normal 0 0 1
    outer loop
      vertex -15 5 4
      vertex -15 6 4
      vertex -17.25 8.7 4
    endloop
  endfacet
  facet normal 0 0 1
    outer loop
      vertex -15 6 4
      vertex -10.75 8.7 4
      vertex -17.25 8.7 4
    endloop
  endfacet
  facet normal 0 0 1
    outer loop
      vertex -18 -3.0500000000000007 4
      vertex -17.25 8.7 4
      vertex -18 26.95 4
    endloop
  endfacet
  facet normal 0 0 1
    outer loop
      vertex -13 3.5999999999999996 4
      vertex -8.399999998509884 5.499999997019767 4
      vertex -13 6 4
    endloop
  endfacet
  facet normal 0 0 1
    outer loop
      vertex -15 6 4
      vertex -13 6 4
      vertex -10.75 8.7 4
    endloop
  endfacet
  facet normal 0 0 1
    outer loop
      vertex -13 3.5999999999999996 4
      vertex -8.292820326983929 5.099999998509883 4
      vertex -8.339103624224663 5.193853248655795 4
    endloop
  endfacet
  facet normal 0 0 1
    outer loop
      vertex -13 3.5999999999999996 4
      vertex -8.372740663588047 5.2929447636008256 4
      vertex -8.393155887722969 5.395579044520854 4
    endloop
  endfacet
  facet normal 0 0 1
    outer loop
      vertex -13 3.5999999999999996 4
      vertex -8.339103624224663 5.193853248655795 4
      vertex -8.372740663588047 5.2929447636008256 4
    endloop
  endfacet
  facet normal 0 0 1
    outer loop
      vertex -13 3.5999999999999996 4
      vertex -8.393155887722969 5.395579044520854 4
      vertex -8.399999998509884 5.499999997019767 4
    endloop
  endfacet
  facet normal 0 0 1
    outer loop
      vertex -13 3.5999999999999996 4
      vertex -8.165685422718525 4.934314575791358 4
      vertex -8.23468267172575 5.012990851700305 4
    endloop
  endfacet
  facet normal 0 0 1
    outer loop
      vertex -13 3.5999999999999996 4
      vertex -8.087009146809578 4.865317326784133 4
      vertex -8.165685422718525 4.934314575791358 4
    endloop
  endfacet
  facet normal 0 0 1
    outer loop
      vertex -13 3.5999999999999996 4
      vertex -8.23468267172575 5.012990851700305 4
      vertex -8.292820326983929 5.099999998509883 4
    endloop
  endfacet
  facet normal 0 0 1
    outer loop
      vertex -13 6 4
      vertex -8.399999998509884 5.499999997019767 4
      vertex -10.75 8.7 4
    endloop
  endfacet
  facet normal 0 0 1
    outer loop
      vertex -10.75 8.7 4
      vertex -8.399999998509884 5.499999997019767 4
      vertex -8.399999998509884 18.40000000298023 4
    endloop
  endfacet
  facet normal 0 -1 0
    outer loop
      vertex -18 -3.0500000000000007 0
      vertex 18 -3.0500000000000007 4
      vertex -18 -3.0500000000000007 4
    endloop
  endfacet
  facet normal 0 0 -1
    outer loop
      vertex -18 -3.0500000000000007 0
      vertex -7.600000001490116 4.699999999999999 0
      vertex 7.600000001490116 4.699999999999999 0
    endloop
  endfacet
  facet normal 0 0 1
    outer loop
      vertex -18 -3.0500000000000007 4
      vertex 18 -3.0500000000000007 4
      vertex -15 -2.5 4
    endloop
  endfacet
  facet normal 0 0 1
    outer loop
      vertex -7.8 0 4
      vertex 7.8 0 4
      vertex -7.8 3.5999999999999996 4
    endloop
  endfacet
  facet normal 0 0 1
    outer loop
      vertex -7.8 3.5999999999999996 4
      vertex 7.8 3.5999999999999996 4
      vertex -7.704420953989029 4.706844110786914 4
    endloop
  endfacet
  facet normal 0 0 1
    outer loop
      vertex -7.704420953989029 4.706844110786914 4
      vertex 7.8 3.5999999999999996 4
      vertex -7.600000001490116 4.699999999999999 4
    endloop
  endfacet
  facet normal 0 0 -1
    outer loop
      vertex -15.6 11.95 0
      vertex -18 26.95 0
      vertex -15.586311778198096 12.158841907552082 0
    endloop
  endfacet
  facet normal 0 0 -1
    outer loop
      vertex -15.586311778198096 12.158841907552082 0
      vertex -18 26.95 0
      vertex -15.545481322062509 12.364110472164032 0
    endloop
  endfacet
  facet normal 0 0 -1
    outer loop
      vertex -15.545481322062509 12.364110472164032 0
      vertex -18 26.95 0
      vertex -15.47820725201806 12.562293491784143 0
    endloop
  endfacet
  facet normal 0 0 -1
    outer loop
      vertex -15.47820725201806 12.562293491784143 0
      vertex -18 26.95 0
      vertex -15.385640646055101 12.75 0
    endloop
  endfacet
  facet normal 0 0 -1
    outer loop
      vertex -15.385640646055101 12.75 0
      vertex -18 26.95 0
      vertex -15.269365344465976 12.924018286413952 0
    endloop
  endfacet
  facet normal -1 0 0
    outer loop
      vertex -18 -3.0500000000000007 0
      vertex -18 26.95 4
      vertex -18 26.95 0
    endloop
  endfacet
  facet normal 0 0 -1
    outer loop
      vertex -15.269365344465976 12.924018286413952 0
      vertex -18 26.95 0
      vertex -15.131370849898476 13.081370849898475 0
    endloop
  endfacet
  facet normal 0 0 -1
    outer loop
      vertex -15.131370849898476 13.081370849898475 0
      vertex -18 26.95 0
      vertex -14.974018286413953 13.219365344465976 0
    endloop
  endfacet
  facet normal 0 0 -1
    outer loop
      vertex -14.974018286413953 13.219365344465976 0
      vertex -18 26.95 0
      vertex -14.8 13.3356406460551 0
    endloop
  endfacet
  facet normal 0 0 -1
    outer loop
      vertex -14.8 13.3356406460551 0
      vertex -18 26.95 0
      vertex -14.612293491784143 13.428207252018058 0
    endloop
  endfacet
  facet normal 0 0 -1
    outer loop
      vertex -14.612293491784143 13.428207252018058 0
      vertex -18 26.95 0
      vertex -14.414110472164033 13.495481322062508 0
    endloop
  endfacet
  facet normal 0 0 -1
    outer loop
      vertex -14.414110472164033 13.495481322062508 0
      vertex -18 26.95 0
      vertex -14.208841907552083 13.536311778198096 0
    endloop
  endfacet
  facet normal 0 0 -1
    outer loop
      vertex -14.208841907552083 13.536311778198096 0
      vertex -18 26.95 0
      vertex -14 13.549999999999999 0
    endloop
  endfacet
  facet normal 0 0 -1
    outer loop
      vertex -14 13.549999999999999 0
      vertex -18 26.95 0
      vertex -13.791158092447917 13.536311778198096 0
    endloop
  endfacet
  facet normal 0 0 -1
    outer loop
      vertex -13.791158092447917 13.536311778198096 0
      vertex -18 26.95 0
      vertex -13.585889527835967 13.495481322062508 0
    endloop
  endfacet
  facet normal 0 0 -1
    outer loop
      vertex -13.2 13.3356406460551 0
      vertex -8.399999998509884 18.40000000298023 0
      vertex -13.025981713586047 13.219365344465976 0
    endloop
  endfacet
  facet normal 0 0 -1
    outer loop
      vertex -13.585889527835967 13.495481322062508 0
      vertex -8.399999998509884 18.40000000298023 0
      vertex -13.387706508215857 13.428207252018058 0
    endloop
  endfacet
  facet normal 0 0 -1
    outer loop
      vertex -13.2 13.3356406460551 0
      vertex -13.387706508215857 13.428207252018058 0
      vertex -8.399999998509884 18.40000000298023 0
    endloop
  endfacet
  facet normal 0 0 -1
    outer loop
      vertex -13.025981713586047 13.219365344465976 0
      vertex -8.399999998509884 18.40000000298023 0
      vertex -12.868629150101524 13.081370849898475 0
    endloop
  endfacet
  facet normal 0 0 -1
    outer loop
      vertex -12.868629150101524 13.081370849898475 0
      vertex -8.399999998509884 18.40000000298023 0
      vertex -12.730634655534024 12.924018286413952 0
    endloop
  endfacet
  facet normal 0 0 -1
    outer loop
      vertex -12.52179274798194 11.337706508215856 0
      vertex -12.454518677937491 11.535889527835966 0
      vertex -8.399999998509884 18.40000000298023 0
    endloop
  endfacet
  facet normal 0 0 -1
    outer loop
      vertex -12.454518677937491 11.535889527835966 0
      vertex -12.413688221801904 11.741158092447916 0
      vertex -8.399999998509884 18.40000000298023 0
    endloop
  endfacet
  facet normal 0 0 -1
    outer loop
      vertex -12.413688221801904 11.741158092447916 0
      vertex -12.4 11.95 0
      vertex -8.399999998509884 18.40000000298023 0
    endloop
  endfacet
  facet normal 0 0 -1
    outer loop
      vertex -12.4 11.95 0
      vertex -12.413688221801904 12.158841907552082 0
      vertex -8.399999998509884 18.40000000298023 0
    endloop
  endfacet
  facet normal 0 0 -1
    outer loop
      vertex -12.454518677937491 12.364110472164032 0
      vertex -12.52179274798194 12.562293491784143 0
      vertex -8.399999998509884 18.40000000298023 0
    endloop
  endfacet
  facet normal 0 0 -1
    outer loop
      vertex -12.413688221801904 12.158841907552082 0
      vertex -12.454518677937491 12.364110472164032 0
      vertex -8.399999998509884 18.40000000298023 0
    endloop
  endfacet
  facet normal 0 0 -1
    outer loop
      vertex -12.52179274798194 12.562293491784143 0
      vertex -12.614359353944899 12.75 0
      vertex -8.399999998509884 18.40000000298023 0
    endloop
  endfacet
  facet normal 0 0 -1
    outer loop
      vertex -12.614359353944899 12.75 0
      vertex -12.730634655534024 12.924018286413952 0
      vertex -8.399999998509884 18.40000000298023 0
    endloop
  endfacet
  facet normal 0 0 1
    outer loop
      vertex -17.25 8.7 4
      vertex -17.25 15.2 4
      vertex -18 26.95 4
    endloop
  endfacet
  facet normal 0 0 1
    outer loop
      vertex -17.25 15.2 4
      vertex -10.75 15.2 4
      vertex -18 26.95 4
    endloop
  endfacet
  facet normal 0 0 1
    outer loop
      vertex -10.75 8.7 4
      vertex -8.399999998509884 18.40000000298023 4
      vertex -10.75 15.2 4
    endloop
  endfacet
  facet normal 0 0 -1
    outer loop
      vertex -13.585889527835967 13.495481322062508 0
      vertex -18 26.95 0
      vertex -8.399999998509884 18.40000000298023 0
    endloop
  endfacet
  facet normal 0 0 -1
    outer loop
      vertex -18 26.95 0
      vertex -8.393155887722969 18.504420955479144 0
      vertex -8.399999998509884 18.40000000298023 0
    endloop
  endfacet
  facet normal 0 0 -1
    outer loop
      vertex -18 26.95 0
      vertex -8.372740663588047 18.607055236399173 0
      vertex -8.393155887722969 18.504420955479144 0
    endloop
  endfacet
  facet normal 0 0 -1
    outer loop
      vertex -18 26.95 0
      vertex -8.339103624224663 18.706146751344203 0
      vertex -8.372740663588047 18.607055236399173 0
    endloop
  endfacet
  facet normal 0 0 -1
    outer loop
      vertex -18 26.95 0
      vertex -8.292820326983929 18.800000001490115 0
      vertex -8.339103624224663 18.706146751344203 0
    endloop
  endfacet
  facet normal 0 0 -1
    outer loop
      vertex -18 26.95 0
      vertex -8.23468267172575 18.887009148299693 0
      vertex -8.292820326983929 18.800000001490115 0
    endloop
  endfacet
  facet normal 0 0 -1
    outer loop
      vertex -18 26.95 0
      vertex -8.165685422718525 18.96568542420864 0
      vertex -8.23468267172575 18.887009148299693 0
    endloop
  endfacet
  facet normal 0 0 -1
    outer loop
      vertex -18 26.95 0
      vertex -8.087009146809578 19.034682673215865 0
      vertex -8.165685422718525 18.96568542420864 0
    endloop
  endfacet
  facet normal 0 0 -1
    outer loop
      vertex -18 26.95 0
      vertex -8 19.092820328474044 0
      vertex -8.087009146809578 19.034682673215865 0
    endloop
  endfacet
  facet normal 0 0 -1
    outer loop
      vertex -18 26.95 0
      vertex -7.906146749854088 19.139103625714778 0
      vertex -8 19.092820328474044 0
    endloop
  endfacet
  facet normal 0 0 -1
    outer loop
      vertex -18 26.95 0
      vertex -7.807055234909058 19.172740665078162 0
      vertex -7.906146749854088 19.139103625714778 0
    endloop
  endfacet
  facet normal 0 0 -1
    outer loop
      vertex -18 26.95 0
      vertex -7.704420953989029 19.193155889213084 0
      vertex -7.807055234909058 19.172740665078162 0
    endloop
  endfacet
  facet normal 0 0 -1
    outer loop
      vertex -18 26.95 0
      vertex -7.600000001490116 19.2 0
      vertex -7.704420953989029 19.193155889213084 0
    endloop
  endfacet
  facet normal 0 0 1
    outer loop
      vertex -10.75 15.2 4
      vertex -8.399999998509884 18.40000000298023 4
      vertex -18 26.95 4
    endloop
  endfacet
  facet normal 0 0 1
    outer loop
      vertex -18 26.95 4
      vertex -8.399999998509884 18.40000000298023 4
      vertex -8.393155887722969 18.504420955479144 4
    endloop
  endfacet
  facet normal 0 0 1
    outer loop
      vertex -18 26.95 4
      vertex -8.393155887722969 18.504420955479144 4
      vertex -8.372740663588047 18.607055236399173 4
    endloop
  endfacet
  facet normal 0 0 1
    outer loop
      vertex -18 26.95 4
      vertex -8.372740663588047 18.607055236399173 4
      vertex -8.339103624224663 18.706146751344203 4
    endloop
  endfacet
  facet normal 0 0 1
    outer loop
      vertex -18 26.95 4
      vertex -8.339103624224663 18.706146751344203 4
      vertex -8.292820326983929 18.800000001490115 4
    endloop
  endfacet
  facet normal 0 0 1
    outer loop
      vertex -18 26.95 4
      vertex -8.292820326983929 18.800000001490115 4
      vertex -8.23468267172575 18.887009148299693 4
    endloop
  endfacet
  facet normal 0 0 1
    outer loop
      vertex -18 26.95 4
      vertex -8.23468267172575 18.887009148299693 4
      vertex -8.165685422718525 18.96568542420864 4
    endloop
  endfacet
  facet normal 0 0 1
    outer loop
      vertex -18 26.95 4
      vertex -8.165685422718525 18.96568542420864 4
      vertex -8.087009146809578 19.034682673215865 4
    endloop
  endfacet
  facet normal 0 0 1
    outer loop
      vertex -18 26.95 4
      vertex -8.087009146809578 19.034682673215865 4
      vertex -8 19.092820328474044 4
    endloop
  endfacet
  facet normal 0 0 1
    outer loop
      vertex -18 26.95 4
      vertex -8 19.092820328474044 4
      vertex -7.906146749854088 19.139103625714778 4
    endloop
  endfacet
  facet normal 0 0 1
    outer loop
      vertex -18 26.95 4
      vertex -7.906146749854088 19.139103625714778 4
      vertex -7.807055234909058 19.172740665078162 4
    endloop
  endfacet
  facet normal 0 0 1
    outer loop
      vertex -18 26.95 4
      vertex -7.807055234909058 19.172740665078162 4
      vertex -7.704420953989029 19.193155889213084 4
    endloop
  endfacet
  facet normal 0 0 1
    outer loop
      vertex -18 26.95 4
      vertex -7.704420953989029 19.193155889213084 4
      vertex -7.600000001490116 19.2 4
    endloop
  endfacet
  facet normal 0 1 0
    outer loop
      vertex -18 26.95 0
      vertex -18 26.95 4
      vertex 18 26.95 0
    endloop
  endfacet
  facet normal 0 0 -1
    outer loop
      vertex -18 26.95 0
      vertex 18 26.95 0
      vertex -7.600000001490116 19.2 0
    endloop
  endfacet
  facet normal 0 0 1
    outer loop
      vertex -18 26.95 4
      vertex -7.600000001490116 19.2 4
      vertex 7.600000001490116 19.2 4
    endloop
  endfacet
  facet normal 0 0 1
    outer loop
      vertex -18 26.95 4
      vertex 7.600000001490116 19.2 4
      vertex 7.704420953989029 19.193155889213084 4
    endloop
  endfacet
  facet normal 0 0 -1
    outer loop
      vertex -18 -3.0500000000000007 0
      vertex 7.600000001490116 4.699999999999999 0
      vertex 18 -3.0500000000000007 0
    endloop
  endfacet
  facet normal 0 -1 0
    outer loop
      vertex -18 -3.0500000000000007 0
      vertex 18 -3.0500000000000007 0
      vertex 18 -3.0500000000000007 4
    endloop
  endfacet
  facet normal 0 0 1
    outer loop
      vertex -7.8 3.5999999999999996 4
      vertex 7.8 0 4
      vertex 7.8 3.5999999999999996 4
    endloop
  endfacet
  facet normal 0 0 1
    outer loop
      vertex -7.600000001490116 4.699999999999999 4
      vertex 7.8 3.5999999999999996 4
      vertex 7.600000001490116 4.699999999999999 4
    endloop
  endfacet
  facet normal 0 0 1
    outer loop
      vertex -15 -2.5 4
      vertex 18 -3.0500000000000007 4
      vertex 15 -2.5 4
    endloop
  endfacet
  facet normal 0 0 -1
    outer loop
      vertex 7.600000001490116 4.699999999999999 0
      vertex 7.704420953989029 4.706844110786914 0
      vertex 18 -3.0500000000000007 0
    endloop
  endfacet
  facet normal 0 0 -1
    outer loop
      vertex 7.704420953989029 4.706844110786914 0
      vertex 7.807055234909058 4.727259334921836 0
      vertex 18 -3.0500000000000007 0
    endloop
  endfacet
  facet normal 0 0 -1
    outer loop
      vertex 7.807055234909058 4.727259334921836 0
      vertex 7.906146749854088 4.76089637428522 0
      vertex 18 -3.0500000000000007 0
    endloop
  endfacet
  facet normal 0 0 -1
    outer loop
      vertex 7.906146749854088 4.76089637428522 0
      vertex 8 4.8071796715259545 0
      vertex 18 -3.0500000000000007 0
    endloop
  endfacet
  facet normal 0 0 -1
    outer loop
      vertex 8 4.8071796715259545 0
      vertex 8.087009146809578 4.865317326784133 0
      vertex 18 -3.0500000000000007 0
    endloop
  endfacet
  facet normal 0 0 -1
    outer loop
      vertex 8.087009146809578 4.865317326784133 0
      vertex 8.165685422718525 4.934314575791358 0
      vertex 18 -3.0500000000000007 0
    endloop
  endfacet
  facet normal 0 0 -1
    outer loop
      vertex 8.165685422718525 4.934314575791358 0
      vertex 8.23468267172575 5.012990851700305 0
      vertex 18 -3.0500000000000007 0
    endloop
  endfacet
  facet normal 0 0 -1
    outer loop
      vertex 8.23468267172575 5.012990851700305 0
      vertex 8.292820326983929 5.099999998509883 0
      vertex 18 -3.0500000000000007 0
    endloop
  endfacet
  facet normal 0 0 -1
    outer loop
      vertex 8.292820326983929 5.099999998509883 0
      vertex 8.339103624224663 5.193853248655795 0
      vertex 18 -3.0500000000000007 0
    endloop
  endfacet
  facet normal 0 0 -1
    outer loop
      vertex 8.339103624224663 5.193853248655795 0
      vertex 8.372740663588047 5.2929447636008256 0
      vertex 18 -3.0500000000000007 0
    endloop
  endfacet
  facet normal 0 0 -1
    outer loop
      vertex 8.372740663588047 5.2929447636008256 0
      vertex 14.208841907552083 10.363688221801903 0
      vertex 18 -3.0500000000000007 0
    endloop
  endfacet
  facet normal 0 0 1
    outer loop
      vertex 7.8 3.5999999999999996 4
      vertex 13 3.5999999999999996 4
      vertex 7.600000001490116 4.699999999999999 4
    endloop
  endfacet
  facet normal 0 0 1
    outer loop
      vertex 7.600000001490116 4.699999999999999 4
      vertex 13 3.5999999999999996 4
      vertex 7.704420953989029 4.706844110786914 4
    endloop
  endfacet
  facet normal 0 0 1
    outer loop
      vertex 7.704420953989029 4.706844110786914 4
      vertex 13 3.5999999999999996 4
      vertex 7.807055234909058 4.727259334921836 4
    endloop
  endfacet
  facet normal 0 0 1
    outer loop
      vertex 7.807055234909058 4.727259334921836 4
      vertex 13 3.5999999999999996 4
      vertex 7.906146749854088 4.76089637428522 4
    endloop
  endfacet
  facet normal 0 0 1
    outer loop
      vertex 7.906146749854088 4.76089637428522 4
      vertex 13 3.5999999999999996 4
      vertex 8 4.8071796715259545 4
    endloop
  endfacet
  facet normal 0 0 1
    outer loop
      vertex 8 4.8071796715259545 4
      vertex 13 3.5999999999999996 4
      vertex 8.087009146809578 4.865317326784133 4
    endloop
  endfacet
  facet normal 0 0 1
    outer loop
      vertex 15 -2.5 4
      vertex 18 -3.0500000000000007 4
      vertex 15 0 4
    endloop
  endfacet
  facet normal 0 0 1
    outer loop
      vertex 15 0 4
      vertex 18 -3.0500000000000007 4
      vertex 17 0 4
    endloop
  endfacet
  facet normal 0 0 1
    outer loop
      vertex 18 -3.0500000000000007 4
      vertex 17 5 4
      vertex 17 0 4
    endloop
  endfacet
  facet normal 0 0 1
    outer loop
      vertex 18 -3.0500000000000007 4
      vertex 17.25 8.7 4
      vertex 17 5 4
    endloop
  endfacet
  facet normal 0 0 -1
    outer loop
      vertex 8.372740663588047 5.2929447636008256 0
      vertex 8.393155887722969 5.395579044520854 0
      vertex 14.208841907552083 10.363688221801903 0
    endloop
  endfacet
  facet normal 0 0 -1
    outer loop
      vertex 8.393155887722969 5.395579044520854 0
      vertex 8.399999998509884 5.499999997019767 0
      vertex 14 10.35 0
    endloop
  endfacet
  facet normal 0 0 -1
    outer loop
      vertex 8.399999998509884 5.499999997019767 0
      vertex 12.614359353944899 11.149999999999999 0
      vertex 12.730634655534024 10.975981713586046 0
    endloop
  endfacet
  facet normal 0 0 -1
    outer loop
      vertex 8.399999998509884 5.499999997019767 0
      vertex 12.52179274798194 11.337706508215856 0
      vertex 12.614359353944899 11.149999999999999 0
    endloop
  endfacet
  facet normal 0 0 -1
    outer loop
      vertex 8.399999998509884 5.499999997019767 0
      vertex 12.413688221801904 11.741158092447916 0
      vertex 12.454518677937491 11.535889527835966 0
    endloop
  endfacet
  facet normal 0 0 -1
    outer loop
      vertex 8.399999998509884 5.499999997019767 0
      vertex 12.454518677937491 11.535889527835966 0
      vertex 12.52179274798194 11.337706508215856 0
    endloop
  endfacet
  facet normal 0 0 -1
    outer loop
      vertex 8.399999998509884 5.499999997019767 0
      vertex 12.4 11.95 0
      vertex 12.413688221801904 11.741158092447916 0
    endloop
  endfacet
  facet normal 0 0 -1
    outer loop
      vertex 8.399999998509884 5.499999997019767 0
      vertex 8.399999998509884 18.40000000298023 0
      vertex 12.4 11.95 0
    endloop
  endfacet
  facet normal 0 0 -1
    outer loop
      vertex 8.399999998509884 5.499999997019767 0
      vertex 12.730634655534024 10.975981713586046 0
      vertex 12.868629150101524 10.818629150101524 0
    endloop
  endfacet
  facet normal 0 0 -1
    outer loop
      vertex 8.399999998509884 5.499999997019767 0
      vertex 12.868629150101524 10.818629150101524 0
      vertex 13.025981713586047 10.680634655534023 0
    endloop
  endfacet
  facet normal 0 0 -1
    outer loop
      vertex 8.399999998509884 5.499999997019767 0
      vertex 13.2 10.564359353944898 0
      vertex 13.387706508215857 10.47179274798194 0
    endloop
  endfacet
  facet normal 0 0 -1
    outer loop
      vertex 8.399999998509884 5.499999997019767 0
      vertex 13.387706508215857 10.47179274798194 0
      vertex 13.585889527835967 10.40451867793749 0
    endloop
  endfacet
  facet normal 0 0 -1
    outer loop
      vertex 8.399999998509884 5.499999997019767 0
      vertex 13.025981713586047 10.680634655534023 0
      vertex 13.2 10.564359353944898 0
    endloop
  endfacet
  facet normal 0 0 -1
    outer loop
      vertex 8.399999998509884 5.499999997019767 0
      vertex 13.585889527835967 10.40451867793749 0
      vertex 13.791158092447917 10.363688221801903 0
    endloop
  endfacet
  facet normal 0 0 -1
    outer loop
      vertex 8.399999998509884 5.499999997019767 0
      vertex 13.791158092447917 10.363688221801903 0
      vertex 14 10.35 0
    endloop
  endfacet
  facet normal 0 0 -1
    outer loop
      vertex 8.393155887722969 5.395579044520854 0
      vertex 14 10.35 0
      vertex 14.208841907552083 10.363688221801903 0
    endloop
  endfacet
  facet normal 0 0 -1
    outer loop
      vertex 18 -3.0500000000000007 0
      vertex 14.208841907552083 10.363688221801903 0
      vertex 14.414110472164033 10.40451867793749 0
    endloop
  endfacet
  facet normal 0 0 -1
    outer loop
      vertex 18 -3.0500000000000007 0
      vertex 14.414110472164033 10.40451867793749 0
      vertex 14.612293491784143 10.47179274798194 0
    endloop
  endfacet
  facet normal 0 0 -1
    outer loop
      vertex 18 -3.0500000000000007 0
      vertex 14.612293491784143 10.47179274798194 0
      vertex 14.8 10.564359353944898 0
    endloop
  endfacet
  facet normal 0 0 -1
    outer loop
      vertex 18 -3.0500000000000007 0
      vertex 14.8 10.564359353944898 0
      vertex 14.974018286413953 10.680634655534023 0
    endloop
  endfacet
  facet normal 0 0 -1
    outer loop
      vertex 18 -3.0500000000000007 0
      vertex 14.974018286413953 10.680634655534023 0
      vertex 15.131370849898476 10.818629150101524 0
    endloop
  endfacet
  facet normal 0 0 -1
    outer loop
      vertex 18 -3.0500000000000007 0
      vertex 15.131370849898476 10.818629150101524 0
      vertex 15.269365344465976 10.975981713586046 0
    endloop
  endfacet
  facet normal 0 0 -1
    outer loop
      vertex 18 -3.0500000000000007 0
      vertex 15.269365344465976 10.975981713586046 0
      vertex 15.385640646055101 11.149999999999999 0
    endloop
  endfacet
  facet normal 0 0 -1
    outer loop
      vertex 18 -3.0500000000000007 0
      vertex 15.385640646055101 11.149999999999999 0
      vertex 15.47820725201806 11.337706508215856 0
    endloop
  endfacet
  facet normal 0 0 -1
    outer loop
      vertex 18 -3.0500000000000007 0
      vertex 15.47820725201806 11.337706508215856 0
      vertex 15.545481322062509 11.535889527835966 0
    endloop
  endfacet
  facet normal 0 0 -1
    outer loop
      vertex 18 -3.0500000000000007 0
      vertex 15.545481322062509 11.535889527835966 0
      vertex 15.586311778198096 11.741158092447916 0
    endloop
  endfacet
  facet normal 0 0 -1
    outer loop
      vertex 18 -3.0500000000000007 0
      vertex 15.586311778198096 11.741158092447916 0
      vertex 15.6 11.95 0
    endloop
  endfacet
  facet normal 0 0 -1
    outer loop
      vertex 18 -3.0500000000000007 0
      vertex 15.6 11.95 0
      vertex 15.586311778198096 12.158841907552082 0
    endloop
  endfacet
  facet normal 1 0 0
    outer loop
      vertex 18 -3.0500000000000007 0
      vertex 18 26.95 0
      vertex 18 -3.0500000000000007 4
    endloop
  endfacet
  facet normal 0 0 1
    outer loop
      vertex 8.087009146809578 4.865317326784133 4
      vertex 13 3.5999999999999996 4
      vertex 8.165685422718525 4.934314575791358 4
    endloop
  endfacet
  facet normal 0 0 1
    outer loop
      vertex 8.165685422718525 4.934314575791358 4
      vertex 13 3.5999999999999996 4
      vertex 8.23468267172575 5.012990851700305 4
    endloop
  endfacet
  facet normal 0 0 1
    outer loop
      vertex 8.23468267172575 5.012990851700305 4
      vertex 13 3.5999999999999996 4
      vertex 8.292820326983929 5.099999998509883 4
    endloop
  endfacet
  facet normal 0 0 1
    outer loop
      vertex 8.292820326983929 5.099999998509883 4
      vertex 13 3.5999999999999996 4
      vertex 8.339103624224663 5.193853248655795 4
    endloop
  endfacet
  facet normal 0 0 1
    outer loop
      vertex 8.339103624224663 5.193853248655795 4
      vertex 13 3.5999999999999996 4
      vertex 8.372740663588047 5.2929447636008256 4
    endloop
  endfacet
  facet normal 0 0 1
    outer loop
      vertex 8.372740663588047 5.2929447636008256 4
      vertex 13 3.5999999999999996 4
      vertex 8.393155887722969 5.395579044520854 4
    endloop
  endfacet
  facet normal 0 0 1
    outer loop
      vertex 8.393155887722969 5.395579044520854 4
      vertex 13 3.5999999999999996 4
      vertex 8.399999998509884 5.499999997019767 4
    endloop
  endfacet
  facet normal 0 0 1
    outer loop
      vertex 8.399999998509884 5.499999997019767 4
      vertex 13 6 4
      vertex 10.75 8.7 4
    endloop
  endfacet
  facet normal 0 0 1
    outer loop
      vertex 8.399999998509884 5.499999997019767 4
      vertex 13 3.5999999999999996 4
      vertex 13 6 4
    endloop
  endfacet
  facet normal 0 0 1
    outer loop
      vertex 13 6 4
      vertex 15 6 4
      vertex 10.75 8.7 4
    endloop
  endfacet
  facet normal 0 0 1
    outer loop
      vertex 8.399999998509884 5.499999997019767 4
      vertex 10.75 8.7 4
      vertex 10.75 15.2 4
    endloop
  endfacet
  facet normal 0 0 1
    outer loop
      vertex 15 5 4
      vertex 17 5 4
      vertex 15 6 4
    endloop
  endfacet
  facet normal 0 0 1
    outer loop
      vertex 10.75 8.7 4
      vertex 15 6 4
      vertex 17.25 8.7 4
    endloop
  endfacet
  facet normal 0 0 1
    outer loop
      vertex 15 6 4
      vertex 17 5 4
      vertex 17.25 8.7 4
    endloop
  endfacet
  facet normal 0 0 1
    outer loop
      vertex 18 -3.0500000000000007 4
      vertex 18 26.95 4
      vertex 17.25 8.7 4
    endloop
  endfacet
  facet normal 0 0 -1
    outer loop
      vertex -7.600000001490116 19.2 0
      vertex 18 26.95 0
      vertex 7.600000001490116 19.2 0
    endloop
  endfacet
  facet normal 0 1 0
    outer loop
      vertex -18 26.95 4
      vertex 18 26.95 4
      vertex 18 26.95 0
    endloop
  endfacet
  facet normal 0 0 1
    outer loop
      vertex -18 26.95 4
      vertex 7.704420953989029 19.193155889213084 4
      vertex 18 26.95 4
    endloop
  endfacet
  facet normal 0 0 -1
    outer loop
      vertex 8.399999998509884 18.40000000298023 0
      vertex 12.413688221801904 12.158841907552082 0
      vertex 12.4 11.95 0
    endloop
  endfacet
  facet normal 0 0 -1
    outer loop
      vertex 8.399999998509884 18.40000000298023 0
      vertex 12.454518677937491 12.364110472164032 0
      vertex 12.413688221801904 12.158841907552082 0
    endloop
  endfacet
  facet normal 0 0 -1
    outer loop
      vertex 8.399999998509884 18.40000000298023 0
      vertex 12.52179274798194 12.562293491784143 0
      vertex 12.454518677937491 12.364110472164032 0
    endloop
  endfacet
  facet normal 0 0 -1
    outer loop
      vertex 8.399999998509884 18.40000000298023 0
      vertex 12.614359353944899 12.75 0
      vertex 12.52179274798194 12.562293491784143 0
    endloop
  endfacet
  facet normal 0 0 -1
    outer loop
      vertex 8.399999998509884 18.40000000298023 0
      vertex 12.730634655534024 12.924018286413952 0
      vertex 12.614359353944899 12.75 0
    endloop
  endfacet
  facet normal 0 0 -1
    outer loop
      vertex 8.399999998509884 18.40000000298023 0
      vertex 12.868629150101524 13.081370849898475 0
      vertex 12.730634655534024 12.924018286413952 0
    endloop
  endfacet
  facet normal 0 0 -1
    outer loop
      vertex 8.399999998509884 18.40000000298023 0
      vertex 13.025981713586047 13.219365344465976 0
      vertex 12.868629150101524 13.081370849898475 0
    endloop
  endfacet
  facet normal 0 0 -1
    outer loop
      vertex 8.399999998509884 18.40000000298023 0
      vertex 13.2 13.3356406460551 0
      vertex 13.025981713586047 13.219365344465976 0
    endloop
  endfacet
  facet normal 0 0 -1
    outer loop
      vertex 8.399999998509884 18.40000000298023 0
      vertex 13.387706508215857 13.428207252018058 0
      vertex 13.2 13.3356406460551 0
    endloop
  endfacet
  facet normal 0 0 -1
    outer loop
      vertex 8.399999998509884 18.40000000298023 0
      vertex 13.585889527835967 13.495481322062508 0
      vertex 13.387706508215857 13.428207252018058 0
    endloop
  endfacet
  facet normal 0 0 -1
    outer loop
      vertex 18 -3.0500000000000007 0
      vertex 15.586311778198096 12.158841907552082 0
      vertex 18 26.95 0
    endloop
  endfacet
  facet normal 0 0 -1
    outer loop
      vertex 13.585889527835967 13.495481322062508 0
      vertex 18 26.95 0
      vertex 13.791158092447917 13.536311778198096 0
    endloop
  endfacet
  facet normal 0 0 -1
    outer loop
      vertex 13.791158092447917 13.536311778198096 0
      vertex 18 26.95 0
      vertex 14 13.549999999999999 0
    endloop
  endfacet
  facet normal 0 0 -1
    outer loop
      vertex 14 13.549999999999999 0
      vertex 18 26.95 0
      vertex 14.208841907552083 13.536311778198096 0
    endloop
  endfacet
  facet normal 0 0 -1
    outer loop
      vertex 14.208841907552083 13.536311778198096 0
      vertex 18 26.95 0
      vertex 14.414110472164033 13.495481322062508 0
    endloop
  endfacet
  facet normal 0 0 -1
    outer loop
      vertex 14.414110472164033 13.495481322062508 0
      vertex 18 26.95 0
      vertex 14.612293491784143 13.428207252018058 0
    endloop
  endfacet
  facet normal 0 0 -1
    outer loop
      vertex 15.385640646055101 12.75 0
      vertex 18 26.95 0
      vertex 15.47820725201806 12.562293491784143 0
    endloop
  endfacet
  facet normal 0 0 -1
    outer loop
      vertex 15.385640646055101 12.75 0
      vertex 15.269365344465976 12.924018286413952 0
      vertex 18 26.95 0
    endloop
  endfacet
  facet normal 0 0 -1
    outer loop
      vertex 15.586311778198096 12.158841907552082 0
      vertex 15.545481322062509 12.364110472164032 0
      vertex 18 26.95 0
    endloop
  endfacet
  facet normal 0 0 -1
    outer loop
      vertex 15.545481322062509 12.364110472164032 0
      vertex 15.47820725201806 12.562293491784143 0
      vertex 18 26.95 0
    endloop
  endfacet
  facet normal 0 0 -1
    outer loop
      vertex 14.612293491784143 13.428207252018058 0
      vertex 18 26.95 0
      vertex 14.8 13.3356406460551 0
    endloop
  endfacet
  facet normal 0 0 -1
    outer loop
      vertex 14.8 13.3356406460551 0
      vertex 18 26.95 0
      vertex 14.974018286413953 13.219365344465976 0
    endloop
  endfacet
  facet normal 0 0 -1
    outer loop
      vertex 15.131370849898476 13.081370849898475 0
      vertex 18 26.95 0
      vertex 15.269365344465976 12.924018286413952 0
    endloop
  endfacet
  facet normal 0 0 -1
    outer loop
      vertex 15.131370849898476 13.081370849898475 0
      vertex 14.974018286413953 13.219365344465976 0
      vertex 18 26.95 0
    endloop
  endfacet
  facet normal 1 0 0
    outer loop
      vertex 18 -3.0500000000000007 4
      vertex 18 26.95 0
      vertex 18 26.95 4
    endloop
  endfacet
  facet normal 0 0 1
    outer loop
      vertex 8.399999998509884 5.499999997019767 4
      vertex 10.75 15.2 4
      vertex 8.399999998509884 18.40000000298023 4
    endloop
  endfacet
  facet normal 0 0 1
    outer loop
      vertex 10.75 15.2 4
      vertex 17.25 15.2 4
      vertex 18 26.95 4
    endloop
  endfacet
  facet normal 0 0 1
    outer loop
      vertex 17.25 8.7 4
      vertex 18 26.95 4
      vertex 17.25 15.2 4
    endloop
  endfacet
  facet normal 0 0 -1
    outer loop
      vertex 7.600000001490116 19.2 0
      vertex 18 26.95 0
      vertex 7.704420953989029 19.193155889213084 0
    endloop
  endfacet
  facet normal 0 0 -1
    outer loop
      vertex 7.704420953989029 19.193155889213084 0
      vertex 18 26.95 0
      vertex 7.807055234909058 19.172740665078162 0
    endloop
  endfacet
  facet normal 0 0 -1
    outer loop
      vertex 7.807055234909058 19.172740665078162 0
      vertex 18 26.95 0
      vertex 7.906146749854088 19.139103625714778 0
    endloop
  endfacet
  facet normal 0 0 -1
    outer loop
      vertex 8.399999998509884 18.40000000298023 0
      vertex 8.393155887722969 18.504420955479144 0
      vertex 18 26.95 0
    endloop
  endfacet
  facet normal 0 0 -1
    outer loop
      vertex 8.399999998509884 18.40000000298023 0
      vertex 18 26.95 0
      vertex 13.585889527835967 13.495481322062508 0
    endloop
  endfacet
  facet normal 0 0 -1
    outer loop
      vertex 8.292820326983929 18.800000001490115 0
      vertex 8.23468267172575 18.887009148299693 0
      vertex 18 26.95 0
    endloop
  endfacet
  facet normal 0 0 -1
    outer loop
      vertex 8 19.092820328474044 0
      vertex 7.906146749854088 19.139103625714778 0
      vertex 18 26.95 0
    endloop
  endfacet
  facet normal 0 0 -1
    outer loop
      vertex 8 19.092820328474044 0
      vertex 18 26.95 0
      vertex 8.087009146809578 19.034682673215865 0
    endloop
  endfacet
  facet normal 0 0 -1
    outer loop
      vertex 8.165685422718525 18.96568542420864 0
      vertex 8.087009146809578 19.034682673215865 0
      vertex 18 26.95 0
    endloop
  endfacet
  facet normal 0 0 -1
    outer loop
      vertex 8.165685422718525 18.96568542420864 0
      vertex 18 26.95 0
      vertex 8.23468267172575 18.887009148299693 0
    endloop
  endfacet
  facet normal 0 0 -1
    outer loop
      vertex 8.393155887722969 18.504420955479144 0
      vertex 8.372740663588047 18.607055236399173 0
      vertex 18 26.95 0
    endloop
  endfacet
  facet normal 0 0 -1
    outer loop
      vertex 8.372740663588047 18.607055236399173 0
      vertex 8.339103624224663 18.706146751344203 0
      vertex 18 26.95 0
    endloop
  endfacet
  facet normal 0 0 -1
    outer loop
      vertex 8.339103624224663 18.706146751344203 0
      vertex 8.292820326983929 18.800000001490115 0
      vertex 18 26.95 0
    endloop
  endfacet
  facet normal 0 0 1
    outer loop
      vertex 7.704420953989029 19.193155889213084 4
      vertex 7.807055234909058 19.172740665078162 4
      vertex 18 26.95 4
    endloop
  endfacet
  facet normal 0 0 1
    outer loop
      vertex 7.807055234909058 19.172740665078162 4
      vertex 7.906146749854088 19.139103625714778 4
      vertex 18 26.95 4
    endloop
  endfacet
  facet normal 0 0 1
    outer loop
      vertex 8.399999998509884 18.40000000298023 4
      vertex 18 26.95 4
      vertex 8.393155887722969 18.504420955479144 4
    endloop
  endfacet
  facet normal 0 0 1
    outer loop
      vertex 8.399999998509884 18.40000000298023 4
      vertex 10.75 15.2 4
      vertex 18 26.95 4
    endloop
  endfacet
  facet normal 0 0 1
    outer loop
      vertex 8.292820326983929 18.800000001490115 4
      vertex 18 26.95 4
      vertex 8.23468267172575 18.887009148299693 4
    endloop
  endfacet
  facet normal 0 0 1
    outer loop
      vertex 8 19.092820328474044 4
      vertex 18 26.95 4
      vertex 7.906146749854088 19.139103625714778 4
    endloop
  endfacet
  facet normal 0 0 1
    outer loop
      vertex 8 19.092820328474044 4
      vertex 8.087009146809578 19.034682673215865 4
      vertex 18 26.95 4
    endloop
  endfacet
  facet normal 0 0 1
    outer loop
      vertex 8.165685422718525 18.96568542420864 4
      vertex 18 26.95 4
      vertex 8.087009146809578 19.034682673215865 4
    endloop
  endfacet
  facet normal 0 0 1
    outer loop
      vertex 8.165685422718525 18.96568542420864 4
      vertex 8.23468267172575 18.887009148299693 4
      vertex 18 26.95 4
    endloop
  endfacet
  facet normal 0 0 1
    outer loop
      vertex 8.393155887722969 18.504420955479144 4
      vertex 18 26.95 4
      vertex 8.372740663588047 18.607055236399173 4
    endloop
  endfacet
  facet normal 0 0 1
    outer loop
      vertex 8.372740663588047 18.607055236399173 4
      vertex 18 26.95 4
      vertex 8.339103624224663 18.706146751344203 4
    endloop
  endfacet
  facet normal 0 0 1
    outer loop
      vertex 8.339103624224663 18.706146751344203 4
      vertex 18 26.95 4
      vertex 8.292820326983929 18.800000001490115 4
    endloop
  endfacet
  facet normal 0.7518398074789753 0.6593458151000712 0
    outer loop
      vertex -15.269365344465976 10.975981713586046 0
      vertex -15.269365344465976 10.975981713586046 3.99
      vertex -15.131370849898476 10.818629150101524 0
    endloop
  endfacet
  facet normal 0.4422886902190024 0.8968727415326877 0
    outer loop
      vertex -14.8 10.564359353944898 0
      vertex -14.8 10.564359353944898 3.99
      vertex -14.612293491784143 10.47179274798194 0
    endloop
  endfacet
  facet normal 0.6593458151000712 0.7518398074789753 -9.785589460171144e-19
    outer loop
      vertex -14.974018286413953 10.680634655534023 0
      vertex -15.131370849898476 10.818629150101524 0
      vertex -15.131370849898476 10.818629150101524 3.99
    endloop
  endfacet
  facet normal 0.5555702330196023 0.8314696123025452 0
    outer loop
      vertex -14.974018286413953 10.680634655534023 0
      vertex -14.974018286413953 10.680634655534023 3.99
      vertex -14.8 10.564359353944898 0
    endloop
  endfacet
  facet normal 0.9469301294951067 0.32143946530315837 -8.303348555734202e-19
    outer loop
      vertex -15.47820725201806 11.337706508215856 0
      vertex -15.545481322062509 11.535889527835966 0
      vertex -15.545481322062509 11.535889527835966 3.99
    endloop
  endfacet
  facet normal 0.8314696123025452 0.5555702330196023 -1.9254237818278126e-19
    outer loop
      vertex -15.269365344465976 10.975981713586046 0
      vertex -15.385640646055101 11.149999999999999 0
      vertex -15.385640646055101 11.149999999999999 3.99
    endloop
  endfacet
  facet normal 0.8968727415326877 0.4422886902190024 0
    outer loop
      vertex -15.47820725201806 11.337706508215856 0
      vertex -15.47820725201806 11.337706508215856 3.99
      vertex -15.385640646055101 11.149999999999999 0
    endloop
  endfacet
  facet normal 0.9807852804032301 0.19509032201612983 -6.651152652874856e-19
    outer loop
      vertex -15.545481322062509 11.535889527835966 0
      vertex -15.586311778198096 11.741158092447916 0
      vertex -15.586311778198096 11.741158092447916 3.99
    endloop
  endfacet
  facet normal 0.9978589232386036 0.06540312923014234 1.088679607072062e-19
    outer loop
      vertex -15.586311778198096 11.741158092447916 0
      vertex -15.6 11.95 0
      vertex -15.6 11.95 3.99
    endloop
  endfacet
  facet normal 0.32143946530315837 0.9469301294951067 0
    outer loop
      vertex -14.612293491784143 10.47179274798194 0
      vertex -14.612293491784143 10.47179274798194 3.99
      vertex -14.414110472164033 10.40451867793749 0
    endloop
  endfacet
  facet normal 0.19509032201612983 0.9807852804032301 0
    outer loop
      vertex -14.414110472164033 10.40451867793749 0
      vertex -14.414110472164033 10.40451867793749 3.99
      vertex -14.208841907552083 10.363688221801903 0
    endloop
  endfacet
  facet normal 0.06540312923014234 0.9978589232386036 0
    outer loop
      vertex -14.208841907552083 10.363688221801903 0
      vertex -14.208841907552083 10.363688221801903 3.99
      vertex -14 10.35 0
    endloop
  endfacet
  facet normal -0.06540312923014234 0.9978589232386036 0
    outer loop
      vertex -14 10.35 0
      vertex -14 10.35 3.99
      vertex -13.791158092447917 10.363688221801903 0
    endloop
  endfacet
  facet normal -0.19509032201612983 0.9807852804032301 0
    outer loop
      vertex -13.791158092447917 10.363688221801903 0
      vertex -13.791158092447917 10.363688221801903 3.99
      vertex -13.585889527835967 10.40451867793749 0
    endloop
  endfacet
  facet normal -0.32143946530315837 0.9469301294951067 0
    outer loop
      vertex -13.585889527835967 10.40451867793749 0
      vertex -13.585889527835967 10.40451867793749 3.99
      vertex -13.387706508215857 10.47179274798194 0
    endloop
  endfacet
  facet normal 0.4422886902190024 0.8968727415326877 0
    outer loop
      vertex -14.612293491784143 10.47179274798194 0
      vertex -14.8 10.564359353944898 3.99
      vertex -14.612293491784143 10.47179274798194 3.99
    endloop
  endfacet
  facet normal 0.6593458151000712 0.7518398074789753 0
    outer loop
      vertex -14.974018286413953 10.680634655534023 0
      vertex -15.131370849898476 10.818629150101524 3.99
      vertex -14.974018286413953 10.680634655534023 3.99
    endloop
  endfacet
  facet normal 0.7518398074789753 0.6593458151000712 0
    outer loop
      vertex -15.131370849898476 10.818629150101524 0
      vertex -15.269365344465976 10.975981713586046 3.99
      vertex -15.131370849898476 10.818629150101524 3.99
    endloop
  endfacet
  facet normal 0.5555702330196023 0.8314696123025452 0
    outer loop
      vertex -14.8 10.564359353944898 0
      vertex -14.974018286413953 10.680634655534023 3.99
      vertex -14.8 10.564359353944898 3.99
    endloop
  endfacet
  facet normal 0.9469301294951067 0.32143946530315837 0
    outer loop
      vertex -15.47820725201806 11.337706508215856 0
      vertex -15.545481322062509 11.535889527835966 3.99
      vertex -15.47820725201806 11.337706508215856 3.99
    endloop
  endfacet
  facet normal 0.8968727415326877 0.4422886902190024 0
    outer loop
      vertex -15.385640646055101 11.149999999999999 0
      vertex -15.47820725201806 11.337706508215856 3.99
      vertex -15.385640646055101 11.149999999999999 3.99
    endloop
  endfacet
  facet normal 0.8314696123025452 0.5555702330196023 0
    outer loop
      vertex -15.269365344465976 10.975981713586046 0
      vertex -15.385640646055101 11.149999999999999 3.99
      vertex -15.269365344465976 10.975981713586046 3.99
    endloop
  endfacet
  facet normal 0.9807852804032301 0.19509032201612983 0
    outer loop
      vertex -15.545481322062509 11.535889527835966 0
      vertex -15.586311778198096 11.741158092447916 3.99
      vertex -15.545481322062509 11.535889527835966 3.99
    endloop
  endfacet
  facet normal 0.9978589232386036 0.06540312923014234 0
    outer loop
      vertex -15.586311778198096 11.741158092447916 0
      vertex -15.6 11.95 3.99
      vertex -15.586311778198096 11.741158092447916 3.99
    endloop
  endfacet
  facet normal 0.32143946530315837 0.9469301294951067 0
    outer loop
      vertex -14.414110472164033 10.40451867793749 0
      vertex -14.612293491784143 10.47179274798194 3.99
      vertex -14.414110472164033 10.40451867793749 3.99
    endloop
  endfacet
  facet normal 0.19509032201612983 0.9807852804032301 0
    outer loop
      vertex -14.208841907552083 10.363688221801903 0
      vertex -14.414110472164033 10.40451867793749 3.99
      vertex -14.208841907552083 10.363688221801903 3.99
    endloop
  endfacet
  facet normal 0.06540312923014234 0.9978589232386036 0
    outer loop
      vertex -14 10.35 0
      vertex -14.208841907552083 10.363688221801903 3.99
      vertex -14 10.35 3.99
    endloop
  endfacet
  facet normal -0.06540312923014234 0.9978589232386036 0
    outer loop
      vertex -13.791158092447917 10.363688221801903 0
      vertex -14 10.35 3.99
      vertex -13.791158092447917 10.363688221801903 3.99
    endloop
  endfacet
  facet normal -0.19509032201612983 0.9807852804032301 0
    outer loop
      vertex -13.585889527835967 10.40451867793749 0
      vertex -13.791158092447917 10.363688221801903 3.99
      vertex -13.585889527835967 10.40451867793749 3.99
    endloop
  endfacet
  facet normal -0.4422886902190024 0.8968727415326877 0
    outer loop
      vertex -13.387706508215857 10.47179274798194 0
      vertex -13.387706508215857 10.47179274798194 3.99
      vertex -13.2 10.564359353944898 0
    endloop
  endfacet
  facet normal -0.5555702330196023 0.8314696123025452 0
    outer loop
      vertex -13.2 10.564359353944898 0
      vertex -13.2 10.564359353944898 3.99
      vertex -13.025981713586047 10.680634655534023 0
    endloop
  endfacet
  facet normal -0.6593458151000712 0.7518398074789753 0
    outer loop
      vertex -13.025981713586047 10.680634655534023 0
      vertex -13.025981713586047 10.680634655534023 3.99
      vertex -12.868629150101524 10.818629150101524 0
    endloop
  endfacet
  facet normal -0.7518398074789753 0.6593458151000712 0
    outer loop
      vertex -12.868629150101524 10.818629150101524 0
      vertex -12.868629150101524 10.818629150101524 3.99
      vertex -12.730634655534024 10.975981713586046 0
    endloop
  endfacet
  facet normal -0.8314696123025452 0.5555702330196023 0
    outer loop
      vertex -12.730634655534024 10.975981713586046 0
      vertex -12.730634655534024 10.975981713586046 3.99
      vertex -12.614359353944899 11.149999999999999 0
    endloop
  endfacet
  facet normal -0.8968727415326877 0.4422886902190024 0
    outer loop
      vertex -12.614359353944899 11.149999999999999 0
      vertex -12.614359353944899 11.149999999999999 3.99
      vertex -12.52179274798194 11.337706508215856 0
    endloop
  endfacet
  facet normal -0.9469301294951067 0.32143946530315837 0
    outer loop
      vertex -12.52179274798194 11.337706508215856 0
      vertex -12.52179274798194 11.337706508215856 3.99
      vertex -12.454518677937491 11.535889527835966 0
    endloop
  endfacet
  facet normal -0.9807852804032301 0.19509032201612983 0
    outer loop
      vertex -12.454518677937491 11.535889527835966 0
      vertex -12.454518677937491 11.535889527835966 3.99
      vertex -12.413688221801904 11.741158092447916 0
    endloop
  endfacet
  facet normal -0.9978589232386036 0.06540312923014234 0
    outer loop
      vertex -12.413688221801904 11.741158092447916 0
      vertex -12.413688221801904 11.741158092447916 3.99
      vertex -12.4 11.95 0
    endloop
  endfacet
  facet normal -0.32143946530315837 0.9469301294951067 8.303348555734202e-19
    outer loop
      vertex -13.585889527835967 10.40451867793749 3.99
      vertex -13.387706508215857 10.47179274798194 3.99
      vertex -13.387706508215857 10.47179274798194 0
    endloop
  endfacet
  facet normal -0.4422886902190024 0.8968727415326877 0
    outer loop
      vertex -13.2 10.564359353944898 0
      vertex -13.387706508215857 10.47179274798194 3.99
      vertex -13.2 10.564359353944898 3.99
    endloop
  endfacet
  facet normal -0.5555702330196023 0.8314696123025452 0
    outer loop
      vertex -13.025981713586047 10.680634655534023 0
      vertex -13.2 10.564359353944898 3.99
      vertex -13.025981713586047 10.680634655534023 3.99
    endloop
  endfacet
  facet normal -0.6593458151000712 0.7518398074789753 0
    outer loop
      vertex -12.868629150101524 10.818629150101524 0
      vertex -13.025981713586047 10.680634655534023 3.99
      vertex -12.868629150101524 10.818629150101524 3.99
    endloop
  endfacet
  facet normal -0.7518398074789753 0.6593458151000712 0
    outer loop
      vertex -12.730634655534024 10.975981713586046 0
      vertex -12.868629150101524 10.818629150101524 3.99
      vertex -12.730634655534024 10.975981713586046 3.99
    endloop
  endfacet
  facet normal -0.8314696123025452 0.5555702330196023 0
    outer loop
      vertex -12.614359353944899 11.149999999999999 0
      vertex -12.730634655534024 10.975981713586046 3.99
      vertex -12.614359353944899 11.149999999999999 3.99
    endloop
  endfacet
  facet normal -0.8968727415326877 0.4422886902190024 0
    outer loop
      vertex -12.52179274798194 11.337706508215856 0
      vertex -12.614359353944899 11.149999999999999 3.99
      vertex -12.52179274798194 11.337706508215856 3.99
    endloop
  endfacet
  facet normal -0.9469301294951067 0.32143946530315837 0
    outer loop
      vertex -12.454518677937491 11.535889527835966 0
      vertex -12.52179274798194 11.337706508215856 3.99
      vertex -12.454518677937491 11.535889527835966 3.99
    endloop
  endfacet
  facet normal -0.9807852804032301 0.19509032201612983 0
    outer loop
      vertex -12.413688221801904 11.741158092447916 0
      vertex -12.454518677937491 11.535889527835966 3.99
      vertex -12.413688221801904 11.741158092447916 3.99
    endloop
  endfacet
  facet normal -0.9978589232386036 0.06540312923014234 -1.088679607072062e-19
    outer loop
      vertex -12.413688221801904 11.741158092447916 3.99
      vertex -12.4 11.95 3.99
      vertex -12.4 11.95 0
    endloop
  endfacet
  facet normal 0 0 -1
    outer loop
      vertex -14.974018286413953 10.680634655534023 3.99
      vertex -15.131370849898476 10.818629150101524 3.99
      vertex -15.039230484541326 11.35 3.99
    endloop
  endfacet
  facet normal 0 0 -1
    outer loop
      vertex -14.974018286413953 10.680634655534023 3.99
      vertex -14.952024008349483 11.219486285189534 3.99
      vertex -14.848528137423857 11.101471862576142 3.99
    endloop
  endfacet
  facet normal 0 0 -1
    outer loop
      vertex -14.8 10.564359353944898 3.99
      vertex -14.730513714810465 10.997975991650517 3.99
      vertex -14.612293491784143 10.47179274798194 3.99
    endloop
  endfacet
  facet normal 0 0 -1
    outer loop
      vertex -14.974018286413953 10.680634655534023 3.99
      vertex -14.848528137423857 11.101471862576142 3.99
      vertex -14.8 10.564359353944898 3.99
    endloop
  endfacet
  facet normal 0 0 -1
    outer loop
      vertex -14.8 10.564359353944898 3.99
      vertex -14.848528137423857 11.101471862576142 3.99
      vertex -14.730513714810465 10.997975991650517 3.99
    endloop
  endfacet
  facet normal 0 0 -1
    outer loop
      vertex -14.730513714810465 10.997975991650517 3.99
      vertex -14.6 10.910769515458673 3.99
      vertex -14.612293491784143 10.47179274798194 3.99
    endloop
  endfacet
  facet normal 0 0 -1
    outer loop
      vertex -15.545481322062509 11.535889527835966 3.99
      vertex -15.586311778198096 11.741158092447916 3.99
      vertex -15.586311778198096 12.158841907552082 3.99
    endloop
  endfacet
  facet normal 0 0 -1
    outer loop
      vertex -15.47820725201806 11.337706508215856 3.99
      vertex -15.545481322062509 11.535889527835966 3.99
      vertex -15.545481322062509 12.364110472164032 3.99
    endloop
  endfacet
  facet normal 0 0 -1
    outer loop
      vertex -15.586311778198096 11.741158092447916 3.99
      vertex -15.6 11.95 3.99
      vertex -15.586311778198096 12.158841907552082 3.99
    endloop
  endfacet
  facet normal 0 0 -1
    outer loop
      vertex -15.47820725201806 11.337706508215856 3.99
      vertex -15.47820725201806 12.562293491784143 3.99
      vertex -15.385640646055101 11.149999999999999 3.99
    endloop
  endfacet
  facet normal 0 0 -1
    outer loop
      vertex -15.269365344465976 10.975981713586046 3.99
      vertex -15.385640646055101 11.149999999999999 3.99
      vertex -15.385640646055101 12.75 3.99
    endloop
  endfacet
  facet normal 0 0 -1
    outer loop
      vertex -15.269365344465976 10.975981713586046 3.99
      vertex -15.269365344465976 12.924018286413952 3.99
      vertex -15.131370849898476 10.818629150101524 3.99
    endloop
  endfacet
  facet normal 0 0 -1
    outer loop
      vertex -15.131370849898476 10.818629150101524 3.99
      vertex -15.269365344465976 12.924018286413952 3.99
      vertex -15.2 11.95 3.99
    endloop
  endfacet
  facet normal 0 0 -1
    outer loop
      vertex -15.131370849898476 10.818629150101524 3.99
      vertex -15.108655439013544 11.490779881161892 3.99
      vertex -15.039230484541326 11.35 3.99
    endloop
  endfacet
  facet normal 0 0 -1
    outer loop
      vertex -14.974018286413953 10.680634655534023 3.99
      vertex -15.039230484541326 11.35 3.99
      vertex -14.952024008349483 11.219486285189534 3.99
    endloop
  endfacet
  facet normal 0 0 -1
    outer loop
      vertex -15.131370849898476 10.818629150101524 3.99
      vertex -15.159110991546882 11.639417145876974 3.99
      vertex -15.108655439013544 11.490779881161892 3.99
    endloop
  endfacet
  facet normal 0 0 -1
    outer loop
      vertex -15.131370849898476 10.818629150101524 3.99
      vertex -15.189733833648573 11.793368569335938 3.99
      vertex -15.159110991546882 11.639417145876974 3.99
    endloop
  endfacet
  facet normal 0 0 -1
    outer loop
      vertex -15.131370849898476 10.818629150101524 3.99
      vertex -15.2 11.95 3.99
      vertex -15.189733833648573 11.793368569335938 3.99
    endloop
  endfacet
  facet normal 0 0 -1
    outer loop
      vertex -14.414110472164033 10.40451867793749 3.99
      vertex -14.310582854123025 10.790889008453117 3.99
      vertex -14.208841907552083 10.363688221801903 3.99
    endloop
  endfacet
  facet normal 0 0 -1
    outer loop
      vertex -14.208841907552083 10.363688221801903 3.99
      vertex -14.156631430664062 10.760266166351427 3.99
      vertex -14 10.35 3.99
    endloop
  endfacet
  facet normal 0 0 -1
    outer loop
      vertex -14.612293491784143 10.47179274798194 3.99
      vertex -14.459220118838108 10.841344560986455 3.99
      vertex -14.414110472164033 10.40451867793749 3.99
    endloop
  endfacet
  facet normal 0 0 -1
    outer loop
      vertex -14.612293491784143 10.47179274798194 3.99
      vertex -14.6 10.910769515458673 3.99
      vertex -14.459220118838108 10.841344560986455 3.99
    endloop
  endfacet
  facet normal 0 0 -1
    outer loop
      vertex -14.414110472164033 10.40451867793749 3.99
      vertex -14.459220118838108 10.841344560986455 3.99
      vertex -14.310582854123025 10.790889008453117 3.99
    endloop
  endfacet
  facet normal 0 0 -1
    outer loop
      vertex -14.208841907552083 10.363688221801903 3.99
      vertex -14.310582854123025 10.790889008453117 3.99
      vertex -14.156631430664062 10.760266166351427 3.99
    endloop
  endfacet
  facet normal 0 0 -1
    outer loop
      vertex -14 10.35 3.99
      vertex -14 10.75 3.99
      vertex -13.791158092447917 10.363688221801903 3.99
    endloop
  endfacet
  facet normal 0 0 -1
    outer loop
      vertex -13.791158092447917 10.363688221801903 3.99
      vertex -13.843368569335938 10.760266166351427 3.99
      vertex -13.585889527835967 10.40451867793749 3.99
    endloop
  endfacet
  facet normal 0 0 -1
    outer loop
      vertex -14.156631430664062 10.760266166351427 3.99
      vertex -14 10.75 3.99
      vertex -14 10.35 3.99
    endloop
  endfacet
  facet normal 0 0 -1
    outer loop
      vertex -13.791158092447917 10.363688221801903 3.99
      vertex -14 10.75 3.99
      vertex -13.843368569335938 10.760266166351427 3.99
    endloop
  endfacet
  facet normal 0 0 -1
    outer loop
      vertex -13.585889527835967 10.40451867793749 3.99
      vertex -13.843368569335938 10.760266166351427 3.99
      vertex -13.689417145876975 10.790889008453117 3.99
    endloop
  endfacet
  facet normal 0 0 -1
    outer loop
      vertex -13.585889527835967 10.40451867793749 3.99
      vertex -13.689417145876975 10.790889008453117 3.99
      vertex -13.387706508215857 10.47179274798194 3.99
    endloop
  endfacet
  facet normal 0 0 -1
    outer loop
      vertex -13.689417145876975 10.790889008453117 3.99
      vertex -13.540779881161892 10.841344560986455 3.99
      vertex -13.387706508215857 10.47179274798194 3.99
    endloop
  endfacet
  facet normal 0 0 -1
    outer loop
      vertex -13.540779881161892 10.841344560986455 3.99
      vertex -13.4 10.910769515458673 3.99
      vertex -13.387706508215857 10.47179274798194 3.99
    endloop
  endfacet
  facet normal 0 0 -1
    outer loop
      vertex -13.387706508215857 10.47179274798194 3.99
      vertex -13.4 10.910769515458673 3.99
      vertex -13.2 10.564359353944898 3.99
    endloop
  endfacet
  facet normal 0 0 -1
    outer loop
      vertex -13.4 10.910769515458673 3.99
      vertex -13.269486285189535 10.997975991650517 3.99
      vertex -13.2 10.564359353944898 3.99
    endloop
  endfacet
  facet normal 0 0 -1
    outer loop
      vertex -13.269486285189535 10.997975991650517 3.99
      vertex -13.025981713586047 10.680634655534023 3.99
      vertex -13.2 10.564359353944898 3.99
    endloop
  endfacet
  facet normal 0 0 -1
    outer loop
      vertex -13.269486285189535 10.997975991650517 3.99
      vertex -13.151471862576143 11.101471862576142 3.99
      vertex -13.025981713586047 10.680634655534023 3.99
    endloop
  endfacet
  facet normal 0 0 -1
    outer loop
      vertex -13.025981713586047 10.680634655534023 3.99
      vertex -13.151471862576143 11.101471862576142 3.99
      vertex -13.047975991650517 11.219486285189534 3.99
    endloop
  endfacet
  facet normal 0 0 -1
    outer loop
      vertex -13.025981713586047 10.680634655534023 3.99
      vertex -13.047975991650517 11.219486285189534 3.99
      vertex -12.868629150101524 10.818629150101524 3.99
    endloop
  endfacet
  facet normal 0 0 -1
    outer loop
      vertex -12.868629150101524 10.818629150101524 3.99
      vertex -13.047975991650517 11.219486285189534 3.99
      vertex -12.960769515458674 11.35 3.99
    endloop
  endfacet
  facet normal 0 0 -1
    outer loop
      vertex -12.868629150101524 10.818629150101524 3.99
      vertex -12.891344560986456 11.490779881161892 3.99
      vertex -12.730634655534024 10.975981713586046 3.99
    endloop
  endfacet
  facet normal 0 0 -1
    outer loop
      vertex -12.868629150101524 10.818629150101524 3.99
      vertex -12.960769515458674 11.35 3.99
      vertex -12.891344560986456 11.490779881161892 3.99
    endloop
  endfacet
  facet normal 0 0 -1
    outer loop
      vertex -12.730634655534024 10.975981713586046 3.99
      vertex -12.891344560986456 11.490779881161892 3.99
      vertex -12.840889008453118 11.639417145876974 3.99
    endloop
  endfacet
  facet normal 0 0 -1
    outer loop
      vertex -12.730634655534024 10.975981713586046 3.99
      vertex -12.840889008453118 11.639417145876974 3.99
      vertex -12.810266166351427 11.793368569335938 3.99
    endloop
  endfacet
  facet normal 0 0 -1
    outer loop
      vertex -12.730634655534024 10.975981713586046 3.99
      vertex -12.810266166351427 11.793368569335938 3.99
      vertex -12.8 11.95 3.99
    endloop
  endfacet
  facet normal 0 0 -1
    outer loop
      vertex -12.730634655534024 10.975981713586046 3.99
      vertex -12.730634655534024 12.924018286413952 3.99
      vertex -12.614359353944899 11.149999999999999 3.99
    endloop
  endfacet
  facet normal 0 0 -1
    outer loop
      vertex -12.614359353944899 11.149999999999999 3.99
      vertex -12.614359353944899 12.75 3.99
      vertex -12.52179274798194 11.337706508215856 3.99
    endloop
  endfacet
  facet normal 0 0 -1
    outer loop
      vertex -12.52179274798194 11.337706508215856 3.99
      vertex -12.52179274798194 12.562293491784143 3.99
      vertex -12.454518677937491 11.535889527835966 3.99
    endloop
  endfacet
  facet normal 0 0 -1
    outer loop
      vertex -12.454518677937491 11.535889527835966 3.99
      vertex -12.454518677937491 12.364110472164032 3.99
      vertex -12.413688221801904 11.741158092447916 3.99
    endloop
  endfacet
  facet normal 0 0 -1
    outer loop
      vertex -12.413688221801904 11.741158092447916 3.99
      vertex -12.413688221801904 12.158841907552082 3.99
      vertex -12.4 11.95 3.99
    endloop
  endfacet
  facet normal 0.9978589232386036 -0.06540312923014234 -1.088679607072062e-19
    outer loop
      vertex -15.6 11.95 0
      vertex -15.586311778198096 12.158841907552082 0
      vertex -15.586311778198096 12.158841907552082 3.99
    endloop
  endfacet
  facet normal 0.9807852804032301 -0.19509032201612983 6.651152652874856e-19
    outer loop
      vertex -15.586311778198096 12.158841907552082 0
      vertex -15.545481322062509 12.364110472164032 0
      vertex -15.545481322062509 12.364110472164032 3.99
    endloop
  endfacet
  facet normal 0.9469301294951067 -0.32143946530315837 8.303348555734202e-19
    outer loop
      vertex -15.545481322062509 12.364110472164032 0
      vertex -15.47820725201806 12.562293491784143 0
      vertex -15.47820725201806 12.562293491784143 3.99
    endloop
  endfacet
  facet normal 0.8968727415326877 -0.4422886902190024 1.9303810785670118e-19
    outer loop
      vertex -15.47820725201806 12.562293491784143 0
      vertex -15.385640646055101 12.75 0
      vertex -15.385640646055101 12.75 3.99
    endloop
  endfacet
  facet normal 0.8314696123025452 -0.5555702330196023 1.9254237818278126e-19
    outer loop
      vertex -15.385640646055101 12.75 0
      vertex -15.269365344465976 12.924018286413952 0
      vertex -15.269365344465976 12.924018286413952 3.99
    endloop
  endfacet
  facet normal 0.7518398074789753 -0.6593458151000712 9.785589460171144e-19
    outer loop
      vertex -15.269365344465976 12.924018286413952 0
      vertex -15.131370849898476 13.081370849898475 0
      vertex -15.131370849898476 13.081370849898475 3.99
    endloop
  endfacet
  facet normal 0.6593458151000712 -0.7518398074789753 9.785589460171144e-19
    outer loop
      vertex -15.131370849898476 13.081370849898475 0
      vertex -14.974018286413953 13.219365344465976 0
      vertex -14.974018286413953 13.219365344465976 3.99
    endloop
  endfacet
  facet normal 0.5555702330196023 -0.8314696123025452 1.9254237818278126e-19
    outer loop
      vertex -14.974018286413953 13.219365344465976 0
      vertex -14.8 13.3356406460551 0
      vertex -14.8 13.3356406460551 3.99
    endloop
  endfacet
  facet normal 0.4422886902190024 -0.8968727415326877 1.9303810785670118e-19
    outer loop
      vertex -14.8 13.3356406460551 0
      vertex -14.612293491784143 13.428207252018058 0
      vertex -14.612293491784143 13.428207252018058 3.99
    endloop
  endfacet
  facet normal 0.32143946530315837 -0.9469301294951067 8.303348555734202e-19
    outer loop
      vertex -14.612293491784143 13.428207252018058 0
      vertex -14.414110472164033 13.495481322062508 0
      vertex -14.414110472164033 13.495481322062508 3.99
    endloop
  endfacet
  facet normal 0.19509032201612983 -0.9807852804032301 6.651152652874856e-19
    outer loop
      vertex -14.414110472164033 13.495481322062508 0
      vertex -14.208841907552083 13.536311778198096 0
      vertex -14.208841907552083 13.536311778198096 3.99
    endloop
  endfacet
  facet normal 0.06540312923014234 -0.9978589232386036 -1.088679607072062e-19
    outer loop
      vertex -14.208841907552083 13.536311778198096 0
      vertex -14 13.549999999999999 0
      vertex -14 13.549999999999999 3.99
    endloop
  endfacet
  facet normal -0.06540312923014234 -0.9978589232386036 1.088679607072062e-19
    outer loop
      vertex -14 13.549999999999999 0
      vertex -13.791158092447917 13.536311778198096 0
      vertex -13.791158092447917 13.536311778198096 3.99
    endloop
  endfacet
  facet normal -0.19509032201612983 -0.9807852804032301 -6.651152652874856e-19
    outer loop
      vertex -13.791158092447917 13.536311778198096 0
      vertex -13.585889527835967 13.495481322062508 0
      vertex -13.585889527835967 13.495481322062508 3.99
    endloop
  endfacet
  facet normal 0.9978589232386036 -0.06540312923014234 0
    outer loop
      vertex -15.6 11.95 0
      vertex -15.586311778198096 12.158841907552082 3.99
      vertex -15.6 11.95 3.99
    endloop
  endfacet
  facet normal 0.9807852804032301 -0.19509032201612983 0
    outer loop
      vertex -15.586311778198096 12.158841907552082 0
      vertex -15.545481322062509 12.364110472164032 3.99
      vertex -15.586311778198096 12.158841907552082 3.99
    endloop
  endfacet
  facet normal 0.9469301294951067 -0.32143946530315837 0
    outer loop
      vertex -15.545481322062509 12.364110472164032 0
      vertex -15.47820725201806 12.562293491784143 3.99
      vertex -15.545481322062509 12.364110472164032 3.99
    endloop
  endfacet
  facet normal 0.8968727415326877 -0.4422886902190024 0
    outer loop
      vertex -15.47820725201806 12.562293491784143 0
      vertex -15.385640646055101 12.75 3.99
      vertex -15.47820725201806 12.562293491784143 3.99
    endloop
  endfacet
  facet normal 0.8314696123025452 -0.5555702330196023 0
    outer loop
      vertex -15.385640646055101 12.75 0
      vertex -15.269365344465976 12.924018286413952 3.99
      vertex -15.385640646055101 12.75 3.99
    endloop
  endfacet
  facet normal 0.7518398074789753 -0.6593458151000712 0
    outer loop
      vertex -15.269365344465976 12.924018286413952 0
      vertex -15.131370849898476 13.081370849898475 3.99
      vertex -15.269365344465976 12.924018286413952 3.99
    endloop
  endfacet
  facet normal 0.6593458151000712 -0.7518398074789753 0
    outer loop
      vertex -15.131370849898476 13.081370849898475 0
      vertex -14.974018286413953 13.219365344465976 3.99
      vertex -15.131370849898476 13.081370849898475 3.99
    endloop
  endfacet
  facet normal 0.5555702330196023 -0.8314696123025452 0
    outer loop
      vertex -14.974018286413953 13.219365344465976 0
      vertex -14.8 13.3356406460551 3.99
      vertex -14.974018286413953 13.219365344465976 3.99
    endloop
  endfacet
  facet normal 0.4422886902190024 -0.8968727415326877 0
    outer loop
      vertex -14.8 13.3356406460551 0
      vertex -14.612293491784143 13.428207252018058 3.99
      vertex -14.8 13.3356406460551 3.99
    endloop
  endfacet
  facet normal 0.32143946530315837 -0.9469301294951067 0
    outer loop
      vertex -14.612293491784143 13.428207252018058 0
      vertex -14.414110472164033 13.495481322062508 3.99
      vertex -14.612293491784143 13.428207252018058 3.99
    endloop
  endfacet
  facet normal 0.19509032201612983 -0.9807852804032301 0
    outer loop
      vertex -14.414110472164033 13.495481322062508 0
      vertex -14.208841907552083 13.536311778198096 3.99
      vertex -14.414110472164033 13.495481322062508 3.99
    endloop
  endfacet
  facet normal 0.06540312923014234 -0.9978589232386036 0
    outer loop
      vertex -14.208841907552083 13.536311778198096 0
      vertex -14 13.549999999999999 3.99
      vertex -14.208841907552083 13.536311778198096 3.99
    endloop
  endfacet
  facet normal -0.06540312923014234 -0.9978589232386036 0
    outer loop
      vertex -14 13.549999999999999 0
      vertex -13.791158092447917 13.536311778198096 3.99
      vertex -14 13.549999999999999 3.99
    endloop
  endfacet
  facet normal -0.19509032201612983 -0.9807852804032301 0
    outer loop
      vertex -13.791158092447917 13.536311778198096 0
      vertex -13.585889527835967 13.495481322062508 3.99
      vertex -13.791158092447917 13.536311778198096 3.99
    endloop
  endfacet
  facet normal -0.32143946530315837 -0.9469301294951067 0
    outer loop
      vertex -13.585889527835967 13.495481322062508 0
      vertex -13.387706508215857 13.428207252018058 3.99
      vertex -13.585889527835967 13.495481322062508 3.99
    endloop
  endfacet
  facet normal -0.9978589232386036 -0.06540312923014234 0
    outer loop
      vertex -12.4 11.95 0
      vertex -12.4 11.95 3.99
      vertex -12.413688221801904 12.158841907552082 0
    endloop
  endfacet
  facet normal -0.9807852804032301 -0.19509032201612983 0
    outer loop
      vertex -12.413688221801904 12.158841907552082 0
      vertex -12.413688221801904 12.158841907552082 3.99
      vertex -12.454518677937491 12.364110472164032 0
    endloop
  endfacet
  facet normal -0.8968727415326877 -0.4422886902190024 0
    outer loop
      vertex -12.52179274798194 12.562293491784143 0
      vertex -12.52179274798194 12.562293491784143 3.99
      vertex -12.614359353944899 12.75 0
    endloop
  endfacet
  facet normal -0.9469301294951067 -0.32143946530315837 0
    outer loop
      vertex -12.454518677937491 12.364110472164032 0
      vertex -12.454518677937491 12.364110472164032 3.99
      vertex -12.52179274798194 12.562293491784143 0
    endloop
  endfacet
  facet normal -0.8314696123025452 -0.5555702330196023 0
    outer loop
      vertex -12.614359353944899 12.75 0
      vertex -12.614359353944899 12.75 3.99
      vertex -12.730634655534024 12.924018286413952 0
    endloop
  endfacet
  facet normal -0.5555702330196023 -0.8314696123025452 -1.9254237818278126e-19
    outer loop
      vertex -13.2 13.3356406460551 0
      vertex -13.025981713586047 13.219365344465976 0
      vertex -13.025981713586047 13.219365344465976 3.99
    endloop
  endfacet
  facet normal -0.32143946530315837 -0.9469301294951067 -8.303348555734202e-19
    outer loop
      vertex -13.585889527835967 13.495481322062508 0
      vertex -13.387706508215857 13.428207252018058 0
      vertex -13.387706508215857 13.428207252018058 3.99
    endloop
  endfacet
  facet normal -0.4422886902190024 -0.8968727415326877 0
    outer loop
      vertex -13.2 13.3356406460551 0
      vertex -13.2 13.3356406460551 3.99
      vertex -13.387706508215857 13.428207252018058 0
    endloop
  endfacet
  facet normal -0.7518398074789753 -0.6593458151000712 -9.785589460171144e-19
    outer loop
      vertex -12.868629150101524 13.081370849898475 0
      vertex -12.730634655534024 12.924018286413952 0
      vertex -12.730634655534024 12.924018286413952 3.99
    endloop
  endfacet
  facet normal -0.6593458151000712 -0.7518398074789753 -9.785589460171144e-19
    outer loop
      vertex -13.025981713586047 13.219365344465976 0
      vertex -12.868629150101524 13.081370849898475 0
      vertex -12.868629150101524 13.081370849898475 3.99
    endloop
  endfacet
  facet normal -0.9978589232386036 -0.06540312923014234 0
    outer loop
      vertex -12.413688221801904 12.158841907552082 0
      vertex -12.4 11.95 3.99
      vertex -12.413688221801904 12.158841907552082 3.99
    endloop
  endfacet
  facet normal -0.9807852804032301 -0.19509032201612983 0
    outer loop
      vertex -12.454518677937491 12.364110472164032 0
      vertex -12.413688221801904 12.158841907552082 3.99
      vertex -12.454518677937491 12.364110472164032 3.99
    endloop
  endfacet
  facet normal -0.8314696123025452 -0.5555702330196023 0
    outer loop
      vertex -12.730634655534024 12.924018286413952 0
      vertex -12.614359353944899 12.75 3.99
      vertex -12.730634655534024 12.924018286413952 3.99
    endloop
  endfacet
  facet normal -0.9469301294951067 -0.32143946530315837 0
    outer loop
      vertex -12.52179274798194 12.562293491784143 0
      vertex -12.454518677937491 12.364110472164032 3.99
      vertex -12.52179274798194 12.562293491784143 3.99
    endloop
  endfacet
  facet normal -0.8968727415326877 -0.4422886902190024 0
    outer loop
      vertex -12.614359353944899 12.75 0
      vertex -12.52179274798194 12.562293491784143 3.99
      vertex -12.614359353944899 12.75 3.99
    endloop
  endfacet
  facet normal -0.5555702330196023 -0.8314696123025452 0
    outer loop
      vertex -13.2 13.3356406460551 0
      vertex -13.025981713586047 13.219365344465976 3.99
      vertex -13.2 13.3356406460551 3.99
    endloop
  endfacet
  facet normal -0.6593458151000712 -0.7518398074789753 0
    outer loop
      vertex -13.025981713586047 13.219365344465976 0
      vertex -12.868629150101524 13.081370849898475 3.99
      vertex -13.025981713586047 13.219365344465976 3.99
    endloop
  endfacet
  facet normal -0.4422886902190024 -0.8968727415326877 0
    outer loop
      vertex -13.387706508215857 13.428207252018058 0
      vertex -13.2 13.3356406460551 3.99
      vertex -13.387706508215857 13.428207252018058 3.99
    endloop
  endfacet
  facet normal -0.7518398074789753 -0.6593458151000712 0
    outer loop
      vertex -12.868629150101524 13.081370849898475 0
      vertex -12.730634655534024 12.924018286413952 3.99
      vertex -12.868629150101524 13.081370849898475 3.99
    endloop
  endfacet
  facet normal 0 0 -1
    outer loop
      vertex -15.545481322062509 11.535889527835966 3.99
      vertex -15.586311778198096 12.158841907552082 3.99
      vertex -15.545481322062509 12.364110472164032 3.99
    endloop
  endfacet
  facet normal 0 0 -1
    outer loop
      vertex -15.47820725201806 11.337706508215856 3.99
      vertex -15.545481322062509 12.364110472164032 3.99
      vertex -15.47820725201806 12.562293491784143 3.99
    endloop
  endfacet
  facet normal 0 0 -1
    outer loop
      vertex -15.385640646055101 11.149999999999999 3.99
      vertex -15.47820725201806 12.562293491784143 3.99
      vertex -15.385640646055101 12.75 3.99
    endloop
  endfacet
  facet normal 0 0 -1
    outer loop
      vertex -15.269365344465976 10.975981713586046 3.99
      vertex -15.385640646055101 12.75 3.99
      vertex -15.269365344465976 12.924018286413952 3.99
    endloop
  endfacet
  facet normal 0 0 -1
    outer loop
      vertex -15.2 11.95 3.99
      vertex -15.269365344465976 12.924018286413952 3.99
      vertex -15.189733833648573 12.106631430664061 3.99
    endloop
  endfacet
  facet normal 0 0 -1
    outer loop
      vertex -15.189733833648573 12.106631430664061 3.99
      vertex -15.269365344465976 12.924018286413952 3.99
      vertex -15.159110991546882 12.260582854123024 3.99
    endloop
  endfacet
  facet normal 0 0 -1
    outer loop
      vertex -15.159110991546882 12.260582854123024 3.99
      vertex -15.269365344465976 12.924018286413952 3.99
      vertex -15.108655439013544 12.409220118838107 3.99
    endloop
  endfacet
  facet normal 0 0 -1
    outer loop
      vertex -15.108655439013544 12.409220118838107 3.99
      vertex -15.131370849898476 13.081370849898475 3.99
      vertex -15.039230484541326 12.549999999999999 3.99
    endloop
  endfacet
  facet normal 0 0 -1
    outer loop
      vertex -15.108655439013544 12.409220118838107 3.99
      vertex -15.269365344465976 12.924018286413952 3.99
      vertex -15.131370849898476 13.081370849898475 3.99
    endloop
  endfacet
  facet normal 0 0 -1
    outer loop
      vertex -15.039230484541326 12.549999999999999 3.99
      vertex -15.131370849898476 13.081370849898475 3.99
      vertex -14.952024008349483 12.680513714810465 3.99
    endloop
  endfacet
  facet normal 0 0 -1
    outer loop
      vertex -14.952024008349483 12.680513714810465 3.99
      vertex -15.131370849898476 13.081370849898475 3.99
      vertex -14.974018286413953 13.219365344465976 3.99
    endloop
  endfacet
  facet normal 0 0 -1
    outer loop
      vertex -14.952024008349483 12.680513714810465 3.99
      vertex -14.974018286413953 13.219365344465976 3.99
      vertex -14.848528137423857 12.798528137423856 3.99
    endloop
  endfacet
  facet normal 0 0 -1
    outer loop
      vertex -14.848528137423857 12.798528137423856 3.99
      vertex -14.974018286413953 13.219365344465976 3.99
      vertex -14.730513714810465 12.902024008349482 3.99
    endloop
  endfacet
  facet normal 0 0 -1
    outer loop
      vertex -14.730513714810465 12.902024008349482 3.99
      vertex -14.8 13.3356406460551 3.99
      vertex -14.6 12.989230484541325 3.99
    endloop
  endfacet
  facet normal 0 0 -1
    outer loop
      vertex -14.974018286413953 13.219365344465976 3.99
      vertex -14.8 13.3356406460551 3.99
      vertex -14.730513714810465 12.902024008349482 3.99
    endloop
  endfacet
  facet normal 0 0 -1
    outer loop
      vertex -14.8 13.3356406460551 3.99
      vertex -14.612293491784143 13.428207252018058 3.99
      vertex -14.6 12.989230484541325 3.99
    endloop
  endfacet
  facet normal 0 0 -1
    outer loop
      vertex -14.6 12.989230484541325 3.99
      vertex -14.612293491784143 13.428207252018058 3.99
      vertex -14.459220118838108 13.058655439013544 3.99
    endloop
  endfacet
  facet normal 0 0 -1
    outer loop
      vertex -14.459220118838108 13.058655439013544 3.99
      vertex -14.612293491784143 13.428207252018058 3.99
      vertex -14.310582854123025 13.109110991546881 3.99
    endloop
  endfacet
  facet normal 0 0 -1
    outer loop
      vertex -14.310582854123025 13.109110991546881 3.99
      vertex -14.612293491784143 13.428207252018058 3.99
      vertex -14.414110472164033 13.495481322062508 3.99
    endloop
  endfacet
  facet normal 0 0 -1
    outer loop
      vertex -14.310582854123025 13.109110991546881 3.99
      vertex -14.414110472164033 13.495481322062508 3.99
      vertex -14.156631430664062 13.139733833648572 3.99
    endloop
  endfacet
  facet normal 0 0 -1
    outer loop
      vertex -14.156631430664062 13.139733833648572 3.99
      vertex -14.208841907552083 13.536311778198096 3.99
      vertex -14 13.149999999999999 3.99
    endloop
  endfacet
  facet normal 0 0 -1
    outer loop
      vertex -14.156631430664062 13.139733833648572 3.99
      vertex -14.414110472164033 13.495481322062508 3.99
      vertex -14.208841907552083 13.536311778198096 3.99
    endloop
  endfacet
  facet normal 0 0 -1
    outer loop
      vertex -14.208841907552083 13.536311778198096 3.99
      vertex -14 13.549999999999999 3.99
      vertex -14 13.149999999999999 3.99
    endloop
  endfacet
  facet normal 0 0 -1
    outer loop
      vertex -14 13.149999999999999 3.99
      vertex -14 13.549999999999999 3.99
      vertex -13.843368569335938 13.139733833648572 3.99
    endloop
  endfacet
  facet normal 0 0 -1
    outer loop
      vertex -13.843368569335938 13.139733833648572 3.99
      vertex -13.791158092447917 13.536311778198096 3.99
      vertex -13.689417145876975 13.109110991546881 3.99
    endloop
  endfacet
  facet normal 0 0 -1
    outer loop
      vertex -13.689417145876975 13.109110991546881 3.99
      vertex -13.585889527835967 13.495481322062508 3.99
      vertex -13.540779881161892 13.058655439013544 3.99
    endloop
  endfacet
  facet normal 0 0 -1
    outer loop
      vertex -13.540779881161892 13.058655439013544 3.99
      vertex -13.585889527835967 13.495481322062508 3.99
      vertex -13.387706508215857 13.428207252018058 3.99
    endloop
  endfacet
  facet normal 0 0 -1
    outer loop
      vertex -13.843368569335938 13.139733833648572 3.99
      vertex -14 13.549999999999999 3.99
      vertex -13.791158092447917 13.536311778198096 3.99
    endloop
  endfacet
  facet normal 0 0 -1
    outer loop
      vertex -13.689417145876975 13.109110991546881 3.99
      vertex -13.791158092447917 13.536311778198096 3.99
      vertex -13.585889527835967 13.495481322062508 3.99
    endloop
  endfacet
  facet normal 0 0 -1
    outer loop
      vertex -12.960769515458674 12.549999999999999 3.99
      vertex -13.047975991650517 12.680513714810465 3.99
      vertex -13.025981713586047 13.219365344465976 3.99
    endloop
  endfacet
  facet normal 0 0 -1
    outer loop
      vertex -12.730634655534024 10.975981713586046 3.99
      vertex -12.8 11.95 3.99
      vertex -12.868629150101524 13.081370849898475 3.99
    endloop
  endfacet
  facet normal 0 0 -1
    outer loop
      vertex -12.8 11.95 3.99
      vertex -12.810266166351427 12.106631430664061 3.99
      vertex -12.868629150101524 13.081370849898475 3.99
    endloop
  endfacet
  facet normal 0 0 -1
    outer loop
      vertex -12.730634655534024 10.975981713586046 3.99
      vertex -12.868629150101524 13.081370849898475 3.99
      vertex -12.730634655534024 12.924018286413952 3.99
    endloop
  endfacet
  facet normal 0 0 -1
    outer loop
      vertex -12.454518677937491 11.535889527835966 3.99
      vertex -12.52179274798194 12.562293491784143 3.99
      vertex -12.454518677937491 12.364110472164032 3.99
    endloop
  endfacet
  facet normal 0 0 -1
    outer loop
      vertex -12.413688221801904 11.741158092447916 3.99
      vertex -12.454518677937491 12.364110472164032 3.99
      vertex -12.413688221801904 12.158841907552082 3.99
    endloop
  endfacet
  facet normal 0 0 -1
    outer loop
      vertex -12.614359353944899 11.149999999999999 3.99
      vertex -12.730634655534024 12.924018286413952 3.99
      vertex -12.614359353944899 12.75 3.99
    endloop
  endfacet
  facet normal 0 0 -1
    outer loop
      vertex -12.52179274798194 11.337706508215856 3.99
      vertex -12.614359353944899 12.75 3.99
      vertex -12.52179274798194 12.562293491784143 3.99
    endloop
  endfacet
  facet normal 0 0 -1
    outer loop
      vertex -12.810266166351427 12.106631430664061 3.99
      vertex -12.840889008453118 12.260582854123024 3.99
      vertex -12.868629150101524 13.081370849898475 3.99
    endloop
  endfacet
  facet normal 0 0 -1
    outer loop
      vertex -12.840889008453118 12.260582854123024 3.99
      vertex -12.891344560986456 12.409220118838107 3.99
      vertex -12.868629150101524 13.081370849898475 3.99
    endloop
  endfacet
  facet normal 0 0 -1
    outer loop
      vertex -12.960769515458674 12.549999999999999 3.99
      vertex -12.868629150101524 13.081370849898475 3.99
      vertex -12.891344560986456 12.409220118838107 3.99
    endloop
  endfacet
  facet normal 0 0 -1
    outer loop
      vertex -13.4 12.989230484541325 3.99
      vertex -13.387706508215857 13.428207252018058 3.99
      vertex -13.269486285189535 12.902024008349482 3.99
    endloop
  endfacet
  facet normal 0 0 -1
    outer loop
      vertex -13.540779881161892 13.058655439013544 3.99
      vertex -13.387706508215857 13.428207252018058 3.99
      vertex -13.4 12.989230484541325 3.99
    endloop
  endfacet
  facet normal 0 0 -1
    outer loop
      vertex -13.269486285189535 12.902024008349482 3.99
      vertex -13.387706508215857 13.428207252018058 3.99
      vertex -13.2 13.3356406460551 3.99
    endloop
  endfacet
  facet normal 0 0 -1
    outer loop
      vertex -13.151471862576143 12.798528137423856 3.99
      vertex -13.269486285189535 12.902024008349482 3.99
      vertex -13.2 13.3356406460551 3.99
    endloop
  endfacet
  facet normal 0 0 -1
    outer loop
      vertex -13.151471862576143 12.798528137423856 3.99
      vertex -13.2 13.3356406460551 3.99
      vertex -13.025981713586047 13.219365344465976 3.99
    endloop
  endfacet
  facet normal 0 0 -1
    outer loop
      vertex -13.151471862576143 12.798528137423856 3.99
      vertex -13.025981713586047 13.219365344465976 3.99
      vertex -13.047975991650517 12.680513714810465 3.99
    endloop
  endfacet
  facet normal 0 0 -1
    outer loop
      vertex -12.960769515458674 12.549999999999999 3.99
      vertex -13.025981713586047 13.219365344465976 3.99
      vertex -12.868629150101524 13.081370849898475 3.99
    endloop
  endfacet
  facet normal 0.5555702330195964 0.8314696123025491 0
    outer loop
      vertex -14.730513714810465 10.997975991650517 3.99
      vertex -14.730513714810465 10.997975991650517 6.5
      vertex -14.6 10.910769515458673 3.99
    endloop
  endfacet
  facet normal 0.9978589232386039 0.06540312923013689 -1.6605772923519565e-19
    outer loop
      vertex -15.189733833648573 11.793368569335938 3.99
      vertex -15.2 11.95 3.99
      vertex -15.2 11.95 6.5
    endloop
  endfacet
  facet normal 0.7518398074789753 0.6593458151000713 0
    outer loop
      vertex -14.952024008349483 11.219486285189534 3.99
      vertex -14.952024008349483 11.219486285189534 6.5
      vertex -14.848528137423857 11.101471862576142 3.99
    endloop
  endfacet
  facet normal 0.8968727415326867 0.44228869021900463 -5.798453194167209e-19
    outer loop
      vertex -15.039230484541326 11.35 3.99
      vertex -15.108655439013544 11.490779881161892 3.99
      vertex -15.108655439013544 11.490779881161892 6.5
    endloop
  endfacet
  facet normal 0.8314696123025491 0.5555702330195964 1.6942713124301268e-18
    outer loop
      vertex -14.952024008349483 11.219486285189534 3.99
      vertex -15.039230484541326 11.35 3.99
      vertex -15.039230484541326 11.35 6.5
    endloop
  endfacet
  facet normal 0.6593458151000713 0.7518398074789753 2.135567011625152e-18
    outer loop
      vertex -14.730513714810465 10.997975991650517 3.99
      vertex -14.848528137423857 11.101471862576142 3.99
      vertex -14.848528137423857 11.101471862576142 6.5
    endloop
  endfacet
  facet normal 0.9469301294951059 0.3214394653031609 -9.39932133618831e-19
    outer loop
      vertex -15.108655439013544 11.490779881161892 3.99
      vertex -15.159110991546882 11.639417145876974 3.99
      vertex -15.159110991546882 11.639417145876974 6.5
    endloop
  endfacet
  facet normal 0.9807852804032303 0.19509032201612933 0
    outer loop
      vertex -15.189733833648573 11.793368569335938 3.99
      vertex -15.189733833648573 11.793368569335938 6.5
      vertex -15.159110991546882 11.639417145876974 3.99
    endloop
  endfacet
  facet normal 0.44228869021900463 0.8968727415326867 0
    outer loop
      vertex -14.6 10.910769515458673 3.99
      vertex -14.6 10.910769515458673 6.5
      vertex -14.459220118838108 10.841344560986455 3.99
    endloop
  endfacet
  facet normal 0.3214394653031609 0.9469301294951059 0
    outer loop
      vertex -14.459220118838108 10.841344560986455 3.99
      vertex -14.459220118838108 10.841344560986455 6.5
      vertex -14.310582854123025 10.790889008453117 3.99
    endloop
  endfacet
  facet normal 0.06540312923013689 0.9978589232386039 0
    outer loop
      vertex -14.156631430664062 10.760266166351427 3.99
      vertex -14.156631430664062 10.760266166351427 6.5
      vertex -14 10.75 3.99
    endloop
  endfacet
  facet normal 0.19509032201612933 0.9807852804032303 -9.116207495684778e-19
    outer loop
      vertex -14.156631430664062 10.760266166351427 3.99
      vertex -14.310582854123025 10.790889008453117 3.99
      vertex -14.310582854123025 10.790889008453117 6.5
    endloop
  endfacet
  facet normal -0.06540312923013689 0.9978589232386039 0
    outer loop
      vertex -14 10.75 3.99
      vertex -14 10.75 6.5
      vertex -13.843368569335938 10.760266166351427 3.99
    endloop
  endfacet
  facet normal -0.19509032201612933 0.9807852804032303 0
    outer loop
      vertex -13.843368569335938 10.760266166351427 3.99
      vertex -13.843368569335938 10.760266166351427 6.5
      vertex -13.689417145876975 10.790889008453117 3.99
    endloop
  endfacet
  facet normal -0.3214394653031609 0.9469301294951059 0
    outer loop
      vertex -13.689417145876975 10.790889008453117 3.99
      vertex -13.689417145876975 10.790889008453117 6.5
      vertex -13.540779881161892 10.841344560986455 3.99
    endloop
  endfacet
  facet normal 0.5555702330195964 0.8314696123025491 0
    outer loop
      vertex -14.6 10.910769515458673 3.99
      vertex -14.730513714810465 10.997975991650517 6.5
      vertex -14.6 10.910769515458673 6.5
    endloop
  endfacet
  facet normal 0.9978589232386039 0.06540312923013689 0
    outer loop
      vertex -15.189733833648573 11.793368569335938 3.99
      vertex -15.2 11.95 6.5
      vertex -15.189733833648573 11.793368569335938 6.5
    endloop
  endfacet
  facet normal 0.8968727415326867 0.44228869021900463 0
    outer loop
      vertex -15.039230484541326 11.35 3.99
      vertex -15.108655439013544 11.490779881161892 6.5
      vertex -15.039230484541326 11.35 6.5
    endloop
  endfacet
  facet normal 0.8314696123025491 0.5555702330195964 0
    outer loop
      vertex -14.952024008349483 11.219486285189534 3.99
      vertex -15.039230484541326 11.35 6.5
      vertex -14.952024008349483 11.219486285189534 6.5
    endloop
  endfacet
  facet normal 0.6593458151000713 0.7518398074789753 0
    outer loop
      vertex -14.730513714810465 10.997975991650517 3.99
      vertex -14.848528137423857 11.101471862576142 6.5
      vertex -14.730513714810465 10.997975991650517 6.5
    endloop
  endfacet
  facet normal 0.7518398074789753 0.6593458151000713 0
    outer loop
      vertex -14.848528137423857 11.101471862576142 3.99
      vertex -14.952024008349483 11.219486285189534 6.5
      vertex -14.848528137423857 11.101471862576142 6.5
    endloop
  endfacet
  facet normal 0.9469301294951059 0.3214394653031609 0
    outer loop
      vertex -15.108655439013544 11.490779881161892 3.99
      vertex -15.159110991546882 11.639417145876974 6.5
      vertex -15.108655439013544 11.490779881161892 6.5
    endloop
  endfacet
  facet normal 0.9807852804032303 0.19509032201612933 0
    outer loop
      vertex -15.159110991546882 11.639417145876974 3.99
      vertex -15.189733833648573 11.793368569335938 6.5
      vertex -15.159110991546882 11.639417145876974 6.5
    endloop
  endfacet
  facet normal 0.44228869021900463 0.8968727415326867 0
    outer loop
      vertex -14.459220118838108 10.841344560986455 3.99
      vertex -14.6 10.910769515458673 6.5
      vertex -14.459220118838108 10.841344560986455 6.5
    endloop
  endfacet
  facet normal 0.3214394653031609 0.9469301294951059 0
    outer loop
      vertex -14.310582854123025 10.790889008453117 3.99
      vertex -14.459220118838108 10.841344560986455 6.5
      vertex -14.310582854123025 10.790889008453117 6.5
    endloop
  endfacet
  facet normal 0.19509032201612933 0.9807852804032303 0
    outer loop
      vertex -14.156631430664062 10.760266166351427 3.99
      vertex -14.310582854123025 10.790889008453117 6.5
      vertex -14.156631430664062 10.760266166351427 6.5
    endloop
  endfacet
  facet normal 0.06540312923013689 0.9978589232386039 0
    outer loop
      vertex -14 10.75 3.99
      vertex -14.156631430664062 10.760266166351427 6.5
      vertex -14 10.75 6.5
    endloop
  endfacet
  facet normal -0.06540312923013689 0.9978589232386039 0
    outer loop
      vertex -13.843368569335938 10.760266166351427 3.99
      vertex -14 10.75 6.5
      vertex -13.843368569335938 10.760266166351427 6.5
    endloop
  endfacet
  facet normal -0.19509032201612933 0.9807852804032303 0
    outer loop
      vertex -13.689417145876975 10.790889008453117 3.99
      vertex -13.843368569335938 10.760266166351427 6.5
      vertex -13.689417145876975 10.790889008453117 6.5
    endloop
  endfacet
  facet normal -0.3214394653031609 0.9469301294951059 0
    outer loop
      vertex -13.540779881161892 10.841344560986455 3.99
      vertex -13.689417145876975 10.790889008453117 6.5
      vertex -13.540779881161892 10.841344560986455 6.5
    endloop
  endfacet
  facet normal -0.44228869021900463 0.8968727415326867 0
    outer loop
      vertex -13.540779881161892 10.841344560986455 3.99
      vertex -13.540779881161892 10.841344560986455 6.5
      vertex -13.4 10.910769515458673 3.99
    endloop
  endfacet
  facet normal -0.5555702330195964 0.8314696123025491 0
    outer loop
      vertex -13.4 10.910769515458673 3.99
      vertex -13.4 10.910769515458673 6.5
      vertex -13.269486285189535 10.997975991650517 3.99
    endloop
  endfacet
  facet normal -0.6593458151000713 0.7518398074789753 0
    outer loop
      vertex -13.269486285189535 10.997975991650517 3.99
      vertex -13.269486285189535 10.997975991650517 6.5
      vertex -13.151471862576143 11.101471862576142 3.99
    endloop
  endfacet
  facet normal -0.7518398074789753 0.6593458151000713 0
    outer loop
      vertex -13.151471862576143 11.101471862576142 3.99
      vertex -13.151471862576143 11.101471862576142 6.5
      vertex -13.047975991650517 11.219486285189534 3.99
    endloop
  endfacet
  facet normal -0.8314696123025491 0.5555702330195964 0
    outer loop
      vertex -13.047975991650517 11.219486285189534 3.99
      vertex -13.047975991650517 11.219486285189534 6.5
      vertex -12.960769515458674 11.35 3.99
    endloop
  endfacet
  facet normal -0.8968727415326867 0.44228869021900463 0
    outer loop
      vertex -12.960769515458674 11.35 3.99
      vertex -12.960769515458674 11.35 6.5
      vertex -12.891344560986456 11.490779881161892 3.99
    endloop
  endfacet
  facet normal -0.9469301294951059 0.3214394653031609 0
    outer loop
      vertex -12.891344560986456 11.490779881161892 3.99
      vertex -12.891344560986456 11.490779881161892 6.5
      vertex -12.840889008453118 11.639417145876974 3.99
    endloop
  endfacet
  facet normal -0.9807852804032303 0.19509032201612933 0
    outer loop
      vertex -12.840889008453118 11.639417145876974 3.99
      vertex -12.840889008453118 11.639417145876974 6.5
      vertex -12.810266166351427 11.793368569335938 3.99
    endloop
  endfacet
  facet normal -0.9978589232386039 0.06540312923013689 0
    outer loop
      vertex -12.810266166351427 11.793368569335938 3.99
      vertex -12.810266166351427 11.793368569335938 6.5
      vertex -12.8 11.95 3.99
    endloop
  endfacet
  facet normal -0.44228869021900463 0.8968727415326867 5.798453194167209e-19
    outer loop
      vertex -13.540779881161892 10.841344560986455 6.5
      vertex -13.4 10.910769515458673 6.5
      vertex -13.4 10.910769515458673 3.99
    endloop
  endfacet
  facet normal -0.5555702330195964 0.8314696123025491 0
    outer loop
      vertex -13.269486285189535 10.997975991650517 3.99
      vertex -13.4 10.910769515458673 6.5
      vertex -13.269486285189535 10.997975991650517 6.5
    endloop
  endfacet
  facet normal -0.6593458151000713 0.7518398074789753 0
    outer loop
      vertex -13.151471862576143 11.101471862576142 3.99
      vertex -13.269486285189535 10.997975991650517 6.5
      vertex -13.151471862576143 11.101471862576142 6.5
    endloop
  endfacet
  facet normal -0.7518398074789753 0.6593458151000713 0
    outer loop
      vertex -13.047975991650517 11.219486285189534 3.99
      vertex -13.151471862576143 11.101471862576142 6.5
      vertex -13.047975991650517 11.219486285189534 6.5
    endloop
  endfacet
  facet normal -0.8314696123025491 0.5555702330195964 0
    outer loop
      vertex -12.960769515458674 11.35 3.99
      vertex -13.047975991650517 11.219486285189534 6.5
      vertex -12.960769515458674 11.35 6.5
    endloop
  endfacet
  facet normal -0.8968727415326867 0.44228869021900463 0
    outer loop
      vertex -12.891344560986456 11.490779881161892 3.99
      vertex -12.960769515458674 11.35 6.5
      vertex -12.891344560986456 11.490779881161892 6.5
    endloop
  endfacet
  facet normal -0.9469301294951059 0.3214394653031609 0
    outer loop
      vertex -12.840889008453118 11.639417145876974 3.99
      vertex -12.891344560986456 11.490779881161892 6.5
      vertex -12.840889008453118 11.639417145876974 6.5
    endloop
  endfacet
  facet normal -0.9807852804032303 0.19509032201612933 0
    outer loop
      vertex -12.810266166351427 11.793368569335938 3.99
      vertex -12.840889008453118 11.639417145876974 6.5
      vertex -12.810266166351427 11.793368569335938 6.5
    endloop
  endfacet
  facet normal -0.9978589232386039 0.06540312923013689 1.6605772923519565e-19
    outer loop
      vertex -12.810266166351427 11.793368569335938 6.5
      vertex -12.8 11.95 6.5
      vertex -12.8 11.95 3.99
    endloop
  endfacet
  facet normal 0.9978589232386039 -0.06540312923013689 1.6605772923519565e-19
    outer loop
      vertex -15.2 11.95 3.99
      vertex -15.189733833648573 12.106631430664061 3.99
      vertex -15.189733833648573 12.106631430664061 6.5
    endloop
  endfacet
  facet normal 0.9807852804032303 -0.19509032201612933 9.116207495684778e-19
    outer loop
      vertex -15.189733833648573 12.106631430664061 3.99
      vertex -15.159110991546882 12.260582854123024 3.99
      vertex -15.159110991546882 12.260582854123024 6.5
    endloop
  endfacet
  facet normal 0.9469301294951059 -0.3214394653031609 9.39932133618831e-19
    outer loop
      vertex -15.159110991546882 12.260582854123024 3.99
      vertex -15.108655439013544 12.409220118838107 3.99
      vertex -15.108655439013544 12.409220118838107 6.5
    endloop
  endfacet
  facet normal 0.8968727415326867 -0.44228869021900463 5.798453194167209e-19
    outer loop
      vertex -15.108655439013544 12.409220118838107 3.99
      vertex -15.039230484541326 12.549999999999999 3.99
      vertex -15.039230484541326 12.549999999999999 6.5
    endloop
  endfacet
  facet normal 0.8314696123025491 -0.5555702330195964 -1.6942713124301268e-18
    outer loop
      vertex -15.039230484541326 12.549999999999999 3.99
      vertex -14.952024008349483 12.680513714810465 3.99
      vertex -14.952024008349483 12.680513714810465 6.5
    endloop
  endfacet
  facet normal 0.7518398074789753 -0.6593458151000713 -2.135567011625152e-18
    outer loop
      vertex -14.952024008349483 12.680513714810465 3.99
      vertex -14.848528137423857 12.798528137423856 3.99
      vertex -14.848528137423857 12.798528137423856 6.5
    endloop
  endfacet
  facet normal 0.6593458151000713 -0.7518398074789753 -2.135567011625152e-18
    outer loop
      vertex -14.848528137423857 12.798528137423856 3.99
      vertex -14.730513714810465 12.902024008349482 3.99
      vertex -14.730513714810465 12.902024008349482 6.5
    endloop
  endfacet
  facet normal 0.5555702330195964 -0.8314696123025491 -1.6942713124301268e-18
    outer loop
      vertex -14.730513714810465 12.902024008349482 3.99
      vertex -14.6 12.989230484541325 3.99
      vertex -14.6 12.989230484541325 6.5
    endloop
  endfacet
  facet normal 0.44228869021900463 -0.8968727415326867 5.798453194167209e-19
    outer loop
      vertex -14.6 12.989230484541325 3.99
      vertex -14.459220118838108 13.058655439013544 3.99
      vertex -14.459220118838108 13.058655439013544 6.5
    endloop
  endfacet
  facet normal 0.3214394653031609 -0.9469301294951059 9.39932133618831e-19
    outer loop
      vertex -14.459220118838108 13.058655439013544 3.99
      vertex -14.310582854123025 13.109110991546881 3.99
      vertex -14.310582854123025 13.109110991546881 6.5
    endloop
  endfacet
  facet normal 0.19509032201612933 -0.9807852804032303 9.116207495684778e-19
    outer loop
      vertex -14.310582854123025 13.109110991546881 3.99
      vertex -14.156631430664062 13.139733833648572 3.99
      vertex -14.156631430664062 13.139733833648572 6.5
    endloop
  endfacet
  facet normal 0.06540312923013689 -0.9978589232386039 1.6605772923519565e-19
    outer loop
      vertex -14.156631430664062 13.139733833648572 3.99
      vertex -14 13.149999999999999 3.99
      vertex -14 13.149999999999999 6.5
    endloop
  endfacet
  facet normal -0.06540312923013689 -0.9978589232386039 -1.6605772923519565e-19
    outer loop
      vertex -14 13.149999999999999 3.99
      vertex -13.843368569335938 13.139733833648572 3.99
      vertex -13.843368569335938 13.139733833648572 6.5
    endloop
  endfacet
  facet normal -0.19509032201612933 -0.9807852804032303 -9.116207495684778e-19
    outer loop
      vertex -13.843368569335938 13.139733833648572 3.99
      vertex -13.689417145876975 13.109110991546881 3.99
      vertex -13.689417145876975 13.109110991546881 6.5
    endloop
  endfacet
  facet normal -0.3214394653031609 -0.9469301294951059 -9.39932133618831e-19
    outer loop
      vertex -13.689417145876975 13.109110991546881 3.99
      vertex -13.540779881161892 13.058655439013544 3.99
      vertex -13.540779881161892 13.058655439013544 6.5
    endloop
  endfacet
  facet normal 0.9978589232386039 -0.06540312923013689 0
    outer loop
      vertex -15.2 11.95 3.99
      vertex -15.189733833648573 12.106631430664061 6.5
      vertex -15.2 11.95 6.5
    endloop
  endfacet
  facet normal 0.9807852804032303 -0.19509032201612933 0
    outer loop
      vertex -15.189733833648573 12.106631430664061 3.99
      vertex -15.159110991546882 12.260582854123024 6.5
      vertex -15.189733833648573 12.106631430664061 6.5
    endloop
  endfacet
  facet normal 0.9469301294951059 -0.3214394653031609 0
    outer loop
      vertex -15.159110991546882 12.260582854123024 3.99
      vertex -15.108655439013544 12.409220118838107 6.5
      vertex -15.159110991546882 12.260582854123024 6.5
    endloop
  endfacet
  facet normal 0.8968727415326867 -0.44228869021900463 0
    outer loop
      vertex -15.108655439013544 12.409220118838107 3.99
      vertex -15.039230484541326 12.549999999999999 6.5
      vertex -15.108655439013544 12.409220118838107 6.5
    endloop
  endfacet
  facet normal 0.8314696123025491 -0.5555702330195964 0
    outer loop
      vertex -15.039230484541326 12.549999999999999 3.99
      vertex -14.952024008349483 12.680513714810465 6.5
      vertex -15.039230484541326 12.549999999999999 6.5
    endloop
  endfacet
  facet normal 0.7518398074789753 -0.6593458151000713 0
    outer loop
      vertex -14.952024008349483 12.680513714810465 3.99
      vertex -14.848528137423857 12.798528137423856 6.5
      vertex -14.952024008349483 12.680513714810465 6.5
    endloop
  endfacet
  facet normal 0.6593458151000713 -0.7518398074789753 0
    outer loop
      vertex -14.848528137423857 12.798528137423856 3.99
      vertex -14.730513714810465 12.902024008349482 6.5
      vertex -14.848528137423857 12.798528137423856 6.5
    endloop
  endfacet
  facet normal 0.5555702330195964 -0.8314696123025491 0
    outer loop
      vertex -14.730513714810465 12.902024008349482 3.99
      vertex -14.6 12.989230484541325 6.5
      vertex -14.730513714810465 12.902024008349482 6.5
    endloop
  endfacet
  facet normal 0.44228869021900463 -0.8968727415326867 0
    outer loop
      vertex -14.6 12.989230484541325 3.99
      vertex -14.459220118838108 13.058655439013544 6.5
      vertex -14.6 12.989230484541325 6.5
    endloop
  endfacet
  facet normal 0.3214394653031609 -0.9469301294951059 0
    outer loop
      vertex -14.459220118838108 13.058655439013544 3.99
      vertex -14.310582854123025 13.109110991546881 6.5
      vertex -14.459220118838108 13.058655439013544 6.5
    endloop
  endfacet
  facet normal 0.19509032201612933 -0.9807852804032303 0
    outer loop
      vertex -14.310582854123025 13.109110991546881 3.99
      vertex -14.156631430664062 13.139733833648572 6.5
      vertex -14.310582854123025 13.109110991546881 6.5
    endloop
  endfacet
  facet normal 0.06540312923013689 -0.9978589232386039 0
    outer loop
      vertex -14.156631430664062 13.139733833648572 3.99
      vertex -14 13.149999999999999 6.5
      vertex -14.156631430664062 13.139733833648572 6.5
    endloop
  endfacet
  facet normal -0.06540312923013689 -0.9978589232386039 0
    outer loop
      vertex -14 13.149999999999999 3.99
      vertex -13.843368569335938 13.139733833648572 6.5
      vertex -14 13.149999999999999 6.5
    endloop
  endfacet
  facet normal -0.19509032201612933 -0.9807852804032303 0
    outer loop
      vertex -13.843368569335938 13.139733833648572 3.99
      vertex -13.689417145876975 13.109110991546881 6.5
      vertex -13.843368569335938 13.139733833648572 6.5
    endloop
  endfacet
  facet normal -0.3214394653031609 -0.9469301294951059 0
    outer loop
      vertex -13.689417145876975 13.109110991546881 3.99
      vertex -13.540779881161892 13.058655439013544 6.5
      vertex -13.689417145876975 13.109110991546881 6.5
    endloop
  endfacet
  facet normal -0.8314696123025491 -0.5555702330195964 0
    outer loop
      vertex -12.960769515458674 12.549999999999999 3.99
      vertex -12.960769515458674 12.549999999999999 6.5
      vertex -13.047975991650517 12.680513714810465 3.99
    endloop
  endfacet
  facet normal -0.7518398074789753 -0.6593458151000713 2.135567011625152e-18
    outer loop
      vertex -13.151471862576143 12.798528137423856 3.99
      vertex -13.047975991650517 12.680513714810465 3.99
      vertex -13.047975991650517 12.680513714810465 6.5
    endloop
  endfacet
  facet normal -0.6593458151000713 -0.7518398074789753 0
    outer loop
      vertex -13.151471862576143 12.798528137423856 3.99
      vertex -13.151471862576143 12.798528137423856 6.5
      vertex -13.269486285189535 12.902024008349482 3.99
    endloop
  endfacet
  facet normal -0.9978589232386039 -0.06540312923013689 0
    outer loop
      vertex -12.8 11.95 3.99
      vertex -12.8 11.95 6.5
      vertex -12.810266166351427 12.106631430664061 3.99
    endloop
  endfacet
  facet normal -0.9807852804032303 -0.19509032201612933 0
    outer loop
      vertex -12.810266166351427 12.106631430664061 3.99
      vertex -12.810266166351427 12.106631430664061 6.5
      vertex -12.840889008453118 12.260582854123024 3.99
    endloop
  endfacet
  facet normal -0.9469301294951059 -0.3214394653031609 0
    outer loop
      vertex -12.840889008453118 12.260582854123024 3.99
      vertex -12.840889008453118 12.260582854123024 6.5
      vertex -12.891344560986456 12.409220118838107 3.99
    endloop
  endfacet
  facet normal -0.8968727415326867 -0.44228869021900463 -5.798453194167209e-19
    outer loop
      vertex -12.960769515458674 12.549999999999999 3.99
      vertex -12.891344560986456 12.409220118838107 3.99
      vertex -12.891344560986456 12.409220118838107 6.5
    endloop
  endfacet
  facet normal -0.44228869021900463 -0.8968727415326867 -5.798453194167209e-19
    outer loop
      vertex -13.540779881161892 13.058655439013544 3.99
      vertex -13.4 12.989230484541325 3.99
      vertex -13.4 12.989230484541325 6.5
    endloop
  endfacet
  facet normal -0.5555702330195964 -0.8314696123025491 1.6942713124301268e-18
    outer loop
      vertex -13.4 12.989230484541325 3.99
      vertex -13.269486285189535 12.902024008349482 3.99
      vertex -13.269486285189535 12.902024008349482 6.5
    endloop
  endfacet
  facet normal -0.6593458151000713 -0.7518398074789753 0
    outer loop
      vertex -13.269486285189535 12.902024008349482 3.99
      vertex -13.151471862576143 12.798528137423856 6.5
      vertex -13.269486285189535 12.902024008349482 6.5
    endloop
  endfacet
  facet normal -0.8968727415326867 -0.44228869021900463 0
    outer loop
      vertex -12.960769515458674 12.549999999999999 3.99
      vertex -12.891344560986456 12.409220118838107 6.5
      vertex -12.960769515458674 12.549999999999999 6.5
    endloop
  endfacet
  facet normal -0.8314696123025491 -0.5555702330195964 0
    outer loop
      vertex -13.047975991650517 12.680513714810465 3.99
      vertex -12.960769515458674 12.549999999999999 6.5
      vertex -13.047975991650517 12.680513714810465 6.5
    endloop
  endfacet
  facet normal -0.7518398074789753 -0.6593458151000713 0
    outer loop
      vertex -13.151471862576143 12.798528137423856 3.99
      vertex -13.047975991650517 12.680513714810465 6.5
      vertex -13.151471862576143 12.798528137423856 6.5
    endloop
  endfacet
  facet normal -0.9978589232386039 -0.06540312923013689 0
    outer loop
      vertex -12.810266166351427 12.106631430664061 3.99
      vertex -12.8 11.95 6.5
      vertex -12.810266166351427 12.106631430664061 6.5
    endloop
  endfacet
  facet normal -0.9807852804032303 -0.19509032201612933 0
    outer loop
      vertex -12.840889008453118 12.260582854123024 3.99
      vertex -12.810266166351427 12.106631430664061 6.5
      vertex -12.840889008453118 12.260582854123024 6.5
    endloop
  endfacet
  facet normal -0.9469301294951059 -0.3214394653031609 0
    outer loop
      vertex -12.891344560986456 12.409220118838107 3.99
      vertex -12.840889008453118 12.260582854123024 6.5
      vertex -12.891344560986456 12.409220118838107 6.5
    endloop
  endfacet
  facet normal -0.44228869021900463 -0.8968727415326867 0
    outer loop
      vertex -13.540779881161892 13.058655439013544 3.99
      vertex -13.4 12.989230484541325 6.5
      vertex -13.540779881161892 13.058655439013544 6.5
    endloop
  endfacet
  facet normal -0.5555702330195964 -0.8314696123025491 0
    outer loop
      vertex -13.4 12.989230484541325 3.99
      vertex -13.269486285189535 12.902024008349482 6.5
      vertex -13.4 12.989230484541325 6.5
    endloop
  endfacet
  facet normal 0.6593458151000712 0.7518398074789753 0
    outer loop
      vertex 12.868629150101524 10.818629150101524 0
      vertex 12.868629150101524 10.818629150101524 3.99
      vertex 13.025981713586047 10.680634655534023 0
    endloop
  endfacet
  facet normal 0.7518398074789753 0.6593458151000712 0
    outer loop
      vertex 12.730634655534024 10.975981713586046 0
      vertex 12.730634655534024 10.975981713586046 3.99
      vertex 12.868629150101524 10.818629150101524 0
    endloop
  endfacet
  facet normal 0.4422886902190024 0.8968727415326877 -1.9303810785670118e-19
    outer loop
      vertex 13.387706508215857 10.47179274798194 0
      vertex 13.2 10.564359353944898 0
      vertex 13.2 10.564359353944898 3.99
    endloop
  endfacet
  facet normal 0.32143946530315837 0.9469301294951067 0
    outer loop
      vertex 13.387706508215857 10.47179274798194 0
      vertex 13.387706508215857 10.47179274798194 3.99
      vertex 13.585889527835967 10.40451867793749 0
    endloop
  endfacet
  facet normal 0.5555702330196023 0.8314696123025452 0
    outer loop
      vertex 13.025981713586047 10.680634655534023 0
      vertex 13.025981713586047 10.680634655534023 3.99
      vertex 13.2 10.564359353944898 0
    endloop
  endfacet
  facet normal 0.8314696123025452 0.5555702330196023 -1.9254237818278126e-19
    outer loop
      vertex 12.730634655534024 10.975981713586046 0
      vertex 12.614359353944899 11.149999999999999 0
      vertex 12.614359353944899 11.149999999999999 3.99
    endloop
  endfacet
  facet normal 0.9469301294951067 0.32143946530315837 -8.303348555734202e-19
    outer loop
      vertex 12.52179274798194 11.337706508215856 0
      vertex 12.454518677937491 11.535889527835966 0
      vertex 12.454518677937491 11.535889527835966 3.99
    endloop
  endfacet
  facet normal 0.8968727415326877 0.4422886902190024 -1.9303810785670118e-19
    outer loop
      vertex 12.614359353944899 11.149999999999999 0
      vertex 12.52179274798194 11.337706508215856 0
      vertex 12.52179274798194 11.337706508215856 3.99
    endloop
  endfacet
  facet normal 0.9807852804032301 0.19509032201612983 -6.651152652874856e-19
    outer loop
      vertex 12.454518677937491 11.535889527835966 0
      vertex 12.413688221801904 11.741158092447916 0
      vertex 12.413688221801904 11.741158092447916 3.99
    endloop
  endfacet
  facet normal 0.9978589232386036 0.06540312923014234 1.088679607072062e-19
    outer loop
      vertex 12.413688221801904 11.741158092447916 0
      vertex 12.4 11.95 0
      vertex 12.4 11.95 3.99
    endloop
  endfacet
  facet normal 0.7518398074789753 0.6593458151000712 0
    outer loop
      vertex 12.868629150101524 10.818629150101524 0
      vertex 12.730634655534024 10.975981713586046 3.99
      vertex 12.868629150101524 10.818629150101524 3.99
    endloop
  endfacet
  facet normal 0.4422886902190024 0.8968727415326877 0
    outer loop
      vertex 13.387706508215857 10.47179274798194 0
      vertex 13.2 10.564359353944898 3.99
      vertex 13.387706508215857 10.47179274798194 3.99
    endloop
  endfacet
  facet normal 0.6593458151000712 0.7518398074789753 0
    outer loop
      vertex 13.025981713586047 10.680634655534023 0
      vertex 12.868629150101524 10.818629150101524 3.99
      vertex 13.025981713586047 10.680634655534023 3.99
    endloop
  endfacet
  facet normal 0.5555702330196023 0.8314696123025452 0
    outer loop
      vertex 13.2 10.564359353944898 0
      vertex 13.025981713586047 10.680634655534023 3.99
      vertex 13.2 10.564359353944898 3.99
    endloop
  endfacet
  facet normal 0.8968727415326877 0.4422886902190024 0
    outer loop
      vertex 12.614359353944899 11.149999999999999 0
      vertex 12.52179274798194 11.337706508215856 3.99
      vertex 12.614359353944899 11.149999999999999 3.99
    endloop
  endfacet
  facet normal 0.9469301294951067 0.32143946530315837 0
    outer loop
      vertex 12.52179274798194 11.337706508215856 0
      vertex 12.454518677937491 11.535889527835966 3.99
      vertex 12.52179274798194 11.337706508215856 3.99
    endloop
  endfacet
  facet normal 0.8314696123025452 0.5555702330196023 0
    outer loop
      vertex 12.730634655534024 10.975981713586046 0
      vertex 12.614359353944899 11.149999999999999 3.99
      vertex 12.730634655534024 10.975981713586046 3.99
    endloop
  endfacet
  facet normal 0.9807852804032301 0.19509032201612983 0
    outer loop
      vertex 12.454518677937491 11.535889527835966 0
      vertex 12.413688221801904 11.741158092447916 3.99
      vertex 12.454518677937491 11.535889527835966 3.99
    endloop
  endfacet
  facet normal 0.9978589232386036 0.06540312923014234 0
    outer loop
      vertex 12.413688221801904 11.741158092447916 0
      vertex 12.4 11.95 3.99
      vertex 12.413688221801904 11.741158092447916 3.99
    endloop
  endfacet
  facet normal 0.19509032201612983 0.9807852804032301 0
    outer loop
      vertex 13.585889527835967 10.40451867793749 0
      vertex 13.585889527835967 10.40451867793749 3.99
      vertex 13.791158092447917 10.363688221801903 0
    endloop
  endfacet
  facet normal 0.06540312923014234 0.9978589232386036 0
    outer loop
      vertex 13.791158092447917 10.363688221801903 0
      vertex 13.791158092447917 10.363688221801903 3.99
      vertex 14 10.35 0
    endloop
  endfacet
  facet normal -0.06540312923014234 0.9978589232386036 0
    outer loop
      vertex 14 10.35 0
      vertex 14 10.35 3.99
      vertex 14.208841907552083 10.363688221801903 0
    endloop
  endfacet
  facet normal -0.19509032201612983 0.9807852804032301 0
    outer loop
      vertex 14.208841907552083 10.363688221801903 0
      vertex 14.208841907552083 10.363688221801903 3.99
      vertex 14.414110472164033 10.40451867793749 0
    endloop
  endfacet
  facet normal -0.32143946530315837 0.9469301294951067 0
    outer loop
      vertex 14.414110472164033 10.40451867793749 0
      vertex 14.414110472164033 10.40451867793749 3.99
      vertex 14.612293491784143 10.47179274798194 0
    endloop
  endfacet
  facet normal -0.4422886902190024 0.8968727415326877 0
    outer loop
      vertex 14.612293491784143 10.47179274798194 0
      vertex 14.612293491784143 10.47179274798194 3.99
      vertex 14.8 10.564359353944898 0
    endloop
  endfacet
  facet normal -0.5555702330196023 0.8314696123025452 0
    outer loop
      vertex 14.8 10.564359353944898 0
      vertex 14.8 10.564359353944898 3.99
      vertex 14.974018286413953 10.680634655534023 0
    endloop
  endfacet
  facet normal -0.6593458151000712 0.7518398074789753 0
    outer loop
      vertex 14.974018286413953 10.680634655534023 0
      vertex 14.974018286413953 10.680634655534023 3.99
      vertex 15.131370849898476 10.818629150101524 0
    endloop
  endfacet
  facet normal -0.7518398074789753 0.6593458151000712 0
    outer loop
      vertex 15.131370849898476 10.818629150101524 0
      vertex 15.131370849898476 10.818629150101524 3.99
      vertex 15.269365344465976 10.975981713586046 0
    endloop
  endfacet
  facet normal -0.8314696123025452 0.5555702330196023 0
    outer loop
      vertex 15.269365344465976 10.975981713586046 0
      vertex 15.269365344465976 10.975981713586046 3.99
      vertex 15.385640646055101 11.149999999999999 0
    endloop
  endfacet
  facet normal -0.8968727415326877 0.4422886902190024 0
    outer loop
      vertex 15.385640646055101 11.149999999999999 0
      vertex 15.385640646055101 11.149999999999999 3.99
      vertex 15.47820725201806 11.337706508215856 0
    endloop
  endfacet
  facet normal -0.9469301294951067 0.32143946530315837 0
    outer loop
      vertex 15.47820725201806 11.337706508215856 0
      vertex 15.47820725201806 11.337706508215856 3.99
      vertex 15.545481322062509 11.535889527835966 0
    endloop
  endfacet
  facet normal -0.9807852804032301 0.19509032201612983 0
    outer loop
      vertex 15.545481322062509 11.535889527835966 0
      vertex 15.545481322062509 11.535889527835966 3.99
      vertex 15.586311778198096 11.741158092447916 0
    endloop
  endfacet
  facet normal -0.9978589232386036 0.06540312923014234 0
    outer loop
      vertex 15.586311778198096 11.741158092447916 0
      vertex 15.586311778198096 11.741158092447916 3.99
      vertex 15.6 11.95 0
    endloop
  endfacet
  facet normal 0.32143946530315837 0.9469301294951067 -8.303348555734202e-19
    outer loop
      vertex 13.387706508215857 10.47179274798194 3.99
      vertex 13.585889527835967 10.40451867793749 3.99
      vertex 13.585889527835967 10.40451867793749 0
    endloop
  endfacet
  facet normal 0.19509032201612983 0.9807852804032301 0
    outer loop
      vertex 13.791158092447917 10.363688221801903 0
      vertex 13.585889527835967 10.40451867793749 3.99
      vertex 13.791158092447917 10.363688221801903 3.99
    endloop
  endfacet
  facet normal 0.06540312923014234 0.9978589232386036 0
    outer loop
      vertex 14 10.35 0
      vertex 13.791158092447917 10.363688221801903 3.99
      vertex 14 10.35 3.99
    endloop
  endfacet
  facet normal -0.06540312923014234 0.9978589232386036 0
    outer loop
      vertex 14.208841907552083 10.363688221801903 0
      vertex 14 10.35 3.99
      vertex 14.208841907552083 10.363688221801903 3.99
    endloop
  endfacet
  facet normal -0.19509032201612983 0.9807852804032301 0
    outer loop
      vertex 14.414110472164033 10.40451867793749 0
      vertex 14.208841907552083 10.363688221801903 3.99
      vertex 14.414110472164033 10.40451867793749 3.99
    endloop
  endfacet
  facet normal -0.32143946530315837 0.9469301294951067 0
    outer loop
      vertex 14.612293491784143 10.47179274798194 0
      vertex 14.414110472164033 10.40451867793749 3.99
      vertex 14.612293491784143 10.47179274798194 3.99
    endloop
  endfacet
  facet normal -0.4422886902190024 0.8968727415326877 0
    outer loop
      vertex 14.8 10.564359353944898 0
      vertex 14.612293491784143 10.47179274798194 3.99
      vertex 14.8 10.564359353944898 3.99
    endloop
  endfacet
  facet normal -0.5555702330196023 0.8314696123025452 0
    outer loop
      vertex 14.974018286413953 10.680634655534023 0
      vertex 14.8 10.564359353944898 3.99
      vertex 14.974018286413953 10.680634655534023 3.99
    endloop
  endfacet
  facet normal -0.6593458151000712 0.7518398074789753 0
    outer loop
      vertex 15.131370849898476 10.818629150101524 0
      vertex 14.974018286413953 10.680634655534023 3.99
      vertex 15.131370849898476 10.818629150101524 3.99
    endloop
  endfacet
  facet normal -0.7518398074789753 0.6593458151000712 0
    outer loop
      vertex 15.269365344465976 10.975981713586046 0
      vertex 15.131370849898476 10.818629150101524 3.99
      vertex 15.269365344465976 10.975981713586046 3.99
    endloop
  endfacet
  facet normal -0.8314696123025452 0.5555702330196023 0
    outer loop
      vertex 15.385640646055101 11.149999999999999 0
      vertex 15.269365344465976 10.975981713586046 3.99
      vertex 15.385640646055101 11.149999999999999 3.99
    endloop
  endfacet
  facet normal -0.8968727415326877 0.4422886902190024 0
    outer loop
      vertex 15.47820725201806 11.337706508215856 0
      vertex 15.385640646055101 11.149999999999999 3.99
      vertex 15.47820725201806 11.337706508215856 3.99
    endloop
  endfacet
  facet normal -0.9469301294951067 0.32143946530315837 0
    outer loop
      vertex 15.545481322062509 11.535889527835966 0
      vertex 15.47820725201806 11.337706508215856 3.99
      vertex 15.545481322062509 11.535889527835966 3.99
    endloop
  endfacet
  facet normal -0.9807852804032301 0.19509032201612983 0
    outer loop
      vertex 15.586311778198096 11.741158092447916 0
      vertex 15.545481322062509 11.535889527835966 3.99
      vertex 15.586311778198096 11.741158092447916 3.99
    endloop
  endfacet
  facet normal -0.9978589232386036 0.06540312923014234 -1.088679607072062e-19
    outer loop
      vertex 15.586311778198096 11.741158092447916 3.99
      vertex 15.6 11.95 3.99
      vertex 15.6 11.95 0
    endloop
  endfacet
  facet normal 0 0 -1
    outer loop
      vertex 12.868629150101524 10.818629150101524 3.99
      vertex 12.960769515458674 11.35 3.99
      vertex 13.025981713586047 10.680634655534023 3.99
    endloop
  endfacet
  facet normal 0 0 -1
    outer loop
      vertex 13.025981713586047 10.680634655534023 3.99
      vertex 13.047975991650517 11.219486285189534 3.99
      vertex 13.151471862576143 11.101471862576142 3.99
    endloop
  endfacet
  facet normal 0 0 -1
    outer loop
      vertex 13.025981713586047 10.680634655534023 3.99
      vertex 13.151471862576143 11.101471862576142 3.99
      vertex 13.2 10.564359353944898 3.99
    endloop
  endfacet
  facet normal 0 0 -1
    outer loop
      vertex 13.2 10.564359353944898 3.99
      vertex 13.151471862576143 11.101471862576142 3.99
      vertex 13.269486285189535 10.997975991650517 3.99
    endloop
  endfacet
  facet normal 0 0 -1
    outer loop
      vertex 13.387706508215857 10.47179274798194 3.99
      vertex 13.2 10.564359353944898 3.99
      vertex 13.269486285189535 10.997975991650517 3.99
    endloop
  endfacet
  facet normal 0 0 -1
    outer loop
      vertex 13.387706508215857 10.47179274798194 3.99
      vertex 13.4 10.910769515458673 3.99
      vertex 13.540779881161892 10.841344560986455 3.99
    endloop
  endfacet
  facet normal 0 0 -1
    outer loop
      vertex 13.387706508215857 10.47179274798194 3.99
      vertex 13.269486285189535 10.997975991650517 3.99
      vertex 13.4 10.910769515458673 3.99
    endloop
  endfacet
  facet normal 0 0 -1
    outer loop
      vertex 12.868629150101524 10.818629150101524 3.99
      vertex 12.891344560986456 11.490779881161892 3.99
      vertex 12.960769515458674 11.35 3.99
    endloop
  endfacet
  facet normal 0 0 -1
    outer loop
      vertex 12.868629150101524 10.818629150101524 3.99
      vertex 12.840889008453118 11.639417145876974 3.99
      vertex 12.891344560986456 11.490779881161892 3.99
    endloop
  endfacet
  facet normal 0 0 -1
    outer loop
      vertex 12.868629150101524 10.818629150101524 3.99
      vertex 12.810266166351427 11.793368569335938 3.99
      vertex 12.840889008453118 11.639417145876974 3.99
    endloop
  endfacet
  facet normal 0 0 -1
    outer loop
      vertex 12.614359353944899 11.149999999999999 3.99
      vertex 12.52179274798194 11.337706508215856 3.99
      vertex 12.52179274798194 12.562293491784143 3.99
    endloop
  endfacet
  facet normal 0 0 -1
    outer loop
      vertex 12.730634655534024 10.975981713586046 3.99
      vertex 12.614359353944899 11.149999999999999 3.99
      vertex 12.614359353944899 12.75 3.99
    endloop
  endfacet
  facet normal 0 0 -1
    outer loop
      vertex 12.454518677937491 11.535889527835966 3.99
      vertex 12.413688221801904 11.741158092447916 3.99
      vertex 12.413688221801904 12.158841907552082 3.99
    endloop
  endfacet
  facet normal 0 0 -1
    outer loop
      vertex 12.52179274798194 11.337706508215856 3.99
      vertex 12.454518677937491 11.535889527835966 3.99
      vertex 12.454518677937491 12.364110472164032 3.99
    endloop
  endfacet
  facet normal 0 0 -1
    outer loop
      vertex 12.413688221801904 11.741158092447916 3.99
      vertex 12.4 11.95 3.99
      vertex 12.413688221801904 12.158841907552082 3.99
    endloop
  endfacet
  facet normal 0 0 -1
    outer loop
      vertex 12.730634655534024 10.975981713586046 3.99
      vertex 12.730634655534024 12.924018286413952 3.99
      vertex 12.868629150101524 10.818629150101524 3.99
    endloop
  endfacet
  facet normal 0 0 -1
    outer loop
      vertex 12.868629150101524 10.818629150101524 3.99
      vertex 12.8 11.95 3.99
      vertex 12.810266166351427 11.793368569335938 3.99
    endloop
  endfacet
  facet normal 0 0 -1
    outer loop
      vertex 12.868629150101524 10.818629150101524 3.99
      vertex 12.730634655534024 12.924018286413952 3.99
      vertex 12.8 11.95 3.99
    endloop
  endfacet
  facet normal 0 0 -1
    outer loop
      vertex 13.025981713586047 10.680634655534023 3.99
      vertex 12.960769515458674 11.35 3.99
      vertex 13.047975991650517 11.219486285189534 3.99
    endloop
  endfacet
  facet normal 0 0 -1
    outer loop
      vertex 13.585889527835967 10.40451867793749 3.99
      vertex 13.689417145876975 10.790889008453117 3.99
      vertex 13.791158092447917 10.363688221801903 3.99
    endloop
  endfacet
  facet normal 0 0 -1
    outer loop
      vertex 13.791158092447917 10.363688221801903 3.99
      vertex 13.843368569335938 10.760266166351427 3.99
      vertex 14 10.35 3.99
    endloop
  endfacet
  facet normal 0 0 -1
    outer loop
      vertex 13.387706508215857 10.47179274798194 3.99
      vertex 13.540779881161892 10.841344560986455 3.99
      vertex 13.585889527835967 10.40451867793749 3.99
    endloop
  endfacet
  facet normal 0 0 -1
    outer loop
      vertex 13.585889527835967 10.40451867793749 3.99
      vertex 13.540779881161892 10.841344560986455 3.99
      vertex 13.689417145876975 10.790889008453117 3.99
    endloop
  endfacet
  facet normal 0 0 -1
    outer loop
      vertex 13.791158092447917 10.363688221801903 3.99
      vertex 13.689417145876975 10.790889008453117 3.99
      vertex 13.843368569335938 10.760266166351427 3.99
    endloop
  endfacet
  facet normal 0 0 -1
    outer loop
      vertex 14 10.35 3.99
      vertex 13.843368569335938 10.760266166351427 3.99
      vertex 14 10.75 3.99
    endloop
  endfacet
  facet normal 0 0 -1
    outer loop
      vertex 14 10.35 3.99
      vertex 14 10.75 3.99
      vertex 14.208841907552083 10.363688221801903 3.99
    endloop
  endfacet
  facet normal 0 0 -1
    outer loop
      vertex 14.208841907552083 10.363688221801903 3.99
      vertex 14.156631430664062 10.760266166351427 3.99
      vertex 14.414110472164033 10.40451867793749 3.99
    endloop
  endfacet
  facet normal 0 0 -1
    outer loop
      vertex 14 10.75 3.99
      vertex 14.156631430664062 10.760266166351427 3.99
      vertex 14.208841907552083 10.363688221801903 3.99
    endloop
  endfacet
  facet normal 0 0 -1
    outer loop
      vertex 14.414110472164033 10.40451867793749 3.99
      vertex 14.156631430664062 10.760266166351427 3.99
      vertex 14.310582854123025 10.790889008453117 3.99
    endloop
  endfacet
  facet normal 0 0 -1
    outer loop
      vertex 14.414110472164033 10.40451867793749 3.99
      vertex 14.310582854123025 10.790889008453117 3.99
      vertex 14.612293491784143 10.47179274798194 3.99
    endloop
  endfacet
  facet normal 0 0 -1
    outer loop
      vertex 14.612293491784143 10.47179274798194 3.99
      vertex 14.310582854123025 10.790889008453117 3.99
      vertex 14.459220118838108 10.841344560986455 3.99
    endloop
  endfacet
  facet normal 0 0 -1
    outer loop
      vertex 14.612293491784143 10.47179274798194 3.99
      vertex 14.459220118838108 10.841344560986455 3.99
      vertex 14.6 10.910769515458673 3.99
    endloop
  endfacet
  facet normal 0 0 -1
    outer loop
      vertex 14.612293491784143 10.47179274798194 3.99
      vertex 14.6 10.910769515458673 3.99
      vertex 14.8 10.564359353944898 3.99
    endloop
  endfacet
  facet normal 0 0 -1
    outer loop
      vertex 14.8 10.564359353944898 3.99
      vertex 14.730513714810465 10.997975991650517 3.99
      vertex 14.974018286413953 10.680634655534023 3.99
    endloop
  endfacet
  facet normal 0 0 -1
    outer loop
      vertex 14.6 10.910769515458673 3.99
      vertex 14.730513714810465 10.997975991650517 3.99
      vertex 14.8 10.564359353944898 3.99
    endloop
  endfacet
  facet normal 0 0 -1
    outer loop
      vertex 14.730513714810465 10.997975991650517 3.99
      vertex 14.848528137423857 11.101471862576142 3.99
      vertex 14.974018286413953 10.680634655534023 3.99
    endloop
  endfacet
  facet normal 0 0 -1
    outer loop
      vertex 14.974018286413953 10.680634655534023 3.99
      vertex 14.848528137423857 11.101471862576142 3.99
      vertex 14.952024008349483 11.219486285189534 3.99
    endloop
  endfacet
  facet normal 0 0 -1
    outer loop
      vertex 14.974018286413953 10.680634655534023 3.99
      vertex 14.952024008349483 11.219486285189534 3.99
      vertex 15.131370849898476 10.818629150101524 3.99
    endloop
  endfacet
  facet normal 0 0 -1
    outer loop
      vertex 15.131370849898476 10.818629150101524 3.99
      vertex 14.952024008349483 11.219486285189534 3.99
      vertex 15.039230484541326 11.35 3.99
    endloop
  endfacet
  facet normal 0 0 -1
    outer loop
      vertex 15.131370849898476 10.818629150101524 3.99
      vertex 15.108655439013544 11.490779881161892 3.99
      vertex 15.269365344465976 10.975981713586046 3.99
    endloop
  endfacet
  facet normal 0 0 -1
    outer loop
      vertex 15.131370849898476 10.818629150101524 3.99
      vertex 15.039230484541326 11.35 3.99
      vertex 15.108655439013544 11.490779881161892 3.99
    endloop
  endfacet
  facet normal 0 0 -1
    outer loop
      vertex 15.269365344465976 10.975981713586046 3.99
      vertex 15.108655439013544 11.490779881161892 3.99
      vertex 15.159110991546882 11.639417145876974 3.99
    endloop
  endfacet
  facet normal 0 0 -1
    outer loop
      vertex 15.269365344465976 10.975981713586046 3.99
      vertex 15.159110991546882 11.639417145876974 3.99
      vertex 15.189733833648573 11.793368569335938 3.99
    endloop
  endfacet
  facet normal 0 0 -1
    outer loop
      vertex 15.269365344465976 10.975981713586046 3.99
      vertex 15.189733833648573 11.793368569335938 3.99
      vertex 15.2 11.95 3.99
    endloop
  endfacet
  facet normal 0 0 -1
    outer loop
      vertex 15.269365344465976 10.975981713586046 3.99
      vertex 15.269365344465976 12.924018286413952 3.99
      vertex 15.385640646055101 11.149999999999999 3.99
    endloop
  endfacet
  facet normal 0 0 -1
    outer loop
      vertex 15.385640646055101 11.149999999999999 3.99
      vertex 15.385640646055101 12.75 3.99
      vertex 15.47820725201806 11.337706508215856 3.99
    endloop
  endfacet
  facet normal 0 0 -1
    outer loop
      vertex 15.47820725201806 11.337706508215856 3.99
      vertex 15.47820725201806 12.562293491784143 3.99
      vertex 15.545481322062509 11.535889527835966 3.99
    endloop
  endfacet
  facet normal 0 0 -1
    outer loop
      vertex 15.545481322062509 11.535889527835966 3.99
      vertex 15.545481322062509 12.364110472164032 3.99
      vertex 15.586311778198096 11.741158092447916 3.99
    endloop
  endfacet
  facet normal 0 0 -1
    outer loop
      vertex 15.586311778198096 11.741158092447916 3.99
      vertex 15.586311778198096 12.158841907552082 3.99
      vertex 15.6 11.95 3.99
    endloop
  endfacet
  facet normal 0.9978589232386036 -0.06540312923014234 -1.088679607072062e-19
    outer loop
      vertex 12.4 11.95 0
      vertex 12.413688221801904 12.158841907552082 0
      vertex 12.413688221801904 12.158841907552082 3.99
    endloop
  endfacet
  facet normal 0.9807852804032301 -0.19509032201612983 6.651152652874856e-19
    outer loop
      vertex 12.413688221801904 12.158841907552082 0
      vertex 12.454518677937491 12.364110472164032 0
      vertex 12.454518677937491 12.364110472164032 3.99
    endloop
  endfacet
  facet normal 0.9469301294951067 -0.32143946530315837 8.303348555734202e-19
    outer loop
      vertex 12.454518677937491 12.364110472164032 0
      vertex 12.52179274798194 12.562293491784143 0
      vertex 12.52179274798194 12.562293491784143 3.99
    endloop
  endfacet
  facet normal 0.8968727415326877 -0.4422886902190024 1.9303810785670118e-19
    outer loop
      vertex 12.52179274798194 12.562293491784143 0
      vertex 12.614359353944899 12.75 0
      vertex 12.614359353944899 12.75 3.99
    endloop
  endfacet
  facet normal 0.8314696123025452 -0.5555702330196023 1.9254237818278126e-19
    outer loop
      vertex 12.614359353944899 12.75 0
      vertex 12.730634655534024 12.924018286413952 0
      vertex 12.730634655534024 12.924018286413952 3.99
    endloop
  endfacet
  facet normal 0.7518398074789753 -0.6593458151000712 9.785589460171144e-19
    outer loop
      vertex 12.730634655534024 12.924018286413952 0
      vertex 12.868629150101524 13.081370849898475 0
      vertex 12.868629150101524 13.081370849898475 3.99
    endloop
  endfacet
  facet normal 0.6593458151000712 -0.7518398074789753 9.785589460171144e-19
    outer loop
      vertex 12.868629150101524 13.081370849898475 0
      vertex 13.025981713586047 13.219365344465976 0
      vertex 13.025981713586047 13.219365344465976 3.99
    endloop
  endfacet
  facet normal 0.5555702330196023 -0.8314696123025452 1.9254237818278126e-19
    outer loop
      vertex 13.025981713586047 13.219365344465976 0
      vertex 13.2 13.3356406460551 0
      vertex 13.2 13.3356406460551 3.99
    endloop
  endfacet
  facet normal 0.4422886902190024 -0.8968727415326877 1.9303810785670118e-19
    outer loop
      vertex 13.2 13.3356406460551 0
      vertex 13.387706508215857 13.428207252018058 0
      vertex 13.387706508215857 13.428207252018058 3.99
    endloop
  endfacet
  facet normal 0.9978589232386036 -0.06540312923014234 0
    outer loop
      vertex 12.4 11.95 0
      vertex 12.413688221801904 12.158841907552082 3.99
      vertex 12.4 11.95 3.99
    endloop
  endfacet
  facet normal 0.9807852804032301 -0.19509032201612983 0
    outer loop
      vertex 12.413688221801904 12.158841907552082 0
      vertex 12.454518677937491 12.364110472164032 3.99
      vertex 12.413688221801904 12.158841907552082 3.99
    endloop
  endfacet
  facet normal 0.9469301294951067 -0.32143946530315837 0
    outer loop
      vertex 12.454518677937491 12.364110472164032 0
      vertex 12.52179274798194 12.562293491784143 3.99
      vertex 12.454518677937491 12.364110472164032 3.99
    endloop
  endfacet
  facet normal 0.8968727415326877 -0.4422886902190024 0
    outer loop
      vertex 12.52179274798194 12.562293491784143 0
      vertex 12.614359353944899 12.75 3.99
      vertex 12.52179274798194 12.562293491784143 3.99
    endloop
  endfacet
  facet normal 0.8314696123025452 -0.5555702330196023 0
    outer loop
      vertex 12.614359353944899 12.75 0
      vertex 12.730634655534024 12.924018286413952 3.99
      vertex 12.614359353944899 12.75 3.99
    endloop
  endfacet
  facet normal 0.7518398074789753 -0.6593458151000712 0
    outer loop
      vertex 12.730634655534024 12.924018286413952 0
      vertex 12.868629150101524 13.081370849898475 3.99
      vertex 12.730634655534024 12.924018286413952 3.99
    endloop
  endfacet
  facet normal 0.6593458151000712 -0.7518398074789753 0
    outer loop
      vertex 12.868629150101524 13.081370849898475 0
      vertex 13.025981713586047 13.219365344465976 3.99
      vertex 12.868629150101524 13.081370849898475 3.99
    endloop
  endfacet
  facet normal 0.5555702330196023 -0.8314696123025452 0
    outer loop
      vertex 13.025981713586047 13.219365344465976 0
      vertex 13.2 13.3356406460551 3.99
      vertex 13.025981713586047 13.219365344465976 3.99
    endloop
  endfacet
  facet normal 0.4422886902190024 -0.8968727415326877 0
    outer loop
      vertex 13.2 13.3356406460551 0
      vertex 13.387706508215857 13.428207252018058 3.99
      vertex 13.2 13.3356406460551 3.99
    endloop
  endfacet
  facet normal 0.32143946530315837 -0.9469301294951067 0
    outer loop
      vertex 13.387706508215857 13.428207252018058 0
      vertex 13.585889527835967 13.495481322062508 3.99
      vertex 13.387706508215857 13.428207252018058 3.99
    endloop
  endfacet
  facet normal 0.32143946530315837 -0.9469301294951067 8.303348555734202e-19
    outer loop
      vertex 13.387706508215857 13.428207252018058 0
      vertex 13.585889527835967 13.495481322062508 0
      vertex 13.585889527835967 13.495481322062508 3.99
    endloop
  endfacet
  facet normal 0.19509032201612983 -0.9807852804032301 6.651152652874856e-19
    outer loop
      vertex 13.585889527835967 13.495481322062508 0
      vertex 13.791158092447917 13.536311778198096 0
      vertex 13.791158092447917 13.536311778198096 3.99
    endloop
  endfacet
  facet normal 0.06540312923014234 -0.9978589232386036 -1.088679607072062e-19
    outer loop
      vertex 13.791158092447917 13.536311778198096 0
      vertex 14 13.549999999999999 0
      vertex 14 13.549999999999999 3.99
    endloop
  endfacet
  facet normal -0.06540312923014234 -0.9978589232386036 1.088679607072062e-19
    outer loop
      vertex 14 13.549999999999999 0
      vertex 14.208841907552083 13.536311778198096 0
      vertex 14.208841907552083 13.536311778198096 3.99
    endloop
  endfacet
  facet normal -0.19509032201612983 -0.9807852804032301 -6.651152652874856e-19
    outer loop
      vertex 14.208841907552083 13.536311778198096 0
      vertex 14.414110472164033 13.495481322062508 0
      vertex 14.414110472164033 13.495481322062508 3.99
    endloop
  endfacet
  facet normal -0.32143946530315837 -0.9469301294951067 -8.303348555734202e-19
    outer loop
      vertex 14.414110472164033 13.495481322062508 0
      vertex 14.612293491784143 13.428207252018058 0
      vertex 14.612293491784143 13.428207252018058 3.99
    endloop
  endfacet
  facet normal -0.9978589232386036 -0.06540312923014234 0
    outer loop
      vertex 15.6 11.95 0
      vertex 15.6 11.95 3.99
      vertex 15.586311778198096 12.158841907552082 0
    endloop
  endfacet
  facet normal -0.9807852804032301 -0.19509032201612983 0
    outer loop
      vertex 15.586311778198096 12.158841907552082 0
      vertex 15.586311778198096 12.158841907552082 3.99
      vertex 15.545481322062509 12.364110472164032 0
    endloop
  endfacet
  facet normal -0.8968727415326877 -0.4422886902190024 -1.9303810785670118e-19
    outer loop
      vertex 15.385640646055101 12.75 0
      vertex 15.47820725201806 12.562293491784143 0
      vertex 15.47820725201806 12.562293491784143 3.99
    endloop
  endfacet
  facet normal -0.8314696123025452 -0.5555702330196023 0
    outer loop
      vertex 15.385640646055101 12.75 0
      vertex 15.385640646055101 12.75 3.99
      vertex 15.269365344465976 12.924018286413952 0
    endloop
  endfacet
  facet normal -0.9469301294951067 -0.32143946530315837 0
    outer loop
      vertex 15.545481322062509 12.364110472164032 0
      vertex 15.545481322062509 12.364110472164032 3.99
      vertex 15.47820725201806 12.562293491784143 0
    endloop
  endfacet
  facet normal -0.5555702330196023 -0.8314696123025452 -1.9254237818278126e-19
    outer loop
      vertex 14.8 13.3356406460551 0
      vertex 14.974018286413953 13.219365344465976 0
      vertex 14.974018286413953 13.219365344465976 3.99
    endloop
  endfacet
  facet normal -0.6593458151000712 -0.7518398074789753 0
    outer loop
      vertex 15.131370849898476 13.081370849898475 0
      vertex 15.131370849898476 13.081370849898475 3.99
      vertex 14.974018286413953 13.219365344465976 0
    endloop
  endfacet
  facet normal -0.4422886902190024 -0.8968727415326877 -1.9303810785670118e-19
    outer loop
      vertex 14.612293491784143 13.428207252018058 0
      vertex 14.8 13.3356406460551 0
      vertex 14.8 13.3356406460551 3.99
    endloop
  endfacet
  facet normal -0.7518398074789753 -0.6593458151000712 -9.785589460171144e-19
    outer loop
      vertex 15.131370849898476 13.081370849898475 0
      vertex 15.269365344465976 12.924018286413952 0
      vertex 15.269365344465976 12.924018286413952 3.99
    endloop
  endfacet
  facet normal 0.19509032201612983 -0.9807852804032301 0
    outer loop
      vertex 13.585889527835967 13.495481322062508 0
      vertex 13.791158092447917 13.536311778198096 3.99
      vertex 13.585889527835967 13.495481322062508 3.99
    endloop
  endfacet
  facet normal 0.06540312923014234 -0.9978589232386036 0
    outer loop
      vertex 13.791158092447917 13.536311778198096 0
      vertex 14 13.549999999999999 3.99
      vertex 13.791158092447917 13.536311778198096 3.99
    endloop
  endfacet
  facet normal -0.06540312923014234 -0.9978589232386036 0
    outer loop
      vertex 14 13.549999999999999 0
      vertex 14.208841907552083 13.536311778198096 3.99
      vertex 14 13.549999999999999 3.99
    endloop
  endfacet
  facet normal -0.19509032201612983 -0.9807852804032301 0
    outer loop
      vertex 14.208841907552083 13.536311778198096 0
      vertex 14.414110472164033 13.495481322062508 3.99
      vertex 14.208841907552083 13.536311778198096 3.99
    endloop
  endfacet
  facet normal -0.32143946530315837 -0.9469301294951067 0
    outer loop
      vertex 14.414110472164033 13.495481322062508 0
      vertex 14.612293491784143 13.428207252018058 3.99
      vertex 14.414110472164033 13.495481322062508 3.99
    endloop
  endfacet
  facet normal -0.9978589232386036 -0.06540312923014234 0
    outer loop
      vertex 15.586311778198096 12.158841907552082 0
      vertex 15.6 11.95 3.99
      vertex 15.586311778198096 12.158841907552082 3.99
    endloop
  endfacet
  facet normal -0.9807852804032301 -0.19509032201612983 0
    outer loop
      vertex 15.545481322062509 12.364110472164032 0
      vertex 15.586311778198096 12.158841907552082 3.99
      vertex 15.545481322062509 12.364110472164032 3.99
    endloop
  endfacet
  facet normal -0.8314696123025452 -0.5555702330196023 0
    outer loop
      vertex 15.269365344465976 12.924018286413952 0
      vertex 15.385640646055101 12.75 3.99
      vertex 15.269365344465976 12.924018286413952 3.99
    endloop
  endfacet
  facet normal -0.8968727415326877 -0.4422886902190024 0
    outer loop
      vertex 15.385640646055101 12.75 0
      vertex 15.47820725201806 12.562293491784143 3.99
      vertex 15.385640646055101 12.75 3.99
    endloop
  endfacet
  facet normal -0.9469301294951067 -0.32143946530315837 0
    outer loop
      vertex 15.47820725201806 12.562293491784143 0
      vertex 15.545481322062509 12.364110472164032 3.99
      vertex 15.47820725201806 12.562293491784143 3.99
    endloop
  endfacet
  facet normal -0.5555702330196023 -0.8314696123025452 0
    outer loop
      vertex 14.8 13.3356406460551 0
      vertex 14.974018286413953 13.219365344465976 3.99
      vertex 14.8 13.3356406460551 3.99
    endloop
  endfacet
  facet normal -0.7518398074789753 -0.6593458151000712 0
    outer loop
      vertex 15.131370849898476 13.081370849898475 0
      vertex 15.269365344465976 12.924018286413952 3.99
      vertex 15.131370849898476 13.081370849898475 3.99
    endloop
  endfacet
  facet normal -0.6593458151000712 -0.7518398074789753 0
    outer loop
      vertex 14.974018286413953 13.219365344465976 0
      vertex 15.131370849898476 13.081370849898475 3.99
      vertex 14.974018286413953 13.219365344465976 3.99
    endloop
  endfacet
  facet normal -0.4422886902190024 -0.8968727415326877 0
    outer loop
      vertex 14.612293491784143 13.428207252018058 0
      vertex 14.8 13.3356406460551 3.99
      vertex 14.612293491784143 13.428207252018058 3.99
    endloop
  endfacet
  facet normal 0 0 -1
    outer loop
      vertex 12.454518677937491 11.535889527835966 3.99
      vertex 12.413688221801904 12.158841907552082 3.99
      vertex 12.454518677937491 12.364110472164032 3.99
    endloop
  endfacet
  facet normal 0 0 -1
    outer loop
      vertex 12.52179274798194 11.337706508215856 3.99
      vertex 12.454518677937491 12.364110472164032 3.99
      vertex 12.52179274798194 12.562293491784143 3.99
    endloop
  endfacet
  facet normal 0 0 -1
    outer loop
      vertex 12.614359353944899 11.149999999999999 3.99
      vertex 12.52179274798194 12.562293491784143 3.99
      vertex 12.614359353944899 12.75 3.99
    endloop
  endfacet
  facet normal 0 0 -1
    outer loop
      vertex 12.730634655534024 10.975981713586046 3.99
      vertex 12.614359353944899 12.75 3.99
      vertex 12.730634655534024 12.924018286413952 3.99
    endloop
  endfacet
  facet normal 0 0 -1
    outer loop
      vertex 12.8 11.95 3.99
      vertex 12.730634655534024 12.924018286413952 3.99
      vertex 12.810266166351427 12.106631430664061 3.99
    endloop
  endfacet
  facet normal 0 0 -1
    outer loop
      vertex 12.810266166351427 12.106631430664061 3.99
      vertex 12.730634655534024 12.924018286413952 3.99
      vertex 12.840889008453118 12.260582854123024 3.99
    endloop
  endfacet
  facet normal 0 0 -1
    outer loop
      vertex 12.840889008453118 12.260582854123024 3.99
      vertex 12.730634655534024 12.924018286413952 3.99
      vertex 12.891344560986456 12.409220118838107 3.99
    endloop
  endfacet
  facet normal 0 0 -1
    outer loop
      vertex 12.891344560986456 12.409220118838107 3.99
      vertex 12.868629150101524 13.081370849898475 3.99
      vertex 12.960769515458674 12.549999999999999 3.99
    endloop
  endfacet
  facet normal 0 0 -1
    outer loop
      vertex 12.891344560986456 12.409220118838107 3.99
      vertex 12.730634655534024 12.924018286413952 3.99
      vertex 12.868629150101524 13.081370849898475 3.99
    endloop
  endfacet
  facet normal 0 0 -1
    outer loop
      vertex 12.960769515458674 12.549999999999999 3.99
      vertex 12.868629150101524 13.081370849898475 3.99
      vertex 13.047975991650517 12.680513714810465 3.99
    endloop
  endfacet
  facet normal 0 0 -1
    outer loop
      vertex 13.047975991650517 12.680513714810465 3.99
      vertex 12.868629150101524 13.081370849898475 3.99
      vertex 13.025981713586047 13.219365344465976 3.99
    endloop
  endfacet
  facet normal 0 0 -1
    outer loop
      vertex 13.047975991650517 12.680513714810465 3.99
      vertex 13.025981713586047 13.219365344465976 3.99
      vertex 13.151471862576143 12.798528137423856 3.99
    endloop
  endfacet
  facet normal 0 0 -1
    outer loop
      vertex 13.151471862576143 12.798528137423856 3.99
      vertex 13.025981713586047 13.219365344465976 3.99
      vertex 13.269486285189535 12.902024008349482 3.99
    endloop
  endfacet
  facet normal 0 0 -1
    outer loop
      vertex 13.025981713586047 13.219365344465976 3.99
      vertex 13.2 13.3356406460551 3.99
      vertex 13.269486285189535 12.902024008349482 3.99
    endloop
  endfacet
  facet normal 0 0 -1
    outer loop
      vertex 13.2 13.3356406460551 3.99
      vertex 13.4 12.989230484541325 3.99
      vertex 13.269486285189535 12.902024008349482 3.99
    endloop
  endfacet
  facet normal 0 0 -1
    outer loop
      vertex 13.2 13.3356406460551 3.99
      vertex 13.387706508215857 13.428207252018058 3.99
      vertex 13.4 12.989230484541325 3.99
    endloop
  endfacet
  facet normal 0 0 -1
    outer loop
      vertex 13.4 12.989230484541325 3.99
      vertex 13.387706508215857 13.428207252018058 3.99
      vertex 13.540779881161892 13.058655439013544 3.99
    endloop
  endfacet
  facet normal 0 0 -1
    outer loop
      vertex 13.387706508215857 13.428207252018058 3.99
      vertex 13.689417145876975 13.109110991546881 3.99
      vertex 13.540779881161892 13.058655439013544 3.99
    endloop
  endfacet
  facet normal 0 0 -1
    outer loop
      vertex 13.387706508215857 13.428207252018058 3.99
      vertex 13.585889527835967 13.495481322062508 3.99
      vertex 13.689417145876975 13.109110991546881 3.99
    endloop
  endfacet
  facet normal 0 0 -1
    outer loop
      vertex 13.689417145876975 13.109110991546881 3.99
      vertex 13.585889527835967 13.495481322062508 3.99
      vertex 13.843368569335938 13.139733833648572 3.99
    endloop
  endfacet
  facet normal 0 0 -1
    outer loop
      vertex 13.843368569335938 13.139733833648572 3.99
      vertex 13.791158092447917 13.536311778198096 3.99
      vertex 14 13.149999999999999 3.99
    endloop
  endfacet
  facet normal 0 0 -1
    outer loop
      vertex 14 13.149999999999999 3.99
      vertex 14 13.549999999999999 3.99
      vertex 14.156631430664062 13.139733833648572 3.99
    endloop
  endfacet
  facet normal 0 0 -1
    outer loop
      vertex 13.843368569335938 13.139733833648572 3.99
      vertex 13.585889527835967 13.495481322062508 3.99
      vertex 13.791158092447917 13.536311778198096 3.99
    endloop
  endfacet
  facet normal 0 0 -1
    outer loop
      vertex 14 13.149999999999999 3.99
      vertex 13.791158092447917 13.536311778198096 3.99
      vertex 14 13.549999999999999 3.99
    endloop
  endfacet
  facet normal 0 0 -1
    outer loop
      vertex 14.310582854123025 13.109110991546881 3.99
      vertex 14.156631430664062 13.139733833648572 3.99
      vertex 14.208841907552083 13.536311778198096 3.99
    endloop
  endfacet
  facet normal 0 0 -1
    outer loop
      vertex 14.310582854123025 13.109110991546881 3.99
      vertex 14.414110472164033 13.495481322062508 3.99
      vertex 14.459220118838108 13.058655439013544 3.99
    endloop
  endfacet
  facet normal 0 0 -1
    outer loop
      vertex 14.459220118838108 13.058655439013544 3.99
      vertex 14.612293491784143 13.428207252018058 3.99
      vertex 14.6 12.989230484541325 3.99
    endloop
  endfacet
  facet normal 0 0 -1
    outer loop
      vertex 14.459220118838108 13.058655439013544 3.99
      vertex 14.414110472164033 13.495481322062508 3.99
      vertex 14.612293491784143 13.428207252018058 3.99
    endloop
  endfacet
  facet normal 0 0 -1
    outer loop
      vertex 14 13.549999999999999 3.99
      vertex 14.208841907552083 13.536311778198096 3.99
      vertex 14.156631430664062 13.139733833648572 3.99
    endloop
  endfacet
  facet normal 0 0 -1
    outer loop
      vertex 14.310582854123025 13.109110991546881 3.99
      vertex 14.208841907552083 13.536311778198096 3.99
      vertex 14.414110472164033 13.495481322062508 3.99
    endloop
  endfacet
  facet normal 0 0 -1
    outer loop
      vertex 15.2 11.95 3.99
      vertex 15.189733833648573 12.106631430664061 3.99
      vertex 15.131370849898476 13.081370849898475 3.99
    endloop
  endfacet
  facet normal 0 0 -1
    outer loop
      vertex 15.159110991546882 12.260582854123024 3.99
      vertex 15.131370849898476 13.081370849898475 3.99
      vertex 15.189733833648573 12.106631430664061 3.99
    endloop
  endfacet
  facet normal 0 0 -1
    outer loop
      vertex 15.159110991546882 12.260582854123024 3.99
      vertex 15.108655439013544 12.409220118838107 3.99
      vertex 15.131370849898476 13.081370849898475 3.99
    endloop
  endfacet
  facet normal 0 0 -1
    outer loop
      vertex 15.039230484541326 12.549999999999999 3.99
      vertex 14.952024008349483 12.680513714810465 3.99
      vertex 14.974018286413953 13.219365344465976 3.99
    endloop
  endfacet
  facet normal 0 0 -1
    outer loop
      vertex 15.108655439013544 12.409220118838107 3.99
      vertex 15.039230484541326 12.549999999999999 3.99
      vertex 15.131370849898476 13.081370849898475 3.99
    endloop
  endfacet
  facet normal 0 0 -1
    outer loop
      vertex 15.269365344465976 10.975981713586046 3.99
      vertex 15.2 11.95 3.99
      vertex 15.131370849898476 13.081370849898475 3.99
    endloop
  endfacet
  facet normal 0 0 -1
    outer loop
      vertex 15.269365344465976 10.975981713586046 3.99
      vertex 15.131370849898476 13.081370849898475 3.99
      vertex 15.269365344465976 12.924018286413952 3.99
    endloop
  endfacet
  facet normal 0 0 -1
    outer loop
      vertex 15.385640646055101 11.149999999999999 3.99
      vertex 15.269365344465976 12.924018286413952 3.99
      vertex 15.385640646055101 12.75 3.99
    endloop
  endfacet
  facet normal 0 0 -1
    outer loop
      vertex 15.47820725201806 11.337706508215856 3.99
      vertex 15.385640646055101 12.75 3.99
      vertex 15.47820725201806 12.562293491784143 3.99
    endloop
  endfacet
  facet normal 0 0 -1
    outer loop
      vertex 15.545481322062509 11.535889527835966 3.99
      vertex 15.47820725201806 12.562293491784143 3.99
      vertex 15.545481322062509 12.364110472164032 3.99
    endloop
  endfacet
  facet normal 0 0 -1
    outer loop
      vertex 15.586311778198096 11.741158092447916 3.99
      vertex 15.545481322062509 12.364110472164032 3.99
      vertex 15.586311778198096 12.158841907552082 3.99
    endloop
  endfacet
  facet normal 0 0 -1
    outer loop
      vertex 14.6 12.989230484541325 3.99
      vertex 14.612293491784143 13.428207252018058 3.99
      vertex 14.730513714810465 12.902024008349482 3.99
    endloop
  endfacet
  facet normal 0 0 -1
    outer loop
      vertex 14.848528137423857 12.798528137423856 3.99
      vertex 14.730513714810465 12.902024008349482 3.99
      vertex 14.8 13.3356406460551 3.99
    endloop
  endfacet
  facet normal 0 0 -1
    outer loop
      vertex 14.848528137423857 12.798528137423856 3.99
      vertex 14.8 13.3356406460551 3.99
      vertex 14.974018286413953 13.219365344465976 3.99
    endloop
  endfacet
  facet normal 0 0 -1
    outer loop
      vertex 14.612293491784143 13.428207252018058 3.99
      vertex 14.8 13.3356406460551 3.99
      vertex 14.730513714810465 12.902024008349482 3.99
    endloop
  endfacet
  facet normal 0 0 -1
    outer loop
      vertex 14.848528137423857 12.798528137423856 3.99
      vertex 14.974018286413953 13.219365344465976 3.99
      vertex 14.952024008349483 12.680513714810465 3.99
    endloop
  endfacet
  facet normal 0 0 -1
    outer loop
      vertex 15.039230484541326 12.549999999999999 3.99
      vertex 14.974018286413953 13.219365344465976 3.99
      vertex 15.131370849898476 13.081370849898475 3.99
    endloop
  endfacet
  facet normal 0.5555702330195964 0.8314696123025491 0
    outer loop
      vertex 13.269486285189535 10.997975991650517 3.99
      vertex 13.269486285189535 10.997975991650517 6.5
      vertex 13.4 10.910769515458673 3.99
    endloop
  endfacet
  facet normal 0.44228869021900463 0.8968727415326867 0
    outer loop
      vertex 13.4 10.910769515458673 3.99
      vertex 13.4 10.910769515458673 6.5
      vertex 13.540779881161892 10.841344560986455 3.99
    endloop
  endfacet
  facet normal 0.8968727415326867 0.44228869021900463 0
    outer loop
      vertex 12.891344560986456 11.490779881161892 3.99
      vertex 12.891344560986456 11.490779881161892 6.5
      vertex 12.960769515458674 11.35 3.99
    endloop
  endfacet
  facet normal 0.9469301294951059 0.3214394653031609 -9.39932133618831e-19
    outer loop
      vertex 12.891344560986456 11.490779881161892 3.99
      vertex 12.840889008453118 11.639417145876974 3.99
      vertex 12.840889008453118 11.639417145876974 6.5
    endloop
  endfacet
  facet normal 0.9807852804032303 0.19509032201612933 -9.116207495684778e-19
    outer loop
      vertex 12.840889008453118 11.639417145876974 3.99
      vertex 12.810266166351427 11.793368569335938 3.99
      vertex 12.810266166351427 11.793368569335938 6.5
    endloop
  endfacet
  facet normal 0.9978589232386039 0.06540312923013689 -1.6605772923519565e-19
    outer loop
      vertex 12.810266166351427 11.793368569335938 3.99
      vertex 12.8 11.95 3.99
      vertex 12.8 11.95 6.5
    endloop
  endfacet
  facet normal 0.6593458151000713 0.7518398074789753 2.135567011625152e-18
    outer loop
      vertex 13.269486285189535 10.997975991650517 3.99
      vertex 13.151471862576143 11.101471862576142 3.99
      vertex 13.151471862576143 11.101471862576142 6.5
    endloop
  endfacet
  facet normal 0.7518398074789753 0.6593458151000713 0
    outer loop
      vertex 13.047975991650517 11.219486285189534 3.99
      vertex 13.047975991650517 11.219486285189534 6.5
      vertex 13.151471862576143 11.101471862576142 3.99
    endloop
  endfacet
  facet normal 0.8314696123025491 0.5555702330195964 1.6942713124301268e-18
    outer loop
      vertex 13.047975991650517 11.219486285189534 3.99
      vertex 12.960769515458674 11.35 3.99
      vertex 12.960769515458674 11.35 6.5
    endloop
  endfacet
  facet normal 0.5555702330195964 0.8314696123025491 0
    outer loop
      vertex 13.4 10.910769515458673 3.99
      vertex 13.269486285189535 10.997975991650517 6.5
      vertex 13.4 10.910769515458673 6.5
    endloop
  endfacet
  facet normal 0.44228869021900463 0.8968727415326867 -5.798453194167209e-19
    outer loop
      vertex 13.4 10.910769515458673 6.5
      vertex 13.540779881161892 10.841344560986455 6.5
      vertex 13.540779881161892 10.841344560986455 3.99
    endloop
  endfacet
  facet normal 0.9469301294951059 0.3214394653031609 0
    outer loop
      vertex 12.891344560986456 11.490779881161892 3.99
      vertex 12.840889008453118 11.639417145876974 6.5
      vertex 12.891344560986456 11.490779881161892 6.5
    endloop
  endfacet
  facet normal 0.9807852804032303 0.19509032201612933 0
    outer loop
      vertex 12.840889008453118 11.639417145876974 3.99
      vertex 12.810266166351427 11.793368569335938 6.5
      vertex 12.840889008453118 11.639417145876974 6.5
    endloop
  endfacet
  facet normal 0.9978589232386039 0.06540312923013689 0
    outer loop
      vertex 12.810266166351427 11.793368569335938 3.99
      vertex 12.8 11.95 6.5
      vertex 12.810266166351427 11.793368569335938 6.5
    endloop
  endfacet
  facet normal 0.7518398074789753 0.6593458151000713 0
    outer loop
      vertex 13.151471862576143 11.101471862576142 3.99
      vertex 13.047975991650517 11.219486285189534 6.5
      vertex 13.151471862576143 11.101471862576142 6.5
    endloop
  endfacet
  facet normal 0.8314696123025491 0.5555702330195964 0
    outer loop
      vertex 13.047975991650517 11.219486285189534 3.99
      vertex 12.960769515458674 11.35 6.5
      vertex 13.047975991650517 11.219486285189534 6.5
    endloop
  endfacet
  facet normal 0.8968727415326867 0.44228869021900463 0
    outer loop
      vertex 12.960769515458674 11.35 3.99
      vertex 12.891344560986456 11.490779881161892 6.5
      vertex 12.960769515458674 11.35 6.5
    endloop
  endfacet
  facet normal 0.6593458151000713 0.7518398074789753 0
    outer loop
      vertex 13.269486285189535 10.997975991650517 3.99
      vertex 13.151471862576143 11.101471862576142 6.5
      vertex 13.269486285189535 10.997975991650517 6.5
    endloop
  endfacet
  facet normal 0.3214394653031609 0.9469301294951059 0
    outer loop
      vertex 13.540779881161892 10.841344560986455 3.99
      vertex 13.540779881161892 10.841344560986455 6.5
      vertex 13.689417145876975 10.790889008453117 3.99
    endloop
  endfacet
  facet normal 0.19509032201612933 0.9807852804032303 0
    outer loop
      vertex 13.689417145876975 10.790889008453117 3.99
      vertex 13.689417145876975 10.790889008453117 6.5
      vertex 13.843368569335938 10.760266166351427 3.99
    endloop
  endfacet
  facet normal 0.06540312923013689 0.9978589232386039 0
    outer loop
      vertex 13.843368569335938 10.760266166351427 3.99
      vertex 13.843368569335938 10.760266166351427 6.5
      vertex 14 10.75 3.99
    endloop
  endfacet
  facet normal -0.06540312923013689 0.9978589232386039 0
    outer loop
      vertex 14 10.75 3.99
      vertex 14 10.75 6.5
      vertex 14.156631430664062 10.760266166351427 3.99
    endloop
  endfacet
  facet normal -0.19509032201612933 0.9807852804032303 0
    outer loop
      vertex 14.156631430664062 10.760266166351427 3.99
      vertex 14.156631430664062 10.760266166351427 6.5
      vertex 14.310582854123025 10.790889008453117 3.99
    endloop
  endfacet
  facet normal -0.3214394653031609 0.9469301294951059 0
    outer loop
      vertex 14.310582854123025 10.790889008453117 3.99
      vertex 14.310582854123025 10.790889008453117 6.5
      vertex 14.459220118838108 10.841344560986455 3.99
    endloop
  endfacet
  facet normal -0.44228869021900463 0.8968727415326867 0
    outer loop
      vertex 14.459220118838108 10.841344560986455 3.99
      vertex 14.459220118838108 10.841344560986455 6.5
      vertex 14.6 10.910769515458673 3.99
    endloop
  endfacet
  facet normal -0.5555702330195964 0.8314696123025491 0
    outer loop
      vertex 14.6 10.910769515458673 3.99
      vertex 14.6 10.910769515458673 6.5
      vertex 14.730513714810465 10.997975991650517 3.99
    endloop
  endfacet
  facet normal -0.6593458151000713 0.7518398074789753 0
    outer loop
      vertex 14.730513714810465 10.997975991650517 3.99
      vertex 14.730513714810465 10.997975991650517 6.5
      vertex 14.848528137423857 11.101471862576142 3.99
    endloop
  endfacet
  facet normal -0.7518398074789753 0.6593458151000713 0
    outer loop
      vertex 14.848528137423857 11.101471862576142 3.99
      vertex 14.848528137423857 11.101471862576142 6.5
      vertex 14.952024008349483 11.219486285189534 3.99
    endloop
  endfacet
  facet normal -0.8314696123025491 0.5555702330195964 0
    outer loop
      vertex 14.952024008349483 11.219486285189534 3.99
      vertex 14.952024008349483 11.219486285189534 6.5
      vertex 15.039230484541326 11.35 3.99
    endloop
  endfacet
  facet normal -0.8968727415326867 0.44228869021900463 0
    outer loop
      vertex 15.039230484541326 11.35 3.99
      vertex 15.039230484541326 11.35 6.5
      vertex 15.108655439013544 11.490779881161892 3.99
    endloop
  endfacet
  facet normal -0.9469301294951059 0.3214394653031609 0
    outer loop
      vertex 15.108655439013544 11.490779881161892 3.99
      vertex 15.108655439013544 11.490779881161892 6.5
      vertex 15.159110991546882 11.639417145876974 3.99
    endloop
  endfacet
  facet normal -0.9807852804032303 0.19509032201612933 0
    outer loop
      vertex 15.159110991546882 11.639417145876974 3.99
      vertex 15.159110991546882 11.639417145876974 6.5
      vertex 15.189733833648573 11.793368569335938 3.99
    endloop
  endfacet
  facet normal -0.9978589232386039 0.06540312923013689 0
    outer loop
      vertex 15.189733833648573 11.793368569335938 3.99
      vertex 15.189733833648573 11.793368569335938 6.5
      vertex 15.2 11.95 3.99
    endloop
  endfacet
  facet normal 0.3214394653031609 0.9469301294951059 0
    outer loop
      vertex 13.689417145876975 10.790889008453117 3.99
      vertex 13.540779881161892 10.841344560986455 6.5
      vertex 13.689417145876975 10.790889008453117 6.5
    endloop
  endfacet
  facet normal 0.19509032201612933 0.9807852804032303 0
    outer loop
      vertex 13.843368569335938 10.760266166351427 3.99
      vertex 13.689417145876975 10.790889008453117 6.5
      vertex 13.843368569335938 10.760266166351427 6.5
    endloop
  endfacet
  facet normal 0.06540312923013689 0.9978589232386039 0
    outer loop
      vertex 14 10.75 3.99
      vertex 13.843368569335938 10.760266166351427 6.5
      vertex 14 10.75 6.5
    endloop
  endfacet
  facet normal -0.06540312923013689 0.9978589232386039 0
    outer loop
      vertex 14.156631430664062 10.760266166351427 3.99
      vertex 14 10.75 6.5
      vertex 14.156631430664062 10.760266166351427 6.5
    endloop
  endfacet
  facet normal -0.19509032201612933 0.9807852804032303 0
    outer loop
      vertex 14.310582854123025 10.790889008453117 3.99
      vertex 14.156631430664062 10.760266166351427 6.5
      vertex 14.310582854123025 10.790889008453117 6.5
    endloop
  endfacet
  facet normal -0.3214394653031609 0.9469301294951059 0
    outer loop
      vertex 14.459220118838108 10.841344560986455 3.99
      vertex 14.310582854123025 10.790889008453117 6.5
      vertex 14.459220118838108 10.841344560986455 6.5
    endloop
  endfacet
  facet normal -0.44228869021900463 0.8968727415326867 0
    outer loop
      vertex 14.6 10.910769515458673 3.99
      vertex 14.459220118838108 10.841344560986455 6.5
      vertex 14.6 10.910769515458673 6.5
    endloop
  endfacet
  facet normal -0.5555702330195964 0.8314696123025491 0
    outer loop
      vertex 14.730513714810465 10.997975991650517 3.99
      vertex 14.6 10.910769515458673 6.5
      vertex 14.730513714810465 10.997975991650517 6.5
    endloop
  endfacet
  facet normal -0.6593458151000713 0.7518398074789753 0
    outer loop
      vertex 14.848528137423857 11.101471862576142 3.99
      vertex 14.730513714810465 10.997975991650517 6.5
      vertex 14.848528137423857 11.101471862576142 6.5
    endloop
  endfacet
  facet normal -0.7518398074789753 0.6593458151000713 0
    outer loop
      vertex 14.952024008349483 11.219486285189534 3.99
      vertex 14.848528137423857 11.101471862576142 6.5
      vertex 14.952024008349483 11.219486285189534 6.5
    endloop
  endfacet
  facet normal -0.8314696123025491 0.5555702330195964 0
    outer loop
      vertex 15.039230484541326 11.35 3.99
      vertex 14.952024008349483 11.219486285189534 6.5
      vertex 15.039230484541326 11.35 6.5
    endloop
  endfacet
  facet normal -0.8968727415326867 0.44228869021900463 0
    outer loop
      vertex 15.108655439013544 11.490779881161892 3.99
      vertex 15.039230484541326 11.35 6.5
      vertex 15.108655439013544 11.490779881161892 6.5
    endloop
  endfacet
  facet normal -0.9469301294951059 0.3214394653031609 0
    outer loop
      vertex 15.159110991546882 11.639417145876974 3.99
      vertex 15.108655439013544 11.490779881161892 6.5
      vertex 15.159110991546882 11.639417145876974 6.5
    endloop
  endfacet
  facet normal -0.9807852804032303 0.19509032201612933 0
    outer loop
      vertex 15.189733833648573 11.793368569335938 3.99
      vertex 15.159110991546882 11.639417145876974 6.5
      vertex 15.189733833648573 11.793368569335938 6.5
    endloop
  endfacet
  facet normal -0.9978589232386039 0.06540312923013689 1.6605772923519565e-19
    outer loop
      vertex 15.189733833648573 11.793368569335938 6.5
      vertex 15.2 11.95 6.5
      vertex 15.2 11.95 3.99
    endloop
  endfacet
  facet normal 0.9978589232386039 -0.06540312923013689 1.6605772923519565e-19
    outer loop
      vertex 12.8 11.95 3.99
      vertex 12.810266166351427 12.106631430664061 3.99
      vertex 12.810266166351427 12.106631430664061 6.5
    endloop
  endfacet
  facet normal 0.9807852804032303 -0.19509032201612933 9.116207495684778e-19
    outer loop
      vertex 12.810266166351427 12.106631430664061 3.99
      vertex 12.840889008453118 12.260582854123024 3.99
      vertex 12.840889008453118 12.260582854123024 6.5
    endloop
  endfacet
  facet normal 0.9469301294951059 -0.3214394653031609 9.39932133618831e-19
    outer loop
      vertex 12.840889008453118 12.260582854123024 3.99
      vertex 12.891344560986456 12.409220118838107 3.99
      vertex 12.891344560986456 12.409220118838107 6.5
    endloop
  endfacet
  facet normal 0.8968727415326867 -0.44228869021900463 5.798453194167209e-19
    outer loop
      vertex 12.891344560986456 12.409220118838107 3.99
      vertex 12.960769515458674 12.549999999999999 3.99
      vertex 12.960769515458674 12.549999999999999 6.5
    endloop
  endfacet
  facet normal 0.8314696123025491 -0.5555702330195964 -1.6942713124301268e-18
    outer loop
      vertex 12.960769515458674 12.549999999999999 3.99
      vertex 13.047975991650517 12.680513714810465 3.99
      vertex 13.047975991650517 12.680513714810465 6.5
    endloop
  endfacet
  facet normal 0.7518398074789753 -0.6593458151000713 -2.135567011625152e-18
    outer loop
      vertex 13.047975991650517 12.680513714810465 3.99
      vertex 13.151471862576143 12.798528137423856 3.99
      vertex 13.151471862576143 12.798528137423856 6.5
    endloop
  endfacet
  facet normal 0.6593458151000713 -0.7518398074789753 -2.135567011625152e-18
    outer loop
      vertex 13.151471862576143 12.798528137423856 3.99
      vertex 13.269486285189535 12.902024008349482 3.99
      vertex 13.269486285189535 12.902024008349482 6.5
    endloop
  endfacet
  facet normal 0.5555702330195964 -0.8314696123025491 -1.6942713124301268e-18
    outer loop
      vertex 13.269486285189535 12.902024008349482 3.99
      vertex 13.4 12.989230484541325 3.99
      vertex 13.4 12.989230484541325 6.5
    endloop
  endfacet
  facet normal 0.44228869021900463 -0.8968727415326867 5.798453194167209e-19
    outer loop
      vertex 13.4 12.989230484541325 3.99
      vertex 13.540779881161892 13.058655439013544 3.99
      vertex 13.540779881161892 13.058655439013544 6.5
    endloop
  endfacet
  facet normal 0.9978589232386039 -0.06540312923013689 0
    outer loop
      vertex 12.8 11.95 3.99
      vertex 12.810266166351427 12.106631430664061 6.5
      vertex 12.8 11.95 6.5
    endloop
  endfacet
  facet normal 0.9807852804032303 -0.19509032201612933 0
    outer loop
      vertex 12.810266166351427 12.106631430664061 3.99
      vertex 12.840889008453118 12.260582854123024 6.5
      vertex 12.810266166351427 12.106631430664061 6.5
    endloop
  endfacet
  facet normal 0.9469301294951059 -0.3214394653031609 0
    outer loop
      vertex 12.840889008453118 12.260582854123024 3.99
      vertex 12.891344560986456 12.409220118838107 6.5
      vertex 12.840889008453118 12.260582854123024 6.5
    endloop
  endfacet
  facet normal 0.8968727415326867 -0.44228869021900463 0
    outer loop
      vertex 12.891344560986456 12.409220118838107 3.99
      vertex 12.960769515458674 12.549999999999999 6.5
      vertex 12.891344560986456 12.409220118838107 6.5
    endloop
  endfacet
  facet normal 0.8314696123025491 -0.5555702330195964 0
    outer loop
      vertex 12.960769515458674 12.549999999999999 3.99
      vertex 13.047975991650517 12.680513714810465 6.5
      vertex 12.960769515458674 12.549999999999999 6.5
    endloop
  endfacet
  facet normal 0.7518398074789753 -0.6593458151000713 0
    outer loop
      vertex 13.047975991650517 12.680513714810465 3.99
      vertex 13.151471862576143 12.798528137423856 6.5
      vertex 13.047975991650517 12.680513714810465 6.5
    endloop
  endfacet
  facet normal 0.6593458151000713 -0.7518398074789753 0
    outer loop
      vertex 13.151471862576143 12.798528137423856 3.99
      vertex 13.269486285189535 12.902024008349482 6.5
      vertex 13.151471862576143 12.798528137423856 6.5
    endloop
  endfacet
  facet normal 0.5555702330195964 -0.8314696123025491 0
    outer loop
      vertex 13.269486285189535 12.902024008349482 3.99
      vertex 13.4 12.989230484541325 6.5
      vertex 13.269486285189535 12.902024008349482 6.5
    endloop
  endfacet
  facet normal 0.44228869021900463 -0.8968727415326867 0
    outer loop
      vertex 13.4 12.989230484541325 3.99
      vertex 13.540779881161892 13.058655439013544 6.5
      vertex 13.4 12.989230484541325 6.5
    endloop
  endfacet
  facet normal 0.3214394653031609 -0.9469301294951059 9.39932133618831e-19
    outer loop
      vertex 13.540779881161892 13.058655439013544 3.99
      vertex 13.689417145876975 13.109110991546881 3.99
      vertex 13.689417145876975 13.109110991546881 6.5
    endloop
  endfacet
  facet normal 0.19509032201612933 -0.9807852804032303 9.116207495684778e-19
    outer loop
      vertex 13.689417145876975 13.109110991546881 3.99
      vertex 13.843368569335938 13.139733833648572 3.99
      vertex 13.843368569335938 13.139733833648572 6.5
    endloop
  endfacet
  facet normal 0.06540312923013689 -0.9978589232386039 1.6605772923519565e-19
    outer loop
      vertex 13.843368569335938 13.139733833648572 3.99
      vertex 14 13.149999999999999 3.99
      vertex 14 13.149999999999999 6.5
    endloop
  endfacet
  facet normal -0.19509032201612933 -0.9807852804032303 0
    outer loop
      vertex 14.310582854123025 13.109110991546881 3.99
      vertex 14.310582854123025 13.109110991546881 6.5
      vertex 14.156631430664062 13.139733833648572 3.99
    endloop
  endfacet
  facet normal -0.06540312923013689 -0.9978589232386039 -1.6605772923519565e-19
    outer loop
      vertex 14 13.149999999999999 3.99
      vertex 14.156631430664062 13.139733833648572 3.99
      vertex 14.156631430664062 13.139733833648572 6.5
    endloop
  endfacet
  facet normal -0.3214394653031609 -0.9469301294951059 -9.39932133618831e-19
    outer loop
      vertex 14.310582854123025 13.109110991546881 3.99
      vertex 14.459220118838108 13.058655439013544 3.99
      vertex 14.459220118838108 13.058655439013544 6.5
    endloop
  endfacet
  facet normal -0.44228869021900463 -0.8968727415326867 -5.798453194167209e-19
    outer loop
      vertex 14.459220118838108 13.058655439013544 3.99
      vertex 14.6 12.989230484541325 3.99
      vertex 14.6 12.989230484541325 6.5
    endloop
  endfacet
  facet normal -0.9807852804032303 -0.19509032201612933 -9.116207495684778e-19
    outer loop
      vertex 15.159110991546882 12.260582854123024 3.99
      vertex 15.189733833648573 12.106631430664061 3.99
      vertex 15.189733833648573 12.106631430664061 6.5
    endloop
  endfacet
  facet normal -0.9469301294951059 -0.3214394653031609 0
    outer loop
      vertex 15.159110991546882 12.260582854123024 3.99
      vertex 15.159110991546882 12.260582854123024 6.5
      vertex 15.108655439013544 12.409220118838107 3.99
    endloop
  endfacet
  facet normal -0.6593458151000713 -0.7518398074789753 0
    outer loop
      vertex 14.848528137423857 12.798528137423856 3.99
      vertex 14.848528137423857 12.798528137423856 6.5
      vertex 14.730513714810465 12.902024008349482 3.99
    endloop
  endfacet
  facet normal -0.8314696123025491 -0.5555702330195964 0
    outer loop
      vertex 15.039230484541326 12.549999999999999 3.99
      vertex 15.039230484541326 12.549999999999999 6.5
      vertex 14.952024008349483 12.680513714810465 3.99
    endloop
  endfacet
  facet normal -0.8968727415326867 -0.44228869021900463 0
    outer loop
      vertex 15.108655439013544 12.409220118838107 3.99
      vertex 15.108655439013544 12.409220118838107 6.5
      vertex 15.039230484541326 12.549999999999999 3.99
    endloop
  endfacet
  facet normal -0.7518398074789753 -0.6593458151000713 2.135567011625152e-18
    outer loop
      vertex 14.848528137423857 12.798528137423856 3.99
      vertex 14.952024008349483 12.680513714810465 3.99
      vertex 14.952024008349483 12.680513714810465 6.5
    endloop
  endfacet
  facet normal -0.9978589232386039 -0.06540312923013689 0
    outer loop
      vertex 15.2 11.95 3.99
      vertex 15.2 11.95 6.5
      vertex 15.189733833648573 12.106631430664061 3.99
    endloop
  endfacet
  facet normal -0.5555702330195964 -0.8314696123025491 1.6942713124301268e-18
    outer loop
      vertex 14.6 12.989230484541325 3.99
      vertex 14.730513714810465 12.902024008349482 3.99
      vertex 14.730513714810465 12.902024008349482 6.5
    endloop
  endfacet
  facet normal 0.3214394653031609 -0.9469301294951059 0
    outer loop
      vertex 13.540779881161892 13.058655439013544 3.99
      vertex 13.689417145876975 13.109110991546881 6.5
      vertex 13.540779881161892 13.058655439013544 6.5
    endloop
  endfacet
  facet normal 0.19509032201612933 -0.9807852804032303 0
    outer loop
      vertex 13.689417145876975 13.109110991546881 3.99
      vertex 13.843368569335938 13.139733833648572 6.5
      vertex 13.689417145876975 13.109110991546881 6.5
    endloop
  endfacet
  facet normal 0.06540312923013689 -0.9978589232386039 0
    outer loop
      vertex 13.843368569335938 13.139733833648572 3.99
      vertex 14 13.149999999999999 6.5
      vertex 13.843368569335938 13.139733833648572 6.5
    endloop
  endfacet
  facet normal -0.06540312923013689 -0.9978589232386039 0
    outer loop
      vertex 14 13.149999999999999 3.99
      vertex 14.156631430664062 13.139733833648572 6.5
      vertex 14 13.149999999999999 6.5
    endloop
  endfacet
  facet normal -0.19509032201612933 -0.9807852804032303 0
    outer loop
      vertex 14.156631430664062 13.139733833648572 3.99
      vertex 14.310582854123025 13.109110991546881 6.5
      vertex 14.156631430664062 13.139733833648572 6.5
    endloop
  endfacet
  facet normal -0.3214394653031609 -0.9469301294951059 0
    outer loop
      vertex 14.310582854123025 13.109110991546881 3.99
      vertex 14.459220118838108 13.058655439013544 6.5
      vertex 14.310582854123025 13.109110991546881 6.5
    endloop
  endfacet
  facet normal -0.44228869021900463 -0.8968727415326867 0
    outer loop
      vertex 14.459220118838108 13.058655439013544 3.99
      vertex 14.6 12.989230484541325 6.5
      vertex 14.459220118838108 13.058655439013544 6.5
    endloop
  endfacet
  facet normal -0.9807852804032303 -0.19509032201612933 0
    outer loop
      vertex 15.159110991546882 12.260582854123024 3.99
      vertex 15.189733833648573 12.106631430664061 6.5
      vertex 15.159110991546882 12.260582854123024 6.5
    endloop
  endfacet
  facet normal -0.9469301294951059 -0.3214394653031609 0
    outer loop
      vertex 15.108655439013544 12.409220118838107 3.99
      vertex 15.159110991546882 12.260582854123024 6.5
      vertex 15.108655439013544 12.409220118838107 6.5
    endloop
  endfacet
  facet normal -0.7518398074789753 -0.6593458151000713 0
    outer loop
      vertex 14.848528137423857 12.798528137423856 3.99
      vertex 14.952024008349483 12.680513714810465 6.5
      vertex 14.848528137423857 12.798528137423856 6.5
    endloop
  endfacet
  facet normal -0.6593458151000713 -0.7518398074789753 0
    outer loop
      vertex 14.730513714810465 12.902024008349482 3.99
      vertex 14.848528137423857 12.798528137423856 6.5
      vertex 14.730513714810465 12.902024008349482 6.5
    endloop
  endfacet
  facet normal -0.8314696123025491 -0.5555702330195964 0
    outer loop
      vertex 14.952024008349483 12.680513714810465 3.99
      vertex 15.039230484541326 12.549999999999999 6.5
      vertex 14.952024008349483 12.680513714810465 6.5
    endloop
  endfacet
  facet normal -0.8968727415326867 -0.44228869021900463 0
    outer loop
      vertex 15.039230484541326 12.549999999999999 3.99
      vertex 15.108655439013544 12.409220118838107 6.5
      vertex 15.039230484541326 12.549999999999999 6.5
    endloop
  endfacet
  facet normal -0.9978589232386039 -0.06540312923013689 0
    outer loop
      vertex 15.189733833648573 12.106631430664061 3.99
      vertex 15.2 11.95 6.5
      vertex 15.189733833648573 12.106631430664061 6.5
    endloop
  endfacet
  facet normal -0.5555702330195964 -0.8314696123025491 0
    outer loop
      vertex 14.6 12.989230484541325 3.99
      vertex 14.730513714810465 12.902024008349482 6.5
      vertex 14.6 12.989230484541325 6.5
    endloop
  endfacet
  facet normal 0.6593458520432712 0.7518397750806569 0
    outer loop
      vertex -8.087009146809578 4.865317326784133 0
      vertex -8.165685422718525 4.934314575791358 0
      vertex -8.165685422718525 4.934314575791358 4
    endloop
  endfacet
  facet normal 0.5555702466055247 0.831469603224722 0
    outer loop
      vertex -8.087009146809578 4.865317326784133 0
      vertex -8.087009146809578 4.865317326784133 4
      vertex -8 4.8071796715259545 0
    endloop
  endfacet
  facet normal 0.4422886611100639 0.896872755887627 0
    outer loop
      vertex -7.906146749854088 4.76089637428522 0
      vertex -8 4.8071796715259545 0
      vertex -8 4.8071796715259545 4
    endloop
  endfacet
  facet normal 0.7518397750806569 0.6593458520432712 0
    outer loop
      vertex -8.23468267172575 5.012990851700305 0
      vertex -8.23468267172575 5.012990851700305 4
      vertex -8.165685422718525 4.934314575791358 0
    endloop
  endfacet
  facet normal 0.831469603224722 0.5555702466055247 0
    outer loop
      vertex -8.23468267172575 5.012990851700305 0
      vertex -8.292820326983929 5.099999998509883 0
      vertex -8.292820326983929 5.099999998509883 4
    endloop
  endfacet
  facet normal 0.896872755887627 0.4422886611100639 0
    outer loop
      vertex -8.292820326983929 5.099999998509883 0
      vertex -8.339103624224663 5.193853248655795 0
      vertex -8.339103624224663 5.193853248655795 4
    endloop
  endfacet
  facet normal 0.9469301219381053 0.3214394875653658 0
    outer loop
      vertex -8.339103624224663 5.193853248655795 0
      vertex -8.372740663588047 5.2929447636008256 0
      vertex -8.372740663588047 5.2929447636008256 4
    endloop
  endfacet
  facet normal 0.9807852870903427 0.1950902883977413 0
    outer loop
      vertex -8.372740663588047 5.2929447636008256 0
      vertex -8.393155887722969 5.395579044520854 0
      vertex -8.393155887722969 5.395579044520854 4
    endloop
  endfacet
  facet normal 0.9978589232575188 0.0654031289415513 0
    outer loop
      vertex -8.393155887722969 5.395579044520854 0
      vertex -8.399999998509884 5.499999997019767 0
      vertex -8.399999998509884 5.499999997019767 4
    endloop
  endfacet
  facet normal 0.3214394875653658 0.9469301219381053 0
    outer loop
      vertex -7.906146749854088 4.76089637428522 0
      vertex -7.906146749854088 4.76089637428522 4
      vertex -7.807055234909058 4.727259334921836 0
    endloop
  endfacet
  facet normal 0.1950902883977413 0.9807852870903427 0
    outer loop
      vertex -7.807055234909058 4.727259334921836 0
      vertex -7.807055234909058 4.727259334921836 4
      vertex -7.704420953989029 4.706844110786914 0
    endloop
  endfacet
  facet normal 0.0654031289415513 0.9978589232575188 0
    outer loop
      vertex -7.704420953989029 4.706844110786914 0
      vertex -7.704420953989029 4.706844110786914 4
      vertex -7.600000001490116 4.699999999999999 0
    endloop
  endfacet
  facet normal 0.6593458520432712 0.7518397750806569 0
    outer loop
      vertex -8.087009146809578 4.865317326784133 0
      vertex -8.165685422718525 4.934314575791358 4
      vertex -8.087009146809578 4.865317326784133 4
    endloop
  endfacet
  facet normal 0.5555702466055247 0.831469603224722 0
    outer loop
      vertex -8 4.8071796715259545 0
      vertex -8.087009146809578 4.865317326784133 4
      vertex -8 4.8071796715259545 4
    endloop
  endfacet
  facet normal 0.4422886611100639 0.896872755887627 0
    outer loop
      vertex -7.906146749854088 4.76089637428522 0
      vertex -8 4.8071796715259545 4
      vertex -7.906146749854088 4.76089637428522 4
    endloop
  endfacet
  facet normal 0.896872755887627 0.4422886611100639 0
    outer loop
      vertex -8.292820326983929 5.099999998509883 0
      vertex -8.339103624224663 5.193853248655795 4
      vertex -8.292820326983929 5.099999998509883 4
    endloop
  endfacet
  facet normal 0.7518397750806569 0.6593458520432712 0
    outer loop
      vertex -8.165685422718525 4.934314575791358 0
      vertex -8.23468267172575 5.012990851700305 4
      vertex -8.165685422718525 4.934314575791358 4
    endloop
  endfacet
  facet normal 0.831469603224722 0.5555702466055247 0
    outer loop
      vertex -8.23468267172575 5.012990851700305 0
      vertex -8.292820326983929 5.099999998509883 4
      vertex -8.23468267172575 5.012990851700305 4
    endloop
  endfacet
  facet normal 0.9469301219381053 0.3214394875653658 0
    outer loop
      vertex -8.339103624224663 5.193853248655795 0
      vertex -8.372740663588047 5.2929447636008256 4
      vertex -8.339103624224663 5.193853248655795 4
    endloop
  endfacet
  facet normal 0.9807852870903427 0.1950902883977413 0
    outer loop
      vertex -8.372740663588047 5.2929447636008256 0
      vertex -8.393155887722969 5.395579044520854 4
      vertex -8.372740663588047 5.2929447636008256 4
    endloop
  endfacet
  facet normal 0.9978589232575188 0.0654031289415513 0
    outer loop
      vertex -8.393155887722969 5.395579044520854 0
      vertex -8.399999998509884 5.499999997019767 4
      vertex -8.393155887722969 5.395579044520854 4
    endloop
  endfacet
  facet normal 0.3214394875653658 0.9469301219381053 0
    outer loop
      vertex -7.807055234909058 4.727259334921836 0
      vertex -7.906146749854088 4.76089637428522 4
      vertex -7.807055234909058 4.727259334921836 4
    endloop
  endfacet
  facet normal 0.1950902883977413 0.9807852870903427 0
    outer loop
      vertex -7.704420953989029 4.706844110786914 0
      vertex -7.807055234909058 4.727259334921836 4
      vertex -7.704420953989029 4.706844110786914 4
    endloop
  endfacet
  facet normal 0.0654031289415513 0.9978589232575188 0
    outer loop
      vertex -7.600000001490116 4.699999999999999 0
      vertex -7.704420953989029 4.706844110786914 4
      vertex -7.600000001490116 4.699999999999999 4
    endloop
  endfacet
  facet normal 1 0 0
    outer loop
      vertex -8.399999998509884 5.499999997019767 0
      vertex -8.399999998509884 18.40000000298023 4
      vertex -8.399999998509884 5.499999997019767 4
    endloop
  endfacet
  facet normal 0 1 0
    outer loop
      vertex -7.600000001490116 4.699999999999999 0
      vertex -7.600000001490116 4.699999999999999 4
      vertex 7.600000001490116 4.699999999999999 0
    endloop
  endfacet
  facet normal 1 0 0
    outer loop
      vertex -8.399999998509884 5.499999997019767 0
      vertex -8.399999998509884 18.40000000298023 0
      vertex -8.399999998509884 18.40000000298023 4
    endloop
  endfacet
  facet normal 0.9978589232575188 -0.0654031289415513 0
    outer loop
      vertex -8.399999998509884 18.40000000298023 0
      vertex -8.393155887722969 18.504420955479144 0
      vertex -8.393155887722969 18.504420955479144 4
    endloop
  endfacet
  facet normal 0.9807852870903427 -0.1950902883977413 0
    outer loop
      vertex -8.393155887722969 18.504420955479144 0
      vertex -8.372740663588047 18.607055236399173 0
      vertex -8.372740663588047 18.607055236399173 4
    endloop
  endfacet
  facet normal 0.9469301219381053 -0.3214394875653658 0
    outer loop
      vertex -8.372740663588047 18.607055236399173 0
      vertex -8.339103624224663 18.706146751344203 0
      vertex -8.339103624224663 18.706146751344203 4
    endloop
  endfacet
  facet normal 0.896872755887627 -0.4422886611100639 0
    outer loop
      vertex -8.339103624224663 18.706146751344203 0
      vertex -8.292820326983929 18.800000001490115 0
      vertex -8.292820326983929 18.800000001490115 4
    endloop
  endfacet
  facet normal 0.831469603224722 -0.5555702466055247 0
    outer loop
      vertex -8.292820326983929 18.800000001490115 0
      vertex -8.23468267172575 18.887009148299693 0
      vertex -8.23468267172575 18.887009148299693 4
    endloop
  endfacet
  facet normal 0.7518397750806569 -0.6593458520432712 0
    outer loop
      vertex -8.23468267172575 18.887009148299693 0
      vertex -8.165685422718525 18.96568542420864 0
      vertex -8.165685422718525 18.96568542420864 4
    endloop
  endfacet
  facet normal 0.6593458520432712 -0.7518397750806569 0
    outer loop
      vertex -8.165685422718525 18.96568542420864 0
      vertex -8.087009146809578 19.034682673215865 0
      vertex -8.087009146809578 19.034682673215865 4
    endloop
  endfacet
  facet normal 0.5555702466055247 -0.831469603224722 0
    outer loop
      vertex -8.087009146809578 19.034682673215865 0
      vertex -8 19.092820328474044 0
      vertex -8 19.092820328474044 4
    endloop
  endfacet
  facet normal 0.4422886611100639 -0.896872755887627 0
    outer loop
      vertex -8 19.092820328474044 0
      vertex -7.906146749854088 19.139103625714778 0
      vertex -7.906146749854088 19.139103625714778 4
    endloop
  endfacet
  facet normal 0.3214394875653658 -0.9469301219381053 0
    outer loop
      vertex -7.906146749854088 19.139103625714778 0
      vertex -7.807055234909058 19.172740665078162 0
      vertex -7.807055234909058 19.172740665078162 4
    endloop
  endfacet
  facet normal 0.1950902883977413 -0.9807852870903427 0
    outer loop
      vertex -7.807055234909058 19.172740665078162 0
      vertex -7.704420953989029 19.193155889213084 0
      vertex -7.704420953989029 19.193155889213084 4
    endloop
  endfacet
  facet normal 0.0654031289415513 -0.9978589232575188 0
    outer loop
      vertex -7.704420953989029 19.193155889213084 0
      vertex -7.600000001490116 19.2 0
      vertex -7.600000001490116 19.2 4
    endloop
  endfacet
  facet normal 0.9978589232575188 -0.0654031289415513 0
    outer loop
      vertex -8.399999998509884 18.40000000298023 0
      vertex -8.393155887722969 18.504420955479144 4
      vertex -8.399999998509884 18.40000000298023 4
    endloop
  endfacet
  facet normal 0.9807852870903427 -0.1950902883977413 0
    outer loop
      vertex -8.393155887722969 18.504420955479144 0
      vertex -8.372740663588047 18.607055236399173 4
      vertex -8.393155887722969 18.504420955479144 4
    endloop
  endfacet
  facet normal 0.9469301219381053 -0.3214394875653658 0
    outer loop
      vertex -8.372740663588047 18.607055236399173 0
      vertex -8.339103624224663 18.706146751344203 4
      vertex -8.372740663588047 18.607055236399173 4
    endloop
  endfacet
  facet normal 0.896872755887627 -0.4422886611100639 0
    outer loop
      vertex -8.339103624224663 18.706146751344203 0
      vertex -8.292820326983929 18.800000001490115 4
      vertex -8.339103624224663 18.706146751344203 4
    endloop
  endfacet
  facet normal 0.831469603224722 -0.5555702466055247 0
    outer loop
      vertex -8.292820326983929 18.800000001490115 0
      vertex -8.23468267172575 18.887009148299693 4
      vertex -8.292820326983929 18.800000001490115 4
    endloop
  endfacet
  facet normal 0.7518397750806569 -0.6593458520432712 0
    outer loop
      vertex -8.23468267172575 18.887009148299693 0
      vertex -8.165685422718525 18.96568542420864 4
      vertex -8.23468267172575 18.887009148299693 4
    endloop
  endfacet
  facet normal 0.6593458520432712 -0.7518397750806569 0
    outer loop
      vertex -8.165685422718525 18.96568542420864 0
      vertex -8.087009146809578 19.034682673215865 4
      vertex -8.165685422718525 18.96568542420864 4
    endloop
  endfacet
  facet normal 0.5555702466055247 -0.831469603224722 0
    outer loop
      vertex -8.087009146809578 19.034682673215865 0
      vertex -8 19.092820328474044 4
      vertex -8.087009146809578 19.034682673215865 4
    endloop
  endfacet
  facet normal 0.4422886611100639 -0.896872755887627 0
    outer loop
      vertex -8 19.092820328474044 0
      vertex -7.906146749854088 19.139103625714778 4
      vertex -8 19.092820328474044 4
    endloop
  endfacet
  facet normal 0.3214394875653658 -0.9469301219381053 0
    outer loop
      vertex -7.906146749854088 19.139103625714778 0
      vertex -7.807055234909058 19.172740665078162 4
      vertex -7.906146749854088 19.139103625714778 4
    endloop
  endfacet
  facet normal 0.1950902883977413 -0.9807852870903427 0
    outer loop
      vertex -7.807055234909058 19.172740665078162 0
      vertex -7.704420953989029 19.193155889213084 4
      vertex -7.807055234909058 19.172740665078162 4
    endloop
  endfacet
  facet normal 0.0654031289415513 -0.9978589232575188 0
    outer loop
      vertex -7.704420953989029 19.193155889213084 0
      vertex -7.600000001490116 19.2 4
      vertex -7.704420953989029 19.193155889213084 4
    endloop
  endfacet
  facet normal 0 -1 0
    outer loop
      vertex -7.600000001490116 19.2 0
      vertex 7.600000001490116 19.2 4
      vertex -7.600000001490116 19.2 4
    endloop
  endfacet
  facet normal 0 1 0
    outer loop
      vertex -7.600000001490116 4.699999999999999 4
      vertex 7.600000001490116 4.699999999999999 4
      vertex 7.600000001490116 4.699999999999999 0
    endloop
  endfacet
  facet normal -0.0654031289415513 0.9978589232575188 0
    outer loop
      vertex 7.600000001490116 4.699999999999999 0
      vertex 7.600000001490116 4.699999999999999 4
      vertex 7.704420953989029 4.706844110786914 0
    endloop
  endfacet
  facet normal -0.1950902883977413 0.9807852870903427 0
    outer loop
      vertex 7.704420953989029 4.706844110786914 0
      vertex 7.704420953989029 4.706844110786914 4
      vertex 7.807055234909058 4.727259334921836 0
    endloop
  endfacet
  facet normal -0.3214394875653658 0.9469301219381053 0
    outer loop
      vertex 7.807055234909058 4.727259334921836 0
      vertex 7.807055234909058 4.727259334921836 4
      vertex 7.906146749854088 4.76089637428522 0
    endloop
  endfacet
  facet normal -0.4422886611100639 0.896872755887627 0
    outer loop
      vertex 7.906146749854088 4.76089637428522 0
      vertex 7.906146749854088 4.76089637428522 4
      vertex 8 4.8071796715259545 0
    endloop
  endfacet
  facet normal -0.5555702466055247 0.831469603224722 0
    outer loop
      vertex 8 4.8071796715259545 0
      vertex 8 4.8071796715259545 4
      vertex 8.087009146809578 4.865317326784133 0
    endloop
  endfacet
  facet normal -0.6593458520432712 0.7518397750806569 0
    outer loop
      vertex 8.087009146809578 4.865317326784133 0
      vertex 8.087009146809578 4.865317326784133 4
      vertex 8.165685422718525 4.934314575791358 0
    endloop
  endfacet
  facet normal -0.7518397750806569 0.6593458520432712 0
    outer loop
      vertex 8.165685422718525 4.934314575791358 0
      vertex 8.165685422718525 4.934314575791358 4
      vertex 8.23468267172575 5.012990851700305 0
    endloop
  endfacet
  facet normal -0.831469603224722 0.5555702466055247 0
    outer loop
      vertex 8.23468267172575 5.012990851700305 0
      vertex 8.23468267172575 5.012990851700305 4
      vertex 8.292820326983929 5.099999998509883 0
    endloop
  endfacet
  facet normal -0.896872755887627 0.4422886611100639 0
    outer loop
      vertex 8.292820326983929 5.099999998509883 0
      vertex 8.292820326983929 5.099999998509883 4
      vertex 8.339103624224663 5.193853248655795 0
    endloop
  endfacet
  facet normal -0.9469301219381053 0.3214394875653658 0
    outer loop
      vertex 8.339103624224663 5.193853248655795 0
      vertex 8.339103624224663 5.193853248655795 4
      vertex 8.372740663588047 5.2929447636008256 0
    endloop
  endfacet
  facet normal -0.9807852870903427 0.1950902883977413 0
    outer loop
      vertex 8.372740663588047 5.2929447636008256 0
      vertex 8.372740663588047 5.2929447636008256 4
      vertex 8.393155887722969 5.395579044520854 0
    endloop
  endfacet
  facet normal -0.9978589232575188 0.0654031289415513 0
    outer loop
      vertex 8.393155887722969 5.395579044520854 0
      vertex 8.393155887722969 5.395579044520854 4
      vertex 8.399999998509884 5.499999997019767 0
    endloop
  endfacet
  facet normal -0.0654031289415513 0.9978589232575188 0
    outer loop
      vertex 7.704420953989029 4.706844110786914 0
      vertex 7.600000001490116 4.699999999999999 4
      vertex 7.704420953989029 4.706844110786914 4
    endloop
  endfacet
  facet normal -0.1950902883977413 0.9807852870903427 0
    outer loop
      vertex 7.807055234909058 4.727259334921836 0
      vertex 7.704420953989029 4.706844110786914 4
      vertex 7.807055234909058 4.727259334921836 4
    endloop
  endfacet
  facet normal -0.3214394875653658 0.9469301219381053 0
    outer loop
      vertex 7.906146749854088 4.76089637428522 0
      vertex 7.807055234909058 4.727259334921836 4
      vertex 7.906146749854088 4.76089637428522 4
    endloop
  endfacet
  facet normal -0.4422886611100639 0.896872755887627 0
    outer loop
      vertex 8 4.8071796715259545 0
      vertex 7.906146749854088 4.76089637428522 4
      vertex 8 4.8071796715259545 4
    endloop
  endfacet
  facet normal -0.5555702466055247 0.831469603224722 0
    outer loop
      vertex 8.087009146809578 4.865317326784133 0
      vertex 8 4.8071796715259545 4
      vertex 8.087009146809578 4.865317326784133 4
    endloop
  endfacet
  facet normal -0.6593458520432712 0.7518397750806569 0
    outer loop
      vertex 8.165685422718525 4.934314575791358 0
      vertex 8.087009146809578 4.865317326784133 4
      vertex 8.165685422718525 4.934314575791358 4
    endloop
  endfacet
  facet normal -0.7518397750806569 0.6593458520432712 0
    outer loop
      vertex 8.23468267172575 5.012990851700305 0
      vertex 8.165685422718525 4.934314575791358 4
      vertex 8.23468267172575 5.012990851700305 4
    endloop
  endfacet
  facet normal -0.831469603224722 0.5555702466055247 0
    outer loop
      vertex 8.292820326983929 5.099999998509883 0
      vertex 8.23468267172575 5.012990851700305 4
      vertex 8.292820326983929 5.099999998509883 4
    endloop
  endfacet
  facet normal -0.896872755887627 0.4422886611100639 0
    outer loop
      vertex 8.339103624224663 5.193853248655795 0
      vertex 8.292820326983929 5.099999998509883 4
      vertex 8.339103624224663 5.193853248655795 4
    endloop
  endfacet
  facet normal -0.9469301219381053 0.3214394875653658 0
    outer loop
      vertex 8.372740663588047 5.2929447636008256 0
      vertex 8.339103624224663 5.193853248655795 4
      vertex 8.372740663588047 5.2929447636008256 4
    endloop
  endfacet
  facet normal -0.9807852870903427 0.1950902883977413 0
    outer loop
      vertex 8.393155887722969 5.395579044520854 0
      vertex 8.372740663588047 5.2929447636008256 4
      vertex 8.393155887722969 5.395579044520854 4
    endloop
  endfacet
  facet normal -0.9978589232575188 0.0654031289415513 0
    outer loop
      vertex 8.399999998509884 5.499999997019767 0
      vertex 8.393155887722969 5.395579044520854 4
      vertex 8.399999998509884 5.499999997019767 4
    endloop
  endfacet
  facet normal -1 0 0
    outer loop
      vertex 8.399999998509884 5.499999997019767 0
      vertex 8.399999998509884 5.499999997019767 4
      vertex 8.399999998509884 18.40000000298023 0
    endloop
  endfacet
  facet normal 0 -1 0
    outer loop
      vertex -7.600000001490116 19.2 0
      vertex 7.600000001490116 19.2 0
      vertex 7.600000001490116 19.2 4
    endloop
  endfacet
  facet normal -1 0 0
    outer loop
      vertex 8.399999998509884 5.499999997019767 4
      vertex 8.399999998509884 18.40000000298023 4
      vertex 8.399999998509884 18.40000000298023 0
    endloop
  endfacet
  facet normal -0.0654031289415513 -0.9978589232575188 0
    outer loop
      vertex 7.600000001490116 19.2 0
      vertex 7.704420953989029 19.193155889213084 0
      vertex 7.704420953989029 19.193155889213084 4
    endloop
  endfacet
  facet normal -0.1950902883977413 -0.9807852870903427 0
    outer loop
      vertex 7.704420953989029 19.193155889213084 0
      vertex 7.807055234909058 19.172740665078162 0
      vertex 7.807055234909058 19.172740665078162 4
    endloop
  endfacet
  facet normal -0.3214394875653658 -0.9469301219381053 0
    outer loop
      vertex 7.807055234909058 19.172740665078162 0
      vertex 7.906146749854088 19.139103625714778 0
      vertex 7.906146749854088 19.139103625714778 4
    endloop
  endfacet
  facet normal -0.9978589232575188 -0.0654031289415513 0
    outer loop
      vertex 8.399999998509884 18.40000000298023 0
      vertex 8.399999998509884 18.40000000298023 4
      vertex 8.393155887722969 18.504420955479144 0
    endloop
  endfacet
  facet normal -0.9807852870903427 -0.1950902883977413 0
    outer loop
      vertex 8.393155887722969 18.504420955479144 0
      vertex 8.393155887722969 18.504420955479144 4
      vertex 8.372740663588047 18.607055236399173 0
    endloop
  endfacet
  facet normal -0.9469301219381053 -0.3214394875653658 0
    outer loop
      vertex 8.372740663588047 18.607055236399173 0
      vertex 8.372740663588047 18.607055236399173 4
      vertex 8.339103624224663 18.706146751344203 0
    endloop
  endfacet
  facet normal -0.896872755887627 -0.4422886611100639 0
    outer loop
      vertex 8.339103624224663 18.706146751344203 0
      vertex 8.339103624224663 18.706146751344203 4
      vertex 8.292820326983929 18.800000001490115 0
    endloop
  endfacet
  facet normal -0.831469603224722 -0.5555702466055247 0
    outer loop
      vertex 8.292820326983929 18.800000001490115 0
      vertex 8.292820326983929 18.800000001490115 4
      vertex 8.23468267172575 18.887009148299693 0
    endloop
  endfacet
  facet normal -0.7518397750806569 -0.6593458520432712 0
    outer loop
      vertex 8.165685422718525 18.96568542420864 0
      vertex 8.23468267172575 18.887009148299693 0
      vertex 8.23468267172575 18.887009148299693 4
    endloop
  endfacet
  facet normal -0.4422886611100639 -0.896872755887627 0
    outer loop
      vertex 8 19.092820328474044 0
      vertex 8 19.092820328474044 4
      vertex 7.906146749854088 19.139103625714778 0
    endloop
  endfacet
  facet normal -0.5555702466055247 -0.831469603224722 0
    outer loop
      vertex 8 19.092820328474044 0
      vertex 8.087009146809578 19.034682673215865 0
      vertex 8.087009146809578 19.034682673215865 4
    endloop
  endfacet
  facet normal -0.6593458520432712 -0.7518397750806569 0
    outer loop
      vertex 8.165685422718525 18.96568542420864 0
      vertex 8.165685422718525 18.96568542420864 4
      vertex 8.087009146809578 19.034682673215865 0
    endloop
  endfacet
  facet normal -0.0654031289415513 -0.9978589232575188 0
    outer loop
      vertex 7.600000001490116 19.2 0
      vertex 7.704420953989029 19.193155889213084 4
      vertex 7.600000001490116 19.2 4
    endloop
  endfacet
  facet normal -0.1950902883977413 -0.9807852870903427 0
    outer loop
      vertex 7.704420953989029 19.193155889213084 0
      vertex 7.807055234909058 19.172740665078162 4
      vertex 7.704420953989029 19.193155889213084 4
    endloop
  endfacet
  facet normal -0.3214394875653658 -0.9469301219381053 0
    outer loop
      vertex 7.807055234909058 19.172740665078162 0
      vertex 7.906146749854088 19.139103625714778 4
      vertex 7.807055234909058 19.172740665078162 4
    endloop
  endfacet
  facet normal -0.9978589232575188 -0.0654031289415513 0
    outer loop
      vertex 8.393155887722969 18.504420955479144 0
      vertex 8.399999998509884 18.40000000298023 4
      vertex 8.393155887722969 18.504420955479144 4
    endloop
  endfacet
  facet normal -0.9807852870903427 -0.1950902883977413 0
    outer loop
      vertex 8.372740663588047 18.607055236399173 0
      vertex 8.393155887722969 18.504420955479144 4
      vertex 8.372740663588047 18.607055236399173 4
    endloop
  endfacet
  facet normal -0.9469301219381053 -0.3214394875653658 0
    outer loop
      vertex 8.339103624224663 18.706146751344203 0
      vertex 8.372740663588047 18.607055236399173 4
      vertex 8.339103624224663 18.706146751344203 4
    endloop
  endfacet
  facet normal -0.831469603224722 -0.5555702466055247 0
    outer loop
      vertex 8.23468267172575 18.887009148299693 0
      vertex 8.292820326983929 18.800000001490115 4
      vertex 8.23468267172575 18.887009148299693 4
    endloop
  endfacet
  facet normal -0.7518397750806569 -0.6593458520432712 0
    outer loop
      vertex 8.165685422718525 18.96568542420864 0
      vertex 8.23468267172575 18.887009148299693 4
      vertex 8.165685422718525 18.96568542420864 4
    endloop
  endfacet
  facet normal -0.896872755887627 -0.4422886611100639 0
    outer loop
      vertex 8.292820326983929 18.800000001490115 0
      vertex 8.339103624224663 18.706146751344203 4
      vertex 8.292820326983929 18.800000001490115 4
    endloop
  endfacet
  facet normal -0.4422886611100639 -0.896872755887627 0
    outer loop
      vertex 7.906146749854088 19.139103625714778 0
      vertex 8 19.092820328474044 4
      vertex 7.906146749854088 19.139103625714778 4
    endloop
  endfacet
  facet normal -0.5555702466055247 -0.831469603224722 0
    outer loop
      vertex 8 19.092820328474044 0
      vertex 8.087009146809578 19.034682673215865 4
      vertex 8 19.092820328474044 4
    endloop
  endfacet
  facet normal -0.6593458520432712 -0.7518397750806569 0
    outer loop
      vertex 8.087009146809578 19.034682673215865 0
      vertex 8.165685422718525 18.96568542420864 4
      vertex 8.087009146809578 19.034682673215865 4
    endloop
  endfacet
  facet normal -1 0 0
    outer loop
      vertex -15 0 9
      vertex -15 3.5999999999999996 5.49793964216426
      vertex -15 5 4
    endloop
  endfacet
  facet normal -1 0 0
    outer loop
      vertex -15 3.5999999999999996 5.49793964216426
      vertex -15 3.5999999999999996 9.34
      vertex -15 5 4
    endloop
  endfacet
  facet normal 1 0 0
    outer loop
      vertex -13 3.5999999999999996 4
      vertex -13 6 4
      vertex -13 3.5999999999999996 9.34
    endloop
  endfacet
  facet normal -1 0 0
    outer loop
      vertex -15 0 9
      vertex -15 0 9.34
      vertex -15 0.05437100213219615 9.291609808102345
    endloop
  endfacet
  facet normal -1 0 0
    outer loop
      vertex -15 0 9
      vertex -15 0.05437100213219615 9.291609808102345
      vertex -15 3.5999999999999996 5.49793964216426
    endloop
  endfacet
  facet normal 1 0 0
    outer loop
      vertex -13 3.5999999999999996 9.34
      vertex -13 6 4
      vertex -13 3.5999999999999996 14
    endloop
  endfacet
  facet normal -1 0 0
    outer loop
      vertex -15 3.5999999999999996 9.34
      vertex -15 3.5999999999999996 14
      vertex -15 6 14
    endloop
  endfacet
  facet normal -1 0 0
    outer loop
      vertex -15 5 4
      vertex -15 6 14
      vertex -15 6 4
    endloop
  endfacet
  facet normal 0 1 0
    outer loop
      vertex -15 6 4
      vertex -13 6 14
      vertex -13 6 4
    endloop
  endfacet
  facet normal -1 0 0
    outer loop
      vertex -15 3.5999999999999996 9.34
      vertex -15 6 14
      vertex -15 5 4
    endloop
  endfacet
  facet normal 0 1 0
    outer loop
      vertex -15 6 4
      vertex -15 6 14
      vertex -13 6 14
    endloop
  endfacet
  facet normal 1 0 0
    outer loop
      vertex -13 6 4
      vertex -13 6 14
      vertex -13 3.5999999999999996 14
    endloop
  endfacet
  facet normal -1 0 0
    outer loop
      vertex 13 3.5999999999999996 4
      vertex 13 3.5999999999999996 9.34
      vertex 13 6 4
    endloop
  endfacet
  facet normal 1 0 0
    outer loop
      vertex 15 3.5999999999999996 5.4
      vertex 15 5 4
      vertex 15 3.5999999999999996 9.34
    endloop
  endfacet
  facet normal 1 0 0
    outer loop
      vertex 15 3.5999999999999996 9.34
      vertex 15 5 4
      vertex 15 6 4
    endloop
  endfacet
  facet normal 1 0 0
    outer loop
      vertex 15 3.5999999999999996 9.34
      vertex 15 6 4
      vertex 15 3.5999999999999996 14
    endloop
  endfacet
  facet normal -1 0 0
    outer loop
      vertex 13 3.5999999999999996 9.34
      vertex 13 3.5999999999999996 14
      vertex 13 6 14
    endloop
  endfacet
  facet normal -1 0 0
    outer loop
      vertex 13 3.5999999999999996 9.34
      vertex 13 6 14
      vertex 13 6 4
    endloop
  endfacet
  facet normal 0 1 0
    outer loop
      vertex 13 6 4
      vertex 15 6 14
      vertex 15 6 4
    endloop
  endfacet
  facet normal 0 1 0
    outer loop
      vertex 13 6 4
      vertex 13 6 14
      vertex 15 6 14
    endloop
  endfacet
  facet normal 1 0 0
    outer loop
      vertex 15 6 4
      vertex 15 6 14
      vertex 15 3.5999999999999996 14
    endloop
  endfacet
  facet normal -1 0 0
    outer loop
      vertex -15 -2.5 4
      vertex -15 0 9
      vertex -15 0 4
    endloop
  endfacet
  facet normal 0 1 0
    outer loop
      vertex -10.772293491784144 0 5.061792747981941
      vertex -10.16 0 4.9399999999999995
      vertex -10.574110472164033 0 4.99451867793749
    endloop
  endfacet
  facet normal 0 1 0
    outer loop
      vertex -10.574110472164033 0 4.99451867793749
      vertex -10.16 0 4.9399999999999995
      vertex -10.368841907552083 0 4.953688221801904
    endloop
  endfacet
  facet normal 0 1 0
    outer loop
      vertex -10.772293491784144 0 5.061792747981941
      vertex -9.951158092447917 0 4.953688221801904
      vertex -10.16 0 4.9399999999999995
    endloop
  endfacet
  facet normal 0 1 0
    outer loop
      vertex -10.772293491784144 0 5.061792747981941
      vertex -9.745889527835967 0 4.99451867793749
      vertex -9.951158092447917 0 4.953688221801904
    endloop
  endfacet
  facet normal 0 1 0
    outer loop
      vertex -10.772293491784144 0 5.061792747981941
      vertex -9.547706508215857 0 5.061792747981941
      vertex -9.745889527835967 0 4.99451867793749
    endloop
  endfacet
  facet normal 0 1 0
    outer loop
      vertex -10.772293491784144 0 5.061792747981941
      vertex -9.36 0 5.154359353944898
      vertex -9.547706508215857 0 5.061792747981941
    endloop
  endfacet
  facet normal 0 1 0
    outer loop
      vertex -10.772293491784144 0 5.061792747981941
      vertex -9.185981713586047 0 5.270634655534024
      vertex -9.36 0 5.154359353944898
    endloop
  endfacet
  facet normal 0 1 0
    outer loop
      vertex -10.772293491784144 0 5.061792747981941
      vertex -9.028629150101525 0 5.408629150101524
      vertex -9.185981713586047 0 5.270634655534024
    endloop
  endfacet
  facet normal 0 1 0
    outer loop
      vertex -11.545640646055102 0 5.74
      vertex -11.63820725201806 0 5.927706508215857
      vertex -11.545640646055102 0 7.34
    endloop
  endfacet
  facet normal 0 1 0
    outer loop
      vertex -11.705481322062509 0 6.125889527835967
      vertex -11.746311778198097 0 6.331158092447917
      vertex -11.705481322062509 0 6.954110472164033
    endloop
  endfacet
  facet normal 0 1 0
    outer loop
      vertex -11.63820725201806 0 5.927706508215857
      vertex -11.705481322062509 0 6.125889527835967
      vertex -11.545640646055102 0 7.34
    endloop
  endfacet
  facet normal 0 1 0
    outer loop
      vertex -11.746311778198097 0 6.331158092447917
      vertex -11.76 0 6.54
      vertex -11.705481322062509 0 6.954110472164033
    endloop
  endfacet
  facet normal 0 1 0
    outer loop
      vertex -11.76 0 6.54
      vertex -11.746311778198097 0 6.748841907552083
      vertex -11.705481322062509 0 6.954110472164033
    endloop
  endfacet
  facet normal 0 1 0
    outer loop
      vertex -11.705481322062509 0 6.125889527835967
      vertex -11.705481322062509 0 6.954110472164033
      vertex -11.63820725201806 0 7.152293491784143
    endloop
  endfacet
  facet normal 0 1 0
    outer loop
      vertex -11.705481322062509 0 6.125889527835967
      vertex -11.63820725201806 0 7.152293491784143
      vertex -11.545640646055102 0 7.34
    endloop
  endfacet
  facet normal 0 1 0
    outer loop
      vertex -11.545640646055102 0 5.74
      vertex -11.545640646055102 0 7.34
      vertex -11.429365344465976 0 7.514018286413953
    endloop
  endfacet
  facet normal 0 1 0
    outer loop
      vertex -11.545640646055102 0 5.74
      vertex -11.429365344465976 0 7.514018286413953
      vertex -11.291370849898476 0 7.6713708498984765
    endloop
  endfacet
  facet normal 0 1 0
    outer loop
      vertex -10.96 0 5.154359353944898
      vertex -9.547706508215857 0 8.018207252018058
      vertex -10.772293491784144 0 5.061792747981941
    endloop
  endfacet
  facet normal 0 1 0
    outer loop
      vertex -10.772293491784144 0 5.061792747981941
      vertex -8.890634655534024 0 5.565981713586047
      vertex -9.028629150101525 0 5.408629150101524
    endloop
  endfacet
  facet normal 0 1 0
    outer loop
      vertex -10.772293491784144 0 5.061792747981941
      vertex -8.774359353944899 0 5.74
      vertex -8.890634655534024 0 5.565981713586047
    endloop
  endfacet
  facet normal 0 1 0
    outer loop
      vertex -10.772293491784144 0 5.061792747981941
      vertex -8.681792747981941 0 5.927706508215857
      vertex -8.774359353944899 0 5.74
    endloop
  endfacet
  facet normal 0 1 0
    outer loop
      vertex -10.772293491784144 0 5.061792747981941
      vertex -8.614518677937491 0 6.125889527835967
      vertex -8.681792747981941 0 5.927706508215857
    endloop
  endfacet
  facet normal 0 1 0
    outer loop
      vertex -10.772293491784144 0 5.061792747981941
      vertex -8.573688221801904 0 6.331158092447917
      vertex -8.614518677937491 0 6.125889527835967
    endloop
  endfacet
  facet normal 0 1 0
    outer loop
      vertex -10.772293491784144 0 5.061792747981941
      vertex -8.56 0 6.54
      vertex -8.573688221801904 0 6.331158092447917
    endloop
  endfacet
  facet normal 0 1 0
    outer loop
      vertex -10.772293491784144 0 5.061792747981941
      vertex -8.573688221801904 0 6.748841907552083
      vertex -8.56 0 6.54
    endloop
  endfacet
  facet normal 0 1 0
    outer loop
      vertex -11.291370849898476 0 5.408629150101524
      vertex -9.745889527835967 0 8.08548132206251
      vertex -11.134018286413953 0 5.270634655534024
    endloop
  endfacet
  facet normal 0 1 0
    outer loop
      vertex -11.545640646055102 0 5.74
      vertex -10.574110472164033 0 8.08548132206251
      vertex -11.429365344465976 0 5.565981713586047
    endloop
  endfacet
  facet normal 0 1 0
    outer loop
      vertex -11.429365344465976 0 5.565981713586047
      vertex -9.745889527835967 0 8.08548132206251
      vertex -11.291370849898476 0 5.408629150101524
    endloop
  endfacet
  facet normal 0 1 0
    outer loop
      vertex -10.96 0 5.154359353944898
      vertex -11.134018286413953 0 5.270634655534024
      vertex -9.745889527835967 0 8.08548132206251
    endloop
  endfacet
  facet normal 0 1 0
    outer loop
      vertex -10.772293491784144 0 5.061792747981941
      vertex -8.614518677937491 0 6.954110472164033
      vertex -8.573688221801904 0 6.748841907552083
    endloop
  endfacet
  facet normal 0 1 0
    outer loop
      vertex -10.772293491784144 0 5.061792747981941
      vertex -8.681792747981941 0 7.152293491784143
      vertex -8.614518677937491 0 6.954110472164033
    endloop
  endfacet
  facet normal 0 1 0
    outer loop
      vertex -10.772293491784144 0 5.061792747981941
      vertex -8.774359353944899 0 7.34
      vertex -8.681792747981941 0 7.152293491784143
    endloop
  endfacet
  facet normal 0 1 0
    outer loop
      vertex -10.772293491784144 0 5.061792747981941
      vertex -9.028629150101525 0 7.6713708498984765
      vertex -8.890634655534024 0 7.514018286413953
    endloop
  endfacet
  facet normal 0 1 0
    outer loop
      vertex -10.772293491784144 0 5.061792747981941
      vertex -9.185981713586047 0 7.809365344465976
      vertex -9.028629150101525 0 7.6713708498984765
    endloop
  endfacet
  facet normal 0 1 0
    outer loop
      vertex -10.772293491784144 0 5.061792747981941
      vertex -9.36 0 7.925640646055102
      vertex -9.185981713586047 0 7.809365344465976
    endloop
  endfacet
  facet normal 0 1 0
    outer loop
      vertex -10.772293491784144 0 5.061792747981941
      vertex -8.890634655534024 0 7.514018286413953
      vertex -8.774359353944899 0 7.34
    endloop
  endfacet
  facet normal 0 1 0
    outer loop
      vertex -7.8 0 4
      vertex -7.8 0 9.34
      vertex 7.8 0 4
    endloop
  endfacet
  facet normal -1 0 0
    outer loop
      vertex -15 -2.5 4
      vertex -15 -2.1409359870898332 9.34
      vertex -15 0 9
    endloop
  endfacet
  facet normal -1 0 0
    outer loop
      vertex -15 -2.1409359870898332 9.34
      vertex -15 0 9.34
      vertex -15 0 9
    endloop
  endfacet
  facet normal 0 1 0
    outer loop
      vertex -11.545640646055102 0 5.74
      vertex -11.291370849898476 0 7.6713708498984765
      vertex -11.134018286413953 0 7.809365344465976
    endloop
  endfacet
  facet normal 0 1 0
    outer loop
      vertex -11.545640646055102 0 5.74
      vertex -11.134018286413953 0 7.809365344465976
      vertex -10.96 0 7.925640646055102
    endloop
  endfacet
  facet normal 0 1 0
    outer loop
      vertex -11.545640646055102 0 5.74
      vertex -10.96 0 7.925640646055102
      vertex -10.772293491784144 0 8.018207252018058
    endloop
  endfacet
  facet normal 0 1 0
    outer loop
      vertex -11.545640646055102 0 5.74
      vertex -10.772293491784144 0 8.018207252018058
      vertex -10.574110472164033 0 8.08548132206251
    endloop
  endfacet
  facet normal 0 1 0
    outer loop
      vertex -11.429365344465976 0 5.565981713586047
      vertex -10.574110472164033 0 8.08548132206251
      vertex -10.368841907552083 0 8.126311778198097
    endloop
  endfacet
  facet normal 0 1 0
    outer loop
      vertex -11.429365344465976 0 5.565981713586047
      vertex -10.368841907552083 0 8.126311778198097
      vertex -10.16 0 8.14
    endloop
  endfacet
  facet normal 0 1 0
    outer loop
      vertex -11.429365344465976 0 5.565981713586047
      vertex -10.16 0 8.14
      vertex -9.951158092447917 0 8.126311778198097
    endloop
  endfacet
  facet normal 0 1 0
    outer loop
      vertex -11.429365344465976 0 5.565981713586047
      vertex -9.951158092447917 0 8.126311778198097
      vertex -9.745889527835967 0 8.08548132206251
    endloop
  endfacet
  facet normal 0 1 0
    outer loop
      vertex -10.96 0 5.154359353944898
      vertex -9.745889527835967 0 8.08548132206251
      vertex -9.547706508215857 0 8.018207252018058
    endloop
  endfacet
  facet normal 0 1 0
    outer loop
      vertex -10.772293491784144 0 5.061792747981941
      vertex -9.547706508215857 0 8.018207252018058
      vertex -9.36 0 7.925640646055102
    endloop
  endfacet
  facet normal -1 0 0
    outer loop
      vertex -15 -2.1409359870898332 9.34
      vertex -15 -1.8275954814416353 14
      vertex -15 0 9.34
    endloop
  endfacet
  facet normal -1 0 0
    outer loop
      vertex -15 0 9.34
      vertex -15 -1.8275954814416353 14
      vertex -15 0 14
    endloop
  endfacet
  facet normal 0 -1 0
    outer loop
      vertex -15 -2.5 4
      vertex 15 -2.5 9.34
      vertex -15 -2.5 9.34
    endloop
  endfacet
  facet normal 0 -1 0
    outer loop
      vertex 15 -2.5 9.34
      vertex -15 -2.5 14
      vertex -15 -2.5 9.34
    endloop
  endfacet
  facet normal 0 1 0
    outer loop
      vertex -9.6 0 9.34
      vertex 9.6 0 14
      vertex -7.8 0 9.34
    endloop
  endfacet
  facet normal 0 1 0
    outer loop
      vertex -9.6 0 9.34
      vertex -9.6 0 14
      vertex 9.6 0 14
    endloop
  endfacet
  facet normal 0 -1 0
    outer loop
      vertex -15 -2.5 4
      vertex 15 -2.5 4
      vertex 15 -2.5 9.34
    endloop
  endfacet
  facet normal 0 1 0
    outer loop
      vertex 8.614518677937491 0 6.954110472164033
      vertex 9.185981713586047 0 5.270634655534024
      vertex 9.028629150101525 0 5.408629150101524
    endloop
  endfacet
  facet normal 0 1 0
    outer loop
      vertex 8.681792747981941 0 5.927706508215857
      vertex 8.573688221801904 0 6.331158092447917
      vertex 8.774359353944899 0 5.74
    endloop
  endfacet
  facet normal 0 1 0
    outer loop
      vertex 8.890634655534024 0 5.565981713586047
      vertex 8.774359353944899 0 5.74
      vertex 8.56 0 6.54
    endloop
  endfacet
  facet normal 0 1 0
    outer loop
      vertex 8.890634655534024 0 5.565981713586047
      vertex 8.573688221801904 0 6.748841907552083
      vertex 9.028629150101525 0 5.408629150101524
    endloop
  endfacet
  facet normal 0 1 0
    outer loop
      vertex 8.681792747981941 0 5.927706508215857
      vertex 8.614518677937491 0 6.125889527835967
      vertex 8.573688221801904 0 6.331158092447917
    endloop
  endfacet
  facet normal 0 1 0
    outer loop
      vertex 8.774359353944899 0 5.74
      vertex 8.573688221801904 0 6.331158092447917
      vertex 8.56 0 6.54
    endloop
  endfacet
  facet normal 0 1 0
    outer loop
      vertex 8.890634655534024 0 5.565981713586047
      vertex 8.56 0 6.54
      vertex 8.573688221801904 0 6.748841907552083
    endloop
  endfacet
  facet normal 0 1 0
    outer loop
      vertex 8.573688221801904 0 6.748841907552083
      vertex 8.614518677937491 0 6.954110472164033
      vertex 9.028629150101525 0 5.408629150101524
    endloop
  endfacet
  facet normal 0 1 0
    outer loop
      vertex 8.614518677937491 0 6.954110472164033
      vertex 9.745889527835967 0 4.99451867793749
      vertex 9.547706508215857 0 5.061792747981941
    endloop
  endfacet
  facet normal 0 1 0
    outer loop
      vertex 8.614518677937491 0 6.954110472164033
      vertex 9.951158092447917 0 4.953688221801904
      vertex 9.745889527835967 0 4.99451867793749
    endloop
  endfacet
  facet normal 0 1 0
    outer loop
      vertex 8.614518677937491 0 6.954110472164033
      vertex 10.16 0 4.9399999999999995
      vertex 9.951158092447917 0 4.953688221801904
    endloop
  endfacet
  facet normal 0 1 0
    outer loop
      vertex 8.614518677937491 0 6.954110472164033
      vertex 10.368841907552083 0 4.953688221801904
      vertex 10.16 0 4.9399999999999995
    endloop
  endfacet
  facet normal 0 1 0
    outer loop
      vertex 8.614518677937491 0 6.954110472164033
      vertex 10.574110472164033 0 4.99451867793749
      vertex 10.368841907552083 0 4.953688221801904
    endloop
  endfacet
  facet normal 0 1 0
    outer loop
      vertex 8.614518677937491 0 6.954110472164033
      vertex 10.772293491784144 0 5.061792747981941
      vertex 10.574110472164033 0 4.99451867793749
    endloop
  endfacet
  facet normal 0 1 0
    outer loop
      vertex 8.614518677937491 0 6.954110472164033
      vertex 9.36 0 5.154359353944898
      vertex 9.185981713586047 0 5.270634655534024
    endloop
  endfacet
  facet normal 0 1 0
    outer loop
      vertex 8.614518677937491 0 6.954110472164033
      vertex 9.547706508215857 0 5.061792747981941
      vertex 9.36 0 5.154359353944898
    endloop
  endfacet
  facet normal 0 1 0
    outer loop
      vertex 8.614518677937491 0 6.954110472164033
      vertex 10.96 0 5.154359353944898
      vertex 10.772293491784144 0 5.061792747981941
    endloop
  endfacet
  facet normal 0 1 0
    outer loop
      vertex 8.614518677937491 0 6.954110472164033
      vertex 11.134018286413953 0 5.270634655534024
      vertex 10.96 0 5.154359353944898
    endloop
  endfacet
  facet normal 0 1 0
    outer loop
      vertex 8.614518677937491 0 6.954110472164033
      vertex 11.291370849898476 0 5.408629150101524
      vertex 11.134018286413953 0 5.270634655534024
    endloop
  endfacet
  facet normal 0 1 0
    outer loop
      vertex 8.614518677937491 0 6.954110472164033
      vertex 11.429365344465976 0 5.565981713586047
      vertex 11.291370849898476 0 5.408629150101524
    endloop
  endfacet
  facet normal 0 1 0
    outer loop
      vertex 8.614518677937491 0 6.954110472164033
      vertex 11.545640646055102 0 5.74
      vertex 11.429365344465976 0 5.565981713586047
    endloop
  endfacet
  facet normal 0 1 0
    outer loop
      vertex 8.614518677937491 0 6.954110472164033
      vertex 8.681792747981941 0 7.152293491784143
      vertex 11.705481322062509 0 6.125889527835967
    endloop
  endfacet
  facet normal 0 1 0
    outer loop
      vertex 8.681792747981941 0 7.152293491784143
      vertex 8.774359353944899 0 7.34
      vertex 11.705481322062509 0 6.125889527835967
    endloop
  endfacet
  facet normal 0 1 0
    outer loop
      vertex 8.774359353944899 0 7.34
      vertex 8.890634655534024 0 7.514018286413953
      vertex 11.705481322062509 0 6.125889527835967
    endloop
  endfacet
  facet normal 0 1 0
    outer loop
      vertex 8.614518677937491 0 6.954110472164033
      vertex 11.63820725201806 0 5.927706508215857
      vertex 11.545640646055102 0 5.74
    endloop
  endfacet
  facet normal 0 1 0
    outer loop
      vertex 8.614518677937491 0 6.954110472164033
      vertex 11.705481322062509 0 6.125889527835967
      vertex 11.63820725201806 0 5.927706508215857
    endloop
  endfacet
  facet normal 0 1 0
    outer loop
      vertex 10.368841907552083 0 8.126311778198097
      vertex 11.746311778198097 0 6.331158092447917
      vertex 11.705481322062509 0 6.125889527835967
    endloop
  endfacet
  facet normal 0 1 0
    outer loop
      vertex 11.134018286413953 0 7.809365344465976
      vertex 11.76 0 6.54
      vertex 11.746311778198097 0 6.331158092447917
    endloop
  endfacet
  facet normal 0 1 0
    outer loop
      vertex 11.76 0 6.54
      vertex 11.291370849898476 0 7.6713708498984765
      vertex 11.746311778198097 0 6.748841907552083
    endloop
  endfacet
  facet normal 1 0 0
    outer loop
      vertex 15 -2.5 4
      vertex 15 0 4
      vertex 15 0 7.151475409836065
    endloop
  endfacet
  facet normal 1 0 0
    outer loop
      vertex 15 -2.5 4
      vertex 15 0 7.151475409836065
      vertex 15 -2.5 9.34
    endloop
  endfacet
  facet normal 0 1 0
    outer loop
      vertex -7.8 0 9.34
      vertex 7.8 0 9.34
      vertex 7.8 0 4
    endloop
  endfacet
  facet normal 0 1 0
    outer loop
      vertex -7.8 0 9.34
      vertex 9.6 0 14
      vertex 7.8 0 9.34
    endloop
  endfacet
  facet normal 0 -1 0
    outer loop
      vertex 15 -2.5 9.34
      vertex 15 -2.5 14
      vertex -15 -2.5 14
    endloop
  endfacet
  facet normal 0 1 0
    outer loop
      vertex 8.890634655534024 0 7.514018286413953
      vertex 9.028629150101525 0 7.6713708498984765
      vertex 11.705481322062509 0 6.125889527835967
    endloop
  endfacet
  facet normal 0 1 0
    outer loop
      vertex 9.028629150101525 0 7.6713708498984765
      vertex 9.185981713586047 0 7.809365344465976
      vertex 11.705481322062509 0 6.125889527835967
    endloop
  endfacet
  facet normal 0 1 0
    outer loop
      vertex 9.185981713586047 0 7.809365344465976
      vertex 9.36 0 7.925640646055102
      vertex 11.705481322062509 0 6.125889527835967
    endloop
  endfacet
  facet normal 0 1 0
    outer loop
      vertex 9.36 0 7.925640646055102
      vertex 9.547706508215857 0 8.018207252018058
      vertex 11.705481322062509 0 6.125889527835967
    endloop
  endfacet
  facet normal 0 1 0
    outer loop
      vertex 9.547706508215857 0 8.018207252018058
      vertex 9.745889527835967 0 8.08548132206251
      vertex 11.705481322062509 0 6.125889527835967
    endloop
  endfacet
  facet normal 0 1 0
    outer loop
      vertex 10.772293491784144 0 8.018207252018058
      vertex 10.96 0 7.925640646055102
      vertex 11.746311778198097 0 6.331158092447917
    endloop
  endfacet
  facet normal 0 1 0
    outer loop
      vertex 9.745889527835967 0 8.08548132206251
      vertex 9.951158092447917 0 8.126311778198097
      vertex 11.705481322062509 0 6.125889527835967
    endloop
  endfacet
  facet normal 0 1 0
    outer loop
      vertex 9.951158092447917 0 8.126311778198097
      vertex 10.16 0 8.14
      vertex 11.705481322062509 0 6.125889527835967
    endloop
  endfacet
  facet normal 0 1 0
    outer loop
      vertex 10.16 0 8.14
      vertex 10.368841907552083 0 8.126311778198097
      vertex 11.705481322062509 0 6.125889527835967
    endloop
  endfacet
  facet normal 0 1 0
    outer loop
      vertex 10.368841907552083 0 8.126311778198097
      vertex 10.574110472164033 0 8.08548132206251
      vertex 11.746311778198097 0 6.331158092447917
    endloop
  endfacet
  facet normal 0 1 0
    outer loop
      vertex 10.574110472164033 0 8.08548132206251
      vertex 10.772293491784144 0 8.018207252018058
      vertex 11.746311778198097 0 6.331158092447917
    endloop
  endfacet
  facet normal 0 1 0
    outer loop
      vertex 11.746311778198097 0 6.748841907552083
      vertex 11.429365344465976 0 7.514018286413953
      vertex 11.705481322062509 0 6.954110472164033
    endloop
  endfacet
  facet normal 0 1 0
    outer loop
      vertex 11.705481322062509 0 6.954110472164033
      vertex 11.545640646055102 0 7.34
      vertex 11.63820725201806 0 7.152293491784143
    endloop
  endfacet
  facet normal 0 1 0
    outer loop
      vertex 11.746311778198097 0 6.748841907552083
      vertex 11.291370849898476 0 7.6713708498984765
      vertex 11.429365344465976 0 7.514018286413953
    endloop
  endfacet
  facet normal 0 1 0
    outer loop
      vertex 10.96 0 7.925640646055102
      vertex 11.134018286413953 0 7.809365344465976
      vertex 11.746311778198097 0 6.331158092447917
    endloop
  endfacet
  facet normal 0 1 0
    outer loop
      vertex 11.134018286413953 0 7.809365344465976
      vertex 11.291370849898476 0 7.6713708498984765
      vertex 11.76 0 6.54
    endloop
  endfacet
  facet normal 0 1 0
    outer loop
      vertex 11.429365344465976 0 7.514018286413953
      vertex 11.545640646055102 0 7.34
      vertex 11.705481322062509 0 6.954110472164033
    endloop
  endfacet
  facet normal 0 1 0
    outer loop
      vertex 7.8 0 9.34
      vertex 9.6 0 14
      vertex 9.6 0 9.34
    endloop
  endfacet
  facet normal 1 0 0
    outer loop
      vertex 15 0 9.34
      vertex 15 0 14
      vertex 15 -0.30007674936917766 14
    endloop
  endfacet
  facet normal -1 0 0
    outer loop
      vertex -15 -2.5 9.34
      vertex -15 -1.8275954814416353 14
      vertex -15 -2.1409359870898332 9.34
    endloop
  endfacet
  facet normal -1 0 0
    outer loop
      vertex -15 -2.5 9.34
      vertex -15 -2.5 14
      vertex -15 -1.8275954814416353 14
    endloop
  endfacet
  facet normal -1 0 0
    outer loop
      vertex -15 0 9.34
      vertex -15 3.5999999999999996 14
      vertex -15 3.5999999999999996 9.34
    endloop
  endfacet
  facet normal -1 0 0
    outer loop
      vertex -15 0 9.34
      vertex -15 0 14
      vertex -15 3.5999999999999996 14
    endloop
  endfacet
  facet normal 1 0 0
    outer loop
      vertex -9.6 0 9.34
      vertex -9.6 3.5999999999999996 9.34
      vertex -9.6 0 14
    endloop
  endfacet
  facet normal 0 1 0
    outer loop
      vertex -13 3.5999999999999996 9.34
      vertex -9.6 3.5999999999999996 14
      vertex -9.6 3.5999999999999996 9.34
    endloop
  endfacet
  facet normal 0 1 0
    outer loop
      vertex -13 3.5999999999999996 9.34
      vertex -13 3.5999999999999996 14
      vertex -9.6 3.5999999999999996 14
    endloop
  endfacet
  facet normal 1 0 0
    outer loop
      vertex -9.6 3.5999999999999996 9.34
      vertex -9.6 3.5999999999999996 14
      vertex -9.6 0 14
    endloop
  endfacet
  facet normal 1 0 0
    outer loop
      vertex 15 3.369687162891046 5.630312837108954
      vertex 15 3.5999999999999996 5.4
      vertex 15 3.5999999999999996 9.34
    endloop
  endfacet
  facet normal 1 0 0
    outer loop
      vertex 15 3.369687162891046 5.630312837108954
      vertex 15 3.5999999999999996 9.34
      vertex 15 2.8456229735988883 9.34
    endloop
  endfacet
  facet normal -1 0 0
    outer loop
      vertex 9.6 0 9.34
      vertex 9.6 3.5999999999999996 14
      vertex 9.6 3.5999999999999996 9.34
    endloop
  endfacet
  facet normal 0 1 0
    outer loop
      vertex 9.6 3.5999999999999996 9.34
      vertex 13 3.5999999999999996 14
      vertex 13 3.5999999999999996 9.34
    endloop
  endfacet
  facet normal -1 0 0
    outer loop
      vertex 9.6 0 9.34
      vertex 9.6 0 14
      vertex 9.6 3.5999999999999996 14
    endloop
  endfacet
  facet normal 0 1 0
    outer loop
      vertex 9.6 3.5999999999999996 9.34
      vertex 9.6 3.5999999999999996 14
      vertex 13 3.5999999999999996 14
    endloop
  endfacet
  facet normal 1 0 0
    outer loop
      vertex 15 -2.5 9.34
      vertex 15 0 9.34
      vertex 15 -0.30007674936917766 14
    endloop
  endfacet
  facet normal 1 0 0
    outer loop
      vertex 15 -2.5 9.34
      vertex 15 -0.30007674936917766 14
      vertex 15 -2.5 14
    endloop
  endfacet
  facet normal 1 0 0
    outer loop
      vertex 15 0 9.34
      vertex 15 2.8456229735988883 9.34
      vertex 15 0 14
    endloop
  endfacet
  facet normal 1 0 0
    outer loop
      vertex 15 2.8456229735988883 9.34
      vertex 15 3.5999999999999996 9.34
      vertex 15 0 14
    endloop
  endfacet
  facet normal 1 0 0
    outer loop
      vertex 15 3.5999999999999996 9.34
      vertex 15 3.5999999999999996 14
      vertex 15 0 14
    endloop
  endfacet
  facet normal 0 1 0
    outer loop
      vertex -13 3.5999999999999996 4
      vertex -11.134018286413953 3.5999999999999996 5.270634655534024
      vertex -10.96 3.5999999999999996 5.154359353944898
    endloop
  endfacet
  facet normal 0 1 0
    outer loop
      vertex -13 3.5999999999999996 4
      vertex -10.96 3.5999999999999996 5.154359353944898
      vertex -10.772293491784144 3.5999999999999996 5.061792747981941
    endloop
  endfacet
  facet normal 0 1 0
    outer loop
      vertex -13 3.5999999999999996 4
      vertex -10.772293491784144 3.5999999999999996 5.061792747981941
      vertex -10.574110472164033 3.5999999999999996 4.99451867793749
    endloop
  endfacet
  facet normal 0 1 0
    outer loop
      vertex -13 3.5999999999999996 4
      vertex -10.574110472164033 3.5999999999999996 4.99451867793749
      vertex -10.368841907552083 3.5999999999999996 4.953688221801904
    endloop
  endfacet
  facet normal 0 1 0
    outer loop
      vertex -13 3.5999999999999996 4
      vertex -11.429365344465976 3.5999999999999996 5.565981713586047
      vertex -11.291370849898476 3.5999999999999996 5.408629150101524
    endloop
  endfacet
  facet normal 0 1 0
    outer loop
      vertex -13 3.5999999999999996 4
      vertex -11.545640646055102 3.5999999999999996 5.74
      vertex -11.429365344465976 3.5999999999999996 5.565981713586047
    endloop
  endfacet
  facet normal 0 1 0
    outer loop
      vertex -13 3.5999999999999996 4
      vertex -11.63820725201806 3.5999999999999996 5.927706508215857
      vertex -11.545640646055102 3.5999999999999996 5.74
    endloop
  endfacet
  facet normal 0 1 0
    outer loop
      vertex -13 3.5999999999999996 4
      vertex -11.291370849898476 3.5999999999999996 5.408629150101524
      vertex -11.134018286413953 3.5999999999999996 5.270634655534024
    endloop
  endfacet
  facet normal 0 1 0
    outer loop
      vertex -13 3.5999999999999996 4
      vertex -9.951158092447917 3.5999999999999996 4.953688221801904
      vertex -7.8 3.5999999999999996 4
    endloop
  endfacet
  facet normal 0 1 0
    outer loop
      vertex -13 3.5999999999999996 4
      vertex -10.368841907552083 3.5999999999999996 4.953688221801904
      vertex -10.16 3.5999999999999996 4.9399999999999995
    endloop
  endfacet
  facet normal 0 1 0
    outer loop
      vertex -13 3.5999999999999996 4
      vertex -10.16 3.5999999999999996 4.9399999999999995
      vertex -9.951158092447917 3.5999999999999996 4.953688221801904
    endloop
  endfacet
  facet normal 0 1 0
    outer loop
      vertex -9.951158092447917 3.5999999999999996 4.953688221801904
      vertex -9.745889527835967 3.5999999999999996 4.99451867793749
      vertex -7.8 3.5999999999999996 4
    endloop
  endfacet
  facet normal 0 1 0
    outer loop
      vertex -9.745889527835967 3.5999999999999996 4.99451867793749
      vertex -9.547706508215857 3.5999999999999996 5.061792747981941
      vertex -7.8 3.5999999999999996 4
    endloop
  endfacet
  facet normal 0 1 0
    outer loop
      vertex -13 3.5999999999999996 4
      vertex -11.705481322062509 3.5999999999999996 6.125889527835967
      vertex -11.63820725201806 3.5999999999999996 5.927706508215857
    endloop
  endfacet
  facet normal 0 1 0
    outer loop
      vertex -13 3.5999999999999996 4
      vertex -11.746311778198097 3.5999999999999996 6.331158092447917
      vertex -11.705481322062509 3.5999999999999996 6.125889527835967
    endloop
  endfacet
  facet normal 0 1 0
    outer loop
      vertex -13 3.5999999999999996 4
      vertex -11.76 3.5999999999999996 6.54
      vertex -11.746311778198097 3.5999999999999996 6.331158092447917
    endloop
  endfacet
  facet normal 0 1 0
    outer loop
      vertex -13 3.5999999999999996 4
      vertex -13 3.5999999999999996 9.34
      vertex -11.76 3.5999999999999996 6.54
    endloop
  endfacet
  facet normal 0 1 0
    outer loop
      vertex -9.547706508215857 3.5999999999999996 5.061792747981941
      vertex -9.36 3.5999999999999996 5.154359353944898
      vertex -7.8 3.5999999999999996 4
    endloop
  endfacet
  facet normal 0 1 0
    outer loop
      vertex -9.36 3.5999999999999996 5.154359353944898
      vertex -9.185981713586047 3.5999999999999996 5.270634655534024
      vertex -7.8 3.5999999999999996 4
    endloop
  endfacet
  facet normal 0 1 0
    outer loop
      vertex -9.185981713586047 3.5999999999999996 5.270634655534024
      vertex -9.028629150101525 3.5999999999999996 5.408629150101524
      vertex -7.8 3.5999999999999996 4
    endloop
  endfacet
  facet normal 0 1 0
    outer loop
      vertex -9.028629150101525 3.5999999999999996 5.408629150101524
      vertex -8.890634655534024 3.5999999999999996 5.565981713586047
      vertex -7.8 3.5999999999999996 4
    endloop
  endfacet
  facet normal 0 1 0
    outer loop
      vertex -8.890634655534024 3.5999999999999996 5.565981713586047
      vertex -8.774359353944899 3.5999999999999996 5.74
      vertex -7.8 3.5999999999999996 4
    endloop
  endfacet
  facet normal 0 1 0
    outer loop
      vertex -8.774359353944899 3.5999999999999996 5.74
      vertex -8.681792747981941 3.5999999999999996 5.927706508215857
      vertex -7.8 3.5999999999999996 4
    endloop
  endfacet
  facet normal 1 0 0
    outer loop
      vertex -7.8 0 4
      vertex -7.8 3.5999999999999996 4
      vertex -7.8 3.5999999999999996 9.34
    endloop
  endfacet
  facet normal 0 1 0
    outer loop
      vertex -8.681792747981941 3.5999999999999996 5.927706508215857
      vertex -8.614518677937491 3.5999999999999996 6.125889527835967
      vertex -7.8 3.5999999999999996 4
    endloop
  endfacet
  facet normal 0 1 0
    outer loop
      vertex -7.8 3.5999999999999996 4
      vertex -8.614518677937491 3.5999999999999996 6.125889527835967
      vertex -8.573688221801904 3.5999999999999996 6.331158092447917
    endloop
  endfacet
  facet normal 0 1 0
    outer loop
      vertex -7.8 3.5999999999999996 4
      vertex -8.573688221801904 3.5999999999999996 6.331158092447917
      vertex -7.8 3.5999999999999996 9.34
    endloop
  endfacet
  facet normal -1 0 0
    outer loop
      vertex -15 -2.5 4
      vertex -15 -2.5 9.34
      vertex -15 -2.1409359870898332 9.34
    endloop
  endfacet
  facet normal -1 0 0
    outer loop
      vertex -15 0.05437100213219615 9.291609808102345
      vertex -15 3.5999999999999996 9.34
      vertex -15 3.5999999999999996 5.49793964216426
    endloop
  endfacet
  facet normal -1 0 0
    outer loop
      vertex -15 0.05437100213219615 9.291609808102345
      vertex -15 0 9.34
      vertex -15 3.5999999999999996 9.34
    endloop
  endfacet
  facet normal 0 1 0
    outer loop
      vertex -11.76 3.5999999999999996 6.54
      vertex -13 3.5999999999999996 9.34
      vertex -11.746311778198097 3.5999999999999996 6.748841907552083
    endloop
  endfacet
  facet normal 0 1 0
    outer loop
      vertex -11.746311778198097 3.5999999999999996 6.748841907552083
      vertex -13 3.5999999999999996 9.34
      vertex -11.705481322062509 3.5999999999999996 6.954110472164033
    endloop
  endfacet
  facet normal 0 1 0
    outer loop
      vertex -11.705481322062509 3.5999999999999996 6.954110472164033
      vertex -13 3.5999999999999996 9.34
      vertex -11.63820725201806 3.5999999999999996 7.152293491784143
    endloop
  endfacet
  facet normal 0 1 0
    outer loop
      vertex -11.63820725201806 3.5999999999999996 7.152293491784143
      vertex -13 3.5999999999999996 9.34
      vertex -11.545640646055102 3.5999999999999996 7.34
    endloop
  endfacet
  facet normal 0 1 0
    outer loop
      vertex -11.545640646055102 3.5999999999999996 7.34
      vertex -13 3.5999999999999996 9.34
      vertex -11.429365344465976 3.5999999999999996 7.514018286413953
    endloop
  endfacet
  facet normal 0 1 0
    outer loop
      vertex -11.429365344465976 3.5999999999999996 7.514018286413953
      vertex -13 3.5999999999999996 9.34
      vertex -11.291370849898476 3.5999999999999996 7.6713708498984765
    endloop
  endfacet
  facet normal 0 1 0
    outer loop
      vertex -11.291370849898476 3.5999999999999996 7.6713708498984765
      vertex -13 3.5999999999999996 9.34
      vertex -11.134018286413953 3.5999999999999996 7.809365344465976
    endloop
  endfacet
  facet normal 0 1 0
    outer loop
      vertex -13 3.5999999999999996 9.34
      vertex -10.96 3.5999999999999996 7.925640646055102
      vertex -11.134018286413953 3.5999999999999996 7.809365344465976
    endloop
  endfacet
  facet normal 0 1 0
    outer loop
      vertex -13 3.5999999999999996 9.34
      vertex -10.772293491784144 3.5999999999999996 8.018207252018058
      vertex -10.96 3.5999999999999996 7.925640646055102
    endloop
  endfacet
  facet normal 0 1 0
    outer loop
      vertex -13 3.5999999999999996 9.34
      vertex -10.574110472164033 3.5999999999999996 8.08548132206251
      vertex -10.772293491784144 3.5999999999999996 8.018207252018058
    endloop
  endfacet
  facet normal 0 1 0
    outer loop
      vertex -13 3.5999999999999996 9.34
      vertex -10.368841907552083 3.5999999999999996 8.126311778198097
      vertex -10.574110472164033 3.5999999999999996 8.08548132206251
    endloop
  endfacet
  facet normal 0 1 0
    outer loop
      vertex -9.951158092447917 3.5999999999999996 8.126311778198097
      vertex -9.6 3.5999999999999996 9.34
      vertex -9.745889527835967 3.5999999999999996 8.08548132206251
    endloop
  endfacet
  facet normal 0 1 0
    outer loop
      vertex -9.745889527835967 3.5999999999999996 8.08548132206251
      vertex -9.6 3.5999999999999996 9.34
      vertex -9.547706508215857 3.5999999999999996 8.018207252018058
    endloop
  endfacet
  facet normal 0 1 0
    outer loop
      vertex -10.368841907552083 3.5999999999999996 8.126311778198097
      vertex -9.6 3.5999999999999996 9.34
      vertex -10.16 3.5999999999999996 8.14
    endloop
  endfacet
  facet normal 0 1 0
    outer loop
      vertex -10.16 3.5999999999999996 8.14
      vertex -9.6 3.5999999999999996 9.34
      vertex -9.951158092447917 3.5999999999999996 8.126311778198097
    endloop
  endfacet
  facet normal 0 1 0
    outer loop
      vertex -9.36 3.5999999999999996 7.925640646055102
      vertex -9.6 3.5999999999999996 9.34
      vertex -9.185981713586047 3.5999999999999996 7.809365344465976
    endloop
  endfacet
  facet normal 0 1 0
    outer loop
      vertex -9.547706508215857 3.5999999999999996 8.018207252018058
      vertex -9.6 3.5999999999999996 9.34
      vertex -9.36 3.5999999999999996 7.925640646055102
    endloop
  endfacet
  facet normal 0 1 0
    outer loop
      vertex -13 3.5999999999999996 9.34
      vertex -9.6 3.5999999999999996 9.34
      vertex -10.368841907552083 3.5999999999999996 8.126311778198097
    endloop
  endfacet
  facet normal 1 0 0
    outer loop
      vertex -7.8 0 4
      vertex -7.8 3.5999999999999996 9.34
      vertex -7.8 0 9.34
    endloop
  endfacet
  facet normal 0 1 0
    outer loop
      vertex -8.573688221801904 3.5999999999999996 6.331158092447917
      vertex -8.56 3.5999999999999996 6.54
      vertex -7.8 3.5999999999999996 9.34
    endloop
  endfacet
  facet normal 0 1 0
    outer loop
      vertex -8.56 3.5999999999999996 6.54
      vertex -8.573688221801904 3.5999999999999996 6.748841907552083
      vertex -7.8 3.5999999999999996 9.34
    endloop
  endfacet
  facet normal 0 1 0
    outer loop
      vertex -8.573688221801904 3.5999999999999996 6.748841907552083
      vertex -8.614518677937491 3.5999999999999996 6.954110472164033
      vertex -7.8 3.5999999999999996 9.34
    endloop
  endfacet
  facet normal 0 1 0
    outer loop
      vertex -8.614518677937491 3.5999999999999996 6.954110472164033
      vertex -8.681792747981941 3.5999999999999996 7.152293491784143
      vertex -7.8 3.5999999999999996 9.34
    endloop
  endfacet
  facet normal 0 1 0
    outer loop
      vertex -8.890634655534024 3.5999999999999996 7.514018286413953
      vertex -7.8 3.5999999999999996 9.34
      vertex -8.774359353944899 3.5999999999999996 7.34
    endloop
  endfacet
  facet normal 0 1 0
    outer loop
      vertex -9.028629150101525 3.5999999999999996 7.6713708498984765
      vertex -7.8 3.5999999999999996 9.34
      vertex -8.890634655534024 3.5999999999999996 7.514018286413953
    endloop
  endfacet
  facet normal 0 1 0
    outer loop
      vertex -9.185981713586047 3.5999999999999996 7.809365344465976
      vertex -7.8 3.5999999999999996 9.34
      vertex -9.028629150101525 3.5999999999999996 7.6713708498984765
    endloop
  endfacet
  facet normal 0 1 0
    outer loop
      vertex -8.774359353944899 3.5999999999999996 7.34
      vertex -7.8 3.5999999999999996 9.34
      vertex -8.681792747981941 3.5999999999999996 7.152293491784143
    endloop
  endfacet
  facet normal 0 0 1
    outer loop
      vertex -9.6 0 9.34
      vertex -7.8 0 9.34
      vertex -9.6 3.5999999999999996 9.34
    endloop
  endfacet
  facet normal 0 0 1
    outer loop
      vertex -9.6 3.5999999999999996 9.34
      vertex -7.8 0 9.34
      vertex -7.8 3.5999999999999996 9.34
    endloop
  endfacet
  facet normal 0 1 0
    outer loop
      vertex -9.185981713586047 3.5999999999999996 7.809365344465976
      vertex -9.6 3.5999999999999996 9.34
      vertex -7.8 3.5999999999999996 9.34
    endloop
  endfacet
  facet normal 0 1 0
    outer loop
      vertex 7.8 3.5999999999999996 4
      vertex 9.185981713586047 3.5999999999999996 5.270634655534024
      vertex 9.36 3.5999999999999996 5.154359353944898
    endloop
  endfacet
  facet normal 0 1 0
    outer loop
      vertex 7.8 3.5999999999999996 4
      vertex 9.36 3.5999999999999996 5.154359353944898
      vertex 9.547706508215857 3.5999999999999996 5.061792747981941
    endloop
  endfacet
  facet normal 0 1 0
    outer loop
      vertex 7.8 3.5999999999999996 4
      vertex 8.681792747981941 3.5999999999999996 5.927706508215857
      vertex 8.774359353944899 3.5999999999999996 5.74
    endloop
  endfacet
  facet normal 0 1 0
    outer loop
      vertex 7.8 3.5999999999999996 4
      vertex 9.028629150101525 3.5999999999999996 5.408629150101524
      vertex 9.185981713586047 3.5999999999999996 5.270634655534024
    endloop
  endfacet
  facet normal 0 1 0
    outer loop
      vertex 7.8 3.5999999999999996 4
      vertex 8.890634655534024 3.5999999999999996 5.565981713586047
      vertex 9.028629150101525 3.5999999999999996 5.408629150101524
    endloop
  endfacet
  facet normal 0 1 0
    outer loop
      vertex 7.8 3.5999999999999996 4
      vertex 8.774359353944899 3.5999999999999996 5.74
      vertex 8.890634655534024 3.5999999999999996 5.565981713586047
    endloop
  endfacet
  facet normal -1 0 0
    outer loop
      vertex 7.8 0 4
      vertex 7.8 0 9.34
      vertex 7.8 3.5999999999999996 4
    endloop
  endfacet
  facet normal 0 1 0
    outer loop
      vertex 7.8 3.5999999999999996 4
      vertex 8.614518677937491 3.5999999999999996 6.125889527835967
      vertex 8.681792747981941 3.5999999999999996 5.927706508215857
    endloop
  endfacet
  facet normal 0 1 0
    outer loop
      vertex 7.8 3.5999999999999996 4
      vertex 8.573688221801904 3.5999999999999996 6.331158092447917
      vertex 8.614518677937491 3.5999999999999996 6.125889527835967
    endloop
  endfacet
  facet normal 0 1 0
    outer loop
      vertex 7.8 3.5999999999999996 4
      vertex 8.56 3.5999999999999996 6.54
      vertex 8.573688221801904 3.5999999999999996 6.331158092447917
    endloop
  endfacet
  facet normal 0 1 0
    outer loop
      vertex 7.8 3.5999999999999996 4
      vertex 8.573688221801904 3.5999999999999996 6.748841907552083
      vertex 8.56 3.5999999999999996 6.54
    endloop
  endfacet
  facet normal 0 1 0
    outer loop
      vertex 7.8 3.5999999999999996 4
      vertex 8.614518677937491 3.5999999999999996 6.954110472164033
      vertex 8.573688221801904 3.5999999999999996 6.748841907552083
    endloop
  endfacet
  facet normal 0 1 0
    outer loop
      vertex 7.8 3.5999999999999996 4
      vertex 7.8 3.5999999999999996 9.34
      vertex 8.614518677937491 3.5999999999999996 6.954110472164033
    endloop
  endfacet
  facet normal 0 1 0
    outer loop
      vertex 7.8 3.5999999999999996 4
      vertex 9.951158092447917 3.5999999999999996 4.953688221801904
      vertex 13 3.5999999999999996 4
    endloop
  endfacet
  facet normal 0 1 0
    outer loop
      vertex 7.8 3.5999999999999996 4
      vertex 9.547706508215857 3.5999999999999996 5.061792747981941
      vertex 9.745889527835967 3.5999999999999996 4.99451867793749
    endloop
  endfacet
  facet normal 0 1 0
    outer loop
      vertex 7.8 3.5999999999999996 4
      vertex 9.745889527835967 3.5999999999999996 4.99451867793749
      vertex 9.951158092447917 3.5999999999999996 4.953688221801904
    endloop
  endfacet
  facet normal 0 1 0
    outer loop
      vertex 9.951158092447917 3.5999999999999996 4.953688221801904
      vertex 10.16 3.5999999999999996 4.9399999999999995
      vertex 13 3.5999999999999996 4
    endloop
  endfacet
  facet normal 0 1 0
    outer loop
      vertex 10.16 3.5999999999999996 4.9399999999999995
      vertex 10.368841907552083 3.5999999999999996 4.953688221801904
      vertex 13 3.5999999999999996 4
    endloop
  endfacet
  facet normal 0 1 0
    outer loop
      vertex 10.368841907552083 3.5999999999999996 4.953688221801904
      vertex 10.574110472164033 3.5999999999999996 4.99451867793749
      vertex 13 3.5999999999999996 4
    endloop
  endfacet
  facet normal 0 1 0
    outer loop
      vertex 10.574110472164033 3.5999999999999996 4.99451867793749
      vertex 10.772293491784144 3.5999999999999996 5.061792747981941
      vertex 13 3.5999999999999996 4
    endloop
  endfacet
  facet normal 0 1 0
    outer loop
      vertex 10.772293491784144 3.5999999999999996 5.061792747981941
      vertex 10.96 3.5999999999999996 5.154359353944898
      vertex 13 3.5999999999999996 4
    endloop
  endfacet
  facet normal 0 1 0
    outer loop
      vertex 10.96 3.5999999999999996 5.154359353944898
      vertex 11.134018286413953 3.5999999999999996 5.270634655534024
      vertex 13 3.5999999999999996 4
    endloop
  endfacet
  facet normal 0 1 0
    outer loop
      vertex 11.134018286413953 3.5999999999999996 5.270634655534024
      vertex 11.291370849898476 3.5999999999999996 5.408629150101524
      vertex 13 3.5999999999999996 4
    endloop
  endfacet
  facet normal 0 1 0
    outer loop
      vertex 11.291370849898476 3.5999999999999996 5.408629150101524
      vertex 11.429365344465976 3.5999999999999996 5.565981713586047
      vertex 13 3.5999999999999996 4
    endloop
  endfacet
  facet normal 0 1 0
    outer loop
      vertex 11.429365344465976 3.5999999999999996 5.565981713586047
      vertex 11.545640646055102 3.5999999999999996 5.74
      vertex 13 3.5999999999999996 4
    endloop
  endfacet
  facet normal 0 1 0
    outer loop
      vertex 11.545640646055102 3.5999999999999996 5.74
      vertex 11.63820725201806 3.5999999999999996 5.927706508215857
      vertex 13 3.5999999999999996 4
    endloop
  endfacet
  facet normal 0 1 0
    outer loop
      vertex 11.63820725201806 3.5999999999999996 5.927706508215857
      vertex 11.705481322062509 3.5999999999999996 6.125889527835967
      vertex 13 3.5999999999999996 4
    endloop
  endfacet
  facet normal 0 1 0
    outer loop
      vertex 13 3.5999999999999996 4
      vertex 11.705481322062509 3.5999999999999996 6.125889527835967
      vertex 11.746311778198097 3.5999999999999996 6.331158092447917
    endloop
  endfacet
  facet normal 0 1 0
    outer loop
      vertex 13 3.5999999999999996 4
      vertex 11.746311778198097 3.5999999999999996 6.331158092447917
      vertex 11.76 3.5999999999999996 6.54
    endloop
  endfacet
  facet normal 0 1 0
    outer loop
      vertex 13 3.5999999999999996 4
      vertex 11.76 3.5999999999999996 6.54
      vertex 11.746311778198097 3.5999999999999996 6.748841907552083
    endloop
  endfacet
  facet normal 0 1 0
    outer loop
      vertex 13 3.5999999999999996 4
      vertex 11.746311778198097 3.5999999999999996 6.748841907552083
      vertex 13 3.5999999999999996 9.34
    endloop
  endfacet
  facet normal -1 0 0
    outer loop
      vertex 7.8 0 9.34
      vertex 7.8 3.5999999999999996 9.34
      vertex 7.8 3.5999999999999996 4
    endloop
  endfacet
  facet normal 0 1 0
    outer loop
      vertex 8.614518677937491 3.5999999999999996 6.954110472164033
      vertex 7.8 3.5999999999999996 9.34
      vertex 8.681792747981941 3.5999999999999996 7.152293491784143
    endloop
  endfacet
  facet normal 0 1 0
    outer loop
      vertex 8.681792747981941 3.5999999999999996 7.152293491784143
      vertex 7.8 3.5999999999999996 9.34
      vertex 8.774359353944899 3.5999999999999996 7.34
    endloop
  endfacet
  facet normal 0 1 0
    outer loop
      vertex 8.774359353944899 3.5999999999999996 7.34
      vertex 7.8 3.5999999999999996 9.34
      vertex 8.890634655534024 3.5999999999999996 7.514018286413953
    endloop
  endfacet
  facet normal 0 1 0
    outer loop
      vertex 8.890634655534024 3.5999999999999996 7.514018286413953
      vertex 7.8 3.5999999999999996 9.34
      vertex 9.028629150101525 3.5999999999999996 7.6713708498984765
    endloop
  endfacet
  facet normal 0 1 0
    outer loop
      vertex 7.8 3.5999999999999996 9.34
      vertex 9.185981713586047 3.5999999999999996 7.809365344465976
      vertex 9.028629150101525 3.5999999999999996 7.6713708498984765
    endloop
  endfacet
  facet normal 0 1 0
    outer loop
      vertex 7.8 3.5999999999999996 9.34
      vertex 9.36 3.5999999999999996 7.925640646055102
      vertex 9.185981713586047 3.5999999999999996 7.809365344465976
    endloop
  endfacet
  facet normal 0 1 0
    outer loop
      vertex 7.8 3.5999999999999996 9.34
      vertex 9.547706508215857 3.5999999999999996 8.018207252018058
      vertex 9.36 3.5999999999999996 7.925640646055102
    endloop
  endfacet
  facet normal 0 0 1
    outer loop
      vertex 7.8 0 9.34
      vertex 9.6 0 9.34
      vertex 7.8 3.5999999999999996 9.34
    endloop
  endfacet
  facet normal 0 1 0
    outer loop
      vertex 7.8 3.5999999999999996 9.34
      vertex 9.6 3.5999999999999996 9.34
      vertex 9.547706508215857 3.5999999999999996 8.018207252018058
    endloop
  endfacet
  facet normal 0 1 0
    outer loop
      vertex 9.547706508215857 3.5999999999999996 8.018207252018058
      vertex 9.6 3.5999999999999996 9.34
      vertex 9.745889527835967 3.5999999999999996 8.08548132206251
    endloop
  endfacet
  facet normal 0 1 0
    outer loop
      vertex 9.745889527835967 3.5999999999999996 8.08548132206251
      vertex 9.6 3.5999999999999996 9.34
      vertex 9.951158092447917 3.5999999999999996 8.126311778198097
    endloop
  endfacet
  facet normal 0 1 0
    outer loop
      vertex 9.951158092447917 3.5999999999999996 8.126311778198097
      vertex 9.6 3.5999999999999996 9.34
      vertex 10.16 3.5999999999999996 8.14
    endloop
  endfacet
  facet normal 0 1 0
    outer loop
      vertex 10.16 3.5999999999999996 8.14
      vertex 9.6 3.5999999999999996 9.34
      vertex 10.368841907552083 3.5999999999999996 8.126311778198097
    endloop
  endfacet
  facet normal 0 1 0
    outer loop
      vertex 10.368841907552083 3.5999999999999996 8.126311778198097
      vertex 9.6 3.5999999999999996 9.34
      vertex 10.574110472164033 3.5999999999999996 8.08548132206251
    endloop
  endfacet
  facet normal 0 1 0
    outer loop
      vertex 10.574110472164033 3.5999999999999996 8.08548132206251
      vertex 9.6 3.5999999999999996 9.34
      vertex 10.772293491784144 3.5999999999999996 8.018207252018058
    endloop
  endfacet
  facet normal 0 1 0
    outer loop
      vertex 10.96 3.5999999999999996 7.925640646055102
      vertex 9.6 3.5999999999999996 9.34
      vertex 11.134018286413953 3.5999999999999996 7.809365344465976
    endloop
  endfacet
  facet normal 0 1 0
    outer loop
      vertex 10.772293491784144 3.5999999999999996 8.018207252018058
      vertex 9.6 3.5999999999999996 9.34
      vertex 10.96 3.5999999999999996 7.925640646055102
    endloop
  endfacet
  facet normal 0 1 0
    outer loop
      vertex 11.746311778198097 3.5999999999999996 6.748841907552083
      vertex 11.705481322062509 3.5999999999999996 6.954110472164033
      vertex 13 3.5999999999999996 9.34
    endloop
  endfacet
  facet normal 0 1 0
    outer loop
      vertex 11.705481322062509 3.5999999999999996 6.954110472164033
      vertex 11.63820725201806 3.5999999999999996 7.152293491784143
      vertex 13 3.5999999999999996 9.34
    endloop
  endfacet
  facet normal 0 1 0
    outer loop
      vertex 11.134018286413953 3.5999999999999996 7.809365344465976
      vertex 13 3.5999999999999996 9.34
      vertex 11.291370849898476 3.5999999999999996 7.6713708498984765
    endloop
  endfacet
  facet normal 0 1 0
    outer loop
      vertex 11.63820725201806 3.5999999999999996 7.152293491784143
      vertex 11.545640646055102 3.5999999999999996 7.34
      vertex 13 3.5999999999999996 9.34
    endloop
  endfacet
  facet normal 0 1 0
    outer loop
      vertex 11.429365344465976 3.5999999999999996 7.514018286413953
      vertex 13 3.5999999999999996 9.34
      vertex 11.545640646055102 3.5999999999999996 7.34
    endloop
  endfacet
  facet normal 0 1 0
    outer loop
      vertex 11.429365344465976 3.5999999999999996 7.514018286413953
      vertex 11.291370849898476 3.5999999999999996 7.6713708498984765
      vertex 13 3.5999999999999996 9.34
    endloop
  endfacet
  facet normal 0 0 1
    outer loop
      vertex 7.8 3.5999999999999996 9.34
      vertex 9.6 0 9.34
      vertex 9.6 3.5999999999999996 9.34
    endloop
  endfacet
  facet normal 0 1 0
    outer loop
      vertex 11.134018286413953 3.5999999999999996 7.809365344465976
      vertex 9.6 3.5999999999999996 9.34
      vertex 13 3.5999999999999996 9.34
    endloop
  endfacet
  facet normal 1 0 0
    outer loop
      vertex 15 -2.5 9.34
      vertex 15 0 7.151475409836065
      vertex 15 0 9
    endloop
  endfacet
  facet normal 1 0 0
    outer loop
      vertex 15 -2.5 9.34
      vertex 15 0 9
      vertex 15 0 9.34
    endloop
  endfacet
  facet normal 1 0 0
    outer loop
      vertex 15 0 9
      vertex 15 3.369687162891046 5.630312837108954
      vertex 15 2.8456229735988883 9.34
    endloop
  endfacet
  facet normal 1 0 0
    outer loop
      vertex 15 0 9
      vertex 15 2.8456229735988883 9.34
      vertex 15 0 9.34
    endloop
  endfacet
  facet normal 0.5555702330196052 1.8648238026900296e-18 0.8314696123025432
    outer loop
      vertex -10.96 0 5.154359353944898
      vertex -11.134018286413953 3.5999999999999996 5.270634655534024
      vertex -11.134018286413953 0 5.270634655534024
    endloop
  endfacet
  facet normal 0.44228869021899897 0 0.8968727415326895
    outer loop
      vertex -10.96 0 5.154359353944898
      vertex -10.772293491784144 0 5.061792747981941
      vertex -10.96 3.5999999999999996 5.154359353944898
    endloop
  endfacet
  facet normal 0.3214394653031622 0 0.9469301294951055
    outer loop
      vertex -10.772293491784144 0 5.061792747981941
      vertex -10.574110472164033 0 4.99451867793749
      vertex -10.772293491784144 3.5999999999999996 5.061792747981941
    endloop
  endfacet
  facet normal 0.19509032201612572 0 0.980785280403231
    outer loop
      vertex -10.574110472164033 0 4.99451867793749
      vertex -10.368841907552083 0 4.953688221801904
      vertex -10.574110472164033 3.5999999999999996 4.99451867793749
    endloop
  endfacet
  facet normal 0.06540312923014657 0 0.9978589232386033
    outer loop
      vertex -10.368841907552083 0 4.953688221801904
      vertex -10.16 0 4.9399999999999995
      vertex -10.368841907552083 3.5999999999999996 4.953688221801904
    endloop
  endfacet
  facet normal 0.5555702330196052 0 0.8314696123025432
    outer loop
      vertex -10.96 0 5.154359353944898
      vertex -10.96 3.5999999999999996 5.154359353944898
      vertex -11.134018286413953 3.5999999999999996 5.270634655534024
    endloop
  endfacet
  facet normal 0.44228869021899897 0 0.8968727415326895
    outer loop
      vertex -10.772293491784144 0 5.061792747981941
      vertex -10.772293491784144 3.5999999999999996 5.061792747981941
      vertex -10.96 3.5999999999999996 5.154359353944898
    endloop
  endfacet
  facet normal 0.3214394653031622 0 0.9469301294951055
    outer loop
      vertex -10.574110472164033 0 4.99451867793749
      vertex -10.574110472164033 3.5999999999999996 4.99451867793749
      vertex -10.772293491784144 3.5999999999999996 5.061792747981941
    endloop
  endfacet
  facet normal 0.19509032201612572 0 0.980785280403231
    outer loop
      vertex -10.368841907552083 0 4.953688221801904
      vertex -10.368841907552083 3.5999999999999996 4.953688221801904
      vertex -10.574110472164033 3.5999999999999996 4.99451867793749
    endloop
  endfacet
  facet normal 0.06540312923014657 0 0.9978589232386033
    outer loop
      vertex -10.16 0 4.9399999999999995
      vertex -10.16 3.5999999999999996 4.9399999999999995
      vertex -10.368841907552083 3.5999999999999996 4.953688221801904
    endloop
  endfacet
  facet normal -0.06540312923014657 0 0.9978589232386033
    outer loop
      vertex -10.16 0 4.9399999999999995
      vertex -9.951158092447917 0 4.953688221801904
      vertex -10.16 3.5999999999999996 4.9399999999999995
    endloop
  endfacet
  facet normal -0.19509032201612572 0 0.980785280403231
    outer loop
      vertex -9.951158092447917 0 4.953688221801904
      vertex -9.745889527835967 0 4.99451867793749
      vertex -9.951158092447917 3.5999999999999996 4.953688221801904
    endloop
  endfacet
  facet normal -0.3214394653031622 0 0.9469301294951055
    outer loop
      vertex -9.745889527835967 0 4.99451867793749
      vertex -9.547706508215857 0 5.061792747981941
      vertex -9.745889527835967 3.5999999999999996 4.99451867793749
    endloop
  endfacet
  facet normal -0.44228869021899897 0 0.8968727415326895
    outer loop
      vertex -9.547706508215857 0 5.061792747981941
      vertex -9.36 0 5.154359353944898
      vertex -9.547706508215857 3.5999999999999996 5.061792747981941
    endloop
  endfacet
  facet normal -0.5555702330196052 0 0.8314696123025432
    outer loop
      vertex -9.36 0 5.154359353944898
      vertex -9.185981713586047 0 5.270634655534024
      vertex -9.36 3.5999999999999996 5.154359353944898
    endloop
  endfacet
  facet normal -0.06540312923014657 0 0.9978589232386033
    outer loop
      vertex -9.951158092447917 0 4.953688221801904
      vertex -9.951158092447917 3.5999999999999996 4.953688221801904
      vertex -10.16 3.5999999999999996 4.9399999999999995
    endloop
  endfacet
  facet normal -0.19509032201612572 0 0.980785280403231
    outer loop
      vertex -9.745889527835967 0 4.99451867793749
      vertex -9.745889527835967 3.5999999999999996 4.99451867793749
      vertex -9.951158092447917 3.5999999999999996 4.953688221801904
    endloop
  endfacet
  facet normal -0.3214394653031622 0 0.9469301294951055
    outer loop
      vertex -9.547706508215857 0 5.061792747981941
      vertex -9.547706508215857 3.5999999999999996 5.061792747981941
      vertex -9.745889527835967 3.5999999999999996 4.99451867793749
    endloop
  endfacet
  facet normal -0.44228869021899897 0 0.8968727415326895
    outer loop
      vertex -9.36 0 5.154359353944898
      vertex -9.36 3.5999999999999996 5.154359353944898
      vertex -9.547706508215857 3.5999999999999996 5.061792747981941
    endloop
  endfacet
  facet normal -0.5555702330196052 0 0.8314696123025432
    outer loop
      vertex -9.185981713586047 0 5.270634655534024
      vertex -9.185981713586047 3.5999999999999996 5.270634655534024
      vertex -9.36 3.5999999999999996 5.154359353944898
    endloop
  endfacet
  facet normal 0.7518398074789772 0 0.6593458151000692
    outer loop
      vertex -11.429365344465976 0 5.565981713586047
      vertex -11.291370849898476 0 5.408629150101524
      vertex -11.429365344465976 3.5999999999999996 5.565981713586047
    endloop
  endfacet
  facet normal 0.8314696123025465 0 0.5555702330196003
    outer loop
      vertex -11.545640646055102 0 5.74
      vertex -11.429365344465976 0 5.565981713586047
      vertex -11.545640646055102 3.5999999999999996 5.74
    endloop
  endfacet
  facet normal 0.8968727415326868 -1.6089646352474143e-18 0.4422886902190041
    outer loop
      vertex -11.545640646055102 0 5.74
      vertex -11.63820725201806 3.5999999999999996 5.927706508215857
      vertex -11.63820725201806 0 5.927706508215857
    endloop
  endfacet
  facet normal 0.9469301294951068 -9.20287798260541e-19 0.32143946530315837
    outer loop
      vertex -11.63820725201806 0 5.927706508215857
      vertex -11.705481322062509 3.5999999999999996 6.125889527835967
      vertex -11.705481322062509 0 6.125889527835967
    endloop
  endfacet
  facet normal 0.7518398074789772 0 0.6593458151000692
    outer loop
      vertex -11.291370849898476 0 5.408629150101524
      vertex -11.291370849898476 3.5999999999999996 5.408629150101524
      vertex -11.429365344465976 3.5999999999999996 5.565981713586047
    endloop
  endfacet
  facet normal 0.8314696123025465 0 0.5555702330196003
    outer loop
      vertex -11.429365344465976 0 5.565981713586047
      vertex -11.429365344465976 3.5999999999999996 5.565981713586047
      vertex -11.545640646055102 3.5999999999999996 5.74
    endloop
  endfacet
  facet normal 0.8968727415326868 0 0.4422886902190041
    outer loop
      vertex -11.545640646055102 0 5.74
      vertex -11.545640646055102 3.5999999999999996 5.74
      vertex -11.63820725201806 3.5999999999999996 5.927706508215857
    endloop
  endfacet
  facet normal 0.9469301294951068 0 0.32143946530315837
    outer loop
      vertex -11.63820725201806 0 5.927706508215857
      vertex -11.63820725201806 3.5999999999999996 5.927706508215857
      vertex -11.705481322062509 3.5999999999999996 6.125889527835967
    endloop
  endfacet
  facet normal 0.9807852804032301 -7.371694190269633e-19 0.1950903220161298
    outer loop
      vertex -11.705481322062509 0 6.125889527835967
      vertex -11.746311778198097 3.5999999999999996 6.331158092447917
      vertex -11.746311778198097 0 6.331158092447917
    endloop
  endfacet
  facet normal 0.9978589232386036 1.206619897838202e-19 0.06540312923014234
    outer loop
      vertex -11.746311778198097 0 6.331158092447917
      vertex -11.76 3.5999999999999996 6.54
      vertex -11.76 0 6.54
    endloop
  endfacet
  facet normal 0.9978589232386036 -1.206619897838202e-19 -0.06540312923014234
    outer loop
      vertex -11.76 0 6.54
      vertex -11.746311778198097 3.5999999999999996 6.748841907552083
      vertex -11.746311778198097 0 6.748841907552083
    endloop
  endfacet
  facet normal 0.9807852804032301 7.371694190269633e-19 -0.1950903220161298
    outer loop
      vertex -11.746311778198097 0 6.748841907552083
      vertex -11.705481322062509 3.5999999999999996 6.954110472164033
      vertex -11.705481322062509 0 6.954110472164033
    endloop
  endfacet
  facet normal 0.9807852804032301 0 0.1950903220161298
    outer loop
      vertex -11.705481322062509 0 6.125889527835967
      vertex -11.705481322062509 3.5999999999999996 6.125889527835967
      vertex -11.746311778198097 3.5999999999999996 6.331158092447917
    endloop
  endfacet
  facet normal 0.9978589232386036 0 0.06540312923014234
    outer loop
      vertex -11.746311778198097 0 6.331158092447917
      vertex -11.746311778198097 3.5999999999999996 6.331158092447917
      vertex -11.76 3.5999999999999996 6.54
    endloop
  endfacet
  facet normal 0.9978589232386036 0 -0.06540312923014234
    outer loop
      vertex -11.76 0 6.54
      vertex -11.76 3.5999999999999996 6.54
      vertex -11.746311778198097 3.5999999999999996 6.748841907552083
    endloop
  endfacet
  facet normal 0.9807852804032301 0 -0.1950903220161298
    outer loop
      vertex -11.746311778198097 0 6.748841907552083
      vertex -11.746311778198097 3.5999999999999996 6.748841907552083
      vertex -11.705481322062509 3.5999999999999996 6.954110472164033
    endloop
  endfacet
  facet normal 0.6593458151000688 0 0.7518398074789774
    outer loop
      vertex -11.291370849898476 0 5.408629150101524
      vertex -11.134018286413953 0 5.270634655534024
      vertex -11.291370849898476 3.5999999999999996 5.408629150101524
    endloop
  endfacet
  facet normal 0.6593458151000688 0 0.7518398074789774
    outer loop
      vertex -11.134018286413953 0 5.270634655534024
      vertex -11.134018286413953 3.5999999999999996 5.270634655534024
      vertex -11.291370849898476 3.5999999999999996 5.408629150101524
    endloop
  endfacet
  facet normal -0.6593458151000688 0 0.7518398074789774
    outer loop
      vertex -9.185981713586047 0 5.270634655534024
      vertex -9.028629150101525 0 5.408629150101524
      vertex -9.185981713586047 3.5999999999999996 5.270634655534024
    endloop
  endfacet
  facet normal -0.6593458151000688 0 0.7518398074789774
    outer loop
      vertex -9.028629150101525 0 5.408629150101524
      vertex -9.028629150101525 3.5999999999999996 5.408629150101524
      vertex -9.185981713586047 3.5999999999999996 5.270634655534024
    endloop
  endfacet
  facet normal -0.7518398074789772 0 0.6593458151000692
    outer loop
      vertex -9.028629150101525 0 5.408629150101524
      vertex -8.890634655534024 0 5.565981713586047
      vertex -9.028629150101525 3.5999999999999996 5.408629150101524
    endloop
  endfacet
  facet normal -0.8314696123025465 0 0.5555702330196003
    outer loop
      vertex -8.890634655534024 0 5.565981713586047
      vertex -8.774359353944899 0 5.74
      vertex -8.890634655534024 3.5999999999999996 5.565981713586047
    endloop
  endfacet
  facet normal -0.8968727415326868 0 0.4422886902190041
    outer loop
      vertex -8.774359353944899 0 5.74
      vertex -8.681792747981941 0 5.927706508215857
      vertex -8.774359353944899 3.5999999999999996 5.74
    endloop
  endfacet
  facet normal -0.9469301294951068 0 0.32143946530315837
    outer loop
      vertex -8.681792747981941 0 5.927706508215857
      vertex -8.614518677937491 0 6.125889527835967
      vertex -8.681792747981941 3.5999999999999996 5.927706508215857
    endloop
  endfacet
  facet normal -0.7518398074789772 -2.0163351565734326e-18 0.6593458151000692
    outer loop
      vertex -9.028629150101525 3.5999999999999996 5.408629150101524
      vertex -8.890634655534024 0 5.565981713586047
      vertex -8.890634655534024 3.5999999999999996 5.565981713586047
    endloop
  endfacet
  facet normal -0.8314696123025465 0 0.5555702330196003
    outer loop
      vertex -8.774359353944899 0 5.74
      vertex -8.774359353944899 3.5999999999999996 5.74
      vertex -8.890634655534024 3.5999999999999996 5.565981713586047
    endloop
  endfacet
  facet normal -0.8968727415326868 0 0.4422886902190041
    outer loop
      vertex -8.681792747981941 0 5.927706508215857
      vertex -8.681792747981941 3.5999999999999996 5.927706508215857
      vertex -8.774359353944899 3.5999999999999996 5.74
    endloop
  endfacet
  facet normal -0.9469301294951068 0 0.32143946530315837
    outer loop
      vertex -8.614518677937491 0 6.125889527835967
      vertex -8.614518677937491 3.5999999999999996 6.125889527835967
      vertex -8.681792747981941 3.5999999999999996 5.927706508215857
    endloop
  endfacet
  facet normal -0.9807852804032301 0 0.1950903220161298
    outer loop
      vertex -8.614518677937491 0 6.125889527835967
      vertex -8.573688221801904 0 6.331158092447917
      vertex -8.614518677937491 3.5999999999999996 6.125889527835967
    endloop
  endfacet
  facet normal -0.9978589232386036 0 0.06540312923014234
    outer loop
      vertex -8.573688221801904 0 6.331158092447917
      vertex -8.56 0 6.54
      vertex -8.573688221801904 3.5999999999999996 6.331158092447917
    endloop
  endfacet
  facet normal -0.9978589232386036 0 -0.06540312923014234
    outer loop
      vertex -8.56 0 6.54
      vertex -8.573688221801904 0 6.748841907552083
      vertex -8.56 3.5999999999999996 6.54
    endloop
  endfacet
  facet normal -0.9807852804032301 0 -0.1950903220161298
    outer loop
      vertex -8.573688221801904 0 6.748841907552083
      vertex -8.614518677937491 0 6.954110472164033
      vertex -8.573688221801904 3.5999999999999996 6.748841907552083
    endloop
  endfacet
  facet normal -0.9807852804032301 0 0.1950903220161298
    outer loop
      vertex -8.573688221801904 0 6.331158092447917
      vertex -8.573688221801904 3.5999999999999996 6.331158092447917
      vertex -8.614518677937491 3.5999999999999996 6.125889527835967
    endloop
  endfacet
  facet normal -0.9978589232386036 0 0.06540312923014234
    outer loop
      vertex -8.56 0 6.54
      vertex -8.56 3.5999999999999996 6.54
      vertex -8.573688221801904 3.5999999999999996 6.331158092447917
    endloop
  endfacet
  facet normal -0.9978589232386036 0 -0.06540312923014234
    outer loop
      vertex -8.573688221801904 0 6.748841907552083
      vertex -8.573688221801904 3.5999999999999996 6.748841907552083
      vertex -8.56 3.5999999999999996 6.54
    endloop
  endfacet
  facet normal -0.9807852804032301 0 -0.1950903220161298
    outer loop
      vertex -8.614518677937491 0 6.954110472164033
      vertex -8.614518677937491 3.5999999999999996 6.954110472164033
      vertex -8.573688221801904 3.5999999999999996 6.748841907552083
    endloop
  endfacet
  facet normal 0.9469301294951068 9.20287798260541e-19 -0.32143946530315837
    outer loop
      vertex -11.705481322062509 0 6.954110472164033
      vertex -11.63820725201806 3.5999999999999996 7.152293491784143
      vertex -11.63820725201806 0 7.152293491784143
    endloop
  endfacet
  facet normal 0.8968727415326868 1.6089646352474143e-18 -0.4422886902190041
    outer loop
      vertex -11.63820725201806 0 7.152293491784143
      vertex -11.545640646055102 3.5999999999999996 7.34
      vertex -11.545640646055102 0 7.34
    endloop
  endfacet
  facet normal 0.8314696123025465 -8.619208398312595e-19 -0.5555702330196003
    outer loop
      vertex -11.545640646055102 0 7.34
      vertex -11.429365344465976 3.5999999999999996 7.514018286413953
      vertex -11.429365344465976 0 7.514018286413953
    endloop
  endfacet
  facet normal 0.7518398074789772 -2.0163351565734326e-18 -0.6593458151000692
    outer loop
      vertex -11.429365344465976 0 7.514018286413953
      vertex -11.291370849898476 3.5999999999999996 7.6713708498984765
      vertex -11.291370849898476 0 7.6713708498984765
    endloop
  endfacet
  facet normal 0.9469301294951068 0 -0.32143946530315837
    outer loop
      vertex -11.705481322062509 0 6.954110472164033
      vertex -11.705481322062509 3.5999999999999996 6.954110472164033
      vertex -11.63820725201806 3.5999999999999996 7.152293491784143
    endloop
  endfacet
  facet normal 0.8968727415326868 0 -0.4422886902190041
    outer loop
      vertex -11.63820725201806 0 7.152293491784143
      vertex -11.63820725201806 3.5999999999999996 7.152293491784143
      vertex -11.545640646055102 3.5999999999999996 7.34
    endloop
  endfacet
  facet normal 0.8314696123025465 0 -0.5555702330196003
    outer loop
      vertex -11.545640646055102 0 7.34
      vertex -11.545640646055102 3.5999999999999996 7.34
      vertex -11.429365344465976 3.5999999999999996 7.514018286413953
    endloop
  endfacet
  facet normal 0.7518398074789772 0 -0.6593458151000692
    outer loop
      vertex -11.429365344465976 0 7.514018286413953
      vertex -11.429365344465976 3.5999999999999996 7.514018286413953
      vertex -11.291370849898476 3.5999999999999996 7.6713708498984765
    endloop
  endfacet
  facet normal 0.6593458151000688 -2.1515951913520167e-19 -0.7518398074789774
    outer loop
      vertex -11.291370849898476 0 7.6713708498984765
      vertex -11.134018286413953 3.5999999999999996 7.809365344465976
      vertex -11.134018286413953 0 7.809365344465976
    endloop
  endfacet
  facet normal 0.6593458151000688 0 -0.7518398074789774
    outer loop
      vertex -11.291370849898476 0 7.6713708498984765
      vertex -11.291370849898476 3.5999999999999996 7.6713708498984765
      vertex -11.134018286413953 3.5999999999999996 7.809365344465976
    endloop
  endfacet
  facet normal 0.5555702330196052 0 -0.8314696123025432
    outer loop
      vertex -11.134018286413953 0 7.809365344465976
      vertex -11.134018286413953 3.5999999999999996 7.809365344465976
      vertex -10.96 3.5999999999999996 7.925640646055102
    endloop
  endfacet
  facet normal -0.6593458151000688 2.1515951913520167e-19 -0.7518398074789774
    outer loop
      vertex -9.185981713586047 0 7.809365344465976
      vertex -9.028629150101525 3.5999999999999996 7.6713708498984765
      vertex -9.028629150101525 0 7.6713708498984765
    endloop
  endfacet
  facet normal -0.5555702330196052 1.8648238026900296e-18 -0.8314696123025432
    outer loop
      vertex -9.36 0 7.925640646055102
      vertex -9.185981713586047 3.5999999999999996 7.809365344465976
      vertex -9.185981713586047 0 7.809365344465976
    endloop
  endfacet
  facet normal -0.6593458151000688 0 -0.7518398074789774
    outer loop
      vertex -9.185981713586047 0 7.809365344465976
      vertex -9.185981713586047 3.5999999999999996 7.809365344465976
      vertex -9.028629150101525 3.5999999999999996 7.6713708498984765
    endloop
  endfacet
  facet normal 0.5555702330196052 -1.8648238026900296e-18 -0.8314696123025432
    outer loop
      vertex -11.134018286413953 0 7.809365344465976
      vertex -10.96 3.5999999999999996 7.925640646055102
      vertex -10.96 0 7.925640646055102
    endloop
  endfacet
  facet normal 0.44228869021899553 -2.7292338247719166e-19 -0.8968727415326911
    outer loop
      vertex -10.96 0 7.925640646055102
      vertex -10.772293491784144 3.5999999999999996 8.018207252018058
      vertex -10.772293491784144 0 8.018207252018058
    endloop
  endfacet
  facet normal 0.32143946530316597 7.807906872381025e-19 -0.9469301294951041
    outer loop
      vertex -10.772293491784144 0 8.018207252018058
      vertex -10.574110472164033 3.5999999999999996 8.08548132206251
      vertex -10.574110472164033 0 8.08548132206251
    endloop
  endfacet
  facet normal 0.1950903220161298 7.371694190269633e-19 -0.9807852804032301
    outer loop
      vertex -10.574110472164033 0 8.08548132206251
      vertex -10.368841907552083 3.5999999999999996 8.126311778198097
      vertex -10.368841907552083 0 8.126311778198097
    endloop
  endfacet
  facet normal 0.06540312923014234 -1.206619897838202e-19 -0.9978589232386036
    outer loop
      vertex -10.368841907552083 0 8.126311778198097
      vertex -10.16 3.5999999999999996 8.14
      vertex -10.16 0 8.14
    endloop
  endfacet
  facet normal 0.44228869021899553 0 -0.8968727415326911
    outer loop
      vertex -10.96 0 7.925640646055102
      vertex -10.96 3.5999999999999996 7.925640646055102
      vertex -10.772293491784144 3.5999999999999996 8.018207252018058
    endloop
  endfacet
  facet normal 0.32143946530316597 0 -0.9469301294951041
    outer loop
      vertex -10.772293491784144 0 8.018207252018058
      vertex -10.772293491784144 3.5999999999999996 8.018207252018058
      vertex -10.574110472164033 3.5999999999999996 8.08548132206251
    endloop
  endfacet
  facet normal 0.1950903220161298 0 -0.9807852804032301
    outer loop
      vertex -10.574110472164033 0 8.08548132206251
      vertex -10.574110472164033 3.5999999999999996 8.08548132206251
      vertex -10.368841907552083 3.5999999999999996 8.126311778198097
    endloop
  endfacet
  facet normal 0.06540312923014234 0 -0.9978589232386036
    outer loop
      vertex -10.368841907552083 0 8.126311778198097
      vertex -10.368841907552083 3.5999999999999996 8.126311778198097
      vertex -10.16 3.5999999999999996 8.14
    endloop
  endfacet
  facet normal -0.32143946530316597 -7.807906872381025e-19 -0.9469301294951041
    outer loop
      vertex -9.745889527835967 0 8.08548132206251
      vertex -9.547706508215857 3.5999999999999996 8.018207252018058
      vertex -9.547706508215857 0 8.018207252018058
    endloop
  endfacet
  facet normal -0.06540312923014234 1.206619897838202e-19 -0.9978589232386036
    outer loop
      vertex -10.16 0 8.14
      vertex -9.951158092447917 3.5999999999999996 8.126311778198097
      vertex -9.951158092447917 0 8.126311778198097
    endloop
  endfacet
  facet normal -0.1950903220161298 -7.371694190269633e-19 -0.9807852804032301
    outer loop
      vertex -9.951158092447917 0 8.126311778198097
      vertex -9.745889527835967 3.5999999999999996 8.08548132206251
      vertex -9.745889527835967 0 8.08548132206251
    endloop
  endfacet
  facet normal -0.44228869021899553 2.7292338247719166e-19 -0.8968727415326911
    outer loop
      vertex -9.547706508215857 0 8.018207252018058
      vertex -9.36 3.5999999999999996 7.925640646055102
      vertex -9.36 0 7.925640646055102
    endloop
  endfacet
  facet normal -0.32143946530316597 0 -0.9469301294951041
    outer loop
      vertex -9.745889527835967 0 8.08548132206251
      vertex -9.745889527835967 3.5999999999999996 8.08548132206251
      vertex -9.547706508215857 3.5999999999999996 8.018207252018058
    endloop
  endfacet
  facet normal -0.06540312923014234 0 -0.9978589232386036
    outer loop
      vertex -10.16 0 8.14
      vertex -10.16 3.5999999999999996 8.14
      vertex -9.951158092447917 3.5999999999999996 8.126311778198097
    endloop
  endfacet
  facet normal -0.1950903220161298 0 -0.9807852804032301
    outer loop
      vertex -9.951158092447917 0 8.126311778198097
      vertex -9.951158092447917 3.5999999999999996 8.126311778198097
      vertex -9.745889527835967 3.5999999999999996 8.08548132206251
    endloop
  endfacet
  facet normal -0.5555702330196052 0 -0.8314696123025432
    outer loop
      vertex -9.36 0 7.925640646055102
      vertex -9.36 3.5999999999999996 7.925640646055102
      vertex -9.185981713586047 3.5999999999999996 7.809365344465976
    endloop
  endfacet
  facet normal -0.44228869021899553 0 -0.8968727415326911
    outer loop
      vertex -9.547706508215857 0 8.018207252018058
      vertex -9.547706508215857 3.5999999999999996 8.018207252018058
      vertex -9.36 3.5999999999999996 7.925640646055102
    endloop
  endfacet
  facet normal -0.9469301294951068 0 -0.32143946530315837
    outer loop
      vertex -8.614518677937491 0 6.954110472164033
      vertex -8.681792747981941 0 7.152293491784143
      vertex -8.614518677937491 3.5999999999999996 6.954110472164033
    endloop
  endfacet
  facet normal -0.8968727415326868 -1.6089646352474143e-18 -0.4422886902190041
    outer loop
      vertex -8.774359353944899 0 7.34
      vertex -8.681792747981941 3.5999999999999996 7.152293491784143
      vertex -8.681792747981941 0 7.152293491784143
    endloop
  endfacet
  facet normal -0.8314696123025465 8.619208398312595e-19 -0.5555702330196003
    outer loop
      vertex -8.890634655534024 0 7.514018286413953
      vertex -8.774359353944899 3.5999999999999996 7.34
      vertex -8.774359353944899 0 7.34
    endloop
  endfacet
  facet normal -0.7518398074789772 2.0163351565734326e-18 -0.6593458151000692
    outer loop
      vertex -9.028629150101525 0 7.6713708498984765
      vertex -8.890634655534024 3.5999999999999996 7.514018286413953
      vertex -8.890634655534024 0 7.514018286413953
    endloop
  endfacet
  facet normal -0.9469301294951068 0 -0.32143946530315837
    outer loop
      vertex -8.681792747981941 0 7.152293491784143
      vertex -8.681792747981941 3.5999999999999996 7.152293491784143
      vertex -8.614518677937491 3.5999999999999996 6.954110472164033
    endloop
  endfacet
  facet normal -0.8968727415326868 0 -0.4422886902190041
    outer loop
      vertex -8.774359353944899 0 7.34
      vertex -8.774359353944899 3.5999999999999996 7.34
      vertex -8.681792747981941 3.5999999999999996 7.152293491784143
    endloop
  endfacet
  facet normal -0.8314696123025465 0 -0.5555702330196003
    outer loop
      vertex -8.890634655534024 0 7.514018286413953
      vertex -8.890634655534024 3.5999999999999996 7.514018286413953
      vertex -8.774359353944899 3.5999999999999996 7.34
    endloop
  endfacet
  facet normal -0.7518398074789772 0 -0.6593458151000692
    outer loop
      vertex -9.028629150101525 0 7.6713708498984765
      vertex -9.028629150101525 3.5999999999999996 7.6713708498984765
      vertex -8.890634655534024 3.5999999999999996 7.514018286413953
    endloop
  endfacet
  facet normal 0.7518398074789772 0 0.6593458151000692
    outer loop
      vertex 8.890634655534024 0 5.565981713586047
      vertex 9.028629150101525 0 5.408629150101524
      vertex 8.890634655534024 3.5999999999999996 5.565981713586047
    endloop
  endfacet
  facet normal 0.8314696123025465 8.619208398312595e-19 0.5555702330196003
    outer loop
      vertex 8.890634655534024 0 5.565981713586047
      vertex 8.774359353944899 3.5999999999999996 5.74
      vertex 8.774359353944899 0 5.74
    endloop
  endfacet
  facet normal 0.8968727415326868 0 0.4422886902190041
    outer loop
      vertex 8.681792747981941 0 5.927706508215857
      vertex 8.774359353944899 0 5.74
      vertex 8.681792747981941 3.5999999999999996 5.927706508215857
    endloop
  endfacet
  facet normal 0.9469301294951068 -9.20287798260541e-19 0.32143946530315837
    outer loop
      vertex 8.681792747981941 0 5.927706508215857
      vertex 8.614518677937491 3.5999999999999996 6.125889527835967
      vertex 8.614518677937491 0 6.125889527835967
    endloop
  endfacet
  facet normal 0.7518398074789772 2.0163351565734326e-18 0.6593458151000692
    outer loop
      vertex 8.890634655534024 3.5999999999999996 5.565981713586047
      vertex 9.028629150101525 0 5.408629150101524
      vertex 9.028629150101525 3.5999999999999996 5.408629150101524
    endloop
  endfacet
  facet normal 0.8314696123025465 0 0.5555702330196003
    outer loop
      vertex 8.890634655534024 0 5.565981713586047
      vertex 8.890634655534024 3.5999999999999996 5.565981713586047
      vertex 8.774359353944899 3.5999999999999996 5.74
    endloop
  endfacet
  facet normal 0.8968727415326868 0 0.4422886902190041
    outer loop
      vertex 8.774359353944899 0 5.74
      vertex 8.774359353944899 3.5999999999999996 5.74
      vertex 8.681792747981941 3.5999999999999996 5.927706508215857
    endloop
  endfacet
  facet normal 0.9469301294951068 0 0.32143946530315837
    outer loop
      vertex 8.681792747981941 0 5.927706508215857
      vertex 8.681792747981941 3.5999999999999996 5.927706508215857
      vertex 8.614518677937491 3.5999999999999996 6.125889527835967
    endloop
  endfacet
  facet normal 0.9807852804032301 0 0.1950903220161298
    outer loop
      vertex 8.573688221801904 0 6.331158092447917
      vertex 8.614518677937491 0 6.125889527835967
      vertex 8.573688221801904 3.5999999999999996 6.331158092447917
    endloop
  endfacet
  facet normal 0.9978589232386036 1.206619897838202e-19 0.06540312923014234
    outer loop
      vertex 8.573688221801904 0 6.331158092447917
      vertex 8.56 3.5999999999999996 6.54
      vertex 8.56 0 6.54
    endloop
  endfacet
  facet normal 0.9978589232386036 -1.206619897838202e-19 -0.06540312923014234
    outer loop
      vertex 8.56 0 6.54
      vertex 8.573688221801904 3.5999999999999996 6.748841907552083
      vertex 8.573688221801904 0 6.748841907552083
    endloop
  endfacet
  facet normal 0.9807852804032301 7.371694190269633e-19 -0.1950903220161298
    outer loop
      vertex 8.573688221801904 0 6.748841907552083
      vertex 8.614518677937491 3.5999999999999996 6.954110472164033
      vertex 8.614518677937491 0 6.954110472164033
    endloop
  endfacet
  facet normal 0.9807852804032301 0 0.1950903220161298
    outer loop
      vertex 8.614518677937491 0 6.125889527835967
      vertex 8.614518677937491 3.5999999999999996 6.125889527835967
      vertex 8.573688221801904 3.5999999999999996 6.331158092447917
    endloop
  endfacet
  facet normal 0.9978589232386036 0 0.06540312923014234
    outer loop
      vertex 8.573688221801904 0 6.331158092447917
      vertex 8.573688221801904 3.5999999999999996 6.331158092447917
      vertex 8.56 3.5999999999999996 6.54
    endloop
  endfacet
  facet normal 0.9978589232386036 0 -0.06540312923014234
    outer loop
      vertex 8.56 0 6.54
      vertex 8.56 3.5999999999999996 6.54
      vertex 8.573688221801904 3.5999999999999996 6.748841907552083
    endloop
  endfacet
  facet normal 0.9807852804032301 0 -0.1950903220161298
    outer loop
      vertex 8.573688221801904 0 6.748841907552083
      vertex 8.573688221801904 3.5999999999999996 6.748841907552083
      vertex 8.614518677937491 3.5999999999999996 6.954110472164033
    endloop
  endfacet
  facet normal 0.5555702330196052 1.8648238026900296e-18 0.8314696123025432
    outer loop
      vertex 9.36 0 5.154359353944898
      vertex 9.185981713586047 3.5999999999999996 5.270634655534024
      vertex 9.185981713586047 0 5.270634655534024
    endloop
  endfacet
  facet normal 0.44228869021899897 0 0.8968727415326895
    outer loop
      vertex 9.36 0 5.154359353944898
      vertex 9.547706508215857 0 5.061792747981941
      vertex 9.36 3.5999999999999996 5.154359353944898
    endloop
  endfacet
  facet normal 0.19509032201612572 0 0.980785280403231
    outer loop
      vertex 9.745889527835967 0 4.99451867793749
      vertex 9.951158092447917 0 4.953688221801904
      vertex 9.745889527835967 3.5999999999999996 4.99451867793749
    endloop
  endfacet
  facet normal 0.06540312923014657 0 0.9978589232386033
    outer loop
      vertex 9.951158092447917 0 4.953688221801904
      vertex 10.16 0 4.9399999999999995
      vertex 9.951158092447917 3.5999999999999996 4.953688221801904
    endloop
  endfacet
  facet normal 0.3214394653031622 0 0.9469301294951055
    outer loop
      vertex 9.547706508215857 0 5.061792747981941
      vertex 9.745889527835967 0 4.99451867793749
      vertex 9.547706508215857 3.5999999999999996 5.061792747981941
    endloop
  endfacet
  facet normal 0.44228869021899897 0 0.8968727415326895
    outer loop
      vertex 9.547706508215857 0 5.061792747981941
      vertex 9.547706508215857 3.5999999999999996 5.061792747981941
      vertex 9.36 3.5999999999999996 5.154359353944898
    endloop
  endfacet
  facet normal 0.5555702330196052 0 0.8314696123025432
    outer loop
      vertex 9.36 0 5.154359353944898
      vertex 9.36 3.5999999999999996 5.154359353944898
      vertex 9.185981713586047 3.5999999999999996 5.270634655534024
    endloop
  endfacet
  facet normal 0.3214394653031622 0 0.9469301294951055
    outer loop
      vertex 9.745889527835967 0 4.99451867793749
      vertex 9.745889527835967 3.5999999999999996 4.99451867793749
      vertex 9.547706508215857 3.5999999999999996 5.061792747981941
    endloop
  endfacet
  facet normal 0.19509032201612572 0 0.980785280403231
    outer loop
      vertex 9.951158092447917 0 4.953688221801904
      vertex 9.951158092447917 3.5999999999999996 4.953688221801904
      vertex 9.745889527835967 3.5999999999999996 4.99451867793749
    endloop
  endfacet
  facet normal 0.06540312923014657 0 0.9978589232386033
    outer loop
      vertex 10.16 0 4.9399999999999995
      vertex 10.16 3.5999999999999996 4.9399999999999995
      vertex 9.951158092447917 3.5999999999999996 4.953688221801904
    endloop
  endfacet
  facet normal -0.06540312923014657 0 0.9978589232386033
    outer loop
      vertex 10.16 0 4.9399999999999995
      vertex 10.368841907552083 0 4.953688221801904
      vertex 10.16 3.5999999999999996 4.9399999999999995
    endloop
  endfacet
  facet normal -0.19509032201612572 0 0.980785280403231
    outer loop
      vertex 10.368841907552083 0 4.953688221801904
      vertex 10.574110472164033 0 4.99451867793749
      vertex 10.368841907552083 3.5999999999999996 4.953688221801904
    endloop
  endfacet
  facet normal -0.3214394653031622 0 0.9469301294951055
    outer loop
      vertex 10.574110472164033 0 4.99451867793749
      vertex 10.772293491784144 0 5.061792747981941
      vertex 10.574110472164033 3.5999999999999996 4.99451867793749
    endloop
  endfacet
  facet normal -0.44228869021899897 0 0.8968727415326895
    outer loop
      vertex 10.772293491784144 0 5.061792747981941
      vertex 10.96 0 5.154359353944898
      vertex 10.772293491784144 3.5999999999999996 5.061792747981941
    endloop
  endfacet
  facet normal -0.5555702330196052 0 0.8314696123025432
    outer loop
      vertex 10.96 0 5.154359353944898
      vertex 11.134018286413953 0 5.270634655534024
      vertex 10.96 3.5999999999999996 5.154359353944898
    endloop
  endfacet
  facet normal -0.06540312923014657 0 0.9978589232386033
    outer loop
      vertex 10.368841907552083 0 4.953688221801904
      vertex 10.368841907552083 3.5999999999999996 4.953688221801904
      vertex 10.16 3.5999999999999996 4.9399999999999995
    endloop
  endfacet
  facet normal -0.19509032201612572 0 0.980785280403231
    outer loop
      vertex 10.574110472164033 0 4.99451867793749
      vertex 10.574110472164033 3.5999999999999996 4.99451867793749
      vertex 10.368841907552083 3.5999999999999996 4.953688221801904
    endloop
  endfacet
  facet normal -0.3214394653031622 0 0.9469301294951055
    outer loop
      vertex 10.772293491784144 0 5.061792747981941
      vertex 10.772293491784144 3.5999999999999996 5.061792747981941
      vertex 10.574110472164033 3.5999999999999996 4.99451867793749
    endloop
  endfacet
  facet normal -0.44228869021899897 0 0.8968727415326895
    outer loop
      vertex 10.96 0 5.154359353944898
      vertex 10.96 3.5999999999999996 5.154359353944898
      vertex 10.772293491784144 3.5999999999999996 5.061792747981941
    endloop
  endfacet
  facet normal -0.5555702330196052 0 0.8314696123025432
    outer loop
      vertex 11.134018286413953 0 5.270634655534024
      vertex 11.134018286413953 3.5999999999999996 5.270634655534024
      vertex 10.96 3.5999999999999996 5.154359353944898
    endloop
  endfacet
  facet normal 0.6593458151000688 0 0.7518398074789774
    outer loop
      vertex 9.028629150101525 0 5.408629150101524
      vertex 9.185981713586047 0 5.270634655534024
      vertex 9.028629150101525 3.5999999999999996 5.408629150101524
    endloop
  endfacet
  facet normal 0.6593458151000688 0 0.7518398074789774
    outer loop
      vertex 9.185981713586047 0 5.270634655534024
      vertex 9.185981713586047 3.5999999999999996 5.270634655534024
      vertex 9.028629150101525 3.5999999999999996 5.408629150101524
    endloop
  endfacet
  facet normal -0.6593458151000688 0 0.7518398074789774
    outer loop
      vertex 11.134018286413953 0 5.270634655534024
      vertex 11.291370849898476 0 5.408629150101524
      vertex 11.134018286413953 3.5999999999999996 5.270634655534024
    endloop
  endfacet
  facet normal -0.6593458151000688 0 0.7518398074789774
    outer loop
      vertex 11.291370849898476 0 5.408629150101524
      vertex 11.291370849898476 3.5999999999999996 5.408629150101524
      vertex 11.134018286413953 3.5999999999999996 5.270634655534024
    endloop
  endfacet
  facet normal -0.7518398074789772 0 0.6593458151000692
    outer loop
      vertex 11.291370849898476 0 5.408629150101524
      vertex 11.429365344465976 0 5.565981713586047
      vertex 11.291370849898476 3.5999999999999996 5.408629150101524
    endloop
  endfacet
  facet normal -0.8314696123025465 0 0.5555702330196003
    outer loop
      vertex 11.429365344465976 0 5.565981713586047
      vertex 11.545640646055102 0 5.74
      vertex 11.429365344465976 3.5999999999999996 5.565981713586047
    endloop
  endfacet
  facet normal -0.8968727415326868 0 0.4422886902190041
    outer loop
      vertex 11.545640646055102 0 5.74
      vertex 11.63820725201806 0 5.927706508215857
      vertex 11.545640646055102 3.5999999999999996 5.74
    endloop
  endfacet
  facet normal -0.9469301294951068 0 0.32143946530315837
    outer loop
      vertex 11.63820725201806 0 5.927706508215857
      vertex 11.705481322062509 0 6.125889527835967
      vertex 11.63820725201806 3.5999999999999996 5.927706508215857
    endloop
  endfacet
  facet normal -0.7518398074789772 0 0.6593458151000692
    outer loop
      vertex 11.429365344465976 0 5.565981713586047
      vertex 11.429365344465976 3.5999999999999996 5.565981713586047
      vertex 11.291370849898476 3.5999999999999996 5.408629150101524
    endloop
  endfacet
  facet normal -0.8314696123025465 0 0.5555702330196003
    outer loop
      vertex 11.545640646055102 0 5.74
      vertex 11.545640646055102 3.5999999999999996 5.74
      vertex 11.429365344465976 3.5999999999999996 5.565981713586047
    endloop
  endfacet
  facet normal -0.8968727415326868 0 0.4422886902190041
    outer loop
      vertex 11.63820725201806 0 5.927706508215857
      vertex 11.63820725201806 3.5999999999999996 5.927706508215857
      vertex 11.545640646055102 3.5999999999999996 5.74
    endloop
  endfacet
  facet normal -0.9469301294951068 0 0.32143946530315837
    outer loop
      vertex 11.705481322062509 0 6.125889527835967
      vertex 11.705481322062509 3.5999999999999996 6.125889527835967
      vertex 11.63820725201806 3.5999999999999996 5.927706508215857
    endloop
  endfacet
  facet normal -0.9807852804032301 0 0.1950903220161298
    outer loop
      vertex 11.705481322062509 0 6.125889527835967
      vertex 11.746311778198097 0 6.331158092447917
      vertex 11.705481322062509 3.5999999999999996 6.125889527835967
    endloop
  endfacet
  facet normal -0.9978589232386036 0 0.06540312923014234
    outer loop
      vertex 11.746311778198097 0 6.331158092447917
      vertex 11.76 0 6.54
      vertex 11.746311778198097 3.5999999999999996 6.331158092447917
    endloop
  endfacet
  facet normal -0.9978589232386036 0 -0.06540312923014234
    outer loop
      vertex 11.76 0 6.54
      vertex 11.746311778198097 0 6.748841907552083
      vertex 11.76 3.5999999999999996 6.54
    endloop
  endfacet
  facet normal -0.9807852804032301 0 -0.1950903220161298
    outer loop
      vertex 11.746311778198097 0 6.748841907552083
      vertex 11.705481322062509 0 6.954110472164033
      vertex 11.746311778198097 3.5999999999999996 6.748841907552083
    endloop
  endfacet
  facet normal -0.9807852804032301 0 0.1950903220161298
    outer loop
      vertex 11.746311778198097 0 6.331158092447917
      vertex 11.746311778198097 3.5999999999999996 6.331158092447917
      vertex 11.705481322062509 3.5999999999999996 6.125889527835967
    endloop
  endfacet
  facet normal -0.9978589232386036 0 0.06540312923014234
    outer loop
      vertex 11.76 0 6.54
      vertex 11.76 3.5999999999999996 6.54
      vertex 11.746311778198097 3.5999999999999996 6.331158092447917
    endloop
  endfacet
  facet normal -0.9978589232386036 0 -0.06540312923014234
    outer loop
      vertex 11.746311778198097 0 6.748841907552083
      vertex 11.746311778198097 3.5999999999999996 6.748841907552083
      vertex 11.76 3.5999999999999996 6.54
    endloop
  endfacet
  facet normal -0.9807852804032301 0 -0.1950903220161298
    outer loop
      vertex 11.705481322062509 0 6.954110472164033
      vertex 11.705481322062509 3.5999999999999996 6.954110472164033
      vertex 11.746311778198097 3.5999999999999996 6.748841907552083
    endloop
  endfacet
  facet normal 0.9469301294951068 9.20287798260541e-19 -0.32143946530315837
    outer loop
      vertex 8.614518677937491 0 6.954110472164033
      vertex 8.681792747981941 3.5999999999999996 7.152293491784143
      vertex 8.681792747981941 0 7.152293491784143
    endloop
  endfacet
  facet normal 0.8968727415326868 1.6089646352474143e-18 -0.4422886902190041
    outer loop
      vertex 8.681792747981941 0 7.152293491784143
      vertex 8.774359353944899 3.5999999999999996 7.34
      vertex 8.774359353944899 0 7.34
    endloop
  endfacet
  facet normal 0.8314696123025465 -8.619208398312595e-19 -0.5555702330196003
    outer loop
      vertex 8.774359353944899 0 7.34
      vertex 8.890634655534024 3.5999999999999996 7.514018286413953
      vertex 8.890634655534024 0 7.514018286413953
    endloop
  endfacet
  facet normal 0.7518398074789772 -2.0163351565734326e-18 -0.6593458151000692
    outer loop
      vertex 8.890634655534024 0 7.514018286413953
      vertex 9.028629150101525 3.5999999999999996 7.6713708498984765
      vertex 9.028629150101525 0 7.6713708498984765
    endloop
  endfacet
  facet normal 0.9469301294951068 0 -0.32143946530315837
    outer loop
      vertex 8.614518677937491 0 6.954110472164033
      vertex 8.614518677937491 3.5999999999999996 6.954110472164033
      vertex 8.681792747981941 3.5999999999999996 7.152293491784143
    endloop
  endfacet
  facet normal 0.8968727415326868 0 -0.4422886902190041
    outer loop
      vertex 8.681792747981941 0 7.152293491784143
      vertex 8.681792747981941 3.5999999999999996 7.152293491784143
      vertex 8.774359353944899 3.5999999999999996 7.34
    endloop
  endfacet
  facet normal 0.8314696123025465 0 -0.5555702330196003
    outer loop
      vertex 8.774359353944899 0 7.34
      vertex 8.774359353944899 3.5999999999999996 7.34
      vertex 8.890634655534024 3.5999999999999996 7.514018286413953
    endloop
  endfacet
  facet normal 0.7518398074789772 0 -0.6593458151000692
    outer loop
      vertex 8.890634655534024 0 7.514018286413953
      vertex 8.890634655534024 3.5999999999999996 7.514018286413953
      vertex 9.028629150101525 3.5999999999999996 7.6713708498984765
    endloop
  endfacet
  facet normal 0.6593458151000688 -2.1515951913520167e-19 -0.7518398074789774
    outer loop
      vertex 9.028629150101525 0 7.6713708498984765
      vertex 9.185981713586047 3.5999999999999996 7.809365344465976
      vertex 9.185981713586047 0 7.809365344465976
    endloop
  endfacet
  facet normal 0.6593458151000688 0 -0.7518398074789774
    outer loop
      vertex 9.028629150101525 0 7.6713708498984765
      vertex 9.028629150101525 3.5999999999999996 7.6713708498984765
      vertex 9.185981713586047 3.5999999999999996 7.809365344465976
    endloop
  endfacet
  facet normal 0.5555702330196052 0 -0.8314696123025432
    outer loop
      vertex 9.185981713586047 0 7.809365344465976
      vertex 9.185981713586047 3.5999999999999996 7.809365344465976
      vertex 9.36 3.5999999999999996 7.925640646055102
    endloop
  endfacet
  facet normal -0.6593458151000688 2.1515951913520167e-19 -0.7518398074789774
    outer loop
      vertex 11.134018286413953 0 7.809365344465976
      vertex 11.291370849898476 3.5999999999999996 7.6713708498984765
      vertex 11.291370849898476 0 7.6713708498984765
    endloop
  endfacet
  facet normal -0.5555702330196052 1.8648238026900296e-18 -0.8314696123025432
    outer loop
      vertex 10.96 0 7.925640646055102
      vertex 11.134018286413953 3.5999999999999996 7.809365344465976
      vertex 11.134018286413953 0 7.809365344465976
    endloop
  endfacet
  facet normal -0.6593458151000688 0 -0.7518398074789774
    outer loop
      vertex 11.134018286413953 0 7.809365344465976
      vertex 11.134018286413953 3.5999999999999996 7.809365344465976
      vertex 11.291370849898476 3.5999999999999996 7.6713708498984765
    endloop
  endfacet
  facet normal 0.5555702330196052 -1.8648238026900296e-18 -0.8314696123025432
    outer loop
      vertex 9.185981713586047 0 7.809365344465976
      vertex 9.36 3.5999999999999996 7.925640646055102
      vertex 9.36 0 7.925640646055102
    endloop
  endfacet
  facet normal 0.44228869021899553 -2.7292338247719166e-19 -0.8968727415326911
    outer loop
      vertex 9.36 0 7.925640646055102
      vertex 9.547706508215857 3.5999999999999996 8.018207252018058
      vertex 9.547706508215857 0 8.018207252018058
    endloop
  endfacet
  facet normal 0.32143946530316597 7.807906872381025e-19 -0.9469301294951041
    outer loop
      vertex 9.547706508215857 0 8.018207252018058
      vertex 9.745889527835967 3.5999999999999996 8.08548132206251
      vertex 9.745889527835967 0 8.08548132206251
    endloop
  endfacet
  facet normal 0.1950903220161298 7.371694190269633e-19 -0.9807852804032301
    outer loop
      vertex 9.745889527835967 0 8.08548132206251
      vertex 9.951158092447917 3.5999999999999996 8.126311778198097
      vertex 9.951158092447917 0 8.126311778198097
    endloop
  endfacet
  facet normal 0.06540312923014234 -1.206619897838202e-19 -0.9978589232386036
    outer loop
      vertex 9.951158092447917 0 8.126311778198097
      vertex 10.16 3.5999999999999996 8.14
      vertex 10.16 0 8.14
    endloop
  endfacet
  facet normal 0.44228869021899553 0 -0.8968727415326911
    outer loop
      vertex 9.36 0 7.925640646055102
      vertex 9.36 3.5999999999999996 7.925640646055102
      vertex 9.547706508215857 3.5999999999999996 8.018207252018058
    endloop
  endfacet
  facet normal 0.32143946530316597 0 -0.9469301294951041
    outer loop
      vertex 9.547706508215857 0 8.018207252018058
      vertex 9.547706508215857 3.5999999999999996 8.018207252018058
      vertex 9.745889527835967 3.5999999999999996 8.08548132206251
    endloop
  endfacet
  facet normal 0.1950903220161298 0 -0.9807852804032301
    outer loop
      vertex 9.745889527835967 0 8.08548132206251
      vertex 9.745889527835967 3.5999999999999996 8.08548132206251
      vertex 9.951158092447917 3.5999999999999996 8.126311778198097
    endloop
  endfacet
  facet normal 0.06540312923014234 0 -0.9978589232386036
    outer loop
      vertex 9.951158092447917 0 8.126311778198097
      vertex 9.951158092447917 3.5999999999999996 8.126311778198097
      vertex 10.16 3.5999999999999996 8.14
    endloop
  endfacet
  facet normal -0.06540312923014234 1.206619897838202e-19 -0.9978589232386036
    outer loop
      vertex 10.16 0 8.14
      vertex 10.368841907552083 3.5999999999999996 8.126311778198097
      vertex 10.368841907552083 0 8.126311778198097
    endloop
  endfacet
  facet normal -0.1950903220161298 -7.371694190269633e-19 -0.9807852804032301
    outer loop
      vertex 10.368841907552083 0 8.126311778198097
      vertex 10.574110472164033 3.5999999999999996 8.08548132206251
      vertex 10.574110472164033 0 8.08548132206251
    endloop
  endfacet
  facet normal -0.44228869021899553 2.7292338247719166e-19 -0.8968727415326911
    outer loop
      vertex 10.772293491784144 0 8.018207252018058
      vertex 10.96 3.5999999999999996 7.925640646055102
      vertex 10.96 0 7.925640646055102
    endloop
  endfacet
  facet normal -0.32143946530316597 -7.807906872381025e-19 -0.9469301294951041
    outer loop
      vertex 10.574110472164033 0 8.08548132206251
      vertex 10.772293491784144 3.5999999999999996 8.018207252018058
      vertex 10.772293491784144 0 8.018207252018058
    endloop
  endfacet
  facet normal -0.32143946530316597 0 -0.9469301294951041
    outer loop
      vertex 10.574110472164033 0 8.08548132206251
      vertex 10.574110472164033 3.5999999999999996 8.08548132206251
      vertex 10.772293491784144 3.5999999999999996 8.018207252018058
    endloop
  endfacet
  facet normal -0.06540312923014234 0 -0.9978589232386036
    outer loop
      vertex 10.16 0 8.14
      vertex 10.16 3.5999999999999996 8.14
      vertex 10.368841907552083 3.5999999999999996 8.126311778198097
    endloop
  endfacet
  facet normal -0.1950903220161298 0 -0.9807852804032301
    outer loop
      vertex 10.368841907552083 0 8.126311778198097
      vertex 10.368841907552083 3.5999999999999996 8.126311778198097
      vertex 10.574110472164033 3.5999999999999996 8.08548132206251
    endloop
  endfacet
  facet normal -0.44228869021899553 0 -0.8968727415326911
    outer loop
      vertex 10.772293491784144 0 8.018207252018058
      vertex 10.772293491784144 3.5999999999999996 8.018207252018058
      vertex 10.96 3.5999999999999996 7.925640646055102
    endloop
  endfacet
  facet normal -0.5555702330196052 0 -0.8314696123025432
    outer loop
      vertex 10.96 0 7.925640646055102
      vertex 10.96 3.5999999999999996 7.925640646055102
      vertex 11.134018286413953 3.5999999999999996 7.809365344465976
    endloop
  endfacet
  facet normal -0.9469301294951068 0 -0.32143946530315837
    outer loop
      vertex 11.705481322062509 0 6.954110472164033
      vertex 11.63820725201806 0 7.152293491784143
      vertex 11.705481322062509 3.5999999999999996 6.954110472164033
    endloop
  endfacet
  facet normal -0.8968727415326868 0 -0.4422886902190041
    outer loop
      vertex 11.63820725201806 0 7.152293491784143
      vertex 11.545640646055102 0 7.34
      vertex 11.63820725201806 3.5999999999999996 7.152293491784143
    endloop
  endfacet
  facet normal -0.8314696123025465 8.619208398312595e-19 -0.5555702330196003
    outer loop
      vertex 11.429365344465976 0 7.514018286413953
      vertex 11.545640646055102 3.5999999999999996 7.34
      vertex 11.545640646055102 0 7.34
    endloop
  endfacet
  facet normal -0.7518398074789772 0 -0.6593458151000692
    outer loop
      vertex 11.429365344465976 0 7.514018286413953
      vertex 11.291370849898476 0 7.6713708498984765
      vertex 11.429365344465976 3.5999999999999996 7.514018286413953
    endloop
  endfacet
  facet normal -0.9469301294951068 0 -0.32143946530315837
    outer loop
      vertex 11.63820725201806 0 7.152293491784143
      vertex 11.63820725201806 3.5999999999999996 7.152293491784143
      vertex 11.705481322062509 3.5999999999999996 6.954110472164033
    endloop
  endfacet
  facet normal -0.8968727415326868 0 -0.4422886902190041
    outer loop
      vertex 11.545640646055102 0 7.34
      vertex 11.545640646055102 3.5999999999999996 7.34
      vertex 11.63820725201806 3.5999999999999996 7.152293491784143
    endloop
  endfacet
  facet normal -0.8314696123025465 0 -0.5555702330196003
    outer loop
      vertex 11.429365344465976 0 7.514018286413953
      vertex 11.429365344465976 3.5999999999999996 7.514018286413953
      vertex 11.545640646055102 3.5999999999999996 7.34
    endloop
  endfacet
  facet normal -0.7518398074789772 0 -0.6593458151000692
    outer loop
      vertex 11.291370849898476 0 7.6713708498984765
      vertex 11.291370849898476 3.5999999999999996 7.6713708498984765
      vertex 11.429365344465976 3.5999999999999996 7.514018286413953
    endloop
  endfacet
  facet normal 0 -1 0
    outer loop
      vertex -17 0 4
      vertex -15 0 4
      vertex -15 0 9
    endloop
  endfacet
  facet normal -1 0 0
    outer loop
      vertex -17 0 4
      vertex -17 0 9
      vertex -17 5 4
    endloop
  endfacet
  facet normal 0 0.7071067811865475 0.7071067811865475
    outer loop
      vertex -17 0 9
      vertex -15 5 4
      vertex -17 5 4
    endloop
  endfacet
  facet normal 0 -1 0
    outer loop
      vertex -17 0 4
      vertex -15 0 9
      vertex -17 0 9
    endloop
  endfacet
  facet normal 0 0.7071067811865475 0.7071067811865475
    outer loop
      vertex -17 0 9
      vertex -15 0 9
      vertex -15 5 4
    endloop
  endfacet
  facet normal 0 -1 0
    outer loop
      vertex 15 0 4
      vertex 17 0 9
      vertex 15 0 7.151475409836065
    endloop
  endfacet
  facet normal 0 -1 0
    outer loop
      vertex 15 0 4
      vertex 17 0 4
      vertex 17 0 9
    endloop
  endfacet
  facet normal 9.41080744530263e-16 0.7071067811865468 0.7071067811865482
    outer loop
      vertex 15 3.369687162891046 5.630312837108954
      vertex 17 5 4
      vertex 15 3.5999999999999996 5.4
    endloop
  endfacet
  facet normal -2.7956763630307516e-16 0.7071067811865477 0.7071067811865476
    outer loop
      vertex 15 0 9
      vertex 17 5 4
      vertex 15 3.369687162891046 5.630312837108954
    endloop
  endfacet
  facet normal 1 0 0
    outer loop
      vertex 17 0 4
      vertex 17 5 4
      vertex 17 0 9
    endloop
  endfacet
  facet normal 2.0186903040219927e-17 0.7071067811865475 0.7071067811865475
    outer loop
      vertex 15 3.5999999999999996 5.4
      vertex 17 5 4
      vertex 15 5 4
    endloop
  endfacet
  facet normal 0 -1 0
    outer loop
      vertex 15 0 7.151475409836065
      vertex 17 0 9
      vertex 15 0 9
    endloop
  endfacet
  facet normal 0 0.7071067811865475 0.7071067811865475
    outer loop
      vertex 15 0 9
      vertex 17 0 9
      vertex 17 5 4
    endloop
  endfacet
  facet normal 0 0 1
    outer loop
      vertex -15 -1.8275954814416353 14
      vertex -15 -2.5 14
      vertex -13 3.5999999999999996 14
    endloop
  endfacet
  facet normal 0 0 1
    outer loop
      vertex -15 -1.8275954814416353 14
      vertex -13 3.5999999999999996 14
      vertex -15 0 14
    endloop
  endfacet
  facet normal 0 0 1
    outer loop
      vertex -15 0 14
      vertex -13 3.5999999999999996 14
      vertex -15 3.5999999999999996 14
    endloop
  endfacet
  facet normal 0 0 1
    outer loop
      vertex -13 3.5999999999999996 14
      vertex -15 6 14
      vertex -15 3.5999999999999996 14
    endloop
  endfacet
  facet normal 0 0 1
    outer loop
      vertex -13 3.5999999999999996 14
      vertex -15 -2.5 14
      vertex -9.6 0 14
    endloop
  endfacet
  facet normal 0 0 1
    outer loop
      vertex -13 3.5999999999999996 14
      vertex -9.6 0 14
      vertex -9.6 3.5999999999999996 14
    endloop
  endfacet
  facet normal 0 0 1
    outer loop
      vertex -13 3.5999999999999996 14
      vertex -13 6 14
      vertex -15 6 14
    endloop
  endfacet
  facet normal 0 0 1
    outer loop
      vertex 9.6 0 14
      vertex -9.6 0 14
      vertex -15 -2.5 14
    endloop
  endfacet
  facet normal 0 0 1
    outer loop
      vertex 15 -2.5 14
      vertex 9.6 0 14
      vertex -15 -2.5 14
    endloop
  endfacet
  facet normal 0 0 1
    outer loop
      vertex 15 -0.30007674936917766 14
      vertex 9.6 0 14
      vertex 15 -2.5 14
    endloop
  endfacet
  facet normal 0 0 1
    outer loop
      vertex 9.6 0 14
      vertex 15 -0.30007674936917766 14
      vertex 15 0 14
    endloop
  endfacet
  facet normal 0 0 1
    outer loop
      vertex 9.6 0 14
      vertex 15 0 14
      vertex 9.6 3.5999999999999996 14
    endloop
  endfacet
  facet normal 0 0 1
    outer loop
      vertex 9.6 3.5999999999999996 14
      vertex 15 0 14
      vertex 13 3.5999999999999996 14
    endloop
  endfacet
  facet normal 0 0 1
    outer loop
      vertex 15 3.5999999999999996 14
      vertex 13 3.5999999999999996 14
      vertex 15 0 14
    endloop
  endfacet
  facet normal 0 0 1
    outer loop
      vertex 15 3.5999999999999996 14
      vertex 13 6 14
      vertex 13 3.5999999999999996 14
    endloop
  endfacet
  facet normal 0 0 1
    outer loop
      vertex 13 6 14
      vertex 15 3.5999999999999996 14
      vertex 15 6 14
    endloop
  endfacet
endsolid OpenSCAD_Model
