solid OpenSCAD_Model
  facet normal 0.5555702330195964 0.8314696123025491 0
    outer loop
      vertex -14.730513714810465 10.997975991650517 2
      vertex -14.6 10.910769515458673 0
      vertex -14.730513714810465 10.997975991650517 0
    endloop
  endfacet
  facet normal 0.9978589232386039 0.0654031292301369 0
    outer loop
      vertex -15.2 11.95 2
      vertex -15.189733833648573 11.793368569335938 0
      vertex -15.2 11.95 0
    endloop
  endfacet
  facet normal 0.7518398074789754 0.6593458151000713 0
    outer loop
      vertex -14.952024008349483 11.219486285189534 2
      vertex -14.848528137423857 11.101471862576142 0
      vertex -14.952024008349483 11.219486285189534 0
    endloop
  endfacet
  facet normal 0.8968727415326867 0.4422886902190047 0
    outer loop
      vertex -15.108655439013544 11.490779881161892 2
      vertex -15.039230484541326 11.35 0
      vertex -15.108655439013544 11.490779881161892 0
    endloop
  endfacet
  facet normal 0.8314696123025491 0.5555702330195964 0
    outer loop
      vertex -15.039230484541326 11.35 2
      vertex -14.952024008349483 11.219486285189534 0
      vertex -15.039230484541326 11.35 0
    endloop
  endfacet
  facet normal 0.6593458151000713 0.7518398074789754 2.6801365995895655e-18
    outer loop
      vertex -14.730513714810465 10.997975991650517 0
      vertex -14.848528137423857 11.101471862576142 0
      vertex -14.848528137423857 11.101471862576142 2
    endloop
  endfacet
  facet normal 0.9469301294951059 0.3214394653031609 0
    outer loop
      vertex -15.159110991546882 11.639417145876974 2
      vertex -15.108655439013544 11.490779881161892 0
      vertex -15.159110991546882 11.639417145876974 0
    endloop
  endfacet
  facet normal 0.9807852804032303 0.1950903220161293 0
    outer loop
      vertex -15.189733833648573 11.793368569335938 2
      vertex -15.159110991546882 11.639417145876974 0
      vertex -15.189733833648573 11.793368569335938 0
    endloop
  endfacet
  facet normal 0.4422886902190047 0.8968727415326867 0
    outer loop
      vertex -14.6 10.910769515458673 2
      vertex -14.459220118838108 10.841344560986455 0
      vertex -14.6 10.910769515458673 0
    endloop
  endfacet
  facet normal 0.3214394653031609 0.9469301294951059 0
    outer loop
      vertex -14.459220118838108 10.841344560986455 2
      vertex -14.310582854123025 10.790889008453117 0
      vertex -14.459220118838108 10.841344560986455 0
    endloop
  endfacet
  facet normal 0.0654031292301369 0.9978589232386039 0
    outer loop
      vertex -14.156631430664062 10.760266166351427 2
      vertex -14 10.75 0
      vertex -14.156631430664062 10.760266166351427 0
    endloop
  endfacet
  facet normal 0.1950903220161293 0.9807852804032303 0
    outer loop
      vertex -14.310582854123025 10.790889008453117 2
      vertex -14.156631430664062 10.760266166351427 0
      vertex -14.310582854123025 10.790889008453117 0
    endloop
  endfacet
  facet normal -0.0654031292301369 0.9978589232386039 0
    outer loop
      vertex -14 10.75 2
      vertex -13.843368569335938 10.760266166351427 0
      vertex -14 10.75 0
    endloop
  endfacet
  facet normal -0.1950903220161293 0.9807852804032303 0
    outer loop
      vertex -13.843368569335938 10.760266166351427 2
      vertex -13.689417145876975 10.790889008453117 0
      vertex -13.843368569335938 10.760266166351427 0
    endloop
  endfacet
  facet normal -0.3214394653031609 0.9469301294951059 0
    outer loop
      vertex -13.689417145876975 10.790889008453117 2
      vertex -13.540779881161892 10.841344560986455 0
      vertex -13.689417145876975 10.790889008453117 0
    endloop
  endfacet
  facet normal -0.4422886902190047 0.8968727415326867 0
    outer loop
      vertex -13.540779881161892 10.841344560986455 2
      vertex -13.4 10.910769515458673 0
      vertex -13.540779881161892 10.841344560986455 0
    endloop
  endfacet
  facet normal -0.5555702330195964 0.8314696123025491 0
    outer loop
      vertex -13.4 10.910769515458673 2
      vertex -13.269486285189535 10.997975991650517 0
      vertex -13.4 10.910769515458673 0
    endloop
  endfacet
  facet normal -0.6593458151000713 0.7518398074789754 0
    outer loop
      vertex -13.269486285189535 10.997975991650517 2
      vertex -13.151471862576143 11.101471862576142 0
      vertex -13.269486285189535 10.997975991650517 0
    endloop
  endfacet
  facet normal -0.7518398074789754 0.6593458151000713 0
    outer loop
      vertex -13.151471862576143 11.101471862576142 0
      vertex -13.151471862576143 11.101471862576142 2
      vertex -13.047975991650517 11.219486285189534 0
    endloop
  endfacet
  facet normal -0.8314696123025491 0.5555702330195964 0
    outer loop
      vertex -13.047975991650517 11.219486285189534 2
      vertex -12.960769515458674 11.35 0
      vertex -13.047975991650517 11.219486285189534 0
    endloop
  endfacet
  facet normal -0.8968727415326867 0.4422886902190047 0
    outer loop
      vertex -12.960769515458674 11.35 2
      vertex -12.891344560986456 11.490779881161892 0
      vertex -12.960769515458674 11.35 0
    endloop
  endfacet
  facet normal -0.9469301294951059 0.3214394653031609 0
    outer loop
      vertex -12.891344560986456 11.490779881161892 2
      vertex -12.840889008453118 11.639417145876974 0
      vertex -12.891344560986456 11.490779881161892 0
    endloop
  endfacet
  facet normal -0.9807852804032303 0.1950903220161293 0
    outer loop
      vertex -12.840889008453118 11.639417145876974 2
      vertex -12.810266166351427 11.793368569335938 0
      vertex -12.840889008453118 11.639417145876974 0
    endloop
  endfacet
  facet normal -0.9978589232386039 0.0654031292301369 0
    outer loop
      vertex -12.810266166351427 11.793368569335938 0
      vertex -12.810266166351427 11.793368569335938 2
      vertex -12.8 11.95 0
    endloop
  endfacet
  facet normal 0.5555702330195964 0.8314696123025491 0
    outer loop
      vertex -14.6 10.910769515458673 2
      vertex -14.6 10.910769515458673 0
      vertex -14.730513714810465 10.997975991650517 2
    endloop
  endfacet
  facet normal 0.9978589232386039 0.0654031292301369 -2.0840245019017051e-19
    outer loop
      vertex -15.2 11.95 2
      vertex -15.189733833648573 11.793368569335938 2
      vertex -15.189733833648573 11.793368569335938 0
    endloop
  endfacet
  facet normal 0.8968727415326867 0.4422886902190047 -7.277058758679847e-19
    outer loop
      vertex -15.108655439013544 11.490779881161892 2
      vertex -15.039230484541326 11.35 2
      vertex -15.039230484541326 11.35 0
    endloop
  endfacet
  facet normal 0.8314696123025491 0.5555702330195964 2.126310497099809e-18
    outer loop
      vertex -15.039230484541326 11.35 2
      vertex -14.952024008349483 11.219486285189534 2
      vertex -14.952024008349483 11.219486285189534 0
    endloop
  endfacet
  facet normal 0.6593458151000713 0.7518398074789754 0
    outer loop
      vertex -14.730513714810465 10.997975991650517 2
      vertex -14.730513714810465 10.997975991650517 0
      vertex -14.848528137423857 11.101471862576142 2
    endloop
  endfacet
  facet normal 0.7518398074789754 0.6593458151000713 2.6801365995895655e-18
    outer loop
      vertex -14.952024008349483 11.219486285189534 2
      vertex -14.848528137423857 11.101471862576142 2
      vertex -14.848528137423857 11.101471862576142 0
    endloop
  endfacet
  facet normal 0.9469301294951059 0.3214394653031609 -1.1796148276916328e-18
    outer loop
      vertex -15.159110991546882 11.639417145876974 2
      vertex -15.108655439013544 11.490779881161892 2
      vertex -15.108655439013544 11.490779881161892 0
    endloop
  endfacet
  facet normal 0.9807852804032303 0.1950903220161293 -1.1440840407084396e-18
    outer loop
      vertex -15.189733833648573 11.793368569335938 2
      vertex -15.159110991546882 11.639417145876974 2
      vertex -15.159110991546882 11.639417145876974 0
    endloop
  endfacet
  facet normal 0.4422886902190047 0.8968727415326867 0
    outer loop
      vertex -14.459220118838108 10.841344560986455 2
      vertex -14.459220118838108 10.841344560986455 0
      vertex -14.6 10.910769515458673 2
    endloop
  endfacet
  facet normal 0.3214394653031609 0.9469301294951059 0
    outer loop
      vertex -14.310582854123025 10.790889008453117 2
      vertex -14.310582854123025 10.790889008453117 0
      vertex -14.459220118838108 10.841344560986455 2
    endloop
  endfacet
  facet normal 0.1950903220161293 0.9807852804032303 0
    outer loop
      vertex -14.156631430664062 10.760266166351427 2
      vertex -14.156631430664062 10.760266166351427 0
      vertex -14.310582854123025 10.790889008453117 2
    endloop
  endfacet
  facet normal 0.0654031292301369 0.9978589232386039 0
    outer loop
      vertex -14 10.75 2
      vertex -14 10.75 0
      vertex -14.156631430664062 10.760266166351427 2
    endloop
  endfacet
  facet normal -0.0654031292301369 0.9978589232386039 0
    outer loop
      vertex -13.843368569335938 10.760266166351427 2
      vertex -13.843368569335938 10.760266166351427 0
      vertex -14 10.75 2
    endloop
  endfacet
  facet normal -0.1950903220161293 0.9807852804032303 0
    outer loop
      vertex -13.689417145876975 10.790889008453117 2
      vertex -13.689417145876975 10.790889008453117 0
      vertex -13.843368569335938 10.760266166351427 2
    endloop
  endfacet
  facet normal -0.3214394653031609 0.9469301294951059 0
    outer loop
      vertex -13.540779881161892 10.841344560986455 2
      vertex -13.540779881161892 10.841344560986455 0
      vertex -13.689417145876975 10.790889008453117 2
    endloop
  endfacet
  facet normal -0.4422886902190047 0.8968727415326867 0
    outer loop
      vertex -13.4 10.910769515458673 2
      vertex -13.4 10.910769515458673 0
      vertex -13.540779881161892 10.841344560986455 2
    endloop
  endfacet
  facet normal -0.5555702330195964 0.8314696123025491 0
    outer loop
      vertex -13.269486285189535 10.997975991650517 2
      vertex -13.269486285189535 10.997975991650517 0
      vertex -13.4 10.910769515458673 2
    endloop
  endfacet
  facet normal -0.6593458151000713 0.7518398074789754 0
    outer loop
      vertex -13.151471862576143 11.101471862576142 2
      vertex -13.151471862576143 11.101471862576142 0
      vertex -13.269486285189535 10.997975991650517 2
    endloop
  endfacet
  facet normal -0.7518398074789754 0.6593458151000713 -2.6801365995895655e-18
    outer loop
      vertex -13.151471862576143 11.101471862576142 2
      vertex -13.047975991650517 11.219486285189534 2
      vertex -13.047975991650517 11.219486285189534 0
    endloop
  endfacet
  facet normal -0.8314696123025491 0.5555702330195964 -2.126310497099809e-18
    outer loop
      vertex -13.047975991650517 11.219486285189534 2
      vertex -12.960769515458674 11.35 2
      vertex -12.960769515458674 11.35 0
    endloop
  endfacet
  facet normal -0.8968727415326867 0.4422886902190047 7.277058758679847e-19
    outer loop
      vertex -12.960769515458674 11.35 2
      vertex -12.891344560986456 11.490779881161892 2
      vertex -12.891344560986456 11.490779881161892 0
    endloop
  endfacet
  facet normal -0.9469301294951059 0.3214394653031609 1.1796148276916328e-18
    outer loop
      vertex -12.891344560986456 11.490779881161892 2
      vertex -12.840889008453118 11.639417145876974 2
      vertex -12.840889008453118 11.639417145876974 0
    endloop
  endfacet
  facet normal -0.9807852804032303 0.1950903220161293 1.1440840407084396e-18
    outer loop
      vertex -12.840889008453118 11.639417145876974 2
      vertex -12.810266166351427 11.793368569335938 2
      vertex -12.810266166351427 11.793368569335938 0
    endloop
  endfacet
  facet normal -0.9978589232386039 0.0654031292301369 2.0840245019017051e-19
    outer loop
      vertex -12.810266166351427 11.793368569335938 2
      vertex -12.8 11.95 2
      vertex -12.8 11.95 0
    endloop
  endfacet
  facet normal 0.9978589232386039 -0.0654031292301369 0
    outer loop
      vertex -15.189733833648573 12.106631430664061 2
      vertex -15.2 11.95 0
      vertex -15.189733833648573 12.106631430664061 0
    endloop
  endfacet
  facet normal 0.9807852804032303 -0.1950903220161293 0
    outer loop
      vertex -15.159110991546882 12.260582854123024 2
      vertex -15.189733833648573 12.106631430664061 0
      vertex -15.159110991546882 12.260582854123024 0
    endloop
  endfacet
  facet normal 0.9469301294951059 -0.3214394653031609 0
    outer loop
      vertex -15.108655439013544 12.409220118838107 2
      vertex -15.159110991546882 12.260582854123024 0
      vertex -15.108655439013544 12.409220118838107 0
    endloop
  endfacet
  facet normal 0.8968727415326867 -0.4422886902190047 0
    outer loop
      vertex -15.039230484541326 12.549999999999999 2
      vertex -15.108655439013544 12.409220118838107 0
      vertex -15.039230484541326 12.549999999999999 0
    endloop
  endfacet
  facet normal 0.8314696123025491 -0.5555702330195964 0
    outer loop
      vertex -14.952024008349483 12.680513714810465 2
      vertex -15.039230484541326 12.549999999999999 0
      vertex -14.952024008349483 12.680513714810465 0
    endloop
  endfacet
  facet normal 0.7518398074789754 -0.6593458151000713 0
    outer loop
      vertex -14.848528137423857 12.798528137423856 2
      vertex -14.952024008349483 12.680513714810465 0
      vertex -14.848528137423857 12.798528137423856 0
    endloop
  endfacet
  facet normal 0.6593458151000713 -0.7518398074789754 0
    outer loop
      vertex -14.730513714810465 12.902024008349482 2
      vertex -14.848528137423857 12.798528137423856 0
      vertex -14.730513714810465 12.902024008349482 0
    endloop
  endfacet
  facet normal 0.5555702330195964 -0.8314696123025491 0
    outer loop
      vertex -14.6 12.989230484541325 2
      vertex -14.730513714810465 12.902024008349482 0
      vertex -14.6 12.989230484541325 0
    endloop
  endfacet
  facet normal 0.4422886902190047 -0.8968727415326867 0
    outer loop
      vertex -14.459220118838108 13.058655439013544 2
      vertex -14.6 12.989230484541325 0
      vertex -14.459220118838108 13.058655439013544 0
    endloop
  endfacet
  facet normal 0.3214394653031609 -0.9469301294951059 0
    outer loop
      vertex -14.310582854123025 13.109110991546881 2
      vertex -14.459220118838108 13.058655439013544 0
      vertex -14.310582854123025 13.109110991546881 0
    endloop
  endfacet
  facet normal 0.1950903220161293 -0.9807852804032303 0
    outer loop
      vertex -14.156631430664062 13.139733833648572 2
      vertex -14.310582854123025 13.109110991546881 0
      vertex -14.156631430664062 13.139733833648572 0
    endloop
  endfacet
  facet normal 0.0654031292301369 -0.9978589232386039 0
    outer loop
      vertex -14 13.149999999999999 2
      vertex -14.156631430664062 13.139733833648572 0
      vertex -14 13.149999999999999 0
    endloop
  endfacet
  facet normal -0.0654031292301369 -0.9978589232386039 0
    outer loop
      vertex -13.843368569335938 13.139733833648572 2
      vertex -14 13.149999999999999 0
      vertex -13.843368569335938 13.139733833648572 0
    endloop
  endfacet
  facet normal -0.1950903220161293 -0.9807852804032303 0
    outer loop
      vertex -13.689417145876975 13.109110991546881 2
      vertex -13.843368569335938 13.139733833648572 0
      vertex -13.689417145876975 13.109110991546881 0
    endloop
  endfacet
  facet normal -0.3214394653031609 -0.9469301294951059 0
    outer loop
      vertex -13.540779881161892 13.058655439013544 2
      vertex -13.689417145876975 13.109110991546881 0
      vertex -13.540779881161892 13.058655439013544 0
    endloop
  endfacet
  facet normal -0.8314696123025491 -0.5555702330195964 0
    outer loop
      vertex -12.960769515458674 12.549999999999999 2
      vertex -13.047975991650517 12.680513714810465 0
      vertex -12.960769515458674 12.549999999999999 0
    endloop
  endfacet
  facet normal -0.7518398074789754 -0.6593458151000713 0
    outer loop
      vertex -13.047975991650517 12.680513714810465 2
      vertex -13.151471862576143 12.798528137423856 0
      vertex -13.047975991650517 12.680513714810465 0
    endloop
  endfacet
  facet normal -0.6593458151000713 -0.7518398074789754 0
    outer loop
      vertex -13.151471862576143 12.798528137423856 2
      vertex -13.269486285189535 12.902024008349482 0
      vertex -13.151471862576143 12.798528137423856 0
    endloop
  endfacet
  facet normal -0.9978589232386039 -0.0654031292301369 0
    outer loop
      vertex -12.8 11.95 0
      vertex -12.8 11.95 2
      vertex -12.810266166351427 12.106631430664061 0
    endloop
  endfacet
  facet normal -0.9807852804032303 -0.1950903220161293 0
    outer loop
      vertex -12.810266166351427 12.106631430664061 2
      vertex -12.840889008453118 12.260582854123024 0
      vertex -12.810266166351427 12.106631430664061 0
    endloop
  endfacet
  facet normal -0.9469301294951059 -0.3214394653031609 0
    outer loop
      vertex -12.840889008453118 12.260582854123024 2
      vertex -12.891344560986456 12.409220118838107 0
      vertex -12.840889008453118 12.260582854123024 0
    endloop
  endfacet
  facet normal -0.8968727415326867 -0.4422886902190047 0
    outer loop
      vertex -12.891344560986456 12.409220118838107 2
      vertex -12.960769515458674 12.549999999999999 0
      vertex -12.891344560986456 12.409220118838107 0
    endloop
  endfacet
  facet normal -0.4422886902190047 -0.8968727415326867 0
    outer loop
      vertex -13.4 12.989230484541325 2
      vertex -13.540779881161892 13.058655439013544 0
      vertex -13.4 12.989230484541325 0
    endloop
  endfacet
  facet normal -0.5555702330195964 -0.8314696123025491 0
    outer loop
      vertex -13.269486285189535 12.902024008349482 2
      vertex -13.4 12.989230484541325 0
      vertex -13.269486285189535 12.902024008349482 0
    endloop
  endfacet
  facet normal 0.9978589232386039 -0.0654031292301369 2.0840245019017051e-19
    outer loop
      vertex -15.189733833648573 12.106631430664061 2
      vertex -15.2 11.95 2
      vertex -15.2 11.95 0
    endloop
  endfacet
  facet normal 0.9807852804032303 -0.1950903220161293 1.1440840407084396e-18
    outer loop
      vertex -15.159110991546882 12.260582854123024 2
      vertex -15.189733833648573 12.106631430664061 2
      vertex -15.189733833648573 12.106631430664061 0
    endloop
  endfacet
  facet normal 0.9469301294951059 -0.3214394653031609 1.1796148276916328e-18
    outer loop
      vertex -15.108655439013544 12.409220118838107 2
      vertex -15.159110991546882 12.260582854123024 2
      vertex -15.159110991546882 12.260582854123024 0
    endloop
  endfacet
  facet normal 0.8968727415326867 -0.4422886902190047 7.277058758679847e-19
    outer loop
      vertex -15.039230484541326 12.549999999999999 2
      vertex -15.108655439013544 12.409220118838107 2
      vertex -15.108655439013544 12.409220118838107 0
    endloop
  endfacet
  facet normal 0.8314696123025491 -0.5555702330195964 -2.126310497099809e-18
    outer loop
      vertex -14.952024008349483 12.680513714810465 2
      vertex -15.039230484541326 12.549999999999999 2
      vertex -15.039230484541326 12.549999999999999 0
    endloop
  endfacet
  facet normal 0.7518398074789754 -0.6593458151000713 -2.6801365995895655e-18
    outer loop
      vertex -14.848528137423857 12.798528137423856 2
      vertex -14.952024008349483 12.680513714810465 2
      vertex -14.952024008349483 12.680513714810465 0
    endloop
  endfacet
  facet normal 0.6593458151000713 -0.7518398074789754 0
    outer loop
      vertex -14.848528137423857 12.798528137423856 2
      vertex -14.848528137423857 12.798528137423856 0
      vertex -14.730513714810465 12.902024008349482 2
    endloop
  endfacet
  facet normal 0.5555702330195964 -0.8314696123025491 0
    outer loop
      vertex -14.730513714810465 12.902024008349482 2
      vertex -14.730513714810465 12.902024008349482 0
      vertex -14.6 12.989230484541325 2
    endloop
  endfacet
  facet normal 0.4422886902190047 -0.8968727415326867 0
    outer loop
      vertex -14.6 12.989230484541325 2
      vertex -14.6 12.989230484541325 0
      vertex -14.459220118838108 13.058655439013544 2
    endloop
  endfacet
  facet normal 0.3214394653031609 -0.9469301294951059 0
    outer loop
      vertex -14.459220118838108 13.058655439013544 2
      vertex -14.459220118838108 13.058655439013544 0
      vertex -14.310582854123025 13.109110991546881 2
    endloop
  endfacet
  facet normal 0.1950903220161293 -0.9807852804032303 0
    outer loop
      vertex -14.310582854123025 13.109110991546881 2
      vertex -14.310582854123025 13.109110991546881 0
      vertex -14.156631430664062 13.139733833648572 2
    endloop
  endfacet
  facet normal 0.0654031292301369 -0.9978589232386039 0
    outer loop
      vertex -14.156631430664062 13.139733833648572 2
      vertex -14.156631430664062 13.139733833648572 0
      vertex -14 13.149999999999999 2
    endloop
  endfacet
  facet normal -0.0654031292301369 -0.9978589232386039 0
    outer loop
      vertex -14 13.149999999999999 2
      vertex -14 13.149999999999999 0
      vertex -13.843368569335938 13.139733833648572 2
    endloop
  endfacet
  facet normal -0.1950903220161293 -0.9807852804032303 0
    outer loop
      vertex -13.843368569335938 13.139733833648572 2
      vertex -13.843368569335938 13.139733833648572 0
      vertex -13.689417145876975 13.109110991546881 2
    endloop
  endfacet
  facet normal -0.3214394653031609 -0.9469301294951059 0
    outer loop
      vertex -13.689417145876975 13.109110991546881 2
      vertex -13.689417145876975 13.109110991546881 0
      vertex -13.540779881161892 13.058655439013544 2
    endloop
  endfacet
  facet normal -0.6593458151000713 -0.7518398074789754 0
    outer loop
      vertex -13.269486285189535 12.902024008349482 2
      vertex -13.269486285189535 12.902024008349482 0
      vertex -13.151471862576143 12.798528137423856 2
    endloop
  endfacet
  facet normal -0.8968727415326867 -0.4422886902190047 -7.277058758679847e-19
    outer loop
      vertex -12.891344560986456 12.409220118838107 2
      vertex -12.960769515458674 12.549999999999999 2
      vertex -12.960769515458674 12.549999999999999 0
    endloop
  endfacet
  facet normal -0.8314696123025491 -0.5555702330195964 2.126310497099809e-18
    outer loop
      vertex -12.960769515458674 12.549999999999999 2
      vertex -13.047975991650517 12.680513714810465 2
      vertex -13.047975991650517 12.680513714810465 0
    endloop
  endfacet
  facet normal -0.7518398074789754 -0.6593458151000713 2.6801365995895655e-18
    outer loop
      vertex -13.047975991650517 12.680513714810465 2
      vertex -13.151471862576143 12.798528137423856 2
      vertex -13.151471862576143 12.798528137423856 0
    endloop
  endfacet
  facet normal -0.9978589232386039 -0.0654031292301369 -2.0840245019017051e-19
    outer loop
      vertex -12.8 11.95 2
      vertex -12.810266166351427 12.106631430664061 2
      vertex -12.810266166351427 12.106631430664061 0
    endloop
  endfacet
  facet normal -0.9807852804032303 -0.1950903220161293 -1.1440840407084396e-18
    outer loop
      vertex -12.810266166351427 12.106631430664061 2
      vertex -12.840889008453118 12.260582854123024 2
      vertex -12.840889008453118 12.260582854123024 0
    endloop
  endfacet
  facet normal -0.9469301294951059 -0.3214394653031609 -1.1796148276916328e-18
    outer loop
      vertex -12.840889008453118 12.260582854123024 2
      vertex -12.891344560986456 12.409220118838107 2
      vertex -12.891344560986456 12.409220118838107 0
    endloop
  endfacet
  facet normal -0.4422886902190047 -0.8968727415326867 0
    outer loop
      vertex -13.540779881161892 13.058655439013544 2
      vertex -13.540779881161892 13.058655439013544 0
      vertex -13.4 12.989230484541325 2
    endloop
  endfacet
  facet normal -0.5555702330195964 -0.8314696123025491 0
    outer loop
      vertex -13.4 12.989230484541325 2
      vertex -13.4 12.989230484541325 0
      vertex -13.269486285189535 12.902024008349482 2
    endloop
  endfacet
  facet normal 0.5555702330195964 0.8314696123025491 0
    outer loop
      vertex 13.269486285189535 10.997975991650517 0
      vertex 13.269486285189535 10.997975991650517 2
      vertex 13.4 10.910769515458673 0
    endloop
  endfacet
  facet normal 0.4422886902190047 0.8968727415326867 0
    outer loop
      vertex 13.4 10.910769515458673 0
      vertex 13.4 10.910769515458673 2
      vertex 13.540779881161892 10.841344560986455 0
    endloop
  endfacet
  facet normal 0.8968727415326867 0.4422886902190047 -7.277058758679847e-19
    outer loop
      vertex 12.960769515458674 11.35 0
      vertex 12.891344560986456 11.490779881161892 0
      vertex 12.891344560986456 11.490779881161892 2
    endloop
  endfacet
  facet normal 0.9469301294951059 0.3214394653031609 -1.1796148276916328e-18
    outer loop
      vertex 12.891344560986456 11.490779881161892 0
      vertex 12.840889008453118 11.639417145876974 0
      vertex 12.840889008453118 11.639417145876974 2
    endloop
  endfacet
  facet normal 0.9807852804032303 0.1950903220161293 -1.1440840407084396e-18
    outer loop
      vertex 12.840889008453118 11.639417145876974 0
      vertex 12.810266166351427 11.793368569335938 0
      vertex 12.810266166351427 11.793368569335938 2
    endloop
  endfacet
  facet normal 0.9978589232386039 0.0654031292301369 -2.0840245019017051e-19
    outer loop
      vertex 12.810266166351427 11.793368569335938 0
      vertex 12.8 11.95 0
      vertex 12.8 11.95 2
    endloop
  endfacet
  facet normal 0.6593458151000713 0.7518398074789754 2.6801365995895655e-18
    outer loop
      vertex 13.269486285189535 10.997975991650517 0
      vertex 13.151471862576143 11.101471862576142 0
      vertex 13.151471862576143 11.101471862576142 2
    endloop
  endfacet
  facet normal 0.7518398074789754 0.6593458151000713 2.6801365995895655e-18
    outer loop
      vertex 13.151471862576143 11.101471862576142 0
      vertex 13.047975991650517 11.219486285189534 0
      vertex 13.047975991650517 11.219486285189534 2
    endloop
  endfacet
  facet normal 0.8314696123025491 0.5555702330195964 2.126310497099809e-18
    outer loop
      vertex 13.047975991650517 11.219486285189534 0
      vertex 12.960769515458674 11.35 0
      vertex 12.960769515458674 11.35 2
    endloop
  endfacet
  facet normal 0.3214394653031609 0.9469301294951059 0
    outer loop
      vertex 13.540779881161892 10.841344560986455 0
      vertex 13.540779881161892 10.841344560986455 2
      vertex 13.689417145876975 10.790889008453117 0
    endloop
  endfacet
  facet normal 0.1950903220161293 0.9807852804032303 0
    outer loop
      vertex 13.689417145876975 10.790889008453117 0
      vertex 13.689417145876975 10.790889008453117 2
      vertex 13.843368569335938 10.760266166351427 0
    endloop
  endfacet
  facet normal 0.0654031292301369 0.9978589232386039 0
    outer loop
      vertex 13.843368569335938 10.760266166351427 0
      vertex 13.843368569335938 10.760266166351427 2
      vertex 14 10.75 0
    endloop
  endfacet
  facet normal -0.0654031292301369 0.9978589232386039 0
    outer loop
      vertex 14 10.75 0
      vertex 14 10.75 2
      vertex 14.156631430664062 10.760266166351427 0
    endloop
  endfacet
  facet normal -0.1950903220161293 0.9807852804032303 0
    outer loop
      vertex 14.156631430664062 10.760266166351427 0
      vertex 14.156631430664062 10.760266166351427 2
      vertex 14.310582854123025 10.790889008453117 0
    endloop
  endfacet
  facet normal -0.3214394653031609 0.9469301294951059 0
    outer loop
      vertex 14.310582854123025 10.790889008453117 0
      vertex 14.310582854123025 10.790889008453117 2
      vertex 14.459220118838108 10.841344560986455 0
    endloop
  endfacet
  facet normal -0.4422886902190047 0.8968727415326867 0
    outer loop
      vertex 14.459220118838108 10.841344560986455 0
      vertex 14.459220118838108 10.841344560986455 2
      vertex 14.6 10.910769515458673 0
    endloop
  endfacet
  facet normal -0.5555702330195964 0.8314696123025491 0
    outer loop
      vertex 14.6 10.910769515458673 0
      vertex 14.6 10.910769515458673 2
      vertex 14.730513714810465 10.997975991650517 0
    endloop
  endfacet
  facet normal -0.6593458151000713 0.7518398074789754 0
    outer loop
      vertex 14.730513714810465 10.997975991650517 0
      vertex 14.730513714810465 10.997975991650517 2
      vertex 14.848528137423857 11.101471862576142 0
    endloop
  endfacet
  facet normal -0.7518398074789754 0.6593458151000713 0
    outer loop
      vertex 14.848528137423857 11.101471862576142 0
      vertex 14.848528137423857 11.101471862576142 2
      vertex 14.952024008349483 11.219486285189534 0
    endloop
  endfacet
  facet normal -0.8314696123025491 0.5555702330195964 -2.126310497099809e-18
    outer loop
      vertex 15.039230484541326 11.35 0
      vertex 14.952024008349483 11.219486285189534 0
      vertex 14.952024008349483 11.219486285189534 2
    endloop
  endfacet
  facet normal -0.8968727415326867 0.4422886902190047 7.277058758679847e-19
    outer loop
      vertex 15.108655439013544 11.490779881161892 0
      vertex 15.039230484541326 11.35 0
      vertex 15.039230484541326 11.35 2
    endloop
  endfacet
  facet normal -0.9469301294951059 0.3214394653031609 1.1796148276916328e-18
    outer loop
      vertex 15.159110991546882 11.639417145876974 0
      vertex 15.108655439013544 11.490779881161892 0
      vertex 15.108655439013544 11.490779881161892 2
    endloop
  endfacet
  facet normal -0.9807852804032303 0.1950903220161293 1.1440840407084396e-18
    outer loop
      vertex 15.189733833648573 11.793368569335938 0
      vertex 15.159110991546882 11.639417145876974 0
      vertex 15.159110991546882 11.639417145876974 2
    endloop
  endfacet
  facet normal -0.9978589232386039 0.0654031292301369 0
    outer loop
      vertex 15.189733833648573 11.793368569335938 0
      vertex 15.189733833648573 11.793368569335938 2
      vertex 15.2 11.95 0
    endloop
  endfacet
  facet normal 0.5555702330195964 0.8314696123025491 0
    outer loop
      vertex 13.4 10.910769515458673 0
      vertex 13.269486285189535 10.997975991650517 2
      vertex 13.4 10.910769515458673 2
    endloop
  endfacet
  facet normal 0.4422886902190047 0.8968727415326867 0
    outer loop
      vertex 13.540779881161892 10.841344560986455 0
      vertex 13.4 10.910769515458673 2
      vertex 13.540779881161892 10.841344560986455 2
    endloop
  endfacet
  facet normal 0.9469301294951059 0.3214394653031609 0
    outer loop
      vertex 12.891344560986456 11.490779881161892 0
      vertex 12.840889008453118 11.639417145876974 2
      vertex 12.891344560986456 11.490779881161892 2
    endloop
  endfacet
  facet normal 0.9807852804032303 0.1950903220161293 0
    outer loop
      vertex 12.840889008453118 11.639417145876974 0
      vertex 12.810266166351427 11.793368569335938 2
      vertex 12.840889008453118 11.639417145876974 2
    endloop
  endfacet
  facet normal 0.9978589232386039 0.0654031292301369 0
    outer loop
      vertex 12.810266166351427 11.793368569335938 0
      vertex 12.8 11.95 2
      vertex 12.810266166351427 11.793368569335938 2
    endloop
  endfacet
  facet normal 0.7518398074789754 0.6593458151000713 0
    outer loop
      vertex 13.151471862576143 11.101471862576142 0
      vertex 13.047975991650517 11.219486285189534 2
      vertex 13.151471862576143 11.101471862576142 2
    endloop
  endfacet
  facet normal 0.8314696123025491 0.5555702330195964 0
    outer loop
      vertex 13.047975991650517 11.219486285189534 0
      vertex 12.960769515458674 11.35 2
      vertex 13.047975991650517 11.219486285189534 2
    endloop
  endfacet
  facet normal 0.8968727415326867 0.4422886902190047 0
    outer loop
      vertex 12.960769515458674 11.35 0
      vertex 12.891344560986456 11.490779881161892 2
      vertex 12.960769515458674 11.35 2
    endloop
  endfacet
  facet normal 0.6593458151000713 0.7518398074789754 0
    outer loop
      vertex 13.269486285189535 10.997975991650517 0
      vertex 13.151471862576143 11.101471862576142 2
      vertex 13.269486285189535 10.997975991650517 2
    endloop
  endfacet
  facet normal 0.3214394653031609 0.9469301294951059 0
    outer loop
      vertex 13.689417145876975 10.790889008453117 0
      vertex 13.540779881161892 10.841344560986455 2
      vertex 13.689417145876975 10.790889008453117 2
    endloop
  endfacet
  facet normal 0.1950903220161293 0.9807852804032303 0
    outer loop
      vertex 13.843368569335938 10.760266166351427 0
      vertex 13.689417145876975 10.790889008453117 2
      vertex 13.843368569335938 10.760266166351427 2
    endloop
  endfacet
  facet normal 0.0654031292301369 0.9978589232386039 0
    outer loop
      vertex 14 10.75 0
      vertex 13.843368569335938 10.760266166351427 2
      vertex 14 10.75 2
    endloop
  endfacet
  facet normal -0.0654031292301369 0.9978589232386039 0
    outer loop
      vertex 14.156631430664062 10.760266166351427 0
      vertex 14 10.75 2
      vertex 14.156631430664062 10.760266166351427 2
    endloop
  endfacet
  facet normal -0.1950903220161293 0.9807852804032303 0
    outer loop
      vertex 14.310582854123025 10.790889008453117 0
      vertex 14.156631430664062 10.760266166351427 2
      vertex 14.310582854123025 10.790889008453117 2
    endloop
  endfacet
  facet normal -0.3214394653031609 0.9469301294951059 0
    outer loop
      vertex 14.459220118838108 10.841344560986455 0
      vertex 14.310582854123025 10.790889008453117 2
      vertex 14.459220118838108 10.841344560986455 2
    endloop
  endfacet
  facet normal -0.4422886902190047 0.8968727415326867 0
    outer loop
      vertex 14.6 10.910769515458673 0
      vertex 14.459220118838108 10.841344560986455 2
      vertex 14.6 10.910769515458673 2
    endloop
  endfacet
  facet normal -0.5555702330195964 0.8314696123025491 0
    outer loop
      vertex 14.730513714810465 10.997975991650517 0
      vertex 14.6 10.910769515458673 2
      vertex 14.730513714810465 10.997975991650517 2
    endloop
  endfacet
  facet normal -0.6593458151000713 0.7518398074789754 0
    outer loop
      vertex 14.848528137423857 11.101471862576142 0
      vertex 14.730513714810465 10.997975991650517 2
      vertex 14.848528137423857 11.101471862576142 2
    endloop
  endfacet
  facet normal -0.7518398074789754 0.6593458151000713 0
    outer loop
      vertex 14.952024008349483 11.219486285189534 0
      vertex 14.848528137423857 11.101471862576142 2
      vertex 14.952024008349483 11.219486285189534 2
    endloop
  endfacet
  facet normal -0.8314696123025491 0.5555702330195964 0
    outer loop
      vertex 15.039230484541326 11.35 0
      vertex 14.952024008349483 11.219486285189534 2
      vertex 15.039230484541326 11.35 2
    endloop
  endfacet
  facet normal -0.8968727415326867 0.4422886902190047 0
    outer loop
      vertex 15.108655439013544 11.490779881161892 0
      vertex 15.039230484541326 11.35 2
      vertex 15.108655439013544 11.490779881161892 2
    endloop
  endfacet
  facet normal -0.9469301294951059 0.3214394653031609 0
    outer loop
      vertex 15.159110991546882 11.639417145876974 0
      vertex 15.108655439013544 11.490779881161892 2
      vertex 15.159110991546882 11.639417145876974 2
    endloop
  endfacet
  facet normal -0.9807852804032303 0.1950903220161293 0
    outer loop
      vertex 15.189733833648573 11.793368569335938 0
      vertex 15.159110991546882 11.639417145876974 2
      vertex 15.189733833648573 11.793368569335938 2
    endloop
  endfacet
  facet normal -0.9978589232386039 0.0654031292301369 0
    outer loop
      vertex 15.2 11.95 0
      vertex 15.189733833648573 11.793368569335938 2
      vertex 15.2 11.95 2
    endloop
  endfacet
  facet normal 0.9978589232386039 -0.0654031292301369 2.0840245019017051e-19
    outer loop
      vertex 12.8 11.95 0
      vertex 12.810266166351427 12.106631430664061 0
      vertex 12.810266166351427 12.106631430664061 2
    endloop
  endfacet
  facet normal 0.9807852804032303 -0.1950903220161293 1.1440840407084396e-18
    outer loop
      vertex 12.810266166351427 12.106631430664061 0
      vertex 12.840889008453118 12.260582854123024 0
      vertex 12.840889008453118 12.260582854123024 2
    endloop
  endfacet
  facet normal 0.9469301294951059 -0.3214394653031609 1.1796148276916328e-18
    outer loop
      vertex 12.840889008453118 12.260582854123024 0
      vertex 12.891344560986456 12.409220118838107 0
      vertex 12.891344560986456 12.409220118838107 2
    endloop
  endfacet
  facet normal 0.8968727415326867 -0.4422886902190047 7.277058758679847e-19
    outer loop
      vertex 12.891344560986456 12.409220118838107 0
      vertex 12.960769515458674 12.549999999999999 0
      vertex 12.960769515458674 12.549999999999999 2
    endloop
  endfacet
  facet normal 0.8314696123025491 -0.5555702330195964 -2.126310497099809e-18
    outer loop
      vertex 12.960769515458674 12.549999999999999 0
      vertex 13.047975991650517 12.680513714810465 0
      vertex 13.047975991650517 12.680513714810465 2
    endloop
  endfacet
  facet normal 0.7518398074789754 -0.6593458151000713 -2.6801365995895655e-18
    outer loop
      vertex 13.047975991650517 12.680513714810465 0
      vertex 13.151471862576143 12.798528137423856 0
      vertex 13.151471862576143 12.798528137423856 2
    endloop
  endfacet
  facet normal 0.6593458151000713 -0.7518398074789754 0
    outer loop
      vertex 13.269486285189535 12.902024008349482 0
      vertex 13.269486285189535 12.902024008349482 2
      vertex 13.151471862576143 12.798528137423856 0
    endloop
  endfacet
  facet normal 0.5555702330195964 -0.8314696123025491 0
    outer loop
      vertex 13.4 12.989230484541325 0
      vertex 13.4 12.989230484541325 2
      vertex 13.269486285189535 12.902024008349482 0
    endloop
  endfacet
  facet normal 0.4422886902190047 -0.8968727415326867 0
    outer loop
      vertex 13.540779881161892 13.058655439013544 0
      vertex 13.540779881161892 13.058655439013544 2
      vertex 13.4 12.989230484541325 0
    endloop
  endfacet
  facet normal 0.3214394653031609 -0.9469301294951059 0
    outer loop
      vertex 13.689417145876975 13.109110991546881 0
      vertex 13.689417145876975 13.109110991546881 2
      vertex 13.540779881161892 13.058655439013544 0
    endloop
  endfacet
  facet normal 0.1950903220161293 -0.9807852804032303 0
    outer loop
      vertex 13.843368569335938 13.139733833648572 0
      vertex 13.843368569335938 13.139733833648572 2
      vertex 13.689417145876975 13.109110991546881 0
    endloop
  endfacet
  facet normal 0.0654031292301369 -0.9978589232386039 0
    outer loop
      vertex 14 13.149999999999999 0
      vertex 14 13.149999999999999 2
      vertex 13.843368569335938 13.139733833648572 0
    endloop
  endfacet
  facet normal -0.1950903220161293 -0.9807852804032303 0
    outer loop
      vertex 14.310582854123025 13.109110991546881 0
      vertex 14.310582854123025 13.109110991546881 2
      vertex 14.156631430664062 13.139733833648572 0
    endloop
  endfacet
  facet normal -0.0654031292301369 -0.9978589232386039 0
    outer loop
      vertex 14.156631430664062 13.139733833648572 0
      vertex 14.156631430664062 13.139733833648572 2
      vertex 14 13.149999999999999 0
    endloop
  endfacet
  facet normal -0.3214394653031609 -0.9469301294951059 0
    outer loop
      vertex 14.459220118838108 13.058655439013544 0
      vertex 14.459220118838108 13.058655439013544 2
      vertex 14.310582854123025 13.109110991546881 0
    endloop
  endfacet
  facet normal -0.4422886902190047 -0.8968727415326867 0
    outer loop
      vertex 14.6 12.989230484541325 0
      vertex 14.6 12.989230484541325 2
      vertex 14.459220118838108 13.058655439013544 0
    endloop
  endfacet
  facet normal -0.9807852804032303 -0.1950903220161293 -1.1440840407084396e-18
    outer loop
      vertex 15.159110991546882 12.260582854123024 0
      vertex 15.189733833648573 12.106631430664061 0
      vertex 15.189733833648573 12.106631430664061 2
    endloop
  endfacet
  facet normal -0.9469301294951059 -0.3214394653031609 -1.1796148276916328e-18
    outer loop
      vertex 15.108655439013544 12.409220118838107 0
      vertex 15.159110991546882 12.260582854123024 0
      vertex 15.159110991546882 12.260582854123024 2
    endloop
  endfacet
  facet normal -0.6593458151000713 -0.7518398074789754 0
    outer loop
      vertex 14.848528137423857 12.798528137423856 0
      vertex 14.848528137423857 12.798528137423856 2
      vertex 14.730513714810465 12.902024008349482 0
    endloop
  endfacet
  facet normal -0.8314696123025491 -0.5555702330195964 2.126310497099809e-18
    outer loop
      vertex 14.952024008349483 12.680513714810465 0
      vertex 15.039230484541326 12.549999999999999 0
      vertex 15.039230484541326 12.549999999999999 2
    endloop
  endfacet
  facet normal -0.8968727415326867 -0.4422886902190047 -7.277058758679847e-19
    outer loop
      vertex 15.039230484541326 12.549999999999999 0
      vertex 15.108655439013544 12.409220118838107 0
      vertex 15.108655439013544 12.409220118838107 2
    endloop
  endfacet
  facet normal -0.7518398074789754 -0.6593458151000713 2.6801365995895655e-18
    outer loop
      vertex 14.848528137423857 12.798528137423856 0
      vertex 14.952024008349483 12.680513714810465 0
      vertex 14.952024008349483 12.680513714810465 2
    endloop
  endfacet
  facet normal -0.9978589232386039 -0.0654031292301369 0
    outer loop
      vertex 15.2 11.95 0
      vertex 15.2 11.95 2
      vertex 15.189733833648573 12.106631430664061 0
    endloop
  endfacet
  facet normal -0.5555702330195964 -0.8314696123025491 0
    outer loop
      vertex 14.730513714810465 12.902024008349482 0
      vertex 14.730513714810465 12.902024008349482 2
      vertex 14.6 12.989230484541325 0
    endloop
  endfacet
  facet normal 0.9978589232386039 -0.0654031292301369 0
    outer loop
      vertex 12.8 11.95 0
      vertex 12.810266166351427 12.106631430664061 2
      vertex 12.8 11.95 2
    endloop
  endfacet
  facet normal 0.9807852804032303 -0.1950903220161293 0
    outer loop
      vertex 12.810266166351427 12.106631430664061 0
      vertex 12.840889008453118 12.260582854123024 2
      vertex 12.810266166351427 12.106631430664061 2
    endloop
  endfacet
  facet normal 0.9469301294951059 -0.3214394653031609 0
    outer loop
      vertex 12.840889008453118 12.260582854123024 0
      vertex 12.891344560986456 12.409220118838107 2
      vertex 12.840889008453118 12.260582854123024 2
    endloop
  endfacet
  facet normal 0.8968727415326867 -0.4422886902190047 0
    outer loop
      vertex 12.891344560986456 12.409220118838107 0
      vertex 12.960769515458674 12.549999999999999 2
      vertex 12.891344560986456 12.409220118838107 2
    endloop
  endfacet
  facet normal 0.8314696123025491 -0.5555702330195964 0
    outer loop
      vertex 12.960769515458674 12.549999999999999 0
      vertex 13.047975991650517 12.680513714810465 2
      vertex 12.960769515458674 12.549999999999999 2
    endloop
  endfacet
  facet normal 0.7518398074789754 -0.6593458151000713 0
    outer loop
      vertex 13.047975991650517 12.680513714810465 0
      vertex 13.151471862576143 12.798528137423856 2
      vertex 13.047975991650517 12.680513714810465 2
    endloop
  endfacet
  facet normal 0.6593458151000713 -0.7518398074789754 0
    outer loop
      vertex 13.151471862576143 12.798528137423856 0
      vertex 13.269486285189535 12.902024008349482 2
      vertex 13.151471862576143 12.798528137423856 2
    endloop
  endfacet
  facet normal 0.5555702330195964 -0.8314696123025491 0
    outer loop
      vertex 13.269486285189535 12.902024008349482 0
      vertex 13.4 12.989230484541325 2
      vertex 13.269486285189535 12.902024008349482 2
    endloop
  endfacet
  facet normal 0.4422886902190047 -0.8968727415326867 0
    outer loop
      vertex 13.4 12.989230484541325 0
      vertex 13.540779881161892 13.058655439013544 2
      vertex 13.4 12.989230484541325 2
    endloop
  endfacet
  facet normal 0.3214394653031609 -0.9469301294951059 0
    outer loop
      vertex 13.540779881161892 13.058655439013544 0
      vertex 13.689417145876975 13.109110991546881 2
      vertex 13.540779881161892 13.058655439013544 2
    endloop
  endfacet
  facet normal 0.1950903220161293 -0.9807852804032303 0
    outer loop
      vertex 13.689417145876975 13.109110991546881 0
      vertex 13.843368569335938 13.139733833648572 2
      vertex 13.689417145876975 13.109110991546881 2
    endloop
  endfacet
  facet normal 0.0654031292301369 -0.9978589232386039 0
    outer loop
      vertex 13.843368569335938 13.139733833648572 0
      vertex 14 13.149999999999999 2
      vertex 13.843368569335938 13.139733833648572 2
    endloop
  endfacet
  facet normal -0.0654031292301369 -0.9978589232386039 0
    outer loop
      vertex 14 13.149999999999999 0
      vertex 14.156631430664062 13.139733833648572 2
      vertex 14 13.149999999999999 2
    endloop
  endfacet
  facet normal -0.1950903220161293 -0.9807852804032303 0
    outer loop
      vertex 14.156631430664062 13.139733833648572 0
      vertex 14.310582854123025 13.109110991546881 2
      vertex 14.156631430664062 13.139733833648572 2
    endloop
  endfacet
  facet normal -0.3214394653031609 -0.9469301294951059 0
    outer loop
      vertex 14.310582854123025 13.109110991546881 0
      vertex 14.459220118838108 13.058655439013544 2
      vertex 14.310582854123025 13.109110991546881 2
    endloop
  endfacet
  facet normal -0.4422886902190047 -0.8968727415326867 0
    outer loop
      vertex 14.459220118838108 13.058655439013544 0
      vertex 14.6 12.989230484541325 2
      vertex 14.459220118838108 13.058655439013544 2
    endloop
  endfacet
  facet normal -0.9807852804032303 -0.1950903220161293 0
    outer loop
      vertex 15.159110991546882 12.260582854123024 0
      vertex 15.189733833648573 12.106631430664061 2
      vertex 15.159110991546882 12.260582854123024 2
    endloop
  endfacet
  facet normal -0.9469301294951059 -0.3214394653031609 0
    outer loop
      vertex 15.108655439013544 12.409220118838107 0
      vertex 15.159110991546882 12.260582854123024 2
      vertex 15.108655439013544 12.409220118838107 2
    endloop
  endfacet
  facet normal -0.7518398074789754 -0.6593458151000713 0
    outer loop
      vertex 14.848528137423857 12.798528137423856 0
      vertex 14.952024008349483 12.680513714810465 2
      vertex 14.848528137423857 12.798528137423856 2
    endloop
  endfacet
  facet normal -0.6593458151000713 -0.7518398074789754 0
    outer loop
      vertex 14.730513714810465 12.902024008349482 0
      vertex 14.848528137423857 12.798528137423856 2
      vertex 14.730513714810465 12.902024008349482 2
    endloop
  endfacet
  facet normal -0.8314696123025491 -0.5555702330195964 0
    outer loop
      vertex 14.952024008349483 12.680513714810465 0
      vertex 15.039230484541326 12.549999999999999 2
      vertex 14.952024008349483 12.680513714810465 2
    endloop
  endfacet
  facet normal -0.8968727415326867 -0.4422886902190047 0
    outer loop
      vertex 15.039230484541326 12.549999999999999 0
      vertex 15.108655439013544 12.409220118838107 2
      vertex 15.039230484541326 12.549999999999999 2
    endloop
  endfacet
  facet normal -0.9978589232386039 -0.0654031292301369 0
    outer loop
      vertex 15.189733833648573 12.106631430664061 0
      vertex 15.2 11.95 2
      vertex 15.189733833648573 12.106631430664061 2
    endloop
  endfacet
  facet normal -0.5555702330195964 -0.8314696123025491 0
    outer loop
      vertex 14.6 12.989230484541325 0
      vertex 14.730513714810465 12.902024008349482 2
      vertex 14.6 12.989230484541325 2
    endloop
  endfacet
  facet normal 0 0 -1
    outer loop
      vertex -18 -3.0500000000000007 0
      vertex -8.772740662097931 4.892944765090942 0
      vertex -8.739103622734547 4.7938532501459115 0
    endloop
  endfacet
  facet normal 0 0 -1
    outer loop
      vertex -18 -3.0500000000000007 0
      vertex -8.793155886232853 4.99557904601097 0
      vertex -8.772740662097931 4.892944765090942 0
    endloop
  endfacet
  facet normal 0 0 -1
    outer loop
      vertex -18 -3.0500000000000007 0
      vertex -8.565685421228409 4.534314577281474 0
      vertex -8.487009145319462 4.465317328274249 0
    endloop
  endfacet
  facet normal 0 0 -1
    outer loop
      vertex -18 -3.0500000000000007 0
      vertex -8.692820325493813 4.699999999999999 0
      vertex -8.634682670235634 4.612990853190421 0
    endloop
  endfacet
  facet normal 0 0 -1
    outer loop
      vertex -18 -3.0500000000000007 0
      vertex -8.634682670235634 4.612990853190421 0
      vertex -8.565685421228409 4.534314577281474 0
    endloop
  endfacet
  facet normal 0 0 -1
    outer loop
      vertex -18 -3.0500000000000007 0
      vertex -8.487009145319462 4.465317328274249 0
      vertex -8.399999998509884 4.407179673016071 0
    endloop
  endfacet
  facet normal 0 0 -1
    outer loop
      vertex -18 -3.0500000000000007 0
      vertex -8.399999998509884 4.407179673016071 0
      vertex -8.306146748363972 4.3608963757753365 0
    endloop
  endfacet
  facet normal 0 0 -1
    outer loop
      vertex -18 -3.0500000000000007 0
      vertex -8.207055233418941 4.327259336411952 0
      vertex -8.104420952498913 4.30684411227703 0
    endloop
  endfacet
  facet normal 0 0 -1
    outer loop
      vertex -18 -3.0500000000000007 0
      vertex -8.104420952498913 4.30684411227703 0
      vertex -8 4.300000001490115 0
    endloop
  endfacet
  facet normal 0 0 -1
    outer loop
      vertex -18 -3.0500000000000007 0
      vertex -8.306146748363972 4.3608963757753365 0
      vertex -8.207055233418941 4.327259336411952 0
    endloop
  endfacet
  facet normal 0 0 -1
    outer loop
      vertex -18 -3.0500000000000007 0
      vertex -8.739103622734547 4.7938532501459115 0
      vertex -8.692820325493813 4.699999999999999 0
    endloop
  endfacet
  facet normal 0 0 -1
    outer loop
      vertex -18 -3.0500000000000007 0
      vertex -13.689417145876975 10.790889008453117 0
      vertex -8.793155886232853 4.99557904601097 0
    endloop
  endfacet
  facet normal 0 0 -1
    outer loop
      vertex -18 -3.0500000000000007 0
      vertex -14.730513714810465 10.997975991650517 0
      vertex -14.6 10.910769515458673 0
    endloop
  endfacet
  facet normal 0 0 -1
    outer loop
      vertex -18 -3.0500000000000007 0
      vertex -15.108655439013544 11.490779881161892 0
      vertex -15.039230484541326 11.35 0
    endloop
  endfacet
  facet normal 0 0 -1
    outer loop
      vertex -18 -3.0500000000000007 0
      vertex -15.159110991546882 11.639417145876974 0
      vertex -15.108655439013544 11.490779881161892 0
    endloop
  endfacet
  facet normal 0 0 -1
    outer loop
      vertex -18 -3.0500000000000007 0
      vertex -14.952024008349483 11.219486285189534 0
      vertex -14.848528137423857 11.101471862576142 0
    endloop
  endfacet
  facet normal 0 0 -1
    outer loop
      vertex -18 -3.0500000000000007 0
      vertex -15.039230484541326 11.35 0
      vertex -14.952024008349483 11.219486285189534 0
    endloop
  endfacet
  facet normal 0 0 -1
    outer loop
      vertex -18 -3.0500000000000007 0
      vertex -14.848528137423857 11.101471862576142 0
      vertex -14.730513714810465 10.997975991650517 0
    endloop
  endfacet
  facet normal 0 0 -1
    outer loop
      vertex -18 -3.0500000000000007 0
      vertex -15.189733833648573 11.793368569335938 0
      vertex -15.159110991546882 11.639417145876974 0
    endloop
  endfacet
  facet normal 0 0 -1
    outer loop
      vertex -18 -3.0500000000000007 0
      vertex -15.2 11.95 0
      vertex -15.189733833648573 11.793368569335938 0
    endloop
  endfacet
  facet normal 0 0 -1
    outer loop
      vertex -18 -3.0500000000000007 0
      vertex -14.6 10.910769515458673 0
      vertex -14.459220118838108 10.841344560986455 0
    endloop
  endfacet
  facet normal 0 0 -1
    outer loop
      vertex -18 -3.0500000000000007 0
      vertex -14.459220118838108 10.841344560986455 0
      vertex -14.310582854123025 10.790889008453117 0
    endloop
  endfacet
  facet normal 0 0 -1
    outer loop
      vertex -18 -3.0500000000000007 0
      vertex -14.310582854123025 10.790889008453117 0
      vertex -14.156631430664062 10.760266166351427 0
    endloop
  endfacet
  facet normal 0 0 -1
    outer loop
      vertex -18 -3.0500000000000007 0
      vertex -14.156631430664062 10.760266166351427 0
      vertex -14 10.75 0
    endloop
  endfacet
  facet normal 0 0 -1
    outer loop
      vertex -18 -3.0500000000000007 0
      vertex -14 10.75 0
      vertex -13.843368569335938 10.760266166351427 0
    endloop
  endfacet
  facet normal 0 0 -1
    outer loop
      vertex -18 -3.0500000000000007 0
      vertex -13.843368569335938 10.760266166351427 0
      vertex -13.689417145876975 10.790889008453117 0
    endloop
  endfacet
  facet normal 0 0 -1
    outer loop
      vertex -18 -3.0500000000000007 0
      vertex -18 26.95 0
      vertex -15.2 11.95 0
    endloop
  endfacet
  facet normal 0 0 -1
    outer loop
      vertex -8.793155886232853 4.99557904601097 0
      vertex -13.689417145876975 10.790889008453117 0
      vertex -8.799999997019768 5.099999998509883 0
    endloop
  endfacet
  facet normal 0 0 -1
    outer loop
      vertex -13.689417145876975 10.790889008453117 0
      vertex -13.540779881161892 10.841344560986455 0
      vertex -8.799999997019768 5.099999998509883 0
    endloop
  endfacet
  facet normal 0 0 -1
    outer loop
      vertex -13.540779881161892 10.841344560986455 0
      vertex -13.4 10.910769515458673 0
      vertex -8.799999997019768 5.099999998509883 0
    endloop
  endfacet
  facet normal 0 0 -1
    outer loop
      vertex -13.4 10.910769515458673 0
      vertex -13.269486285189535 10.997975991650517 0
      vertex -8.799999997019768 5.099999998509883 0
    endloop
  endfacet
  facet normal 0 0 -1
    outer loop
      vertex -13.269486285189535 10.997975991650517 0
      vertex -13.151471862576143 11.101471862576142 0
      vertex -8.799999997019768 5.099999998509883 0
    endloop
  endfacet
  facet normal 0 0 -1
    outer loop
      vertex -13.151471862576143 11.101471862576142 0
      vertex -13.047975991650517 11.219486285189534 0
      vertex -8.799999997019768 5.099999998509883 0
    endloop
  endfacet
  facet normal 0 0 -1
    outer loop
      vertex -12.960769515458674 11.35 0
      vertex -8.799999997019768 5.099999998509883 0
      vertex -13.047975991650517 11.219486285189534 0
    endloop
  endfacet
  facet normal 0 0 -1
    outer loop
      vertex -12.891344560986456 11.490779881161892 0
      vertex -8.799999997019768 5.099999998509883 0
      vertex -12.960769515458674 11.35 0
    endloop
  endfacet
  facet normal 0 0 -1
    outer loop
      vertex -12.891344560986456 11.490779881161892 0
      vertex -8.799999997019768 18.800000001490115 0
      vertex -8.799999997019768 5.099999998509883 0
    endloop
  endfacet
  facet normal 0 0 -1
    outer loop
      vertex -18 -3.0500000000000007 0
      vertex -8 4.300000001490115 0
      vertex 8 4.300000001490115 0
    endloop
  endfacet
  facet normal 0 0 1
    outer loop
      vertex -18 -3.0500000000000007 2
      vertex -8.793155886232853 4.99557904601097 2
      vertex -14.156631430664062 10.760266166351427 2
    endloop
  endfacet
  facet normal 0 0 1
    outer loop
      vertex -18 -3.0500000000000007 2
      vertex -8.739103622734547 4.7938532501459115 2
      vertex -8.772740662097931 4.892944765090942 2
    endloop
  endfacet
  facet normal 0 0 1
    outer loop
      vertex -18 -3.0500000000000007 2
      vertex -8.772740662097931 4.892944765090942 2
      vertex -8.793155886232853 4.99557904601097 2
    endloop
  endfacet
  facet normal 0 0 1
    outer loop
      vertex -18 -3.0500000000000007 2
      vertex -8.487009145319462 4.465317328274249 2
      vertex -8.565685421228409 4.534314577281474 2
    endloop
  endfacet
  facet normal 0 0 1
    outer loop
      vertex -18 -3.0500000000000007 2
      vertex -8.634682670235634 4.612990853190421 2
      vertex -8.692820325493813 4.699999999999999 2
    endloop
  endfacet
  facet normal 0 0 1
    outer loop
      vertex -18 -3.0500000000000007 2
      vertex -8.565685421228409 4.534314577281474 2
      vertex -8.634682670235634 4.612990853190421 2
    endloop
  endfacet
  facet normal 0 0 1
    outer loop
      vertex -18 -3.0500000000000007 2
      vertex -8.399999998509884 4.407179673016071 2
      vertex -8.487009145319462 4.465317328274249 2
    endloop
  endfacet
  facet normal 0 0 1
    outer loop
      vertex -18 -3.0500000000000007 2
      vertex -8.306146748363972 4.3608963757753365 2
      vertex -8.399999998509884 4.407179673016071 2
    endloop
  endfacet
  facet normal 0 0 1
    outer loop
      vertex -18 -3.0500000000000007 2
      vertex -8.104420952498913 4.30684411227703 2
      vertex -8.207055233418941 4.327259336411952 2
    endloop
  endfacet
  facet normal 0 0 1
    outer loop
      vertex -18 -3.0500000000000007 2
      vertex -8 4.300000001490115 2
      vertex -8.104420952498913 4.30684411227703 2
    endloop
  endfacet
  facet normal 0 0 1
    outer loop
      vertex -18 -3.0500000000000007 2
      vertex -8.207055233418941 4.327259336411952 2
      vertex -8.306146748363972 4.3608963757753365 2
    endloop
  endfacet
  facet normal 0 0 1
    outer loop
      vertex -18 -3.0500000000000007 2
      vertex -8.692820325493813 4.699999999999999 2
      vertex -8.739103622734547 4.7938532501459115 2
    endloop
  endfacet
  facet normal -1 0 0
    outer loop
      vertex -18 -3.0500000000000007 0
      vertex -18 -3.0500000000000007 2
      vertex -18 26.95 2
    endloop
  endfacet
  facet normal 0 0 1
    outer loop
      vertex -18 -3.0500000000000007 2
      vertex -14.6 10.910769515458673 2
      vertex -14.730513714810465 10.997975991650517 2
    endloop
  endfacet
  facet normal 0 0 1
    outer loop
      vertex -18 -3.0500000000000007 2
      vertex -15.039230484541326 11.35 2
      vertex -15.108655439013544 11.490779881161892 2
    endloop
  endfacet
  facet normal 0 0 1
    outer loop
      vertex -18 -3.0500000000000007 2
      vertex -15.108655439013544 11.490779881161892 2
      vertex -15.159110991546882 11.639417145876974 2
    endloop
  endfacet
  facet normal 0 0 1
    outer loop
      vertex -18 -3.0500000000000007 2
      vertex -14.848528137423857 11.101471862576142 2
      vertex -14.952024008349483 11.219486285189534 2
    endloop
  endfacet
  facet normal 0 0 1
    outer loop
      vertex -18 -3.0500000000000007 2
      vertex -14.952024008349483 11.219486285189534 2
      vertex -15.039230484541326 11.35 2
    endloop
  endfacet
  facet normal 0 0 1
    outer loop
      vertex -18 -3.0500000000000007 2
      vertex -14.730513714810465 10.997975991650517 2
      vertex -14.848528137423857 11.101471862576142 2
    endloop
  endfacet
  facet normal 0 0 1
    outer loop
      vertex -18 -3.0500000000000007 2
      vertex -15.159110991546882 11.639417145876974 2
      vertex -15.189733833648573 11.793368569335938 2
    endloop
  endfacet
  facet normal 0 0 1
    outer loop
      vertex -18 -3.0500000000000007 2
      vertex -15.189733833648573 11.793368569335938 2
      vertex -15.2 11.95 2
    endloop
  endfacet
  facet normal 0 0 1
    outer loop
      vertex -18 -3.0500000000000007 2
      vertex -15.2 11.95 2
      vertex -15.189733833648573 12.106631430664061 2
    endloop
  endfacet
  facet normal 0 0 1
    outer loop
      vertex -18 -3.0500000000000007 2
      vertex -14.459220118838108 10.841344560986455 2
      vertex -14.6 10.910769515458673 2
    endloop
  endfacet
  facet normal 0 0 1
    outer loop
      vertex -18 -3.0500000000000007 2
      vertex -14.310582854123025 10.790889008453117 2
      vertex -14.459220118838108 10.841344560986455 2
    endloop
  endfacet
  facet normal 0 0 1
    outer loop
      vertex -18 -3.0500000000000007 2
      vertex -14.156631430664062 10.760266166351427 2
      vertex -14.310582854123025 10.790889008453117 2
    endloop
  endfacet
  facet normal 0 0 1
    outer loop
      vertex -8.799999997019768 5.099999998509883 2
      vertex -14.156631430664062 10.760266166351427 2
      vertex -8.793155886232853 4.99557904601097 2
    endloop
  endfacet
  facet normal 0 0 1
    outer loop
      vertex -14 10.75 2
      vertex -14.156631430664062 10.760266166351427 2
      vertex -8.799999997019768 5.099999998509883 2
    endloop
  endfacet
  facet normal 0 0 1
    outer loop
      vertex -13.843368569335938 10.760266166351427 2
      vertex -14 10.75 2
      vertex -8.799999997019768 5.099999998509883 2
    endloop
  endfacet
  facet normal 0 0 1
    outer loop
      vertex -13.689417145876975 10.790889008453117 2
      vertex -13.843368569335938 10.760266166351427 2
      vertex -8.799999997019768 5.099999998509883 2
    endloop
  endfacet
  facet normal 0 0 1
    outer loop
      vertex -13.540779881161892 10.841344560986455 2
      vertex -13.689417145876975 10.790889008453117 2
      vertex -8.799999997019768 5.099999998509883 2
    endloop
  endfacet
  facet normal 0 0 1
    outer loop
      vertex -13.4 10.910769515458673 2
      vertex -13.540779881161892 10.841344560986455 2
      vertex -8.799999997019768 5.099999998509883 2
    endloop
  endfacet
  facet normal 0 0 1
    outer loop
      vertex -13.269486285189535 10.997975991650517 2
      vertex -13.4 10.910769515458673 2
      vertex -8.799999997019768 5.099999998509883 2
    endloop
  endfacet
  facet normal 0 0 1
    outer loop
      vertex -13.151471862576143 11.101471862576142 2
      vertex -13.269486285189535 10.997975991650517 2
      vertex -8.799999997019768 5.099999998509883 2
    endloop
  endfacet
  facet normal 0 0 1
    outer loop
      vertex -13.151471862576143 11.101471862576142 2
      vertex -8.799999997019768 5.099999998509883 2
      vertex -13.047975991650517 11.219486285189534 2
    endloop
  endfacet
  facet normal 0 0 1
    outer loop
      vertex -13.047975991650517 11.219486285189534 2
      vertex -8.799999997019768 5.099999998509883 2
      vertex -12.960769515458674 11.35 2
    endloop
  endfacet
  facet normal 0 0 1
    outer loop
      vertex -12.960769515458674 11.35 2
      vertex -8.799999997019768 5.099999998509883 2
      vertex -12.891344560986456 11.490779881161892 2
    endloop
  endfacet
  facet normal 0 0 1
    outer loop
      vertex -12.891344560986456 11.490779881161892 2
      vertex -8.799999997019768 5.099999998509883 2
      vertex -12.840889008453118 11.639417145876974 2
    endloop
  endfacet
  facet normal 0 0 1
    outer loop
      vertex -12.840889008453118 11.639417145876974 2
      vertex -8.799999997019768 5.099999998509883 2
      vertex -12.810266166351427 11.793368569335938 2
    endloop
  endfacet
  facet normal 0 0 1
    outer loop
      vertex -12.810266166351427 11.793368569335938 2
      vertex -8.799999997019768 5.099999998509883 2
      vertex -12.8 11.95 2
    endloop
  endfacet
  facet normal 0 0 1
    outer loop
      vertex -12.8 11.95 2
      vertex -8.799999997019768 5.099999998509883 2
      vertex -8.799999997019768 18.800000001490115 2
    endloop
  endfacet
  facet normal 0 -1 0
    outer loop
      vertex -18 -3.0500000000000007 0
      vertex 18 -3.0500000000000007 2
      vertex -18 -3.0500000000000007 2
    endloop
  endfacet
  facet normal 0 0 1
    outer loop
      vertex -18 -3.0500000000000007 2
      vertex 18 -3.0500000000000007 2
      vertex -8 4.300000001490115 2
    endloop
  endfacet
  facet normal 0 0 -1
    outer loop
      vertex -18 26.95 0
      vertex -15.189733833648573 12.106631430664061 0
      vertex -15.2 11.95 0
    endloop
  endfacet
  facet normal 0 0 -1
    outer loop
      vertex -18 26.95 0
      vertex -15.159110991546882 12.260582854123024 0
      vertex -15.189733833648573 12.106631430664061 0
    endloop
  endfacet
  facet normal 0 0 -1
    outer loop
      vertex -18 26.95 0
      vertex -15.108655439013544 12.409220118838107 0
      vertex -15.159110991546882 12.260582854123024 0
    endloop
  endfacet
  facet normal 0 0 -1
    outer loop
      vertex -18 26.95 0
      vertex -15.039230484541326 12.549999999999999 0
      vertex -15.108655439013544 12.409220118838107 0
    endloop
  endfacet
  facet normal 0 0 -1
    outer loop
      vertex -18 26.95 0
      vertex -14.952024008349483 12.680513714810465 0
      vertex -15.039230484541326 12.549999999999999 0
    endloop
  endfacet
  facet normal 0 0 -1
    outer loop
      vertex -18 26.95 0
      vertex -14.848528137423857 12.798528137423856 0
      vertex -14.952024008349483 12.680513714810465 0
    endloop
  endfacet
  facet normal 0 0 -1
    outer loop
      vertex -18 26.95 0
      vertex -14.730513714810465 12.902024008349482 0
      vertex -14.848528137423857 12.798528137423856 0
    endloop
  endfacet
  facet normal 0 0 -1
    outer loop
      vertex -18 26.95 0
      vertex -14.6 12.989230484541325 0
      vertex -14.730513714810465 12.902024008349482 0
    endloop
  endfacet
  facet normal 0 0 -1
    outer loop
      vertex -18 26.95 0
      vertex -14.459220118838108 13.058655439013544 0
      vertex -14.6 12.989230484541325 0
    endloop
  endfacet
  facet normal 0 0 -1
    outer loop
      vertex -18 26.95 0
      vertex -14.310582854123025 13.109110991546881 0
      vertex -14.459220118838108 13.058655439013544 0
    endloop
  endfacet
  facet normal 0 0 -1
    outer loop
      vertex -18 26.95 0
      vertex -14.156631430664062 13.139733833648572 0
      vertex -14.310582854123025 13.109110991546881 0
    endloop
  endfacet
  facet normal 0 0 -1
    outer loop
      vertex -18 26.95 0
      vertex -14 13.149999999999999 0
      vertex -14.156631430664062 13.139733833648572 0
    endloop
  endfacet
  facet normal 0 0 -1
    outer loop
      vertex -18 26.95 0
      vertex -13.843368569335938 13.139733833648572 0
      vertex -14 13.149999999999999 0
    endloop
  endfacet
  facet normal 0 0 -1
    outer loop
      vertex -18 26.95 0
      vertex -13.689417145876975 13.109110991546881 0
      vertex -13.843368569335938 13.139733833648572 0
    endloop
  endfacet
  facet normal 0 0 -1
    outer loop
      vertex -12.840889008453118 11.639417145876974 0
      vertex -8.799999997019768 18.800000001490115 0
      vertex -12.891344560986456 11.490779881161892 0
    endloop
  endfacet
  facet normal 0 0 -1
    outer loop
      vertex -12.810266166351427 11.793368569335938 0
      vertex -8.799999997019768 18.800000001490115 0
      vertex -12.840889008453118 11.639417145876974 0
    endloop
  endfacet
  facet normal 0 0 -1
    outer loop
      vertex -12.810266166351427 11.793368569335938 0
      vertex -12.8 11.95 0
      vertex -8.799999997019768 18.800000001490115 0
    endloop
  endfacet
  facet normal 0 0 -1
    outer loop
      vertex -12.8 11.95 0
      vertex -12.810266166351427 12.106631430664061 0
      vertex -8.799999997019768 18.800000001490115 0
    endloop
  endfacet
  facet normal 0 0 -1
    outer loop
      vertex -12.960769515458674 12.549999999999999 0
      vertex -8.799999997019768 18.800000001490115 0
      vertex -12.891344560986456 12.409220118838107 0
    endloop
  endfacet
  facet normal 0 0 -1
    outer loop
      vertex -13.047975991650517 12.680513714810465 0
      vertex -8.799999997019768 18.800000001490115 0
      vertex -12.960769515458674 12.549999999999999 0
    endloop
  endfacet
  facet normal 0 0 -1
    outer loop
      vertex -13.151471862576143 12.798528137423856 0
      vertex -8.799999997019768 18.800000001490115 0
      vertex -13.047975991650517 12.680513714810465 0
    endloop
  endfacet
  facet normal 0 0 -1
    outer loop
      vertex -12.840889008453118 12.260582854123024 0
      vertex -8.799999997019768 18.800000001490115 0
      vertex -12.810266166351427 12.106631430664061 0
    endloop
  endfacet
  facet normal 0 0 -1
    outer loop
      vertex -12.891344560986456 12.409220118838107 0
      vertex -8.799999997019768 18.800000001490115 0
      vertex -12.840889008453118 12.260582854123024 0
    endloop
  endfacet
  facet normal 0 0 -1
    outer loop
      vertex -13.540779881161892 13.058655439013544 0
      vertex -13.689417145876975 13.109110991546881 0
      vertex -8.799999997019768 18.800000001490115 0
    endloop
  endfacet
  facet normal 0 0 -1
    outer loop
      vertex -13.4 12.989230484541325 0
      vertex -13.540779881161892 13.058655439013544 0
      vertex -8.799999997019768 18.800000001490115 0
    endloop
  endfacet
  facet normal 0 0 -1
    outer loop
      vertex -13.269486285189535 12.902024008349482 0
      vertex -13.4 12.989230484541325 0
      vertex -8.799999997019768 18.800000001490115 0
    endloop
  endfacet
  facet normal 0 0 -1
    outer loop
      vertex -13.151471862576143 12.798528137423856 0
      vertex -13.269486285189535 12.902024008349482 0
      vertex -8.799999997019768 18.800000001490115 0
    endloop
  endfacet
  facet normal -1 0 0
    outer loop
      vertex -18 -3.0500000000000007 0
      vertex -18 26.95 2
      vertex -18 26.95 0
    endloop
  endfacet
  facet normal 0 0 -1
    outer loop
      vertex -18 26.95 0
      vertex -8.799999997019768 18.800000001490115 0
      vertex -13.689417145876975 13.109110991546881 0
    endloop
  endfacet
  facet normal 0 0 -1
    outer loop
      vertex -18 26.95 0
      vertex -8.793155886232853 18.904420953989028 0
      vertex -8.799999997019768 18.800000001490115 0
    endloop
  endfacet
  facet normal 0 0 -1
    outer loop
      vertex -18 26.95 0
      vertex -8.772740662097931 19.007055234909057 0
      vertex -8.793155886232853 18.904420953989028 0
    endloop
  endfacet
  facet normal 0 0 -1
    outer loop
      vertex -18 26.95 0
      vertex -8.739103622734547 19.106146749854087 0
      vertex -8.772740662097931 19.007055234909057 0
    endloop
  endfacet
  facet normal 0 0 -1
    outer loop
      vertex -18 26.95 0
      vertex -8.692820325493813 19.2 0
      vertex -8.739103622734547 19.106146749854087 0
    endloop
  endfacet
  facet normal 0 0 -1
    outer loop
      vertex -18 26.95 0
      vertex -8.634682670235634 19.287009146809577 0
      vertex -8.692820325493813 19.2 0
    endloop
  endfacet
  facet normal 0 0 -1
    outer loop
      vertex -18 26.95 0
      vertex -8.565685421228409 19.365685422718524 0
      vertex -8.634682670235634 19.287009146809577 0
    endloop
  endfacet
  facet normal 0 0 -1
    outer loop
      vertex -18 26.95 0
      vertex -8.487009145319462 19.43468267172575 0
      vertex -8.565685421228409 19.365685422718524 0
    endloop
  endfacet
  facet normal 0 0 -1
    outer loop
      vertex -18 26.95 0
      vertex -8.399999998509884 19.492820326983928 0
      vertex -8.487009145319462 19.43468267172575 0
    endloop
  endfacet
  facet normal 0 0 -1
    outer loop
      vertex -18 26.95 0
      vertex -8.306146748363972 19.539103624224662 0
      vertex -8.399999998509884 19.492820326983928 0
    endloop
  endfacet
  facet normal 0 0 -1
    outer loop
      vertex -18 26.95 0
      vertex -8.207055233418941 19.572740663588046 0
      vertex -8.306146748363972 19.539103624224662 0
    endloop
  endfacet
  facet normal 0 0 -1
    outer loop
      vertex -18 26.95 0
      vertex -8.104420952498913 19.59315588772297 0
      vertex -8.207055233418941 19.572740663588046 0
    endloop
  endfacet
  facet normal 0 0 -1
    outer loop
      vertex -18 26.95 0
      vertex -8 19.599999998509883 0
      vertex -8.104420952498913 19.59315588772297 0
    endloop
  endfacet
  facet normal 0 0 -1
    outer loop
      vertex -18 26.95 0
      vertex 18 26.95 0
      vertex -8 19.599999998509883 0
    endloop
  endfacet
  facet normal 0 1 0
    outer loop
      vertex -18 26.95 0
      vertex -18 26.95 2
      vertex 18 26.95 0
    endloop
  endfacet
  facet normal 0 0 1
    outer loop
      vertex -18 -3.0500000000000007 2
      vertex -15.189733833648573 12.106631430664061 2
      vertex -18 26.95 2
    endloop
  endfacet
  facet normal 0 0 1
    outer loop
      vertex -18 26.95 2
      vertex -15.189733833648573 12.106631430664061 2
      vertex -15.159110991546882 12.260582854123024 2
    endloop
  endfacet
  facet normal 0 0 1
    outer loop
      vertex -18 26.95 2
      vertex -15.159110991546882 12.260582854123024 2
      vertex -15.108655439013544 12.409220118838107 2
    endloop
  endfacet
  facet normal 0 0 1
    outer loop
      vertex -18 26.95 2
      vertex -15.108655439013544 12.409220118838107 2
      vertex -15.039230484541326 12.549999999999999 2
    endloop
  endfacet
  facet normal 0 0 1
    outer loop
      vertex -18 26.95 2
      vertex -15.039230484541326 12.549999999999999 2
      vertex -14.952024008349483 12.680513714810465 2
    endloop
  endfacet
  facet normal 0 0 1
    outer loop
      vertex -18 26.95 2
      vertex -14.952024008349483 12.680513714810465 2
      vertex -14.848528137423857 12.798528137423856 2
    endloop
  endfacet
  facet normal 0 0 1
    outer loop
      vertex -18 26.95 2
      vertex -14.848528137423857 12.798528137423856 2
      vertex -14.730513714810465 12.902024008349482 2
    endloop
  endfacet
  facet normal 0 0 1
    outer loop
      vertex -18 26.95 2
      vertex -14.730513714810465 12.902024008349482 2
      vertex -14.6 12.989230484541325 2
    endloop
  endfacet
  facet normal 0 0 1
    outer loop
      vertex -18 26.95 2
      vertex -14.6 12.989230484541325 2
      vertex -14.459220118838108 13.058655439013544 2
    endloop
  endfacet
  facet normal 0 0 1
    outer loop
      vertex -18 26.95 2
      vertex -14.459220118838108 13.058655439013544 2
      vertex -14.310582854123025 13.109110991546881 2
    endloop
  endfacet
  facet normal 0 0 1
    outer loop
      vertex -18 26.95 2
      vertex -14.310582854123025 13.109110991546881 2
      vertex -14.156631430664062 13.139733833648572 2
    endloop
  endfacet
  facet normal 0 0 1
    outer loop
      vertex -18 26.95 2
      vertex -14.156631430664062 13.139733833648572 2
      vertex -14 13.149999999999999 2
    endloop
  endfacet
  facet normal 0 0 1
    outer loop
      vertex -18 26.95 2
      vertex -14 13.149999999999999 2
      vertex -13.843368569335938 13.139733833648572 2
    endloop
  endfacet
  facet normal 0 0 1
    outer loop
      vertex -12.8 11.95 2
      vertex -8.799999997019768 18.800000001490115 2
      vertex -12.810266166351427 12.106631430664061 2
    endloop
  endfacet
  facet normal 0 0 1
    outer loop
      vertex -12.891344560986456 12.409220118838107 2
      vertex -8.799999997019768 18.800000001490115 2
      vertex -12.960769515458674 12.549999999999999 2
    endloop
  endfacet
  facet normal 0 0 1
    outer loop
      vertex -12.960769515458674 12.549999999999999 2
      vertex -8.799999997019768 18.800000001490115 2
      vertex -13.047975991650517 12.680513714810465 2
    endloop
  endfacet
  facet normal 0 0 1
    outer loop
      vertex -13.047975991650517 12.680513714810465 2
      vertex -8.799999997019768 18.800000001490115 2
      vertex -13.151471862576143 12.798528137423856 2
    endloop
  endfacet
  facet normal 0 0 1
    outer loop
      vertex -12.810266166351427 12.106631430664061 2
      vertex -8.799999997019768 18.800000001490115 2
      vertex -12.840889008453118 12.260582854123024 2
    endloop
  endfacet
  facet normal 0 0 1
    outer loop
      vertex -12.840889008453118 12.260582854123024 2
      vertex -8.799999997019768 18.800000001490115 2
      vertex -12.891344560986456 12.409220118838107 2
    endloop
  endfacet
  facet normal 0 0 1
    outer loop
      vertex -13.843368569335938 13.139733833648572 2
      vertex -13.689417145876975 13.109110991546881 2
      vertex -8.799999997019768 18.800000001490115 2
    endloop
  endfacet
  facet normal 0 0 1
    outer loop
      vertex -13.689417145876975 13.109110991546881 2
      vertex -13.540779881161892 13.058655439013544 2
      vertex -8.799999997019768 18.800000001490115 2
    endloop
  endfacet
  facet normal 0 0 1
    outer loop
      vertex -13.540779881161892 13.058655439013544 2
      vertex -13.4 12.989230484541325 2
      vertex -8.799999997019768 18.800000001490115 2
    endloop
  endfacet
  facet normal 0 0 1
    outer loop
      vertex -13.4 12.989230484541325 2
      vertex -13.269486285189535 12.902024008349482 2
      vertex -8.799999997019768 18.800000001490115 2
    endloop
  endfacet
  facet normal 0 0 1
    outer loop
      vertex -13.269486285189535 12.902024008349482 2
      vertex -13.151471862576143 12.798528137423856 2
      vertex -8.799999997019768 18.800000001490115 2
    endloop
  endfacet
  facet normal 0 0 1
    outer loop
      vertex -18 26.95 2
      vertex -13.843368569335938 13.139733833648572 2
      vertex -8.799999997019768 18.800000001490115 2
    endloop
  endfacet
  facet normal 0 0 1
    outer loop
      vertex -18 26.95 2
      vertex -8.799999997019768 18.800000001490115 2
      vertex -8.793155886232853 18.904420953989028 2
    endloop
  endfacet
  facet normal 0 0 1
    outer loop
      vertex -18 26.95 2
      vertex -8.793155886232853 18.904420953989028 2
      vertex -8.772740662097931 19.007055234909057 2
    endloop
  endfacet
  facet normal 0 0 1
    outer loop
      vertex -18 26.95 2
      vertex -8.772740662097931 19.007055234909057 2
      vertex -8.739103622734547 19.106146749854087 2
    endloop
  endfacet
  facet normal 0 0 1
    outer loop
      vertex -18 26.95 2
      vertex -8.739103622734547 19.106146749854087 2
      vertex -8.692820325493813 19.2 2
    endloop
  endfacet
  facet normal 0 0 1
    outer loop
      vertex -18 26.95 2
      vertex -8.692820325493813 19.2 2
      vertex -8.634682670235634 19.287009146809577 2
    endloop
  endfacet
  facet normal 0 0 1
    outer loop
      vertex -18 26.95 2
      vertex -8.634682670235634 19.287009146809577 2
      vertex -8.565685421228409 19.365685422718524 2
    endloop
  endfacet
  facet normal 0 0 1
    outer loop
      vertex -18 26.95 2
      vertex -8.565685421228409 19.365685422718524 2
      vertex -8.487009145319462 19.43468267172575 2
    endloop
  endfacet
  facet normal 0 0 1
    outer loop
      vertex -18 26.95 2
      vertex -8.487009145319462 19.43468267172575 2
      vertex -8.399999998509884 19.492820326983928 2
    endloop
  endfacet
  facet normal 0 0 1
    outer loop
      vertex -18 26.95 2
      vertex -8.399999998509884 19.492820326983928 2
      vertex -8.306146748363972 19.539103624224662 2
    endloop
  endfacet
  facet normal 0 0 1
    outer loop
      vertex -18 26.95 2
      vertex -8.306146748363972 19.539103624224662 2
      vertex -8.207055233418941 19.572740663588046 2
    endloop
  endfacet
  facet normal 0 0 1
    outer loop
      vertex -18 26.95 2
      vertex -8.207055233418941 19.572740663588046 2
      vertex -8.104420952498913 19.59315588772297 2
    endloop
  endfacet
  facet normal 0 0 1
    outer loop
      vertex -18 26.95 2
      vertex -8.104420952498913 19.59315588772297 2
      vertex -8 19.599999998509883 2
    endloop
  endfacet
  facet normal 0 0 1
    outer loop
      vertex -18 26.95 2
      vertex -8 19.599999998509883 2
      vertex 8 19.599999998509883 2
    endloop
  endfacet
  facet normal 0 0 -1
    outer loop
      vertex -18 -3.0500000000000007 0
      vertex 8 4.300000001490115 0
      vertex 18 -3.0500000000000007 0
    endloop
  endfacet
  facet normal 0 -1 0
    outer loop
      vertex -18 -3.0500000000000007 0
      vertex 18 -3.0500000000000007 0
      vertex 18 -3.0500000000000007 2
    endloop
  endfacet
  facet normal 0 0 -1
    outer loop
      vertex 18 -3.0500000000000007 0
      vertex 8 4.300000001490115 0
      vertex 8.104420952498913 4.30684411227703 0
    endloop
  endfacet
  facet normal 0 0 -1
    outer loop
      vertex 18 -3.0500000000000007 0
      vertex 8.104420952498913 4.30684411227703 0
      vertex 8.207055233418941 4.327259336411952 0
    endloop
  endfacet
  facet normal 0 0 -1
    outer loop
      vertex 18 -3.0500000000000007 0
      vertex 8.207055233418941 4.327259336411952 0
      vertex 8.306146748363972 4.3608963757753365 0
    endloop
  endfacet
  facet normal 0 0 -1
    outer loop
      vertex 18 -3.0500000000000007 0
      vertex 8.306146748363972 4.3608963757753365 0
      vertex 8.399999998509884 4.407179673016071 0
    endloop
  endfacet
  facet normal 0 0 -1
    outer loop
      vertex 18 -3.0500000000000007 0
      vertex 8.399999998509884 4.407179673016071 0
      vertex 8.487009145319462 4.465317328274249 0
    endloop
  endfacet
  facet normal 0 0 -1
    outer loop
      vertex 18 -3.0500000000000007 0
      vertex 8.487009145319462 4.465317328274249 0
      vertex 8.565685421228409 4.534314577281474 0
    endloop
  endfacet
  facet normal 0 0 -1
    outer loop
      vertex 18 -3.0500000000000007 0
      vertex 8.565685421228409 4.534314577281474 0
      vertex 8.634682670235634 4.612990853190421 0
    endloop
  endfacet
  facet normal 0 0 -1
    outer loop
      vertex 18 -3.0500000000000007 0
      vertex 8.634682670235634 4.612990853190421 0
      vertex 8.692820325493813 4.699999999999999 0
    endloop
  endfacet
  facet normal 0 0 -1
    outer loop
      vertex 18 -3.0500000000000007 0
      vertex 8.692820325493813 4.699999999999999 0
      vertex 8.739103622734547 4.7938532501459115 0
    endloop
  endfacet
  facet normal 0 0 -1
    outer loop
      vertex 18 -3.0500000000000007 0
      vertex 8.739103622734547 4.7938532501459115 0
      vertex 8.772740662097931 4.892944765090942 0
    endloop
  endfacet
  facet normal 0 0 -1
    outer loop
      vertex 18 -3.0500000000000007 0
      vertex 8.772740662097931 4.892944765090942 0
      vertex 8.793155886232853 4.99557904601097 0
    endloop
  endfacet
  facet normal 0 0 -1
    outer loop
      vertex 18 -3.0500000000000007 0
      vertex 8.793155886232853 4.99557904601097 0
      vertex 14.156631430664062 10.760266166351427 0
    endloop
  endfacet
  facet normal 0 0 -1
    outer loop
      vertex 8.799999997019768 5.099999998509883 0
      vertex 14.156631430664062 10.760266166351427 0
      vertex 8.793155886232853 4.99557904601097 0
    endloop
  endfacet
  facet normal 0 0 -1
    outer loop
      vertex 8.799999997019768 5.099999998509883 0
      vertex 8.799999997019768 18.800000001490115 0
      vertex 12.8 11.95 0
    endloop
  endfacet
  facet normal 0 0 -1
    outer loop
      vertex 8.799999997019768 5.099999998509883 0
      vertex 13.151471862576143 11.101471862576142 0
      vertex 13.269486285189535 10.997975991650517 0
    endloop
  endfacet
  facet normal 0 0 -1
    outer loop
      vertex 13.269486285189535 10.997975991650517 0
      vertex 13.4 10.910769515458673 0
      vertex 8.799999997019768 5.099999998509883 0
    endloop
  endfacet
  facet normal 0 0 -1
    outer loop
      vertex 13.4 10.910769515458673 0
      vertex 13.540779881161892 10.841344560986455 0
      vertex 8.799999997019768 5.099999998509883 0
    endloop
  endfacet
  facet normal 0 0 -1
    outer loop
      vertex 13.540779881161892 10.841344560986455 0
      vertex 13.689417145876975 10.790889008453117 0
      vertex 8.799999997019768 5.099999998509883 0
    endloop
  endfacet
  facet normal 0 0 -1
    outer loop
      vertex 13.689417145876975 10.790889008453117 0
      vertex 13.843368569335938 10.760266166351427 0
      vertex 8.799999997019768 5.099999998509883 0
    endloop
  endfacet
  facet normal 0 0 -1
    outer loop
      vertex 13.843368569335938 10.760266166351427 0
      vertex 14 10.75 0
      vertex 8.799999997019768 5.099999998509883 0
    endloop
  endfacet
  facet normal 0 0 -1
    outer loop
      vertex 14 10.75 0
      vertex 14.156631430664062 10.760266166351427 0
      vertex 8.799999997019768 5.099999998509883 0
    endloop
  endfacet
  facet normal 0 0 -1
    outer loop
      vertex 12.891344560986456 11.490779881161892 0
      vertex 8.799999997019768 5.099999998509883 0
      vertex 12.840889008453118 11.639417145876974 0
    endloop
  endfacet
  facet normal 0 0 -1
    outer loop
      vertex 12.840889008453118 11.639417145876974 0
      vertex 8.799999997019768 5.099999998509883 0
      vertex 12.810266166351427 11.793368569335938 0
    endloop
  endfacet
  facet normal 0 0 -1
    outer loop
      vertex 13.151471862576143 11.101471862576142 0
      vertex 8.799999997019768 5.099999998509883 0
      vertex 13.047975991650517 11.219486285189534 0
    endloop
  endfacet
  facet normal 0 0 -1
    outer loop
      vertex 13.047975991650517 11.219486285189534 0
      vertex 8.799999997019768 5.099999998509883 0
      vertex 12.960769515458674 11.35 0
    endloop
  endfacet
  facet normal 0 0 -1
    outer loop
      vertex 12.960769515458674 11.35 0
      vertex 8.799999997019768 5.099999998509883 0
      vertex 12.891344560986456 11.490779881161892 0
    endloop
  endfacet
  facet normal 0 0 -1
    outer loop
      vertex 12.810266166351427 11.793368569335938 0
      vertex 8.799999997019768 5.099999998509883 0
      vertex 12.8 11.95 0
    endloop
  endfacet
  facet normal 0 0 -1
    outer loop
      vertex 18 -3.0500000000000007 0
      vertex 14.156631430664062 10.760266166351427 0
      vertex 14.310582854123025 10.790889008453117 0
    endloop
  endfacet
  facet normal 0 0 -1
    outer loop
      vertex 18 -3.0500000000000007 0
      vertex 14.310582854123025 10.790889008453117 0
      vertex 14.459220118838108 10.841344560986455 0
    endloop
  endfacet
  facet normal 0 0 -1
    outer loop
      vertex 18 -3.0500000000000007 0
      vertex 14.459220118838108 10.841344560986455 0
      vertex 14.6 10.910769515458673 0
    endloop
  endfacet
  facet normal 0 0 -1
    outer loop
      vertex 18 -3.0500000000000007 0
      vertex 14.6 10.910769515458673 0
      vertex 14.730513714810465 10.997975991650517 0
    endloop
  endfacet
  facet normal 0 0 -1
    outer loop
      vertex 18 -3.0500000000000007 0
      vertex 14.730513714810465 10.997975991650517 0
      vertex 14.848528137423857 11.101471862576142 0
    endloop
  endfacet
  facet normal 0 0 -1
    outer loop
      vertex 18 -3.0500000000000007 0
      vertex 14.848528137423857 11.101471862576142 0
      vertex 14.952024008349483 11.219486285189534 0
    endloop
  endfacet
  facet normal 0 0 -1
    outer loop
      vertex 18 -3.0500000000000007 0
      vertex 14.952024008349483 11.219486285189534 0
      vertex 15.039230484541326 11.35 0
    endloop
  endfacet
  facet normal 0 0 -1
    outer loop
      vertex 18 -3.0500000000000007 0
      vertex 15.039230484541326 11.35 0
      vertex 15.108655439013544 11.490779881161892 0
    endloop
  endfacet
  facet normal 0 0 -1
    outer loop
      vertex 18 -3.0500000000000007 0
      vertex 15.108655439013544 11.490779881161892 0
      vertex 15.159110991546882 11.639417145876974 0
    endloop
  endfacet
  facet normal 0 0 -1
    outer loop
      vertex 18 -3.0500000000000007 0
      vertex 15.159110991546882 11.639417145876974 0
      vertex 15.189733833648573 11.793368569335938 0
    endloop
  endfacet
  facet normal 0 0 -1
    outer loop
      vertex 18 -3.0500000000000007 0
      vertex 15.189733833648573 11.793368569335938 0
      vertex 15.2 11.95 0
    endloop
  endfacet
  facet normal 0 0 -1
    outer loop
      vertex 18 -3.0500000000000007 0
      vertex 15.2 11.95 0
      vertex 15.189733833648573 12.106631430664061 0
    endloop
  endfacet
  facet normal 1 0 0
    outer loop
      vertex 18 -3.0500000000000007 0
      vertex 18 26.95 0
      vertex 18 -3.0500000000000007 2
    endloop
  endfacet
  facet normal 0 0 1
    outer loop
      vertex 18 -3.0500000000000007 2
      vertex 8 4.300000001490115 2
      vertex -8 4.300000001490115 2
    endloop
  endfacet
  facet normal 0 0 1
    outer loop
      vertex 18 -3.0500000000000007 2
      vertex 8.104420952498913 4.30684411227703 2
      vertex 8 4.300000001490115 2
    endloop
  endfacet
  facet normal 0 0 1
    outer loop
      vertex 18 -3.0500000000000007 2
      vertex 8.207055233418941 4.327259336411952 2
      vertex 8.104420952498913 4.30684411227703 2
    endloop
  endfacet
  facet normal 0 0 1
    outer loop
      vertex 18 -3.0500000000000007 2
      vertex 8.306146748363972 4.3608963757753365 2
      vertex 8.207055233418941 4.327259336411952 2
    endloop
  endfacet
  facet normal 0 0 1
    outer loop
      vertex 18 -3.0500000000000007 2
      vertex 8.399999998509884 4.407179673016071 2
      vertex 8.306146748363972 4.3608963757753365 2
    endloop
  endfacet
  facet normal 0 0 1
    outer loop
      vertex 18 -3.0500000000000007 2
      vertex 8.487009145319462 4.465317328274249 2
      vertex 8.399999998509884 4.407179673016071 2
    endloop
  endfacet
  facet normal 0 0 1
    outer loop
      vertex 18 -3.0500000000000007 2
      vertex 8.565685421228409 4.534314577281474 2
      vertex 8.487009145319462 4.465317328274249 2
    endloop
  endfacet
  facet normal 0 0 1
    outer loop
      vertex 18 -3.0500000000000007 2
      vertex 8.634682670235634 4.612990853190421 2
      vertex 8.565685421228409 4.534314577281474 2
    endloop
  endfacet
  facet normal 0 0 1
    outer loop
      vertex 18 -3.0500000000000007 2
      vertex 8.692820325493813 4.699999999999999 2
      vertex 8.634682670235634 4.612990853190421 2
    endloop
  endfacet
  facet normal 0 0 1
    outer loop
      vertex 18 -3.0500000000000007 2
      vertex 8.739103622734547 4.7938532501459115 2
      vertex 8.692820325493813 4.699999999999999 2
    endloop
  endfacet
  facet normal 0 0 1
    outer loop
      vertex 18 -3.0500000000000007 2
      vertex 8.772740662097931 4.892944765090942 2
      vertex 8.739103622734547 4.7938532501459115 2
    endloop
  endfacet
  facet normal 0 0 1
    outer loop
      vertex 18 -3.0500000000000007 2
      vertex 8.793155886232853 4.99557904601097 2
      vertex 8.772740662097931 4.892944765090942 2
    endloop
  endfacet
  facet normal 0 0 1
    outer loop
      vertex 18 -3.0500000000000007 2
      vertex 13.689417145876975 10.790889008453117 2
      vertex 8.793155886232853 4.99557904601097 2
    endloop
  endfacet
  facet normal 0 0 1
    outer loop
      vertex 8.793155886232853 4.99557904601097 2
      vertex 13.689417145876975 10.790889008453117 2
      vertex 8.799999997019768 5.099999998509883 2
    endloop
  endfacet
  facet normal 0 0 1
    outer loop
      vertex 12.891344560986456 11.490779881161892 2
      vertex 8.799999997019768 18.800000001490115 2
      vertex 8.799999997019768 5.099999998509883 2
    endloop
  endfacet
  facet normal 0 0 1
    outer loop
      vertex 13.269486285189535 10.997975991650517 2
      vertex 13.151471862576143 11.101471862576142 2
      vertex 8.799999997019768 5.099999998509883 2
    endloop
  endfacet
  facet normal 0 0 1
    outer loop
      vertex 13.4 10.910769515458673 2
      vertex 13.269486285189535 10.997975991650517 2
      vertex 8.799999997019768 5.099999998509883 2
    endloop
  endfacet
  facet normal 0 0 1
    outer loop
      vertex 13.540779881161892 10.841344560986455 2
      vertex 13.4 10.910769515458673 2
      vertex 8.799999997019768 5.099999998509883 2
    endloop
  endfacet
  facet normal 0 0 1
    outer loop
      vertex 13.689417145876975 10.790889008453117 2
      vertex 13.540779881161892 10.841344560986455 2
      vertex 8.799999997019768 5.099999998509883 2
    endloop
  endfacet
  facet normal 0 0 1
    outer loop
      vertex 13.047975991650517 11.219486285189534 2
      vertex 8.799999997019768 5.099999998509883 2
      vertex 13.151471862576143 11.101471862576142 2
    endloop
  endfacet
  facet normal 0 0 1
    outer loop
      vertex 12.960769515458674 11.35 2
      vertex 8.799999997019768 5.099999998509883 2
      vertex 13.047975991650517 11.219486285189534 2
    endloop
  endfacet
  facet normal 0 0 1
    outer loop
      vertex 12.891344560986456 11.490779881161892 2
      vertex 8.799999997019768 5.099999998509883 2
      vertex 12.960769515458674 11.35 2
    endloop
  endfacet
  facet normal 0 0 1
    outer loop
      vertex 18 -3.0500000000000007 2
      vertex 13.843368569335938 10.760266166351427 2
      vertex 13.689417145876975 10.790889008453117 2
    endloop
  endfacet
  facet normal 0 0 1
    outer loop
      vertex 18 -3.0500000000000007 2
      vertex 14 10.75 2
      vertex 13.843368569335938 10.760266166351427 2
    endloop
  endfacet
  facet normal 0 0 1
    outer loop
      vertex 18 -3.0500000000000007 2
      vertex 14.156631430664062 10.760266166351427 2
      vertex 14 10.75 2
    endloop
  endfacet
  facet normal 0 0 1
    outer loop
      vertex 18 -3.0500000000000007 2
      vertex 14.310582854123025 10.790889008453117 2
      vertex 14.156631430664062 10.760266166351427 2
    endloop
  endfacet
  facet normal 0 0 1
    outer loop
      vertex 18 -3.0500000000000007 2
      vertex 14.459220118838108 10.841344560986455 2
      vertex 14.310582854123025 10.790889008453117 2
    endloop
  endfacet
  facet normal 0 0 1
    outer loop
      vertex 18 -3.0500000000000007 2
      vertex 14.6 10.910769515458673 2
      vertex 14.459220118838108 10.841344560986455 2
    endloop
  endfacet
  facet normal 0 0 1
    outer loop
      vertex 18 -3.0500000000000007 2
      vertex 14.730513714810465 10.997975991650517 2
      vertex 14.6 10.910769515458673 2
    endloop
  endfacet
  facet normal 0 0 1
    outer loop
      vertex 18 -3.0500000000000007 2
      vertex 14.848528137423857 11.101471862576142 2
      vertex 14.730513714810465 10.997975991650517 2
    endloop
  endfacet
  facet normal 0 0 1
    outer loop
      vertex 18 -3.0500000000000007 2
      vertex 14.952024008349483 11.219486285189534 2
      vertex 14.848528137423857 11.101471862576142 2
    endloop
  endfacet
  facet normal 0 0 1
    outer loop
      vertex 18 -3.0500000000000007 2
      vertex 15.039230484541326 11.35 2
      vertex 14.952024008349483 11.219486285189534 2
    endloop
  endfacet
  facet normal 0 0 1
    outer loop
      vertex 18 -3.0500000000000007 2
      vertex 15.108655439013544 11.490779881161892 2
      vertex 15.039230484541326 11.35 2
    endloop
  endfacet
  facet normal 0 0 1
    outer loop
      vertex 18 -3.0500000000000007 2
      vertex 15.159110991546882 11.639417145876974 2
      vertex 15.108655439013544 11.490779881161892 2
    endloop
  endfacet
  facet normal 0 0 1
    outer loop
      vertex 18 -3.0500000000000007 2
      vertex 15.189733833648573 11.793368569335938 2
      vertex 15.159110991546882 11.639417145876974 2
    endloop
  endfacet
  facet normal 0 0 1
    outer loop
      vertex 18 -3.0500000000000007 2
      vertex 15.2 11.95 2
      vertex 15.189733833648573 11.793368569335938 2
    endloop
  endfacet
  facet normal 0 0 1
    outer loop
      vertex 18 -3.0500000000000007 2
      vertex 18 26.95 2
      vertex 15.2 11.95 2
    endloop
  endfacet
  facet normal 0 0 -1
    outer loop
      vertex 18 26.95 0
      vertex 8 19.599999998509883 0
      vertex -8 19.599999998509883 0
    endloop
  endfacet
  facet normal 0 0 -1
    outer loop
      vertex 12.8 11.95 0
      vertex 8.799999997019768 18.800000001490115 0
      vertex 12.810266166351427 12.106631430664061 0
    endloop
  endfacet
  facet normal 0 0 -1
    outer loop
      vertex 12.810266166351427 12.106631430664061 0
      vertex 8.799999997019768 18.800000001490115 0
      vertex 12.840889008453118 12.260582854123024 0
    endloop
  endfacet
  facet normal 0 0 -1
    outer loop
      vertex 12.840889008453118 12.260582854123024 0
      vertex 8.799999997019768 18.800000001490115 0
      vertex 12.891344560986456 12.409220118838107 0
    endloop
  endfacet
  facet normal 0 0 -1
    outer loop
      vertex 12.891344560986456 12.409220118838107 0
      vertex 8.799999997019768 18.800000001490115 0
      vertex 12.960769515458674 12.549999999999999 0
    endloop
  endfacet
  facet normal 0 0 -1
    outer loop
      vertex 12.960769515458674 12.549999999999999 0
      vertex 8.799999997019768 18.800000001490115 0
      vertex 13.047975991650517 12.680513714810465 0
    endloop
  endfacet
  facet normal 0 0 -1
    outer loop
      vertex 13.047975991650517 12.680513714810465 0
      vertex 8.799999997019768 18.800000001490115 0
      vertex 13.151471862576143 12.798528137423856 0
    endloop
  endfacet
  facet normal 0 0 -1
    outer loop
      vertex 13.269486285189535 12.902024008349482 0
      vertex 13.151471862576143 12.798528137423856 0
      vertex 8.799999997019768 18.800000001490115 0
    endloop
  endfacet
  facet normal 0 0 -1
    outer loop
      vertex 13.4 12.989230484541325 0
      vertex 13.269486285189535 12.902024008349482 0
      vertex 8.799999997019768 18.800000001490115 0
    endloop
  endfacet
  facet normal 0 0 -1
    outer loop
      vertex 13.540779881161892 13.058655439013544 0
      vertex 13.4 12.989230484541325 0
      vertex 8.799999997019768 18.800000001490115 0
    endloop
  endfacet
  facet normal 0 0 -1
    outer loop
      vertex 13.689417145876975 13.109110991546881 0
      vertex 13.540779881161892 13.058655439013544 0
      vertex 8.799999997019768 18.800000001490115 0
    endloop
  endfacet
  facet normal 0 0 -1
    outer loop
      vertex 13.843368569335938 13.139733833648572 0
      vertex 13.689417145876975 13.109110991546881 0
      vertex 8.799999997019768 18.800000001490115 0
    endloop
  endfacet
  facet normal 0 0 -1
    outer loop
      vertex 18 -3.0500000000000007 0
      vertex 15.189733833648573 12.106631430664061 0
      vertex 18 26.95 0
    endloop
  endfacet
  facet normal 0 0 -1
    outer loop
      vertex 18 26.95 0
      vertex 14 13.149999999999999 0
      vertex 13.843368569335938 13.139733833648572 0
    endloop
  endfacet
  facet normal 0 0 -1
    outer loop
      vertex 18 26.95 0
      vertex 14.156631430664062 13.139733833648572 0
      vertex 14 13.149999999999999 0
    endloop
  endfacet
  facet normal 0 0 -1
    outer loop
      vertex 18 26.95 0
      vertex 14.310582854123025 13.109110991546881 0
      vertex 14.156631430664062 13.139733833648572 0
    endloop
  endfacet
  facet normal 0 0 -1
    outer loop
      vertex 18 26.95 0
      vertex 14.459220118838108 13.058655439013544 0
      vertex 14.310582854123025 13.109110991546881 0
    endloop
  endfacet
  facet normal 0 0 -1
    outer loop
      vertex 18 26.95 0
      vertex 14.6 12.989230484541325 0
      vertex 14.459220118838108 13.058655439013544 0
    endloop
  endfacet
  facet normal 0 0 -1
    outer loop
      vertex 18 26.95 0
      vertex 15.189733833648573 12.106631430664061 0
      vertex 15.159110991546882 12.260582854123024 0
    endloop
  endfacet
  facet normal 0 0 -1
    outer loop
      vertex 18 26.95 0
      vertex 14.848528137423857 12.798528137423856 0
      vertex 14.730513714810465 12.902024008349482 0
    endloop
  endfacet
  facet normal 0 0 -1
    outer loop
      vertex 18 26.95 0
      vertex 15.039230484541326 12.549999999999999 0
      vertex 14.952024008349483 12.680513714810465 0
    endloop
  endfacet
  facet normal 0 0 -1
    outer loop
      vertex 18 26.95 0
      vertex 14.952024008349483 12.680513714810465 0
      vertex 14.848528137423857 12.798528137423856 0
    endloop
  endfacet
  facet normal 0 0 -1
    outer loop
      vertex 18 26.95 0
      vertex 15.159110991546882 12.260582854123024 0
      vertex 15.108655439013544 12.409220118838107 0
    endloop
  endfacet
  facet normal 0 0 -1
    outer loop
      vertex 18 26.95 0
      vertex 15.108655439013544 12.409220118838107 0
      vertex 15.039230484541326 12.549999999999999 0
    endloop
  endfacet
  facet normal 0 0 -1
    outer loop
      vertex 18 26.95 0
      vertex 14.730513714810465 12.902024008349482 0
      vertex 14.6 12.989230484541325 0
    endloop
  endfacet
  facet normal 0 0 -1
    outer loop
      vertex 18 26.95 0
      vertex 8.739103622734547 19.106146749854087 0
      vertex 8.692820325493813 19.2 0
    endloop
  endfacet
  facet normal 0 0 -1
    outer loop
      vertex 18 26.95 0
      vertex 8.306146748363972 19.539103624224662 0
      vertex 8.207055233418941 19.572740663588046 0
    endloop
  endfacet
  facet normal 0 0 -1
    outer loop
      vertex 18 26.95 0
      vertex 8.104420952498913 19.59315588772297 0
      vertex 8 19.599999998509883 0
    endloop
  endfacet
  facet normal 0 0 -1
    outer loop
      vertex 18 26.95 0
      vertex 8.207055233418941 19.572740663588046 0
      vertex 8.104420952498913 19.59315588772297 0
    endloop
  endfacet
  facet normal 0 0 -1
    outer loop
      vertex 18 26.95 0
      vertex 8.399999998509884 19.492820326983928 0
      vertex 8.306146748363972 19.539103624224662 0
    endloop
  endfacet
  facet normal 0 0 -1
    outer loop
      vertex 18 26.95 0
      vertex 8.487009145319462 19.43468267172575 0
      vertex 8.399999998509884 19.492820326983928 0
    endloop
  endfacet
  facet normal 0 0 -1
    outer loop
      vertex 18 26.95 0
      vertex 8.634682670235634 19.287009146809577 0
      vertex 8.565685421228409 19.365685422718524 0
    endloop
  endfacet
  facet normal 0 0 -1
    outer loop
      vertex 18 26.95 0
      vertex 8.692820325493813 19.2 0
      vertex 8.634682670235634 19.287009146809577 0
    endloop
  endfacet
  facet normal 0 0 -1
    outer loop
      vertex 18 26.95 0
      vertex 8.565685421228409 19.365685422718524 0
      vertex 8.487009145319462 19.43468267172575 0
    endloop
  endfacet
  facet normal 0 0 -1
    outer loop
      vertex 18 26.95 0
      vertex 8.799999997019768 18.800000001490115 0
      vertex 8.793155886232853 18.904420953989028 0
    endloop
  endfacet
  facet normal 0 0 -1
    outer loop
      vertex 18 26.95 0
      vertex 8.793155886232853 18.904420953989028 0
      vertex 8.772740662097931 19.007055234909057 0
    endloop
  endfacet
  facet normal 0 0 -1
    outer loop
      vertex 18 26.95 0
      vertex 8.772740662097931 19.007055234909057 0
      vertex 8.739103622734547 19.106146749854087 0
    endloop
  endfacet
  facet normal 0 0 -1
    outer loop
      vertex 18 26.95 0
      vertex 13.843368569335938 13.139733833648572 0
      vertex 8.799999997019768 18.800000001490115 0
    endloop
  endfacet
  facet normal 0 1 0
    outer loop
      vertex -18 26.95 2
      vertex 18 26.95 2
      vertex 18 26.95 0
    endloop
  endfacet
  facet normal 0 0 1
    outer loop
      vertex -18 26.95 2
      vertex 8 19.599999998509883 2
      vertex 18 26.95 2
    endloop
  endfacet
  facet normal 1 0 0
    outer loop
      vertex 18 -3.0500000000000007 2
      vertex 18 26.95 0
      vertex 18 26.95 2
    endloop
  endfacet
  facet normal 0 0 1
    outer loop
      vertex 12.840889008453118 11.639417145876974 2
      vertex 8.799999997019768 18.800000001490115 2
      vertex 12.891344560986456 11.490779881161892 2
    endloop
  endfacet
  facet normal 0 0 1
    outer loop
      vertex 12.810266166351427 11.793368569335938 2
      vertex 8.799999997019768 18.800000001490115 2
      vertex 12.840889008453118 11.639417145876974 2
    endloop
  endfacet
  facet normal 0 0 1
    outer loop
      vertex 12.8 11.95 2
      vertex 8.799999997019768 18.800000001490115 2
      vertex 12.810266166351427 11.793368569335938 2
    endloop
  endfacet
  facet normal 0 0 1
    outer loop
      vertex 12.810266166351427 12.106631430664061 2
      vertex 8.799999997019768 18.800000001490115 2
      vertex 12.8 11.95 2
    endloop
  endfacet
  facet normal 0 0 1
    outer loop
      vertex 12.840889008453118 12.260582854123024 2
      vertex 8.799999997019768 18.800000001490115 2
      vertex 12.810266166351427 12.106631430664061 2
    endloop
  endfacet
  facet normal 0 0 1
    outer loop
      vertex 12.891344560986456 12.409220118838107 2
      vertex 8.799999997019768 18.800000001490115 2
      vertex 12.840889008453118 12.260582854123024 2
    endloop
  endfacet
  facet normal 0 0 1
    outer loop
      vertex 12.960769515458674 12.549999999999999 2
      vertex 8.799999997019768 18.800000001490115 2
      vertex 12.891344560986456 12.409220118838107 2
    endloop
  endfacet
  facet normal 0 0 1
    outer loop
      vertex 13.047975991650517 12.680513714810465 2
      vertex 8.799999997019768 18.800000001490115 2
      vertex 12.960769515458674 12.549999999999999 2
    endloop
  endfacet
  facet normal 0 0 1
    outer loop
      vertex 13.151471862576143 12.798528137423856 2
      vertex 8.799999997019768 18.800000001490115 2
      vertex 13.047975991650517 12.680513714810465 2
    endloop
  endfacet
  facet normal 0 0 1
    outer loop
      vertex 13.151471862576143 12.798528137423856 2
      vertex 13.269486285189535 12.902024008349482 2
      vertex 8.799999997019768 18.800000001490115 2
    endloop
  endfacet
  facet normal 0 0 1
    outer loop
      vertex 13.269486285189535 12.902024008349482 2
      vertex 13.4 12.989230484541325 2
      vertex 8.799999997019768 18.800000001490115 2
    endloop
  endfacet
  facet normal 0 0 1
    outer loop
      vertex 13.4 12.989230484541325 2
      vertex 13.540779881161892 13.058655439013544 2
      vertex 8.799999997019768 18.800000001490115 2
    endloop
  endfacet
  facet normal 0 0 1
    outer loop
      vertex 13.540779881161892 13.058655439013544 2
      vertex 13.689417145876975 13.109110991546881 2
      vertex 8.799999997019768 18.800000001490115 2
    endloop
  endfacet
  facet normal 0 0 1
    outer loop
      vertex 18 26.95 2
      vertex 13.689417145876975 13.109110991546881 2
      vertex 13.843368569335938 13.139733833648572 2
    endloop
  endfacet
  facet normal 0 0 1
    outer loop
      vertex 18 26.95 2
      vertex 13.843368569335938 13.139733833648572 2
      vertex 14 13.149999999999999 2
    endloop
  endfacet
  facet normal 0 0 1
    outer loop
      vertex 18 26.95 2
      vertex 14 13.149999999999999 2
      vertex 14.156631430664062 13.139733833648572 2
    endloop
  endfacet
  facet normal 0 0 1
    outer loop
      vertex 18 26.95 2
      vertex 14.156631430664062 13.139733833648572 2
      vertex 14.310582854123025 13.109110991546881 2
    endloop
  endfacet
  facet normal 0 0 1
    outer loop
      vertex 18 26.95 2
      vertex 14.310582854123025 13.109110991546881 2
      vertex 14.459220118838108 13.058655439013544 2
    endloop
  endfacet
  facet normal 0 0 1
    outer loop
      vertex 18 26.95 2
      vertex 14.459220118838108 13.058655439013544 2
      vertex 14.6 12.989230484541325 2
    endloop
  endfacet
  facet normal 0 0 1
    outer loop
      vertex 18 26.95 2
      vertex 15.189733833648573 12.106631430664061 2
      vertex 15.2 11.95 2
    endloop
  endfacet
  facet normal 0 0 1
    outer loop
      vertex 18 26.95 2
      vertex 15.159110991546882 12.260582854123024 2
      vertex 15.189733833648573 12.106631430664061 2
    endloop
  endfacet
  facet normal 0 0 1
    outer loop
      vertex 18 26.95 2
      vertex 14.730513714810465 12.902024008349482 2
      vertex 14.848528137423857 12.798528137423856 2
    endloop
  endfacet
  facet normal 0 0 1
    outer loop
      vertex 18 26.95 2
      vertex 14.952024008349483 12.680513714810465 2
      vertex 15.039230484541326 12.549999999999999 2
    endloop
  endfacet
  facet normal 0 0 1
    outer loop
      vertex 18 26.95 2
      vertex 14.848528137423857 12.798528137423856 2
      vertex 14.952024008349483 12.680513714810465 2
    endloop
  endfacet
  facet normal 0 0 1
    outer loop
      vertex 18 26.95 2
      vertex 15.108655439013544 12.409220118838107 2
      vertex 15.159110991546882 12.260582854123024 2
    endloop
  endfacet
  facet normal 0 0 1
    outer loop
      vertex 18 26.95 2
      vertex 15.039230484541326 12.549999999999999 2
      vertex 15.108655439013544 12.409220118838107 2
    endloop
  endfacet
  facet normal 0 0 1
    outer loop
      vertex 18 26.95 2
      vertex 14.6 12.989230484541325 2
      vertex 14.730513714810465 12.902024008349482 2
    endloop
  endfacet
  facet normal 0 0 1
    outer loop
      vertex 18 26.95 2
      vertex 8.799999997019768 18.800000001490115 2
      vertex 13.689417145876975 13.109110991546881 2
    endloop
  endfacet
  facet normal 0 0 1
    outer loop
      vertex 18 26.95 2
      vertex 8.692820325493813 19.2 2
      vertex 8.739103622734547 19.106146749854087 2
    endloop
  endfacet
  facet normal 0 0 1
    outer loop
      vertex 18 26.95 2
      vertex 8.207055233418941 19.572740663588046 2
      vertex 8.306146748363972 19.539103624224662 2
    endloop
  endfacet
  facet normal 0 0 1
    outer loop
      vertex 18 26.95 2
      vertex 8 19.599999998509883 2
      vertex 8.104420952498913 19.59315588772297 2
    endloop
  endfacet
  facet normal 0 0 1
    outer loop
      vertex 18 26.95 2
      vertex 8.104420952498913 19.59315588772297 2
      vertex 8.207055233418941 19.572740663588046 2
    endloop
  endfacet
  facet normal 0 0 1
    outer loop
      vertex 18 26.95 2
      vertex 8.306146748363972 19.539103624224662 2
      vertex 8.399999998509884 19.492820326983928 2
    endloop
  endfacet
  facet normal 0 0 1
    outer loop
      vertex 18 26.95 2
      vertex 8.399999998509884 19.492820326983928 2
      vertex 8.487009145319462 19.43468267172575 2
    endloop
  endfacet
  facet normal 0 0 1
    outer loop
      vertex 18 26.95 2
      vertex 8.565685421228409 19.365685422718524 2
      vertex 8.634682670235634 19.287009146809577 2
    endloop
  endfacet
  facet normal 0 0 1
    outer loop
      vertex 18 26.95 2
      vertex 8.634682670235634 19.287009146809577 2
      vertex 8.692820325493813 19.2 2
    endloop
  endfacet
  facet normal 0 0 1
    outer loop
      vertex 18 26.95 2
      vertex 8.487009145319462 19.43468267172575 2
      vertex 8.565685421228409 19.365685422718524 2
    endloop
  endfacet
  facet normal 0 0 1
    outer loop
      vertex 18 26.95 2
      vertex 8.793155886232853 18.904420953989028 2
      vertex 8.799999997019768 18.800000001490115 2
    endloop
  endfacet
  facet normal 0 0 1
    outer loop
      vertex 18 26.95 2
      vertex 8.772740662097931 19.007055234909057 2
      vertex 8.793155886232853 18.904420953989028 2
    endloop
  endfacet
  facet normal 0 0 1
    outer loop
      vertex 18 26.95 2
      vertex 8.739103622734547 19.106146749854087 2
      vertex 8.772740662097931 19.007055234909057 2
    endloop
  endfacet
  facet normal 0.5555702466055247 0.831469603224722 0
    outer loop
      vertex -8.487009145319462 4.465317328274249 2
      vertex -8.399999998509884 4.407179673016071 0
      vertex -8.487009145319462 4.465317328274249 0
    endloop
  endfacet
  facet normal 0.4422886611100639 0.896872755887627 0
    outer loop
      vertex -8.399999998509884 4.407179673016071 2
      vertex -8.306146748363972 4.3608963757753365 0
      vertex -8.399999998509884 4.407179673016071 0
    endloop
  endfacet
  facet normal 0.1950902883977413 0.9807852870903427 0
    outer loop
      vertex -8.207055233418941 4.327259336411952 2
      vertex -8.104420952498913 4.30684411227703 0
      vertex -8.207055233418941 4.327259336411952 0
    endloop
  endfacet
  facet normal 0.3214394875653658 0.9469301219381053 0
    outer loop
      vertex -8.306146748363972 4.3608963757753365 2
      vertex -8.207055233418941 4.327259336411952 0
      vertex -8.306146748363972 4.3608963757753365 0
    endloop
  endfacet
  facet normal 0.0654031289415513 0.9978589232575188 0
    outer loop
      vertex -8.104420952498913 4.30684411227703 2
      vertex -8 4.300000001490115 0
      vertex -8.104420952498913 4.30684411227703 0
    endloop
  endfacet
  facet normal 0 1 0
    outer loop
      vertex -8 4.300000001490115 0
      vertex -8 4.300000001490115 2
      vertex 8 4.300000001490115 0
    endloop
  endfacet
  facet normal 0.896872755887627 0.4422886611100639 0
    outer loop
      vertex -8.739103622734547 4.7938532501459115 2
      vertex -8.692820325493813 4.699999999999999 0
      vertex -8.739103622734547 4.7938532501459115 0
    endloop
  endfacet
  facet normal 0.9469301219381053 0.3214394875653658 0
    outer loop
      vertex -8.772740662097931 4.892944765090942 2
      vertex -8.739103622734547 4.7938532501459115 0
      vertex -8.772740662097931 4.892944765090942 0
    endloop
  endfacet
  facet normal 0.831469603224722 0.5555702466055247 0
    outer loop
      vertex -8.692820325493813 4.699999999999999 2
      vertex -8.634682670235634 4.612990853190421 0
      vertex -8.692820325493813 4.699999999999999 0
    endloop
  endfacet
  facet normal 0.7518397750806569 0.6593458520432712 0
    outer loop
      vertex -8.634682670235634 4.612990853190421 2
      vertex -8.565685421228409 4.534314577281474 0
      vertex -8.634682670235634 4.612990853190421 0
    endloop
  endfacet
  facet normal 0.6593458520432712 0.7518397750806569 0
    outer loop
      vertex -8.565685421228409 4.534314577281474 2
      vertex -8.487009145319462 4.465317328274249 0
      vertex -8.565685421228409 4.534314577281474 0
    endloop
  endfacet
  facet normal 0.9807852870903427 0.1950902883977413 0
    outer loop
      vertex -8.793155886232853 4.99557904601097 2
      vertex -8.772740662097931 4.892944765090942 0
      vertex -8.793155886232853 4.99557904601097 0
    endloop
  endfacet
  facet normal 0.9978589232575188 0.0654031289415513 0
    outer loop
      vertex -8.799999997019768 5.099999998509883 2
      vertex -8.793155886232853 4.99557904601097 0
      vertex -8.799999997019768 5.099999998509883 0
    endloop
  endfacet
  facet normal 0.5555702466055247 0.831469603224722 0
    outer loop
      vertex -8.487009145319462 4.465317328274249 2
      vertex -8.399999998509884 4.407179673016071 2
      vertex -8.399999998509884 4.407179673016071 0
    endloop
  endfacet
  facet normal 0.4422886611100639 0.896872755887627 0
    outer loop
      vertex -8.399999998509884 4.407179673016071 2
      vertex -8.306146748363972 4.3608963757753365 2
      vertex -8.306146748363972 4.3608963757753365 0
    endloop
  endfacet
  facet normal 0.3214394875653658 0.9469301219381053 0
    outer loop
      vertex -8.306146748363972 4.3608963757753365 2
      vertex -8.207055233418941 4.327259336411952 2
      vertex -8.207055233418941 4.327259336411952 0
    endloop
  endfacet
  facet normal 0.1950902883977413 0.9807852870903427 0
    outer loop
      vertex -8.207055233418941 4.327259336411952 2
      vertex -8.104420952498913 4.30684411227703 2
      vertex -8.104420952498913 4.30684411227703 0
    endloop
  endfacet
  facet normal 0.0654031289415513 0.9978589232575188 0
    outer loop
      vertex -8.104420952498913 4.30684411227703 2
      vertex -8 4.300000001490115 2
      vertex -8 4.300000001490115 0
    endloop
  endfacet
  facet normal 0.9469301219381053 0.3214394875653658 0
    outer loop
      vertex -8.772740662097931 4.892944765090942 2
      vertex -8.739103622734547 4.7938532501459115 2
      vertex -8.739103622734547 4.7938532501459115 0
    endloop
  endfacet
  facet normal 0.7518397750806569 0.6593458520432712 0
    outer loop
      vertex -8.634682670235634 4.612990853190421 2
      vertex -8.565685421228409 4.534314577281474 2
      vertex -8.565685421228409 4.534314577281474 0
    endloop
  endfacet
  facet normal 0.831469603224722 0.5555702466055247 0
    outer loop
      vertex -8.692820325493813 4.699999999999999 2
      vertex -8.634682670235634 4.612990853190421 2
      vertex -8.634682670235634 4.612990853190421 0
    endloop
  endfacet
  facet normal 0.6593458520432712 0.7518397750806569 0
    outer loop
      vertex -8.565685421228409 4.534314577281474 2
      vertex -8.487009145319462 4.465317328274249 2
      vertex -8.487009145319462 4.465317328274249 0
    endloop
  endfacet
  facet normal 0.896872755887627 0.4422886611100639 0
    outer loop
      vertex -8.739103622734547 4.7938532501459115 2
      vertex -8.692820325493813 4.699999999999999 2
      vertex -8.692820325493813 4.699999999999999 0
    endloop
  endfacet
  facet normal 0.9978589232575188 0.0654031289415513 0
    outer loop
      vertex -8.799999997019768 5.099999998509883 2
      vertex -8.793155886232853 4.99557904601097 2
      vertex -8.793155886232853 4.99557904601097 0
    endloop
  endfacet
  facet normal 0.9807852870903427 0.1950902883977413 0
    outer loop
      vertex -8.793155886232853 4.99557904601097 2
      vertex -8.772740662097931 4.892944765090942 2
      vertex -8.772740662097931 4.892944765090942 0
    endloop
  endfacet
  facet normal 1 0 0
    outer loop
      vertex -8.799999997019768 5.099999998509883 2
      vertex -8.799999997019768 5.099999998509883 0
      vertex -8.799999997019768 18.800000001490115 2
    endloop
  endfacet
  facet normal 1 0 0
    outer loop
      vertex -8.799999997019768 18.800000001490115 2
      vertex -8.799999997019768 5.099999998509883 0
      vertex -8.799999997019768 18.800000001490115 0
    endloop
  endfacet
  facet normal 0.9978589232575188 -0.0654031289415513 0
    outer loop
      vertex -8.793155886232853 18.904420953989028 2
      vertex -8.799999997019768 18.800000001490115 0
      vertex -8.793155886232853 18.904420953989028 0
    endloop
  endfacet
  facet normal 0.9807852870903427 -0.1950902883977413 0
    outer loop
      vertex -8.772740662097931 19.007055234909057 2
      vertex -8.793155886232853 18.904420953989028 0
      vertex -8.772740662097931 19.007055234909057 0
    endloop
  endfacet
  facet normal 0.9469301219381053 -0.3214394875653658 0
    outer loop
      vertex -8.739103622734547 19.106146749854087 2
      vertex -8.772740662097931 19.007055234909057 0
      vertex -8.739103622734547 19.106146749854087 0
    endloop
  endfacet
  facet normal 0.896872755887627 -0.4422886611100639 0
    outer loop
      vertex -8.692820325493813 19.2 2
      vertex -8.739103622734547 19.106146749854087 0
      vertex -8.692820325493813 19.2 0
    endloop
  endfacet
  facet normal 0.831469603224722 -0.5555702466055247 0
    outer loop
      vertex -8.692820325493813 19.2 0
      vertex -8.634682670235634 19.287009146809577 0
      vertex -8.634682670235634 19.287009146809577 2
    endloop
  endfacet
  facet normal 0.7518397750806569 -0.6593458520432712 0
    outer loop
      vertex -8.634682670235634 19.287009146809577 0
      vertex -8.565685421228409 19.365685422718524 0
      vertex -8.565685421228409 19.365685422718524 2
    endloop
  endfacet
  facet normal 0.6593458520432712 -0.7518397750806569 0
    outer loop
      vertex -8.565685421228409 19.365685422718524 0
      vertex -8.487009145319462 19.43468267172575 0
      vertex -8.487009145319462 19.43468267172575 2
    endloop
  endfacet
  facet normal 0.5555702466055247 -0.831469603224722 0
    outer loop
      vertex -8.487009145319462 19.43468267172575 0
      vertex -8.399999998509884 19.492820326983928 0
      vertex -8.399999998509884 19.492820326983928 2
    endloop
  endfacet
  facet normal 0.4422886611100639 -0.896872755887627 0
    outer loop
      vertex -8.399999998509884 19.492820326983928 0
      vertex -8.306146748363972 19.539103624224662 0
      vertex -8.306146748363972 19.539103624224662 2
    endloop
  endfacet
  facet normal 0.3214394875653658 -0.9469301219381053 0
    outer loop
      vertex -8.306146748363972 19.539103624224662 0
      vertex -8.207055233418941 19.572740663588046 0
      vertex -8.207055233418941 19.572740663588046 2
    endloop
  endfacet
  facet normal 0.1950902883977413 -0.9807852870903427 0
    outer loop
      vertex -8.207055233418941 19.572740663588046 0
      vertex -8.104420952498913 19.59315588772297 0
      vertex -8.104420952498913 19.59315588772297 2
    endloop
  endfacet
  facet normal 0.0654031289415513 -0.9978589232575188 0
    outer loop
      vertex -8.104420952498913 19.59315588772297 0
      vertex -8 19.599999998509883 0
      vertex -8 19.599999998509883 2
    endloop
  endfacet
  facet normal 0.9978589232575188 -0.0654031289415513 0
    outer loop
      vertex -8.793155886232853 18.904420953989028 2
      vertex -8.799999997019768 18.800000001490115 2
      vertex -8.799999997019768 18.800000001490115 0
    endloop
  endfacet
  facet normal 0.9807852870903427 -0.1950902883977413 0
    outer loop
      vertex -8.772740662097931 19.007055234909057 2
      vertex -8.793155886232853 18.904420953989028 2
      vertex -8.793155886232853 18.904420953989028 0
    endloop
  endfacet
  facet normal 0.9469301219381053 -0.3214394875653658 0
    outer loop
      vertex -8.739103622734547 19.106146749854087 2
      vertex -8.772740662097931 19.007055234909057 2
      vertex -8.772740662097931 19.007055234909057 0
    endloop
  endfacet
  facet normal 0.896872755887627 -0.4422886611100639 0
    outer loop
      vertex -8.692820325493813 19.2 2
      vertex -8.739103622734547 19.106146749854087 2
      vertex -8.739103622734547 19.106146749854087 0
    endloop
  endfacet
  facet normal 0.831469603224722 -0.5555702466055247 0
    outer loop
      vertex -8.692820325493813 19.2 0
      vertex -8.634682670235634 19.287009146809577 2
      vertex -8.692820325493813 19.2 2
    endloop
  endfacet
  facet normal 0.7518397750806569 -0.6593458520432712 0
    outer loop
      vertex -8.634682670235634 19.287009146809577 0
      vertex -8.565685421228409 19.365685422718524 2
      vertex -8.634682670235634 19.287009146809577 2
    endloop
  endfacet
  facet normal 0.6593458520432712 -0.7518397750806569 0
    outer loop
      vertex -8.565685421228409 19.365685422718524 0
      vertex -8.487009145319462 19.43468267172575 2
      vertex -8.565685421228409 19.365685422718524 2
    endloop
  endfacet
  facet normal 0.5555702466055247 -0.831469603224722 0
    outer loop
      vertex -8.487009145319462 19.43468267172575 0
      vertex -8.399999998509884 19.492820326983928 2
      vertex -8.487009145319462 19.43468267172575 2
    endloop
  endfacet
  facet normal 0.4422886611100639 -0.896872755887627 0
    outer loop
      vertex -8.399999998509884 19.492820326983928 0
      vertex -8.306146748363972 19.539103624224662 2
      vertex -8.399999998509884 19.492820326983928 2
    endloop
  endfacet
  facet normal 0.3214394875653658 -0.9469301219381053 0
    outer loop
      vertex -8.306146748363972 19.539103624224662 0
      vertex -8.207055233418941 19.572740663588046 2
      vertex -8.306146748363972 19.539103624224662 2
    endloop
  endfacet
  facet normal 0.1950902883977413 -0.9807852870903427 0
    outer loop
      vertex -8.207055233418941 19.572740663588046 0
      vertex -8.104420952498913 19.59315588772297 2
      vertex -8.207055233418941 19.572740663588046 2
    endloop
  endfacet
  facet normal 0.0654031289415513 -0.9978589232575188 0
    outer loop
      vertex -8.104420952498913 19.59315588772297 0
      vertex -8 19.599999998509883 2
      vertex -8.104420952498913 19.59315588772297 2
    endloop
  endfacet
  facet normal 0 -1 0
    outer loop
      vertex -8 19.599999998509883 2
      vertex -8 19.599999998509883 0
      vertex 8 19.599999998509883 2
    endloop
  endfacet
  facet normal -0.0654031289415513 0.9978589232575188 0
    outer loop
      vertex 8 4.300000001490115 2
      vertex 8.104420952498913 4.30684411227703 0
      vertex 8 4.300000001490115 0
    endloop
  endfacet
  facet normal -0.1950902883977413 0.9807852870903427 0
    outer loop
      vertex 8.104420952498913 4.30684411227703 2
      vertex 8.207055233418941 4.327259336411952 0
      vertex 8.104420952498913 4.30684411227703 0
    endloop
  endfacet
  facet normal -0.3214394875653658 0.9469301219381053 0
    outer loop
      vertex 8.207055233418941 4.327259336411952 2
      vertex 8.306146748363972 4.3608963757753365 0
      vertex 8.207055233418941 4.327259336411952 0
    endloop
  endfacet
  facet normal -0.4422886611100639 0.896872755887627 0
    outer loop
      vertex 8.306146748363972 4.3608963757753365 2
      vertex 8.399999998509884 4.407179673016071 0
      vertex 8.306146748363972 4.3608963757753365 0
    endloop
  endfacet
  facet normal -0.5555702466055247 0.831469603224722 0
    outer loop
      vertex 8.399999998509884 4.407179673016071 2
      vertex 8.487009145319462 4.465317328274249 0
      vertex 8.399999998509884 4.407179673016071 0
    endloop
  endfacet
  facet normal -0.6593458520432712 0.7518397750806569 0
    outer loop
      vertex 8.487009145319462 4.465317328274249 2
      vertex 8.565685421228409 4.534314577281474 0
      vertex 8.487009145319462 4.465317328274249 0
    endloop
  endfacet
  facet normal -0.7518397750806569 0.6593458520432712 0
    outer loop
      vertex 8.565685421228409 4.534314577281474 2
      vertex 8.634682670235634 4.612990853190421 0
      vertex 8.565685421228409 4.534314577281474 0
    endloop
  endfacet
  facet normal -0.831469603224722 0.5555702466055247 0
    outer loop
      vertex 8.634682670235634 4.612990853190421 2
      vertex 8.692820325493813 4.699999999999999 0
      vertex 8.634682670235634 4.612990853190421 0
    endloop
  endfacet
  facet normal -0.896872755887627 0.4422886611100639 0
    outer loop
      vertex 8.739103622734547 4.7938532501459115 0
      vertex 8.692820325493813 4.699999999999999 0
      vertex 8.692820325493813 4.699999999999999 2
    endloop
  endfacet
  facet normal -0.9469301219381053 0.3214394875653658 0
    outer loop
      vertex 8.772740662097931 4.892944765090942 0
      vertex 8.739103622734547 4.7938532501459115 0
      vertex 8.739103622734547 4.7938532501459115 2
    endloop
  endfacet
  facet normal -0.9807852870903427 0.1950902883977413 0
    outer loop
      vertex 8.793155886232853 4.99557904601097 0
      vertex 8.772740662097931 4.892944765090942 0
      vertex 8.772740662097931 4.892944765090942 2
    endloop
  endfacet
  facet normal -0.9978589232575188 0.0654031289415513 0
    outer loop
      vertex 8.799999997019768 5.099999998509883 0
      vertex 8.793155886232853 4.99557904601097 0
      vertex 8.793155886232853 4.99557904601097 2
    endloop
  endfacet
  facet normal -1 0 0
    outer loop
      vertex 8.799999997019768 5.099999998509883 0
      vertex 8.799999997019768 5.099999998509883 2
      vertex 8.799999997019768 18.800000001490115 0
    endloop
  endfacet
  facet normal 0 1 0
    outer loop
      vertex -8 4.300000001490115 2
      vertex 8 4.300000001490115 2
      vertex 8 4.300000001490115 0
    endloop
  endfacet
  facet normal -0.0654031289415513 0.9978589232575188 0
    outer loop
      vertex 8 4.300000001490115 2
      vertex 8.104420952498913 4.30684411227703 2
      vertex 8.104420952498913 4.30684411227703 0
    endloop
  endfacet
  facet normal -0.1950902883977413 0.9807852870903427 0
    outer loop
      vertex 8.104420952498913 4.30684411227703 2
      vertex 8.207055233418941 4.327259336411952 2
      vertex 8.207055233418941 4.327259336411952 0
    endloop
  endfacet
  facet normal -0.3214394875653658 0.9469301219381053 0
    outer loop
      vertex 8.207055233418941 4.327259336411952 2
      vertex 8.306146748363972 4.3608963757753365 2
      vertex 8.306146748363972 4.3608963757753365 0
    endloop
  endfacet
  facet normal -0.4422886611100639 0.896872755887627 0
    outer loop
      vertex 8.306146748363972 4.3608963757753365 2
      vertex 8.399999998509884 4.407179673016071 2
      vertex 8.399999998509884 4.407179673016071 0
    endloop
  endfacet
  facet normal -0.5555702466055247 0.831469603224722 0
    outer loop
      vertex 8.399999998509884 4.407179673016071 2
      vertex 8.487009145319462 4.465317328274249 2
      vertex 8.487009145319462 4.465317328274249 0
    endloop
  endfacet
  facet normal -0.6593458520432712 0.7518397750806569 0
    outer loop
      vertex 8.487009145319462 4.465317328274249 2
      vertex 8.565685421228409 4.534314577281474 2
      vertex 8.565685421228409 4.534314577281474 0
    endloop
  endfacet
  facet normal -0.7518397750806569 0.6593458520432712 0
    outer loop
      vertex 8.565685421228409 4.534314577281474 2
      vertex 8.634682670235634 4.612990853190421 2
      vertex 8.634682670235634 4.612990853190421 0
    endloop
  endfacet
  facet normal -0.831469603224722 0.5555702466055247 0
    outer loop
      vertex 8.634682670235634 4.612990853190421 2
      vertex 8.692820325493813 4.699999999999999 2
      vertex 8.692820325493813 4.699999999999999 0
    endloop
  endfacet
  facet normal -0.896872755887627 0.4422886611100639 0
    outer loop
      vertex 8.739103622734547 4.7938532501459115 0
      vertex 8.692820325493813 4.699999999999999 2
      vertex 8.739103622734547 4.7938532501459115 2
    endloop
  endfacet
  facet normal -0.9469301219381053 0.3214394875653658 0
    outer loop
      vertex 8.772740662097931 4.892944765090942 0
      vertex 8.739103622734547 4.7938532501459115 2
      vertex 8.772740662097931 4.892944765090942 2
    endloop
  endfacet
  facet normal -0.9807852870903427 0.1950902883977413 0
    outer loop
      vertex 8.793155886232853 4.99557904601097 0
      vertex 8.772740662097931 4.892944765090942 2
      vertex 8.793155886232853 4.99557904601097 2
    endloop
  endfacet
  facet normal -0.9978589232575188 0.0654031289415513 0
    outer loop
      vertex 8.799999997019768 5.099999998509883 0
      vertex 8.793155886232853 4.99557904601097 2
      vertex 8.799999997019768 5.099999998509883 2
    endloop
  endfacet
  facet normal -0.9978589232575188 -0.0654031289415513 0
    outer loop
      vertex 8.793155886232853 18.904420953989028 0
      vertex 8.799999997019768 18.800000001490115 0
      vertex 8.799999997019768 18.800000001490115 2
    endloop
  endfacet
  facet normal -0.9807852870903427 -0.1950902883977413 0
    outer loop
      vertex 8.772740662097931 19.007055234909057 0
      vertex 8.793155886232853 18.904420953989028 0
      vertex 8.793155886232853 18.904420953989028 2
    endloop
  endfacet
  facet normal -0.6593458520432712 -0.7518397750806569 0
    outer loop
      vertex 8.487009145319462 19.43468267172575 0
      vertex 8.565685421228409 19.365685422718524 0
      vertex 8.565685421228409 19.365685422718524 2
    endloop
  endfacet
  facet normal -0.7518397750806569 -0.6593458520432712 0
    outer loop
      vertex 8.565685421228409 19.365685422718524 0
      vertex 8.634682670235634 19.287009146809577 0
      vertex 8.634682670235634 19.287009146809577 2
    endloop
  endfacet
  facet normal -0.831469603224722 -0.5555702466055247 0
    outer loop
      vertex 8.634682670235634 19.287009146809577 0
      vertex 8.692820325493813 19.2 0
      vertex 8.692820325493813 19.2 2
    endloop
  endfacet
  facet normal -0.9469301219381053 -0.3214394875653658 0
    outer loop
      vertex 8.739103622734547 19.106146749854087 0
      vertex 8.772740662097931 19.007055234909057 0
      vertex 8.772740662097931 19.007055234909057 2
    endloop
  endfacet
  facet normal -0.896872755887627 -0.4422886611100639 0
    outer loop
      vertex 8.692820325493813 19.2 0
      vertex 8.739103622734547 19.106146749854087 0
      vertex 8.739103622734547 19.106146749854087 2
    endloop
  endfacet
  facet normal 0 -1 0
    outer loop
      vertex -8 19.599999998509883 0
      vertex 8 19.599999998509883 0
      vertex 8 19.599999998509883 2
    endloop
  endfacet
  facet normal -0.0654031289415513 -0.9978589232575188 0
    outer loop
      vertex 8 19.599999998509883 0
      vertex 8.104420952498913 19.59315588772297 0
      vertex 8.104420952498913 19.59315588772297 2
    endloop
  endfacet
  facet normal -0.3214394875653658 -0.9469301219381053 0
    outer loop
      vertex 8.207055233418941 19.572740663588046 0
      vertex 8.306146748363972 19.539103624224662 0
      vertex 8.306146748363972 19.539103624224662 2
    endloop
  endfacet
  facet normal -0.1950902883977413 -0.9807852870903427 0
    outer loop
      vertex 8.104420952498913 19.59315588772297 0
      vertex 8.207055233418941 19.572740663588046 0
      vertex 8.207055233418941 19.572740663588046 2
    endloop
  endfacet
  facet normal -0.4422886611100639 -0.896872755887627 0
    outer loop
      vertex 8.306146748363972 19.539103624224662 0
      vertex 8.399999998509884 19.492820326983928 0
      vertex 8.399999998509884 19.492820326983928 2
    endloop
  endfacet
  facet normal -0.5555702466055247 -0.831469603224722 0
    outer loop
      vertex 8.399999998509884 19.492820326983928 0
      vertex 8.487009145319462 19.43468267172575 0
      vertex 8.487009145319462 19.43468267172575 2
    endloop
  endfacet
  facet normal -1 0 0
    outer loop
      vertex 8.799999997019768 18.800000001490115 0
      vertex 8.799999997019768 5.099999998509883 2
      vertex 8.799999997019768 18.800000001490115 2
    endloop
  endfacet
  facet normal -0.9807852870903427 -0.1950902883977413 0
    outer loop
      vertex 8.772740662097931 19.007055234909057 0
      vertex 8.793155886232853 18.904420953989028 2
      vertex 8.772740662097931 19.007055234909057 2
    endloop
  endfacet
  facet normal -0.9978589232575188 -0.0654031289415513 0
    outer loop
      vertex 8.793155886232853 18.904420953989028 0
      vertex 8.799999997019768 18.800000001490115 2
      vertex 8.793155886232853 18.904420953989028 2
    endloop
  endfacet
  facet normal -0.896872755887627 -0.4422886611100639 0
    outer loop
      vertex 8.692820325493813 19.2 0
      vertex 8.739103622734547 19.106146749854087 2
      vertex 8.692820325493813 19.2 2
    endloop
  endfacet
  facet normal -0.6593458520432712 -0.7518397750806569 0
    outer loop
      vertex 8.487009145319462 19.43468267172575 0
      vertex 8.565685421228409 19.365685422718524 2
      vertex 8.487009145319462 19.43468267172575 2
    endloop
  endfacet
  facet normal -0.831469603224722 -0.5555702466055247 0
    outer loop
      vertex 8.634682670235634 19.287009146809577 0
      vertex 8.692820325493813 19.2 2
      vertex 8.634682670235634 19.287009146809577 2
    endloop
  endfacet
  facet normal -0.7518397750806569 -0.6593458520432712 0
    outer loop
      vertex 8.565685421228409 19.365685422718524 0
      vertex 8.634682670235634 19.287009146809577 2
      vertex 8.565685421228409 19.365685422718524 2
    endloop
  endfacet
  facet normal -0.9469301219381053 -0.3214394875653658 0
    outer loop
      vertex 8.739103622734547 19.106146749854087 0
      vertex 8.772740662097931 19.007055234909057 2
      vertex 8.739103622734547 19.106146749854087 2
    endloop
  endfacet
  facet normal -0.0654031289415513 -0.9978589232575188 0
    outer loop
      vertex 8 19.599999998509883 0
      vertex 8.104420952498913 19.59315588772297 2
      vertex 8 19.599999998509883 2
    endloop
  endfacet
  facet normal -0.1950902883977413 -0.9807852870903427 0
    outer loop
      vertex 8.104420952498913 19.59315588772297 0
      vertex 8.207055233418941 19.572740663588046 2
      vertex 8.104420952498913 19.59315588772297 2
    endloop
  endfacet
  facet normal -0.3214394875653658 -0.9469301219381053 0
    outer loop
      vertex 8.207055233418941 19.572740663588046 0
      vertex 8.306146748363972 19.539103624224662 2
      vertex 8.207055233418941 19.572740663588046 2
    endloop
  endfacet
  facet normal -0.4422886611100639 -0.896872755887627 0
    outer loop
      vertex 8.306146748363972 19.539103624224662 0
      vertex 8.399999998509884 19.492820326983928 2
      vertex 8.306146748363972 19.539103624224662 2
    endloop
  endfacet
  facet normal -0.5555702466055247 -0.831469603224722 0
    outer loop
      vertex 8.399999998509884 19.492820326983928 0
      vertex 8.487009145319462 19.43468267172575 2
      vertex 8.399999998509884 19.492820326983928 2
    endloop
  endfacet
endsolid OpenSCAD_Model
