solid OpenSCAD_Model
  facet normal -0.19509032201613186 0.9807852804032298 0
    outer loop
      vertex -114.90883810341681 12.760741064560529 0
      vertex -115.32578987528483 12.677804200535117 0
      vertex -114.90883810341681 12.760741064560529 3
    endloop
  endfacet
  facet normal -0.3214394653031634 0.946930129495105 -2.13159147191251e-18
    outer loop
      vertex -114.90883810341681 12.760741064560529 0
      vertex -114.50627884481347 12.897391519338319 3
      vertex -114.50627884481347 12.897391519338319 0
    endloop
  endfacet
  facet normal -0.4422886902189925 0.8968727415326927 -3.673063147232627e-18
    outer loop
      vertex -114.50627884481347 12.897391519338319 0
      vertex -114.125 13.085417437700574 3
      vertex -114.125 13.085417437700574 0
    endloop
  endfacet
  facet normal -0.3214394653031634 0.946930129495105 0
    outer loop
      vertex -114.90883810341681 12.760741064560529 0
      vertex -114.90883810341681 12.760741064560529 3
      vertex -114.50627884481347 12.897391519338319 3
    endloop
  endfacet
  facet normal -0.5555702330196091 0.8314696123025406 0
    outer loop
      vertex -114.125 13.085417437700574 0
      vertex -114.125 13.085417437700574 3
      vertex -113.77152535572166 13.321601644053485 3
    endloop
  endfacet
  facet normal -0.4422886902189925 0.8968727415326927 0
    outer loop
      vertex -114.50627884481347 12.897391519338319 0
      vertex -114.50627884481347 12.897391519338319 3
      vertex -114.125 13.085417437700574 3
    endloop
  endfacet
  facet normal -0.5555702330196091 0.8314696123025406 -1.1754706204492075e-18
    outer loop
      vertex -114.125 13.085417437700574 0
      vertex -113.77152535572166 13.321601644053485 3
      vertex -113.77152535572166 13.321601644053485 0
    endloop
  endfacet
  facet normal -0.6593458151000563 0.7518398074789884 2.439461559619222e-18
    outer loop
      vertex -113.77152535572166 13.321601644053485 0
      vertex -113.45190296114372 13.60190296114372 3
      vertex -113.45190296114372 13.60190296114372 0
    endloop
  endfacet
  facet normal -0.7518398074789794 0.6593458151000667 -1.8352425017825557e-18
    outer loop
      vertex -113.45190296114372 13.60190296114372 0
      vertex -113.17160164405348 13.92152535572166 3
      vertex -113.17160164405348 13.92152535572166 0
    endloop
  endfacet
  facet normal -0.6593458151000563 0.7518398074789884 0
    outer loop
      vertex -113.77152535572166 13.321601644053485 0
      vertex -113.77152535572166 13.321601644053485 3
      vertex -113.45190296114372 13.60190296114372 3
    endloop
  endfacet
  facet normal -0.7518398074789794 0.6593458151000667 0
    outer loop
      vertex -113.45190296114372 13.60190296114372 0
      vertex -113.45190296114372 13.60190296114372 3
      vertex -113.17160164405348 13.92152535572166 3
    endloop
  endfacet
  facet normal -0.06540312923014438 0.9978589232386035 0
    outer loop
      vertex -115.32578987528483 12.677804200535117 0
      vertex -115.75 12.65 0
      vertex -115.32578987528483 12.677804200535117 3
    endloop
  endfacet
  facet normal 0 1 0
    outer loop
      vertex -115.75 12.65 0
      vertex -122.25 12.65 0
      vertex -115.75 12.65 3
    endloop
  endfacet
  facet normal -0.06540312923014438 0.9978589232386035 0
    outer loop
      vertex -115.75 12.65 0
      vertex -115.75 12.65 3
      vertex -115.32578987528483 12.677804200535117 3
    endloop
  endfacet
  facet normal -0.19509032201613186 0.9807852804032298 0
    outer loop
      vertex -115.32578987528483 12.677804200535117 0
      vertex -115.32578987528483 12.677804200535117 3
      vertex -114.90883810341681 12.760741064560529 3
    endloop
  endfacet
  facet normal 0.06540312923014438 0.9978589232386035 0
    outer loop
      vertex -122.25 12.65 0
      vertex -122.67421012471517 12.677804200535117 0
      vertex -122.25 12.65 3
    endloop
  endfacet
  facet normal 0.19509032201613186 0.9807852804032298 0
    outer loop
      vertex -122.67421012471517 12.677804200535117 0
      vertex -123.09116189658319 12.760741064560529 0
      vertex -122.67421012471517 12.677804200535117 3
    endloop
  endfacet
  facet normal 0 1 0
    outer loop
      vertex -115.75 12.65 3
      vertex -122.25 12.65 0
      vertex -122.25 12.65 3
    endloop
  endfacet
  facet normal 0.06540312923014438 0.9978589232386035 0
    outer loop
      vertex -122.67421012471517 12.677804200535117 0
      vertex -122.67421012471517 12.677804200535117 3
      vertex -122.25 12.65 3
    endloop
  endfacet
  facet normal 0.19509032201613186 0.9807852804032298 0
    outer loop
      vertex -123.09116189658319 12.760741064560529 0
      vertex -123.09116189658319 12.760741064560529 3
      vertex -122.67421012471517 12.677804200535117 3
    endloop
  endfacet
  facet normal 0.3214394653031634 0.946930129495105 0
    outer loop
      vertex -123.09116189658319 12.760741064560529 0
      vertex -123.49372115518653 12.897391519338319 0
      vertex -123.09116189658319 12.760741064560529 3
    endloop
  endfacet
  facet normal 0.4422886902189925 0.8968727415326927 0
    outer loop
      vertex -123.49372115518653 12.897391519338319 0
      vertex -123.875 13.085417437700574 0
      vertex -123.49372115518653 12.897391519338319 3
    endloop
  endfacet
  facet normal 0.5555702330196091 0.8314696123025406 0
    outer loop
      vertex -123.875 13.085417437700574 0
      vertex -124.22847464427834 13.321601644053485 0
      vertex -123.875 13.085417437700574 3
    endloop
  endfacet
  facet normal 0.3214394653031634 0.946930129495105 0
    outer loop
      vertex -123.49372115518653 12.897391519338319 0
      vertex -123.49372115518653 12.897391519338319 3
      vertex -123.09116189658319 12.760741064560529 3
    endloop
  endfacet
  facet normal 0.4422886902189925 0.8968727415326927 0
    outer loop
      vertex -123.875 13.085417437700574 0
      vertex -123.875 13.085417437700574 3
      vertex -123.49372115518653 12.897391519338319 3
    endloop
  endfacet
  facet normal 0.6593458151000563 0.7518398074789884 0
    outer loop
      vertex -124.22847464427834 13.321601644053485 0
      vertex -124.54809703885628 13.60190296114372 0
      vertex -124.22847464427834 13.321601644053485 3
    endloop
  endfacet
  facet normal 0.7518398074789794 0.6593458151000667 0
    outer loop
      vertex -124.54809703885628 13.60190296114372 0
      vertex -124.82839835594652 13.92152535572166 0
      vertex -124.54809703885628 13.60190296114372 3
    endloop
  endfacet
  facet normal 0.5555702330196091 0.8314696123025406 0
    outer loop
      vertex -124.22847464427834 13.321601644053485 0
      vertex -124.22847464427834 13.321601644053485 3
      vertex -123.875 13.085417437700574 3
    endloop
  endfacet
  facet normal 0.6593458151000563 0.7518398074789884 0
    outer loop
      vertex -124.54809703885628 13.60190296114372 0
      vertex -124.54809703885628 13.60190296114372 3
      vertex -124.22847464427834 13.321601644053485 3
    endloop
  endfacet
  facet normal 0.7518398074789794 0.6593458151000667 1.8352425017825557e-18
    outer loop
      vertex -124.54809703885628 13.60190296114372 3
      vertex -124.82839835594652 13.92152535572166 0
      vertex -124.82839835594652 13.92152535572166 3
    endloop
  endfacet
  facet normal -0.8314696123025541 0.5555702330195889 0
    outer loop
      vertex -112.93541743770058 14.275 0
      vertex -113.17160164405348 13.92152535572166 0
      vertex -112.93541743770058 14.275 3
    endloop
  endfacet
  facet normal -0.8968727415326877 0.44228869021900247 2.1422268707712905e-18
    outer loop
      vertex -112.93541743770058 14.275 0
      vertex -112.74739151933832 14.656278844813459 3
      vertex -112.74739151933832 14.656278844813459 0
    endloop
  endfacet
  facet normal -0.8314696123025541 0.5555702330195889 0
    outer loop
      vertex -113.17160164405348 13.92152535572166 0
      vertex -113.17160164405348 13.92152535572166 3
      vertex -112.93541743770058 14.275 3
    endloop
  endfacet
  facet normal -0.8968727415326877 0.44228869021900247 0
    outer loop
      vertex -112.93541743770058 14.275 0
      vertex -112.93541743770058 14.275 3
      vertex -112.74739151933832 14.656278844813459 3
    endloop
  endfacet
  facet normal -0.9469301294951029 0.3214394653031697 -1.626382619009826e-18
    outer loop
      vertex -112.74739151933832 14.656278844813459 0
      vertex -112.61074106456053 15.058838103416807 3
      vertex -112.61074106456053 15.058838103416807 0
    endloop
  endfacet
  facet normal -0.9469301294951029 0.3214394653031697 0
    outer loop
      vertex -112.74739151933832 14.656278844813459 0
      vertex -112.74739151933832 14.656278844813459 3
      vertex -112.61074106456053 15.058838103416807 3
    endloop
  endfacet
  facet normal -0.98078528040323 0.19509032201613108 0
    outer loop
      vertex -112.61074106456053 15.058838103416807 0
      vertex -112.61074106456053 15.058838103416807 3
      vertex -112.52780420053512 15.475789875284832 3
    endloop
  endfacet
  facet normal -0.98078528040323 0.19509032201613108 2.0492536962217714e-19
    outer loop
      vertex -112.61074106456053 15.058838103416807 0
      vertex -112.52780420053512 15.475789875284832 3
      vertex -112.52780420053512 15.475789875284832 0
    endloop
  endfacet
  facet normal -0.9978589232386036 0.06540312923014104 5.907545530169963e-19
    outer loop
      vertex -112.52780420053512 15.475789875284832 0
      vertex -112.5 15.9 3
      vertex -112.5 15.9 0
    endloop
  endfacet
  facet normal -0.9978589232386036 0.06540312923014104 0
    outer loop
      vertex -112.52780420053512 15.475789875284832 0
      vertex -112.52780420053512 15.475789875284832 3
      vertex -112.5 15.9 3
    endloop
  endfacet
  facet normal -0.9978589232386036 -0.06540312923014104 -5.907545530169963e-19
    outer loop
      vertex -112.5 15.9 0
      vertex -112.52780420053512 16.32421012471517 3
      vertex -112.52780420053512 16.32421012471517 0
    endloop
  endfacet
  facet normal -0.98078528040323 -0.19509032201613108 -2.0492536962217714e-19
    outer loop
      vertex -112.52780420053512 16.32421012471517 0
      vertex -112.61074106456053 16.741161896583193 3
      vertex -112.61074106456053 16.741161896583193 0
    endloop
  endfacet
  facet normal -0.9978589232386036 -0.06540312923014104 0
    outer loop
      vertex -112.5 15.9 0
      vertex -112.5 15.9 3
      vertex -112.52780420053512 16.32421012471517 3
    endloop
  endfacet
  facet normal -0.98078528040323 -0.19509032201613108 0
    outer loop
      vertex -112.52780420053512 16.32421012471517 0
      vertex -112.52780420053512 16.32421012471517 3
      vertex -112.61074106456053 16.741161896583193 3
    endloop
  endfacet
  facet normal 0.8314696123025541 0.5555702330195889 0
    outer loop
      vertex -124.82839835594652 13.92152535572166 0
      vertex -125.06458256229942 14.275 0
      vertex -124.82839835594652 13.92152535572166 3
    endloop
  endfacet
  facet normal 0.8968727415326877 0.44228869021900247 0
    outer loop
      vertex -125.06458256229942 14.275 0
      vertex -125.25260848066168 14.656278844813459 0
      vertex -125.06458256229942 14.275 3
    endloop
  endfacet
  facet normal 0.8314696123025541 0.5555702330195889 0
    outer loop
      vertex -125.06458256229942 14.275 0
      vertex -125.06458256229942 14.275 3
      vertex -124.82839835594652 13.92152535572166 3
    endloop
  endfacet
  facet normal 0.8968727415326877 0.44228869021900247 0
    outer loop
      vertex -125.25260848066168 14.656278844813459 0
      vertex -125.25260848066168 14.656278844813459 3
      vertex -125.06458256229942 14.275 3
    endloop
  endfacet
  facet normal 0.9469301294951029 0.3214394653031697 0
    outer loop
      vertex -125.25260848066168 14.656278844813459 0
      vertex -125.38925893543947 15.058838103416807 0
      vertex -125.25260848066168 14.656278844813459 3
    endloop
  endfacet
  facet normal 0.98078528040323 0.19509032201613108 0
    outer loop
      vertex -125.38925893543947 15.058838103416807 0
      vertex -125.47219579946488 15.475789875284832 0
      vertex -125.38925893543947 15.058838103416807 3
    endloop
  endfacet
  facet normal 0.9469301294951029 0.3214394653031697 0
    outer loop
      vertex -125.38925893543947 15.058838103416807 0
      vertex -125.38925893543947 15.058838103416807 3
      vertex -125.25260848066168 14.656278844813459 3
    endloop
  endfacet
  facet normal 0.9978589232386036 0.06540312923014104 0
    outer loop
      vertex -125.47219579946488 15.475789875284832 0
      vertex -125.5 15.9 0
      vertex -125.47219579946488 15.475789875284832 3
    endloop
  endfacet
  facet normal 0.98078528040323 0.19509032201613108 -2.0492536962217714e-19
    outer loop
      vertex -125.38925893543947 15.058838103416807 3
      vertex -125.47219579946488 15.475789875284832 0
      vertex -125.47219579946488 15.475789875284832 3
    endloop
  endfacet
  facet normal 0.9978589232386036 0.06540312923014104 0
    outer loop
      vertex -125.5 15.9 0
      vertex -125.5 15.9 3
      vertex -125.47219579946488 15.475789875284832 3
    endloop
  endfacet
  facet normal 0.9978589232386036 -0.06540312923014104 0
    outer loop
      vertex -125.5 15.9 0
      vertex -125.47219579946488 16.32421012471517 0
      vertex -125.5 15.9 3
    endloop
  endfacet
  facet normal 0.98078528040323 -0.19509032201613108 0
    outer loop
      vertex -125.47219579946488 16.32421012471517 0
      vertex -125.38925893543947 16.741161896583193 0
      vertex -125.47219579946488 16.32421012471517 3
    endloop
  endfacet
  facet normal 0.9978589232386036 -0.06540312923014104 0
    outer loop
      vertex -125.47219579946488 16.32421012471517 0
      vertex -125.47219579946488 16.32421012471517 3
      vertex -125.5 15.9 3
    endloop
  endfacet
  facet normal 0.98078528040323 -0.19509032201613108 2.0492536962217714e-19
    outer loop
      vertex -125.47219579946488 16.32421012471517 3
      vertex -125.38925893543947 16.741161896583193 0
      vertex -125.38925893543947 16.741161896583193 3
    endloop
  endfacet
  facet normal -0.9469301294951026 -0.32143946530317097 1.5312592122540822e-18
    outer loop
      vertex -112.61074106456053 16.741161896583193 0
      vertex -112.74739151933832 17.14372115518654 3
      vertex -112.74739151933832 17.14372115518654 0
    endloop
  endfacet
  facet normal -0.9469301294951026 -0.32143946530317097 0
    outer loop
      vertex -112.61074106456053 16.741161896583193 0
      vertex -112.61074106456053 16.741161896583193 3
      vertex -112.74739151933832 17.14372115518654 3
    endloop
  endfacet
  facet normal -0.8968727415326877 -0.44228869021900247 0
    outer loop
      vertex -112.74739151933832 17.14372115518654 0
      vertex -112.74739151933832 17.14372115518654 3
      vertex -112.93541743770058 17.525 3
    endloop
  endfacet
  facet normal -0.8968727415326877 -0.44228869021900247 -2.1422268707712905e-18
    outer loop
      vertex -112.74739151933832 17.14372115518654 0
      vertex -112.93541743770058 17.525 3
      vertex -112.93541743770058 17.525 0
    endloop
  endfacet
  facet normal -0.8314696123025554 -0.5555702330195869 4.412254914115678e-18
    outer loop
      vertex -112.93541743770058 17.525 0
      vertex -113.17160164405348 17.87847464427834 3
      vertex -113.17160164405348 17.87847464427834 0
    endloop
  endfacet
  facet normal -0.8314696123025554 -0.5555702330195869 0
    outer loop
      vertex -112.93541743770058 17.525 0
      vertex -112.93541743770058 17.525 3
      vertex -113.17160164405348 17.87847464427834 3
    endloop
  endfacet
  facet normal -0.7518398074789776 -0.6593458151000687 0
    outer loop
      vertex -113.17160164405348 17.87847464427834 0
      vertex -113.17160164405348 17.87847464427834 3
      vertex -113.45190296114372 18.19809703885628 3
    endloop
  endfacet
  facet normal -0.7518398074789776 -0.6593458151000687 5.138916460068771e-19
    outer loop
      vertex -113.17160164405348 17.87847464427834 0
      vertex -113.45190296114372 18.19809703885628 3
      vertex -113.45190296114372 18.19809703885628 0
    endloop
  endfacet
  facet normal -0.6593458151000563 -0.7518398074789884 -2.439461559619222e-18
    outer loop
      vertex -113.45190296114372 18.19809703885628 0
      vertex -113.77152535572166 18.478398355946513 3
      vertex -113.77152535572166 18.478398355946513 0
    endloop
  endfacet
  facet normal -0.555570233019612 -0.8314696123025387 -1.4878149226313821e-18
    outer loop
      vertex -113.77152535572166 18.478398355946513 0
      vertex -114.125 18.714582562299427 3
      vertex -114.125 18.714582562299427 0
    endloop
  endfacet
  facet normal -0.6593458151000563 -0.7518398074789884 0
    outer loop
      vertex -113.45190296114372 18.19809703885628 0
      vertex -113.45190296114372 18.19809703885628 3
      vertex -113.77152535572166 18.478398355946513 3
    endloop
  endfacet
  facet normal -0.555570233019612 -0.8314696123025387 0
    outer loop
      vertex -113.77152535572166 18.478398355946513 0
      vertex -113.77152535572166 18.478398355946513 3
      vertex -114.125 18.714582562299427 3
    endloop
  endfacet
  facet normal -0.4422886902189958 -0.8968727415326909 -5.0722793504067384e-18
    outer loop
      vertex -114.125 18.714582562299427 0
      vertex -114.50627884481347 18.902608480661684 3
      vertex -114.50627884481347 18.902608480661684 0
    endloop
  endfacet
  facet normal -0.3214394653031634 -0.946930129495105 2.13159147191251e-18
    outer loop
      vertex -114.50627884481347 18.902608480661684 0
      vertex -114.90883810341681 19.039258935439474 3
      vertex -114.90883810341681 19.039258935439474 0
    endloop
  endfacet
  facet normal -0.4422886902189958 -0.8968727415326909 0
    outer loop
      vertex -114.125 18.714582562299427 0
      vertex -114.125 18.714582562299427 3
      vertex -114.50627884481347 18.902608480661684 3
    endloop
  endfacet
  facet normal -0.3214394653031634 -0.946930129495105 0
    outer loop
      vertex -114.50627884481347 18.902608480661684 0
      vertex -114.50627884481347 18.902608480661684 3
      vertex -114.90883810341681 19.039258935439474 3
    endloop
  endfacet
  facet normal -0.1950903220161278 -0.9807852804032305 0
    outer loop
      vertex -114.90883810341681 19.039258935439474 0
      vertex -114.90883810341681 19.039258935439474 3
      vertex -115.32578987528483 19.122195799464883 3
    endloop
  endfacet
  facet normal -0.1950903220161278 -0.9807852804032305 -9.104228742167333e-19
    outer loop
      vertex -114.90883810341681 19.039258935439474 0
      vertex -115.32578987528483 19.122195799464883 3
      vertex -115.32578987528483 19.122195799464883 0
    endloop
  endfacet
  facet normal -0.06540312923014022 -0.9978589232386038 2.0562667885600235e-19
    outer loop
      vertex -115.32578987528483 19.122195799464883 0
      vertex -115.75 19.15 3
      vertex -115.75 19.15 0
    endloop
  endfacet
  facet normal -0.06540312923014022 -0.9978589232386038 0
    outer loop
      vertex -115.32578987528483 19.122195799464883 0
      vertex -115.32578987528483 19.122195799464883 3
      vertex -115.75 19.15 3
    endloop
  endfacet
  facet normal 0 -1 0
    outer loop
      vertex -115.75 19.15 0
      vertex -115.75 19.15 3
      vertex -122.25 19.15 3
    endloop
  endfacet
  facet normal 0.9469301294951026 -0.32143946530317097 0
    outer loop
      vertex -125.38925893543947 16.741161896583193 0
      vertex -125.25260848066168 17.14372115518654 0
      vertex -125.38925893543947 16.741161896583193 3
    endloop
  endfacet
  facet normal 0.8968727415326877 -0.44228869021900247 0
    outer loop
      vertex -125.25260848066168 17.14372115518654 0
      vertex -125.06458256229942 17.525 0
      vertex -125.25260848066168 17.14372115518654 3
    endloop
  endfacet
  facet normal 0.9469301294951026 -0.32143946530317097 0
    outer loop
      vertex -125.25260848066168 17.14372115518654 0
      vertex -125.25260848066168 17.14372115518654 3
      vertex -125.38925893543947 16.741161896583193 3
    endloop
  endfacet
  facet normal 0.8314696123025554 -0.5555702330195869 -4.412254914115678e-18
    outer loop
      vertex -124.82839835594652 17.87847464427834 0
      vertex -125.06458256229942 17.525 3
      vertex -125.06458256229942 17.525 0
    endloop
  endfacet
  facet normal 0.7518398074789776 -0.6593458151000687 0
    outer loop
      vertex -124.82839835594652 17.87847464427834 0
      vertex -124.54809703885628 18.19809703885628 0
      vertex -124.82839835594652 17.87847464427834 3
    endloop
  endfacet
  facet normal 0.8314696123025554 -0.5555702330195869 0
    outer loop
      vertex -124.82839835594652 17.87847464427834 0
      vertex -124.82839835594652 17.87847464427834 3
      vertex -125.06458256229942 17.525 3
    endloop
  endfacet
  facet normal 0.8968727415326877 -0.44228869021900247 0
    outer loop
      vertex -125.06458256229942 17.525 0
      vertex -125.06458256229942 17.525 3
      vertex -125.25260848066168 17.14372115518654 3
    endloop
  endfacet
  facet normal 0 -1 0
    outer loop
      vertex -115.75 19.15 0
      vertex -122.25 19.15 3
      vertex -122.25 19.15 0
    endloop
  endfacet
  facet normal 0.1950903220161278 -0.9807852804032305 9.104228742167333e-19
    outer loop
      vertex -122.67421012471517 19.122195799464883 0
      vertex -123.09116189658319 19.039258935439474 3
      vertex -123.09116189658319 19.039258935439474 0
    endloop
  endfacet
  facet normal 0.06540312923014022 -0.9978589232386038 -2.0562667885600235e-19
    outer loop
      vertex -122.25 19.15 0
      vertex -122.67421012471517 19.122195799464883 3
      vertex -122.67421012471517 19.122195799464883 0
    endloop
  endfacet
  facet normal 0.1950903220161278 -0.9807852804032305 0
    outer loop
      vertex -122.67421012471517 19.122195799464883 0
      vertex -122.67421012471517 19.122195799464883 3
      vertex -123.09116189658319 19.039258935439474 3
    endloop
  endfacet
  facet normal 0.06540312923014022 -0.9978589232386038 0
    outer loop
      vertex -122.25 19.15 0
      vertex -122.25 19.15 3
      vertex -122.67421012471517 19.122195799464883 3
    endloop
  endfacet
  facet normal 0.6593458151000563 -0.7518398074789884 0
    outer loop
      vertex -124.54809703885628 18.19809703885628 0
      vertex -124.22847464427834 18.478398355946513 0
      vertex -124.54809703885628 18.19809703885628 3
    endloop
  endfacet
  facet normal 0.555570233019612 -0.8314696123025387 1.4878149226313821e-18
    outer loop
      vertex -123.875 18.714582562299427 0
      vertex -124.22847464427834 18.478398355946513 3
      vertex -124.22847464427834 18.478398355946513 0
    endloop
  endfacet
  facet normal 0.7518398074789776 -0.6593458151000687 -5.138916460068771e-19
    outer loop
      vertex -124.82839835594652 17.87847464427834 3
      vertex -124.54809703885628 18.19809703885628 0
      vertex -124.54809703885628 18.19809703885628 3
    endloop
  endfacet
  facet normal 0.6593458151000563 -0.7518398074789884 0
    outer loop
      vertex -124.22847464427834 18.478398355946513 0
      vertex -124.22847464427834 18.478398355946513 3
      vertex -124.54809703885628 18.19809703885628 3
    endloop
  endfacet
  facet normal 0.555570233019612 -0.8314696123025387 0
    outer loop
      vertex -123.875 18.714582562299427 0
      vertex -123.875 18.714582562299427 3
      vertex -124.22847464427834 18.478398355946513 3
    endloop
  endfacet
  facet normal 0.4422886902189958 -0.8968727415326909 0
    outer loop
      vertex -123.875 18.714582562299427 0
      vertex -123.49372115518653 18.902608480661684 0
      vertex -123.875 18.714582562299427 3
    endloop
  endfacet
  facet normal 0.3214394653031634 -0.946930129495105 0
    outer loop
      vertex -123.49372115518653 18.902608480661684 0
      vertex -123.09116189658319 19.039258935439474 0
      vertex -123.49372115518653 18.902608480661684 3
    endloop
  endfacet
  facet normal 0.4422886902189958 -0.8968727415326909 0
    outer loop
      vertex -123.49372115518653 18.902608480661684 0
      vertex -123.49372115518653 18.902608480661684 3
      vertex -123.875 18.714582562299427 3
    endloop
  endfacet
  facet normal 0.3214394653031634 -0.946930129495105 0
    outer loop
      vertex -123.09116189658319 19.039258935439474 0
      vertex -123.09116189658319 19.039258935439474 3
      vertex -123.49372115518653 18.902608480661684 3
    endloop
  endfacet
  facet normal -0.1950903220161278 0.9807852804032305 0
    outer loop
      vertex -114.90883810341681 -19.039258935439474 0
      vertex -115.32578987528483 -19.122195799464883 0
      vertex -114.90883810341681 -19.039258935439474 3
    endloop
  endfacet
  facet normal -0.3214394653031634 0.946930129495105 -2.13159147191251e-18
    outer loop
      vertex -114.90883810341681 -19.039258935439474 0
      vertex -114.50627884481347 -18.902608480661684 3
      vertex -114.50627884481347 -18.902608480661684 0
    endloop
  endfacet
  facet normal -0.4422886902189958 0.8968727415326909 5.0722793504067384e-18
    outer loop
      vertex -114.50627884481347 -18.902608480661684 0
      vertex -114.125 -18.714582562299427 3
      vertex -114.125 -18.714582562299427 0
    endloop
  endfacet
  facet normal -0.3214394653031634 0.946930129495105 0
    outer loop
      vertex -114.90883810341681 -19.039258935439474 0
      vertex -114.90883810341681 -19.039258935439474 3
      vertex -114.50627884481347 -18.902608480661684 3
    endloop
  endfacet
  facet normal -0.4422886902189958 0.8968727415326909 0
    outer loop
      vertex -114.50627884481347 -18.902608480661684 0
      vertex -114.50627884481347 -18.902608480661684 3
      vertex -114.125 -18.714582562299427 3
    endloop
  endfacet
  facet normal -0.555570233019612 0.8314696123025387 0
    outer loop
      vertex -113.77152535572166 -18.478398355946513 0
      vertex -114.125 -18.714582562299427 0
      vertex -113.77152535572166 -18.478398355946513 3
    endloop
  endfacet
  facet normal -0.6593458151000563 0.7518398074789884 2.439461559619222e-18
    outer loop
      vertex -113.77152535572166 -18.478398355946513 0
      vertex -113.45190296114372 -18.19809703885628 3
      vertex -113.45190296114372 -18.19809703885628 0
    endloop
  endfacet
  facet normal -0.555570233019612 0.8314696123025387 0
    outer loop
      vertex -114.125 -18.714582562299427 0
      vertex -114.125 -18.714582562299427 3
      vertex -113.77152535572166 -18.478398355946513 3
    endloop
  endfacet
  facet normal -0.6593458151000563 0.7518398074789884 0
    outer loop
      vertex -113.77152535572166 -18.478398355946513 0
      vertex -113.77152535572166 -18.478398355946513 3
      vertex -113.45190296114372 -18.19809703885628 3
    endloop
  endfacet
  facet normal -0.7518398074789776 0.6593458151000687 0
    outer loop
      vertex -113.45190296114372 -18.19809703885628 0
      vertex -113.45190296114372 -18.19809703885628 3
      vertex -113.17160164405348 -17.87847464427834 3
    endloop
  endfacet
  facet normal -0.06540312923014022 0.9978589232386038 0
    outer loop
      vertex -115.32578987528483 -19.122195799464883 0
      vertex -115.75 -19.15 0
      vertex -115.32578987528483 -19.122195799464883 3
    endloop
  endfacet
  facet normal 0 1 0
    outer loop
      vertex -115.75 -19.15 0
      vertex -122.25 -19.15 0
      vertex -115.75 -19.15 3
    endloop
  endfacet
  facet normal -0.06540312923014022 0.9978589232386038 0
    outer loop
      vertex -115.75 -19.15 0
      vertex -115.75 -19.15 3
      vertex -115.32578987528483 -19.122195799464883 3
    endloop
  endfacet
  facet normal -0.1950903220161278 0.9807852804032305 0
    outer loop
      vertex -115.32578987528483 -19.122195799464883 0
      vertex -115.32578987528483 -19.122195799464883 3
      vertex -114.90883810341681 -19.039258935439474 3
    endloop
  endfacet
  facet normal -0.8314696123025554 0.5555702330195869 0
    outer loop
      vertex -112.93541743770058 -17.525 0
      vertex -113.17160164405348 -17.87847464427834 0
      vertex -112.93541743770058 -17.525 3
    endloop
  endfacet
  facet normal -0.7518398074789776 0.6593458151000687 -5.138916460068771e-19
    outer loop
      vertex -113.45190296114372 -18.19809703885628 0
      vertex -113.17160164405348 -17.87847464427834 3
      vertex -113.17160164405348 -17.87847464427834 0
    endloop
  endfacet
  facet normal -0.8314696123025554 0.5555702330195869 0
    outer loop
      vertex -113.17160164405348 -17.87847464427834 0
      vertex -113.17160164405348 -17.87847464427834 3
      vertex -112.93541743770058 -17.525 3
    endloop
  endfacet
  facet normal -0.8968727415326877 0.44228869021900247 0
    outer loop
      vertex -112.93541743770058 -17.525 0
      vertex -112.93541743770058 -17.525 3
      vertex -112.74739151933832 -17.14372115518654 3
    endloop
  endfacet
  facet normal -0.8968727415326877 0.44228869021900247 2.1422268707712905e-18
    outer loop
      vertex -112.93541743770058 -17.525 0
      vertex -112.74739151933832 -17.14372115518654 3
      vertex -112.74739151933832 -17.14372115518654 0
    endloop
  endfacet
  facet normal -0.9469301294951026 0.32143946530317097 -1.5312592122540822e-18
    outer loop
      vertex -112.74739151933832 -17.14372115518654 0
      vertex -112.61074106456053 -16.741161896583193 3
      vertex -112.61074106456053 -16.741161896583193 0
    endloop
  endfacet
  facet normal -0.9469301294951026 0.32143946530317097 0
    outer loop
      vertex -112.74739151933832 -17.14372115518654 0
      vertex -112.74739151933832 -17.14372115518654 3
      vertex -112.61074106456053 -16.741161896583193 3
    endloop
  endfacet
  facet normal 0.06540312923014022 0.9978589232386038 0
    outer loop
      vertex -122.25 -19.15 0
      vertex -122.67421012471517 -19.122195799464883 0
      vertex -122.25 -19.15 3
    endloop
  endfacet
  facet normal 0.1950903220161278 0.9807852804032305 0
    outer loop
      vertex -122.67421012471517 -19.122195799464883 0
      vertex -123.09116189658319 -19.039258935439474 0
      vertex -122.67421012471517 -19.122195799464883 3
    endloop
  endfacet
  facet normal 0 1 0
    outer loop
      vertex -115.75 -19.15 3
      vertex -122.25 -19.15 0
      vertex -122.25 -19.15 3
    endloop
  endfacet
  facet normal 0.06540312923014022 0.9978589232386038 0
    outer loop
      vertex -122.67421012471517 -19.122195799464883 0
      vertex -122.67421012471517 -19.122195799464883 3
      vertex -122.25 -19.15 3
    endloop
  endfacet
  facet normal 0.1950903220161278 0.9807852804032305 0
    outer loop
      vertex -123.09116189658319 -19.039258935439474 0
      vertex -123.09116189658319 -19.039258935439474 3
      vertex -122.67421012471517 -19.122195799464883 3
    endloop
  endfacet
  facet normal 0.3214394653031634 0.946930129495105 0
    outer loop
      vertex -123.09116189658319 -19.039258935439474 0
      vertex -123.49372115518653 -18.902608480661684 0
      vertex -123.09116189658319 -19.039258935439474 3
    endloop
  endfacet
  facet normal 0.4422886902189958 0.8968727415326909 0
    outer loop
      vertex -123.49372115518653 -18.902608480661684 0
      vertex -123.875 -18.714582562299427 0
      vertex -123.49372115518653 -18.902608480661684 3
    endloop
  endfacet
  facet normal 0.3214394653031634 0.946930129495105 0
    outer loop
      vertex -123.49372115518653 -18.902608480661684 0
      vertex -123.49372115518653 -18.902608480661684 3
      vertex -123.09116189658319 -19.039258935439474 3
    endloop
  endfacet
  facet normal 0.4422886902189958 0.8968727415326909 0
    outer loop
      vertex -123.875 -18.714582562299427 0
      vertex -123.875 -18.714582562299427 3
      vertex -123.49372115518653 -18.902608480661684 3
    endloop
  endfacet
  facet normal 0.555570233019612 0.8314696123025387 0
    outer loop
      vertex -123.875 -18.714582562299427 0
      vertex -124.22847464427834 -18.478398355946513 0
      vertex -123.875 -18.714582562299427 3
    endloop
  endfacet
  facet normal 0.6593458151000563 0.7518398074789884 0
    outer loop
      vertex -124.22847464427834 -18.478398355946513 0
      vertex -124.54809703885628 -18.19809703885628 0
      vertex -124.22847464427834 -18.478398355946513 3
    endloop
  endfacet
  facet normal 0.7518398074789776 0.6593458151000687 0
    outer loop
      vertex -124.54809703885628 -18.19809703885628 0
      vertex -124.82839835594652 -17.87847464427834 0
      vertex -124.54809703885628 -18.19809703885628 3
    endloop
  endfacet
  facet normal 0.555570233019612 0.8314696123025387 0
    outer loop
      vertex -124.22847464427834 -18.478398355946513 0
      vertex -124.22847464427834 -18.478398355946513 3
      vertex -123.875 -18.714582562299427 3
    endloop
  endfacet
  facet normal 0.6593458151000563 0.7518398074789884 0
    outer loop
      vertex -124.54809703885628 -18.19809703885628 0
      vertex -124.54809703885628 -18.19809703885628 3
      vertex -124.22847464427834 -18.478398355946513 3
    endloop
  endfacet
  facet normal 0.8314696123025554 0.5555702330195869 0
    outer loop
      vertex -124.82839835594652 -17.87847464427834 0
      vertex -125.06458256229942 -17.525 0
      vertex -124.82839835594652 -17.87847464427834 3
    endloop
  endfacet
  facet normal 0.8968727415326877 0.44228869021900247 0
    outer loop
      vertex -125.06458256229942 -17.525 0
      vertex -125.25260848066168 -17.14372115518654 0
      vertex -125.06458256229942 -17.525 3
    endloop
  endfacet
  facet normal 0.7518398074789776 0.6593458151000687 5.138916460068771e-19
    outer loop
      vertex -124.54809703885628 -18.19809703885628 3
      vertex -124.82839835594652 -17.87847464427834 0
      vertex -124.82839835594652 -17.87847464427834 3
    endloop
  endfacet
  facet normal 0.8314696123025554 0.5555702330195869 0
    outer loop
      vertex -125.06458256229942 -17.525 0
      vertex -125.06458256229942 -17.525 3
      vertex -124.82839835594652 -17.87847464427834 3
    endloop
  endfacet
  facet normal 0.9469301294951026 0.32143946530317097 0
    outer loop
      vertex -125.25260848066168 -17.14372115518654 0
      vertex -125.38925893543947 -16.741161896583193 0
      vertex -125.25260848066168 -17.14372115518654 3
    endloop
  endfacet
  facet normal 0.8968727415326877 0.44228869021900247 0
    outer loop
      vertex -125.25260848066168 -17.14372115518654 0
      vertex -125.25260848066168 -17.14372115518654 3
      vertex -125.06458256229942 -17.525 3
    endloop
  endfacet
  facet normal 0.9469301294951026 0.32143946530317097 0
    outer loop
      vertex -125.38925893543947 -16.741161896583193 0
      vertex -125.38925893543947 -16.741161896583193 3
      vertex -125.25260848066168 -17.14372115518654 3
    endloop
  endfacet
  facet normal -0.98078528040323 0.19509032201613108 2.0492536962217714e-19
    outer loop
      vertex -112.61074106456053 -16.741161896583193 0
      vertex -112.52780420053512 -16.32421012471517 3
      vertex -112.52780420053512 -16.32421012471517 0
    endloop
  endfacet
  facet normal -0.9978589232386036 0.06540312923014104 5.907545530169963e-19
    outer loop
      vertex -112.52780420053512 -16.32421012471517 0
      vertex -112.5 -15.9 3
      vertex -112.5 -15.9 0
    endloop
  endfacet
  facet normal -0.98078528040323 0.19509032201613108 0
    outer loop
      vertex -112.61074106456053 -16.741161896583193 0
      vertex -112.61074106456053 -16.741161896583193 3
      vertex -112.52780420053512 -16.32421012471517 3
    endloop
  endfacet
  facet normal -0.9978589232386036 0.06540312923014104 0
    outer loop
      vertex -112.52780420053512 -16.32421012471517 0
      vertex -112.52780420053512 -16.32421012471517 3
      vertex -112.5 -15.9 3
    endloop
  endfacet
  facet normal -0.9978589232386036 -0.06540312923014104 -5.907545530169963e-19
    outer loop
      vertex -112.5 -15.9 0
      vertex -112.52780420053512 -15.475789875284832 3
      vertex -112.52780420053512 -15.475789875284832 0
    endloop
  endfacet
  facet normal -0.9978589232386036 -0.06540312923014104 0
    outer loop
      vertex -112.5 -15.9 0
      vertex -112.5 -15.9 3
      vertex -112.52780420053512 -15.475789875284832 3
    endloop
  endfacet
  facet normal -0.98078528040323 -0.19509032201613108 0
    outer loop
      vertex -112.52780420053512 -15.475789875284832 0
      vertex -112.52780420053512 -15.475789875284832 3
      vertex -112.61074106456053 -15.058838103416807 3
    endloop
  endfacet
  facet normal -0.98078528040323 -0.19509032201613108 -2.0492536962217714e-19
    outer loop
      vertex -112.52780420053512 -15.475789875284832 0
      vertex -112.61074106456053 -15.058838103416807 3
      vertex -112.61074106456053 -15.058838103416807 0
    endloop
  endfacet
  facet normal -0.9469301294951029 -0.3214394653031697 1.626382619009826e-18
    outer loop
      vertex -112.61074106456053 -15.058838103416807 0
      vertex -112.74739151933832 -14.656278844813459 3
      vertex -112.74739151933832 -14.656278844813459 0
    endloop
  endfacet
  facet normal -0.9469301294951029 -0.3214394653031697 0
    outer loop
      vertex -112.61074106456053 -15.058838103416807 0
      vertex -112.61074106456053 -15.058838103416807 3
      vertex -112.74739151933832 -14.656278844813459 3
    endloop
  endfacet
  facet normal -0.8968727415326877 -0.44228869021900247 -2.1422268707712905e-18
    outer loop
      vertex -112.74739151933832 -14.656278844813459 0
      vertex -112.93541743770058 -14.275 3
      vertex -112.93541743770058 -14.275 0
    endloop
  endfacet
  facet normal -0.8314696123025541 -0.5555702330195889 -3.9492925707305715e-18
    outer loop
      vertex -112.93541743770058 -14.275 0
      vertex -113.17160164405348 -13.92152535572166 3
      vertex -113.17160164405348 -13.92152535572166 0
    endloop
  endfacet
  facet normal -0.8968727415326877 -0.44228869021900247 0
    outer loop
      vertex -112.74739151933832 -14.656278844813459 0
      vertex -112.74739151933832 -14.656278844813459 3
      vertex -112.93541743770058 -14.275 3
    endloop
  endfacet
  facet normal -0.8314696123025541 -0.5555702330195889 0
    outer loop
      vertex -112.93541743770058 -14.275 0
      vertex -112.93541743770058 -14.275 3
      vertex -113.17160164405348 -13.92152535572166 3
    endloop
  endfacet
  facet normal 0.98078528040323 0.19509032201613108 0
    outer loop
      vertex -125.38925893543947 -16.741161896583193 0
      vertex -125.47219579946488 -16.32421012471517 0
      vertex -125.38925893543947 -16.741161896583193 3
    endloop
  endfacet
  facet normal 0.9978589232386036 0.06540312923014104 0
    outer loop
      vertex -125.47219579946488 -16.32421012471517 0
      vertex -125.5 -15.9 0
      vertex -125.47219579946488 -16.32421012471517 3
    endloop
  endfacet
  facet normal 0.98078528040323 0.19509032201613108 -2.0492536962217714e-19
    outer loop
      vertex -125.38925893543947 -16.741161896583193 3
      vertex -125.47219579946488 -16.32421012471517 0
      vertex -125.47219579946488 -16.32421012471517 3
    endloop
  endfacet
  facet normal 0.9978589232386036 0.06540312923014104 0
    outer loop
      vertex -125.5 -15.9 0
      vertex -125.5 -15.9 3
      vertex -125.47219579946488 -16.32421012471517 3
    endloop
  endfacet
  facet normal 0.9978589232386036 -0.06540312923014104 0
    outer loop
      vertex -125.5 -15.9 0
      vertex -125.47219579946488 -15.475789875284832 0
      vertex -125.5 -15.9 3
    endloop
  endfacet
  facet normal 0.98078528040323 -0.19509032201613108 0
    outer loop
      vertex -125.47219579946488 -15.475789875284832 0
      vertex -125.38925893543947 -15.058838103416807 0
      vertex -125.47219579946488 -15.475789875284832 3
    endloop
  endfacet
  facet normal 0.9978589232386036 -0.06540312923014104 0
    outer loop
      vertex -125.47219579946488 -15.475789875284832 0
      vertex -125.47219579946488 -15.475789875284832 3
      vertex -125.5 -15.9 3
    endloop
  endfacet
  facet normal 0.9469301294951029 -0.3214394653031697 0
    outer loop
      vertex -125.38925893543947 -15.058838103416807 0
      vertex -125.25260848066168 -14.656278844813459 0
      vertex -125.38925893543947 -15.058838103416807 3
    endloop
  endfacet
  facet normal 0.98078528040323 -0.19509032201613108 2.0492536962217714e-19
    outer loop
      vertex -125.47219579946488 -15.475789875284832 3
      vertex -125.38925893543947 -15.058838103416807 0
      vertex -125.38925893543947 -15.058838103416807 3
    endloop
  endfacet
  facet normal 0.9469301294951029 -0.3214394653031697 0
    outer loop
      vertex -125.25260848066168 -14.656278844813459 0
      vertex -125.25260848066168 -14.656278844813459 3
      vertex -125.38925893543947 -15.058838103416807 3
    endloop
  endfacet
  facet normal 0.8314696123025541 -0.5555702330195889 3.9492925707305715e-18
    outer loop
      vertex -124.82839835594652 -13.92152535572166 0
      vertex -125.06458256229942 -14.275 3
      vertex -125.06458256229942 -14.275 0
    endloop
  endfacet
  facet normal 0.8968727415326877 -0.44228869021900247 0
    outer loop
      vertex -125.25260848066168 -14.656278844813459 0
      vertex -125.06458256229942 -14.275 0
      vertex -125.25260848066168 -14.656278844813459 3
    endloop
  endfacet
  facet normal 0.8314696123025541 -0.5555702330195889 0
    outer loop
      vertex -124.82839835594652 -13.92152535572166 0
      vertex -124.82839835594652 -13.92152535572166 3
      vertex -125.06458256229942 -14.275 3
    endloop
  endfacet
  facet normal 0.8968727415326877 -0.44228869021900247 0
    outer loop
      vertex -125.06458256229942 -14.275 0
      vertex -125.06458256229942 -14.275 3
      vertex -125.25260848066168 -14.656278844813459 3
    endloop
  endfacet
  facet normal -0.7518398074789794 -0.6593458151000667 1.8352425017825557e-18
    outer loop
      vertex -113.17160164405348 -13.92152535572166 0
      vertex -113.45190296114372 -13.60190296114372 3
      vertex -113.45190296114372 -13.60190296114372 0
    endloop
  endfacet
  facet normal -0.6593458151000563 -0.7518398074789884 -2.439461559619222e-18
    outer loop
      vertex -113.45190296114372 -13.60190296114372 0
      vertex -113.77152535572166 -13.321601644053485 3
      vertex -113.77152535572166 -13.321601644053485 0
    endloop
  endfacet
  facet normal -0.7518398074789794 -0.6593458151000667 0
    outer loop
      vertex -113.17160164405348 -13.92152535572166 0
      vertex -113.17160164405348 -13.92152535572166 3
      vertex -113.45190296114372 -13.60190296114372 3
    endloop
  endfacet
  facet normal -0.6593458151000563 -0.7518398074789884 0
    outer loop
      vertex -113.45190296114372 -13.60190296114372 0
      vertex -113.45190296114372 -13.60190296114372 3
      vertex -113.77152535572166 -13.321601644053485 3
    endloop
  endfacet
  facet normal -0.5555702330196091 -0.8314696123025406 0
    outer loop
      vertex -113.77152535572166 -13.321601644053485 0
      vertex -113.77152535572166 -13.321601644053485 3
      vertex -114.125 -13.085417437700574 3
    endloop
  endfacet
  facet normal -0.5555702330196091 -0.8314696123025406 1.1754706204492075e-18
    outer loop
      vertex -113.77152535572166 -13.321601644053485 0
      vertex -114.125 -13.085417437700574 3
      vertex -114.125 -13.085417437700574 0
    endloop
  endfacet
  facet normal -0.4422886902189925 -0.8968727415326927 3.673063147232627e-18
    outer loop
      vertex -114.125 -13.085417437700574 0
      vertex -114.50627884481347 -12.897391519338319 3
      vertex -114.50627884481347 -12.897391519338319 0
    endloop
  endfacet
  facet normal -0.3214394653031634 -0.946930129495105 2.13159147191251e-18
    outer loop
      vertex -114.50627884481347 -12.897391519338319 0
      vertex -114.90883810341681 -12.760741064560529 3
      vertex -114.90883810341681 -12.760741064560529 0
    endloop
  endfacet
  facet normal -0.4422886902189925 -0.8968727415326927 0
    outer loop
      vertex -114.125 -13.085417437700574 0
      vertex -114.125 -13.085417437700574 3
      vertex -114.50627884481347 -12.897391519338319 3
    endloop
  endfacet
  facet normal -0.3214394653031634 -0.946930129495105 0
    outer loop
      vertex -114.50627884481347 -12.897391519338319 0
      vertex -114.50627884481347 -12.897391519338319 3
      vertex -114.90883810341681 -12.760741064560529 3
    endloop
  endfacet
  facet normal -0.19509032201613186 -0.9807852804032298 0
    outer loop
      vertex -114.90883810341681 -12.760741064560529 0
      vertex -114.90883810341681 -12.760741064560529 3
      vertex -115.32578987528483 -12.677804200535117 3
    endloop
  endfacet
  facet normal -0.19509032201613186 -0.9807852804032298 5.0605138833453005e-19
    outer loop
      vertex -114.90883810341681 -12.760741064560529 0
      vertex -115.32578987528483 -12.677804200535117 3
      vertex -115.32578987528483 -12.677804200535117 0
    endloop
  endfacet
  facet normal -0.06540312923014438 -0.9978589232386035 -3.264327114366943e-19
    outer loop
      vertex -115.32578987528483 -12.677804200535117 0
      vertex -115.75 -12.65 3
      vertex -115.75 -12.65 0
    endloop
  endfacet
  facet normal -0.06540312923014438 -0.9978589232386035 0
    outer loop
      vertex -115.32578987528483 -12.677804200535117 0
      vertex -115.32578987528483 -12.677804200535117 3
      vertex -115.75 -12.65 3
    endloop
  endfacet
  facet normal 0 -1 0
    outer loop
      vertex -115.75 -12.65 0
      vertex -115.75 -12.65 3
      vertex -122.25 -12.65 3
    endloop
  endfacet
  facet normal 0 -1 0
    outer loop
      vertex -115.75 -12.65 0
      vertex -122.25 -12.65 3
      vertex -122.25 -12.65 0
    endloop
  endfacet
  facet normal 0.19509032201613186 -0.9807852804032298 -5.0605138833453005e-19
    outer loop
      vertex -122.67421012471517 -12.677804200535117 0
      vertex -123.09116189658319 -12.760741064560529 3
      vertex -123.09116189658319 -12.760741064560529 0
    endloop
  endfacet
  facet normal 0.06540312923014438 -0.9978589232386035 3.264327114366943e-19
    outer loop
      vertex -122.25 -12.65 0
      vertex -122.67421012471517 -12.677804200535117 3
      vertex -122.67421012471517 -12.677804200535117 0
    endloop
  endfacet
  facet normal 0.19509032201613186 -0.9807852804032298 0
    outer loop
      vertex -122.67421012471517 -12.677804200535117 0
      vertex -122.67421012471517 -12.677804200535117 3
      vertex -123.09116189658319 -12.760741064560529 3
    endloop
  endfacet
  facet normal 0.06540312923014438 -0.9978589232386035 0
    outer loop
      vertex -122.25 -12.65 0
      vertex -122.25 -12.65 3
      vertex -122.67421012471517 -12.677804200535117 3
    endloop
  endfacet
  facet normal 0.7518398074789794 -0.6593458151000667 0
    outer loop
      vertex -124.82839835594652 -13.92152535572166 0
      vertex -124.54809703885628 -13.60190296114372 0
      vertex -124.82839835594652 -13.92152535572166 3
    endloop
  endfacet
  facet normal 0.6593458151000563 -0.7518398074789884 0
    outer loop
      vertex -124.54809703885628 -13.60190296114372 0
      vertex -124.22847464427834 -13.321601644053485 0
      vertex -124.54809703885628 -13.60190296114372 3
    endloop
  endfacet
  facet normal 0.5555702330196091 -0.8314696123025406 0
    outer loop
      vertex -124.22847464427834 -13.321601644053485 0
      vertex -123.875 -13.085417437700574 0
      vertex -124.22847464427834 -13.321601644053485 3
    endloop
  endfacet
  facet normal 0.7518398074789794 -0.6593458151000667 -1.8352425017825557e-18
    outer loop
      vertex -124.82839835594652 -13.92152535572166 3
      vertex -124.54809703885628 -13.60190296114372 0
      vertex -124.54809703885628 -13.60190296114372 3
    endloop
  endfacet
  facet normal 0.6593458151000563 -0.7518398074789884 0
    outer loop
      vertex -124.22847464427834 -13.321601644053485 0
      vertex -124.22847464427834 -13.321601644053485 3
      vertex -124.54809703885628 -13.60190296114372 3
    endloop
  endfacet
  facet normal 0.4422886902189925 -0.8968727415326927 0
    outer loop
      vertex -123.875 -13.085417437700574 0
      vertex -123.49372115518653 -12.897391519338319 0
      vertex -123.875 -13.085417437700574 3
    endloop
  endfacet
  facet normal 0.3214394653031634 -0.946930129495105 0
    outer loop
      vertex -123.49372115518653 -12.897391519338319 0
      vertex -123.09116189658319 -12.760741064560529 0
      vertex -123.49372115518653 -12.897391519338319 3
    endloop
  endfacet
  facet normal 0.5555702330196091 -0.8314696123025406 0
    outer loop
      vertex -123.875 -13.085417437700574 0
      vertex -123.875 -13.085417437700574 3
      vertex -124.22847464427834 -13.321601644053485 3
    endloop
  endfacet
  facet normal 0.4422886902189925 -0.8968727415326927 0
    outer loop
      vertex -123.49372115518653 -12.897391519338319 0
      vertex -123.49372115518653 -12.897391519338319 3
      vertex -123.875 -13.085417437700574 3
    endloop
  endfacet
  facet normal 0.3214394653031634 -0.946930129495105 0
    outer loop
      vertex -123.09116189658319 -12.760741064560529 0
      vertex -123.09116189658319 -12.760741064560529 3
      vertex -123.49372115518653 -12.897391519338319 3
    endloop
  endfacet
  facet normal -0.3214394653031634 0.946930129495105 -2.13159147191251e-18
    outer loop
      vertex 123.09116189658319 -19.039258935439474 0
      vertex 123.49372115518653 -18.902608480661684 3
      vertex 123.49372115518653 -18.902608480661684 0
    endloop
  endfacet
  facet normal -0.4422886902189958 0.8968727415326909 5.0722793504067384e-18
    outer loop
      vertex 123.49372115518653 -18.902608480661684 0
      vertex 123.875 -18.714582562299427 3
      vertex 123.875 -18.714582562299427 0
    endloop
  endfacet
  facet normal -0.3214394653031634 0.946930129495105 0
    outer loop
      vertex 123.09116189658319 -19.039258935439474 0
      vertex 123.09116189658319 -19.039258935439474 3
      vertex 123.49372115518653 -18.902608480661684 3
    endloop
  endfacet
  facet normal -0.4422886902189958 0.8968727415326909 0
    outer loop
      vertex 123.49372115518653 -18.902608480661684 0
      vertex 123.49372115518653 -18.902608480661684 3
      vertex 123.875 -18.714582562299427 3
    endloop
  endfacet
  facet normal -0.555570233019612 0.8314696123025387 0
    outer loop
      vertex 124.22847464427834 -18.478398355946513 0
      vertex 123.875 -18.714582562299427 0
      vertex 124.22847464427834 -18.478398355946513 3
    endloop
  endfacet
  facet normal -0.6593458151000563 0.7518398074789884 2.439461559619222e-18
    outer loop
      vertex 124.22847464427834 -18.478398355946513 0
      vertex 124.54809703885628 -18.19809703885628 3
      vertex 124.54809703885628 -18.19809703885628 0
    endloop
  endfacet
  facet normal -0.555570233019612 0.8314696123025387 0
    outer loop
      vertex 123.875 -18.714582562299427 0
      vertex 123.875 -18.714582562299427 3
      vertex 124.22847464427834 -18.478398355946513 3
    endloop
  endfacet
  facet normal -0.6593458151000563 0.7518398074789884 0
    outer loop
      vertex 124.22847464427834 -18.478398355946513 0
      vertex 124.22847464427834 -18.478398355946513 3
      vertex 124.54809703885628 -18.19809703885628 3
    endloop
  endfacet
  facet normal -0.7518398074789776 0.6593458151000687 0
    outer loop
      vertex 124.54809703885628 -18.19809703885628 0
      vertex 124.54809703885628 -18.19809703885628 3
      vertex 124.82839835594652 -17.87847464427834 3
    endloop
  endfacet
  facet normal -0.06540312923014022 0.9978589232386038 0
    outer loop
      vertex 122.67421012471517 -19.122195799464883 0
      vertex 122.25 -19.15 0
      vertex 122.67421012471517 -19.122195799464883 3
    endloop
  endfacet
  facet normal -0.1950903220161278 0.9807852804032305 0
    outer loop
      vertex 123.09116189658319 -19.039258935439474 0
      vertex 122.67421012471517 -19.122195799464883 0
      vertex 123.09116189658319 -19.039258935439474 3
    endloop
  endfacet
  facet normal 0 1 0
    outer loop
      vertex 122.25 -19.15 0
      vertex 115.75 -19.15 0
      vertex 122.25 -19.15 3
    endloop
  endfacet
  facet normal -0.06540312923014022 0.9978589232386038 0
    outer loop
      vertex 122.25 -19.15 0
      vertex 122.25 -19.15 3
      vertex 122.67421012471517 -19.122195799464883 3
    endloop
  endfacet
  facet normal -0.1950903220161278 0.9807852804032305 0
    outer loop
      vertex 122.67421012471517 -19.122195799464883 0
      vertex 122.67421012471517 -19.122195799464883 3
      vertex 123.09116189658319 -19.039258935439474 3
    endloop
  endfacet
  facet normal -0.7518398074789776 0.6593458151000687 -5.138916460068771e-19
    outer loop
      vertex 124.54809703885628 -18.19809703885628 0
      vertex 124.82839835594652 -17.87847464427834 3
      vertex 124.82839835594652 -17.87847464427834 0
    endloop
  endfacet
  facet normal -0.8314696123025554 0.5555702330195869 0
    outer loop
      vertex 125.06458256229942 -17.525 0
      vertex 124.82839835594652 -17.87847464427834 0
      vertex 125.06458256229942 -17.525 3
    endloop
  endfacet
  facet normal -0.8968727415326877 0.44228869021900247 0
    outer loop
      vertex 125.06458256229942 -17.525 0
      vertex 125.06458256229942 -17.525 3
      vertex 125.25260848066168 -17.14372115518654 3
    endloop
  endfacet
  facet normal -0.8314696123025554 0.5555702330195869 0
    outer loop
      vertex 124.82839835594652 -17.87847464427834 0
      vertex 124.82839835594652 -17.87847464427834 3
      vertex 125.06458256229942 -17.525 3
    endloop
  endfacet
  facet normal -0.8968727415326877 0.44228869021900247 2.1422268707712905e-18
    outer loop
      vertex 125.06458256229942 -17.525 0
      vertex 125.25260848066168 -17.14372115518654 3
      vertex 125.25260848066168 -17.14372115518654 0
    endloop
  endfacet
  facet normal -0.9469301294951026 0.32143946530317097 -1.5312592122540822e-18
    outer loop
      vertex 125.25260848066168 -17.14372115518654 0
      vertex 125.38925893543947 -16.741161896583193 3
      vertex 125.38925893543947 -16.741161896583193 0
    endloop
  endfacet
  facet normal -0.9469301294951026 0.32143946530317097 0
    outer loop
      vertex 125.25260848066168 -17.14372115518654 0
      vertex 125.25260848066168 -17.14372115518654 3
      vertex 125.38925893543947 -16.741161896583193 3
    endloop
  endfacet
  facet normal 0.06540312923014022 0.9978589232386038 0
    outer loop
      vertex 115.75 -19.15 0
      vertex 115.32578987528483 -19.122195799464883 0
      vertex 115.75 -19.15 3
    endloop
  endfacet
  facet normal 0.1950903220161278 0.9807852804032305 0
    outer loop
      vertex 115.32578987528483 -19.122195799464883 0
      vertex 114.90883810341681 -19.039258935439474 0
      vertex 115.32578987528483 -19.122195799464883 3
    endloop
  endfacet
  facet normal 0 1 0
    outer loop
      vertex 122.25 -19.15 3
      vertex 115.75 -19.15 0
      vertex 115.75 -19.15 3
    endloop
  endfacet
  facet normal 0.06540312923014022 0.9978589232386038 0
    outer loop
      vertex 115.32578987528483 -19.122195799464883 0
      vertex 115.32578987528483 -19.122195799464883 3
      vertex 115.75 -19.15 3
    endloop
  endfacet
  facet normal 0.3214394653031634 0.946930129495105 0
    outer loop
      vertex 114.90883810341681 -19.039258935439474 0
      vertex 114.50627884481347 -18.902608480661684 0
      vertex 114.90883810341681 -19.039258935439474 3
    endloop
  endfacet
  facet normal 0.4422886902189958 0.8968727415326909 0
    outer loop
      vertex 114.50627884481347 -18.902608480661684 0
      vertex 114.125 -18.714582562299427 0
      vertex 114.50627884481347 -18.902608480661684 3
    endloop
  endfacet
  facet normal 0.1950903220161278 0.9807852804032305 0
    outer loop
      vertex 114.90883810341681 -19.039258935439474 0
      vertex 114.90883810341681 -19.039258935439474 3
      vertex 115.32578987528483 -19.122195799464883 3
    endloop
  endfacet
  facet normal 0.3214394653031634 0.946930129495105 0
    outer loop
      vertex 114.50627884481347 -18.902608480661684 0
      vertex 114.50627884481347 -18.902608480661684 3
      vertex 114.90883810341681 -19.039258935439474 3
    endloop
  endfacet
  facet normal 0.4422886902189958 0.8968727415326909 0
    outer loop
      vertex 114.125 -18.714582562299427 0
      vertex 114.125 -18.714582562299427 3
      vertex 114.50627884481347 -18.902608480661684 3
    endloop
  endfacet
  facet normal 0.555570233019612 0.8314696123025387 0
    outer loop
      vertex 114.125 -18.714582562299427 0
      vertex 113.77152535572166 -18.478398355946513 0
      vertex 114.125 -18.714582562299427 3
    endloop
  endfacet
  facet normal 0.6593458151000563 0.7518398074789884 0
    outer loop
      vertex 113.77152535572166 -18.478398355946513 0
      vertex 113.45190296114372 -18.19809703885628 0
      vertex 113.77152535572166 -18.478398355946513 3
    endloop
  endfacet
  facet normal 0.7518398074789776 0.6593458151000687 0
    outer loop
      vertex 113.45190296114372 -18.19809703885628 0
      vertex 113.17160164405348 -17.87847464427834 0
      vertex 113.45190296114372 -18.19809703885628 3
    endloop
  endfacet
  facet normal 0.555570233019612 0.8314696123025387 0
    outer loop
      vertex 113.77152535572166 -18.478398355946513 0
      vertex 113.77152535572166 -18.478398355946513 3
      vertex 114.125 -18.714582562299427 3
    endloop
  endfacet
  facet normal 0.6593458151000563 0.7518398074789884 0
    outer loop
      vertex 113.45190296114372 -18.19809703885628 0
      vertex 113.45190296114372 -18.19809703885628 3
      vertex 113.77152535572166 -18.478398355946513 3
    endloop
  endfacet
  facet normal 0.8314696123025554 0.5555702330195869 0
    outer loop
      vertex 113.17160164405348 -17.87847464427834 0
      vertex 112.93541743770058 -17.525 0
      vertex 113.17160164405348 -17.87847464427834 3
    endloop
  endfacet
  facet normal 0.8968727415326877 0.44228869021900247 0
    outer loop
      vertex 112.93541743770058 -17.525 0
      vertex 112.74739151933832 -17.14372115518654 0
      vertex 112.93541743770058 -17.525 3
    endloop
  endfacet
  facet normal 0.7518398074789776 0.6593458151000687 5.138916460068771e-19
    outer loop
      vertex 113.45190296114372 -18.19809703885628 3
      vertex 113.17160164405348 -17.87847464427834 0
      vertex 113.17160164405348 -17.87847464427834 3
    endloop
  endfacet
  facet normal 0.8314696123025554 0.5555702330195869 0
    outer loop
      vertex 112.93541743770058 -17.525 0
      vertex 112.93541743770058 -17.525 3
      vertex 113.17160164405348 -17.87847464427834 3
    endloop
  endfacet
  facet normal 0.9469301294951026 0.32143946530317097 0
    outer loop
      vertex 112.74739151933832 -17.14372115518654 0
      vertex 112.61074106456053 -16.741161896583193 0
      vertex 112.74739151933832 -17.14372115518654 3
    endloop
  endfacet
  facet normal 0.8968727415326877 0.44228869021900247 0
    outer loop
      vertex 112.74739151933832 -17.14372115518654 0
      vertex 112.74739151933832 -17.14372115518654 3
      vertex 112.93541743770058 -17.525 3
    endloop
  endfacet
  facet normal 0.9469301294951026 0.32143946530317097 0
    outer loop
      vertex 112.61074106456053 -16.741161896583193 0
      vertex 112.61074106456053 -16.741161896583193 3
      vertex 112.74739151933832 -17.14372115518654 3
    endloop
  endfacet
  facet normal -0.98078528040323 0.19509032201613108 2.0492536962217714e-19
    outer loop
      vertex 125.38925893543947 -16.741161896583193 0
      vertex 125.47219579946488 -16.32421012471517 3
      vertex 125.47219579946488 -16.32421012471517 0
    endloop
  endfacet
  facet normal -0.9978589232386036 0.06540312923014104 5.907545530169963e-19
    outer loop
      vertex 125.47219579946488 -16.32421012471517 0
      vertex 125.5 -15.9 3
      vertex 125.5 -15.9 0
    endloop
  endfacet
  facet normal -0.98078528040323 0.19509032201613108 0
    outer loop
      vertex 125.38925893543947 -16.741161896583193 0
      vertex 125.38925893543947 -16.741161896583193 3
      vertex 125.47219579946488 -16.32421012471517 3
    endloop
  endfacet
  facet normal -0.9978589232386036 0.06540312923014104 0
    outer loop
      vertex 125.47219579946488 -16.32421012471517 0
      vertex 125.47219579946488 -16.32421012471517 3
      vertex 125.5 -15.9 3
    endloop
  endfacet
  facet normal -0.9978589232386036 -0.06540312923014104 -5.907545530169963e-19
    outer loop
      vertex 125.5 -15.9 0
      vertex 125.47219579946488 -15.475789875284832 3
      vertex 125.47219579946488 -15.475789875284832 0
    endloop
  endfacet
  facet normal -0.9978589232386036 -0.06540312923014104 0
    outer loop
      vertex 125.5 -15.9 0
      vertex 125.5 -15.9 3
      vertex 125.47219579946488 -15.475789875284832 3
    endloop
  endfacet
  facet normal -0.98078528040323 -0.19509032201613108 0
    outer loop
      vertex 125.47219579946488 -15.475789875284832 0
      vertex 125.47219579946488 -15.475789875284832 3
      vertex 125.38925893543947 -15.058838103416807 3
    endloop
  endfacet
  facet normal -0.98078528040323 -0.19509032201613108 -2.0492536962217714e-19
    outer loop
      vertex 125.47219579946488 -15.475789875284832 0
      vertex 125.38925893543947 -15.058838103416807 3
      vertex 125.38925893543947 -15.058838103416807 0
    endloop
  endfacet
  facet normal -0.9469301294951029 -0.3214394653031697 1.626382619009826e-18
    outer loop
      vertex 125.38925893543947 -15.058838103416807 0
      vertex 125.25260848066168 -14.656278844813459 3
      vertex 125.25260848066168 -14.656278844813459 0
    endloop
  endfacet
  facet normal -0.9469301294951029 -0.3214394653031697 0
    outer loop
      vertex 125.38925893543947 -15.058838103416807 0
      vertex 125.38925893543947 -15.058838103416807 3
      vertex 125.25260848066168 -14.656278844813459 3
    endloop
  endfacet
  facet normal -0.8968727415326877 -0.44228869021900247 -2.1422268707712905e-18
    outer loop
      vertex 125.25260848066168 -14.656278844813459 0
      vertex 125.06458256229942 -14.275 3
      vertex 125.06458256229942 -14.275 0
    endloop
  endfacet
  facet normal -0.8314696123025541 -0.5555702330195889 -3.9492925707305715e-18
    outer loop
      vertex 125.06458256229942 -14.275 0
      vertex 124.82839835594652 -13.92152535572166 3
      vertex 124.82839835594652 -13.92152535572166 0
    endloop
  endfacet
  facet normal -0.8968727415326877 -0.44228869021900247 0
    outer loop
      vertex 125.25260848066168 -14.656278844813459 0
      vertex 125.25260848066168 -14.656278844813459 3
      vertex 125.06458256229942 -14.275 3
    endloop
  endfacet
  facet normal -0.8314696123025541 -0.5555702330195889 0
    outer loop
      vertex 125.06458256229942 -14.275 0
      vertex 125.06458256229942 -14.275 3
      vertex 124.82839835594652 -13.92152535572166 3
    endloop
  endfacet
  facet normal 0.98078528040323 0.19509032201613108 0
    outer loop
      vertex 112.61074106456053 -16.741161896583193 0
      vertex 112.52780420053512 -16.32421012471517 0
      vertex 112.61074106456053 -16.741161896583193 3
    endloop
  endfacet
  facet normal 0.9978589232386036 0.06540312923014104 0
    outer loop
      vertex 112.52780420053512 -16.32421012471517 0
      vertex 112.5 -15.9 0
      vertex 112.52780420053512 -16.32421012471517 3
    endloop
  endfacet
  facet normal 0.98078528040323 0.19509032201613108 -2.0492536962217714e-19
    outer loop
      vertex 112.61074106456053 -16.741161896583193 3
      vertex 112.52780420053512 -16.32421012471517 0
      vertex 112.52780420053512 -16.32421012471517 3
    endloop
  endfacet
  facet normal 0.9978589232386036 0.06540312923014104 0
    outer loop
      vertex 112.5 -15.9 0
      vertex 112.5 -15.9 3
      vertex 112.52780420053512 -16.32421012471517 3
    endloop
  endfacet
  facet normal 0.9978589232386036 -0.06540312923014104 0
    outer loop
      vertex 112.5 -15.9 0
      vertex 112.52780420053512 -15.475789875284832 0
      vertex 112.5 -15.9 3
    endloop
  endfacet
  facet normal 0.98078528040323 -0.19509032201613108 0
    outer loop
      vertex 112.52780420053512 -15.475789875284832 0
      vertex 112.61074106456053 -15.058838103416807 0
      vertex 112.52780420053512 -15.475789875284832 3
    endloop
  endfacet
  facet normal 0.9978589232386036 -0.06540312923014104 0
    outer loop
      vertex 112.52780420053512 -15.475789875284832 0
      vertex 112.52780420053512 -15.475789875284832 3
      vertex 112.5 -15.9 3
    endloop
  endfacet
  facet normal 0.9469301294951029 -0.3214394653031697 0
    outer loop
      vertex 112.61074106456053 -15.058838103416807 0
      vertex 112.74739151933832 -14.656278844813459 0
      vertex 112.61074106456053 -15.058838103416807 3
    endloop
  endfacet
  facet normal 0.98078528040323 -0.19509032201613108 2.0492536962217714e-19
    outer loop
      vertex 112.52780420053512 -15.475789875284832 3
      vertex 112.61074106456053 -15.058838103416807 0
      vertex 112.61074106456053 -15.058838103416807 3
    endloop
  endfacet
  facet normal 0.9469301294951029 -0.3214394653031697 0
    outer loop
      vertex 112.74739151933832 -14.656278844813459 0
      vertex 112.74739151933832 -14.656278844813459 3
      vertex 112.61074106456053 -15.058838103416807 3
    endloop
  endfacet
  facet normal 0.8968727415326877 -0.44228869021900247 0
    outer loop
      vertex 112.74739151933832 -14.656278844813459 0
      vertex 112.93541743770058 -14.275 0
      vertex 112.74739151933832 -14.656278844813459 3
    endloop
  endfacet
  facet normal 0.8314696123025541 -0.5555702330195889 3.9492925707305715e-18
    outer loop
      vertex 113.17160164405348 -13.92152535572166 0
      vertex 112.93541743770058 -14.275 3
      vertex 112.93541743770058 -14.275 0
    endloop
  endfacet
  facet normal 0.8968727415326877 -0.44228869021900247 0
    outer loop
      vertex 112.93541743770058 -14.275 0
      vertex 112.93541743770058 -14.275 3
      vertex 112.74739151933832 -14.656278844813459 3
    endloop
  endfacet
  facet normal 0.8314696123025541 -0.5555702330195889 0
    outer loop
      vertex 113.17160164405348 -13.92152535572166 0
      vertex 113.17160164405348 -13.92152535572166 3
      vertex 112.93541743770058 -14.275 3
    endloop
  endfacet
  facet normal -0.7518398074789794 -0.6593458151000667 1.8352425017825557e-18
    outer loop
      vertex 124.82839835594652 -13.92152535572166 0
      vertex 124.54809703885628 -13.60190296114372 3
      vertex 124.54809703885628 -13.60190296114372 0
    endloop
  endfacet
  facet normal -0.6593458151000563 -0.7518398074789884 -2.439461559619222e-18
    outer loop
      vertex 124.54809703885628 -13.60190296114372 0
      vertex 124.22847464427834 -13.321601644053485 3
      vertex 124.22847464427834 -13.321601644053485 0
    endloop
  endfacet
  facet normal -0.7518398074789794 -0.6593458151000667 0
    outer loop
      vertex 124.82839835594652 -13.92152535572166 0
      vertex 124.82839835594652 -13.92152535572166 3
      vertex 124.54809703885628 -13.60190296114372 3
    endloop
  endfacet
  facet normal -0.6593458151000563 -0.7518398074789884 0
    outer loop
      vertex 124.54809703885628 -13.60190296114372 0
      vertex 124.54809703885628 -13.60190296114372 3
      vertex 124.22847464427834 -13.321601644053485 3
    endloop
  endfacet
  facet normal -0.5555702330196091 -0.8314696123025406 0
    outer loop
      vertex 124.22847464427834 -13.321601644053485 0
      vertex 124.22847464427834 -13.321601644053485 3
      vertex 123.875 -13.085417437700574 3
    endloop
  endfacet
  facet normal -0.5555702330196091 -0.8314696123025406 1.1754706204492075e-18
    outer loop
      vertex 124.22847464427834 -13.321601644053485 0
      vertex 123.875 -13.085417437700574 3
      vertex 123.875 -13.085417437700574 0
    endloop
  endfacet
  facet normal -0.4422886902189925 -0.8968727415326927 3.673063147232627e-18
    outer loop
      vertex 123.875 -13.085417437700574 0
      vertex 123.49372115518653 -12.897391519338319 3
      vertex 123.49372115518653 -12.897391519338319 0
    endloop
  endfacet
  facet normal -0.3214394653031634 -0.946930129495105 2.13159147191251e-18
    outer loop
      vertex 123.49372115518653 -12.897391519338319 0
      vertex 123.09116189658319 -12.760741064560529 3
      vertex 123.09116189658319 -12.760741064560529 0
    endloop
  endfacet
  facet normal -0.4422886902189925 -0.8968727415326927 0
    outer loop
      vertex 123.875 -13.085417437700574 0
      vertex 123.875 -13.085417437700574 3
      vertex 123.49372115518653 -12.897391519338319 3
    endloop
  endfacet
  facet normal -0.3214394653031634 -0.946930129495105 0
    outer loop
      vertex 123.49372115518653 -12.897391519338319 0
      vertex 123.49372115518653 -12.897391519338319 3
      vertex 123.09116189658319 -12.760741064560529 3
    endloop
  endfacet
  facet normal -0.19509032201613186 -0.9807852804032298 5.0605138833453005e-19
    outer loop
      vertex 123.09116189658319 -12.760741064560529 0
      vertex 122.67421012471517 -12.677804200535117 3
      vertex 122.67421012471517 -12.677804200535117 0
    endloop
  endfacet
  facet normal -0.06540312923014438 -0.9978589232386035 -3.264327114366943e-19
    outer loop
      vertex 122.67421012471517 -12.677804200535117 0
      vertex 122.25 -12.65 3
      vertex 122.25 -12.65 0
    endloop
  endfacet
  facet normal -0.19509032201613186 -0.9807852804032298 0
    outer loop
      vertex 123.09116189658319 -12.760741064560529 0
      vertex 123.09116189658319 -12.760741064560529 3
      vertex 122.67421012471517 -12.677804200535117 3
    endloop
  endfacet
  facet normal -0.06540312923014438 -0.9978589232386035 0
    outer loop
      vertex 122.67421012471517 -12.677804200535117 0
      vertex 122.67421012471517 -12.677804200535117 3
      vertex 122.25 -12.65 3
    endloop
  endfacet
  facet normal 0 -1 0
    outer loop
      vertex 122.25 -12.65 0
      vertex 122.25 -12.65 3
      vertex 115.75 -12.65 3
    endloop
  endfacet
  facet normal 0 -1 0
    outer loop
      vertex 122.25 -12.65 0
      vertex 115.75 -12.65 3
      vertex 115.75 -12.65 0
    endloop
  endfacet
  facet normal 0.06540312923014438 -0.9978589232386035 3.264327114366943e-19
    outer loop
      vertex 115.75 -12.65 0
      vertex 115.32578987528483 -12.677804200535117 3
      vertex 115.32578987528483 -12.677804200535117 0
    endloop
  endfacet
  facet normal 0.19509032201613186 -0.9807852804032298 0
    outer loop
      vertex 115.32578987528483 -12.677804200535117 0
      vertex 115.32578987528483 -12.677804200535117 3
      vertex 114.90883810341681 -12.760741064560529 3
    endloop
  endfacet
  facet normal 0.06540312923014438 -0.9978589232386035 0
    outer loop
      vertex 115.75 -12.65 0
      vertex 115.75 -12.65 3
      vertex 115.32578987528483 -12.677804200535117 3
    endloop
  endfacet
  facet normal 0.7518398074789794 -0.6593458151000667 0
    outer loop
      vertex 113.17160164405348 -13.92152535572166 0
      vertex 113.45190296114372 -13.60190296114372 0
      vertex 113.17160164405348 -13.92152535572166 3
    endloop
  endfacet
  facet normal 0.6593458151000563 -0.7518398074789884 0
    outer loop
      vertex 113.45190296114372 -13.60190296114372 0
      vertex 113.77152535572166 -13.321601644053485 0
      vertex 113.45190296114372 -13.60190296114372 3
    endloop
  endfacet
  facet normal 0.5555702330196091 -0.8314696123025406 0
    outer loop
      vertex 113.77152535572166 -13.321601644053485 0
      vertex 114.125 -13.085417437700574 0
      vertex 113.77152535572166 -13.321601644053485 3
    endloop
  endfacet
  facet normal 0.7518398074789794 -0.6593458151000667 -1.8352425017825557e-18
    outer loop
      vertex 113.17160164405348 -13.92152535572166 3
      vertex 113.45190296114372 -13.60190296114372 0
      vertex 113.45190296114372 -13.60190296114372 3
    endloop
  endfacet
  facet normal 0.6593458151000563 -0.7518398074789884 0
    outer loop
      vertex 113.77152535572166 -13.321601644053485 0
      vertex 113.77152535572166 -13.321601644053485 3
      vertex 113.45190296114372 -13.60190296114372 3
    endloop
  endfacet
  facet normal 0.4422886902189925 -0.8968727415326927 0
    outer loop
      vertex 114.125 -13.085417437700574 0
      vertex 114.50627884481347 -12.897391519338319 0
      vertex 114.125 -13.085417437700574 3
    endloop
  endfacet
  facet normal 0.3214394653031634 -0.946930129495105 0
    outer loop
      vertex 114.50627884481347 -12.897391519338319 0
      vertex 114.90883810341681 -12.760741064560529 0
      vertex 114.50627884481347 -12.897391519338319 3
    endloop
  endfacet
  facet normal 0.19509032201613186 -0.9807852804032298 -5.0605138833453005e-19
    outer loop
      vertex 115.32578987528483 -12.677804200535117 0
      vertex 114.90883810341681 -12.760741064560529 3
      vertex 114.90883810341681 -12.760741064560529 0
    endloop
  endfacet
  facet normal 0.4422886902189925 -0.8968727415326927 0
    outer loop
      vertex 114.50627884481347 -12.897391519338319 0
      vertex 114.50627884481347 -12.897391519338319 3
      vertex 114.125 -13.085417437700574 3
    endloop
  endfacet
  facet normal 0.5555702330196091 -0.8314696123025406 0
    outer loop
      vertex 114.125 -13.085417437700574 0
      vertex 114.125 -13.085417437700574 3
      vertex 113.77152535572166 -13.321601644053485 3
    endloop
  endfacet
  facet normal 0.3214394653031634 -0.946930129495105 0
    outer loop
      vertex 114.90883810341681 -12.760741064560529 0
      vertex 114.90883810341681 -12.760741064560529 3
      vertex 114.50627884481347 -12.897391519338319 3
    endloop
  endfacet
  facet normal -0.3214394653031634 0.946930129495105 -2.13159147191251e-18
    outer loop
      vertex 123.09116189658319 12.760741064560529 0
      vertex 123.49372115518653 12.897391519338319 3
      vertex 123.49372115518653 12.897391519338319 0
    endloop
  endfacet
  facet normal -0.4422886902189925 0.8968727415326927 -3.673063147232627e-18
    outer loop
      vertex 123.49372115518653 12.897391519338319 0
      vertex 123.875 13.085417437700574 3
      vertex 123.875 13.085417437700574 0
    endloop
  endfacet
  facet normal -0.3214394653031634 0.946930129495105 0
    outer loop
      vertex 123.09116189658319 12.760741064560529 0
      vertex 123.09116189658319 12.760741064560529 3
      vertex 123.49372115518653 12.897391519338319 3
    endloop
  endfacet
  facet normal -0.4422886902189925 0.8968727415326927 0
    outer loop
      vertex 123.49372115518653 12.897391519338319 0
      vertex 123.49372115518653 12.897391519338319 3
      vertex 123.875 13.085417437700574 3
    endloop
  endfacet
  facet normal -0.5555702330196091 0.8314696123025406 0
    outer loop
      vertex 123.875 13.085417437700574 0
      vertex 123.875 13.085417437700574 3
      vertex 124.22847464427834 13.321601644053485 3
    endloop
  endfacet
  facet normal -0.5555702330196091 0.8314696123025406 -1.1754706204492075e-18
    outer loop
      vertex 123.875 13.085417437700574 0
      vertex 124.22847464427834 13.321601644053485 3
      vertex 124.22847464427834 13.321601644053485 0
    endloop
  endfacet
  facet normal -0.6593458151000563 0.7518398074789884 2.439461559619222e-18
    outer loop
      vertex 124.22847464427834 13.321601644053485 0
      vertex 124.54809703885628 13.60190296114372 3
      vertex 124.54809703885628 13.60190296114372 0
    endloop
  endfacet
  facet normal -0.7518398074789794 0.6593458151000667 -1.8352425017825557e-18
    outer loop
      vertex 124.54809703885628 13.60190296114372 0
      vertex 124.82839835594652 13.92152535572166 3
      vertex 124.82839835594652 13.92152535572166 0
    endloop
  endfacet
  facet normal -0.6593458151000563 0.7518398074789884 0
    outer loop
      vertex 124.22847464427834 13.321601644053485 0
      vertex 124.22847464427834 13.321601644053485 3
      vertex 124.54809703885628 13.60190296114372 3
    endloop
  endfacet
  facet normal -0.7518398074789794 0.6593458151000667 0
    outer loop
      vertex 124.54809703885628 13.60190296114372 0
      vertex 124.54809703885628 13.60190296114372 3
      vertex 124.82839835594652 13.92152535572166 3
    endloop
  endfacet
  facet normal -0.06540312923014438 0.9978589232386035 0
    outer loop
      vertex 122.67421012471517 12.677804200535117 0
      vertex 122.25 12.65 0
      vertex 122.67421012471517 12.677804200535117 3
    endloop
  endfacet
  facet normal -0.19509032201613186 0.9807852804032298 0
    outer loop
      vertex 123.09116189658319 12.760741064560529 0
      vertex 122.67421012471517 12.677804200535117 0
      vertex 123.09116189658319 12.760741064560529 3
    endloop
  endfacet
  facet normal 0 1 0
    outer loop
      vertex 122.25 12.65 0
      vertex 115.75 12.65 0
      vertex 122.25 12.65 3
    endloop
  endfacet
  facet normal -0.06540312923014438 0.9978589232386035 0
    outer loop
      vertex 122.25 12.65 0
      vertex 122.25 12.65 3
      vertex 122.67421012471517 12.677804200535117 3
    endloop
  endfacet
  facet normal -0.19509032201613186 0.9807852804032298 0
    outer loop
      vertex 122.67421012471517 12.677804200535117 0
      vertex 122.67421012471517 12.677804200535117 3
      vertex 123.09116189658319 12.760741064560529 3
    endloop
  endfacet
  facet normal 0.06540312923014438 0.9978589232386035 0
    outer loop
      vertex 115.75 12.65 0
      vertex 115.32578987528483 12.677804200535117 0
      vertex 115.75 12.65 3
    endloop
  endfacet
  facet normal 0.19509032201613186 0.9807852804032298 0
    outer loop
      vertex 115.32578987528483 12.677804200535117 0
      vertex 114.90883810341681 12.760741064560529 0
      vertex 115.32578987528483 12.677804200535117 3
    endloop
  endfacet
  facet normal 0 1 0
    outer loop
      vertex 122.25 12.65 3
      vertex 115.75 12.65 0
      vertex 115.75 12.65 3
    endloop
  endfacet
  facet normal 0.06540312923014438 0.9978589232386035 0
    outer loop
      vertex 115.32578987528483 12.677804200535117 0
      vertex 115.32578987528483 12.677804200535117 3
      vertex 115.75 12.65 3
    endloop
  endfacet
  facet normal 0.3214394653031634 0.946930129495105 0
    outer loop
      vertex 114.90883810341681 12.760741064560529 0
      vertex 114.50627884481347 12.897391519338319 0
      vertex 114.90883810341681 12.760741064560529 3
    endloop
  endfacet
  facet normal 0.4422886902189925 0.8968727415326927 0
    outer loop
      vertex 114.50627884481347 12.897391519338319 0
      vertex 114.125 13.085417437700574 0
      vertex 114.50627884481347 12.897391519338319 3
    endloop
  endfacet
  facet normal 0.5555702330196091 0.8314696123025406 0
    outer loop
      vertex 114.125 13.085417437700574 0
      vertex 113.77152535572166 13.321601644053485 0
      vertex 114.125 13.085417437700574 3
    endloop
  endfacet
  facet normal 0.19509032201613186 0.9807852804032298 0
    outer loop
      vertex 114.90883810341681 12.760741064560529 0
      vertex 114.90883810341681 12.760741064560529 3
      vertex 115.32578987528483 12.677804200535117 3
    endloop
  endfacet
  facet normal 0.3214394653031634 0.946930129495105 0
    outer loop
      vertex 114.50627884481347 12.897391519338319 0
      vertex 114.50627884481347 12.897391519338319 3
      vertex 114.90883810341681 12.760741064560529 3
    endloop
  endfacet
  facet normal 0.4422886902189925 0.8968727415326927 0
    outer loop
      vertex 114.125 13.085417437700574 0
      vertex 114.125 13.085417437700574 3
      vertex 114.50627884481347 12.897391519338319 3
    endloop
  endfacet
  facet normal 0.6593458151000563 0.7518398074789884 0
    outer loop
      vertex 113.77152535572166 13.321601644053485 0
      vertex 113.45190296114372 13.60190296114372 0
      vertex 113.77152535572166 13.321601644053485 3
    endloop
  endfacet
  facet normal 0.7518398074789794 0.6593458151000667 0
    outer loop
      vertex 113.45190296114372 13.60190296114372 0
      vertex 113.17160164405348 13.92152535572166 0
      vertex 113.45190296114372 13.60190296114372 3
    endloop
  endfacet
  facet normal 0.5555702330196091 0.8314696123025406 0
    outer loop
      vertex 113.77152535572166 13.321601644053485 0
      vertex 113.77152535572166 13.321601644053485 3
      vertex 114.125 13.085417437700574 3
    endloop
  endfacet
  facet normal 0.6593458151000563 0.7518398074789884 0
    outer loop
      vertex 113.45190296114372 13.60190296114372 0
      vertex 113.45190296114372 13.60190296114372 3
      vertex 113.77152535572166 13.321601644053485 3
    endloop
  endfacet
  facet normal 0.7518398074789794 0.6593458151000667 1.8352425017825557e-18
    outer loop
      vertex 113.45190296114372 13.60190296114372 3
      vertex 113.17160164405348 13.92152535572166 0
      vertex 113.17160164405348 13.92152535572166 3
    endloop
  endfacet
  facet normal -0.8968727415326877 0.44228869021900247 2.1422268707712905e-18
    outer loop
      vertex 125.06458256229942 14.275 0
      vertex 125.25260848066168 14.656278844813459 3
      vertex 125.25260848066168 14.656278844813459 0
    endloop
  endfacet
  facet normal -0.8314696123025541 0.5555702330195889 0
    outer loop
      vertex 125.06458256229942 14.275 0
      vertex 124.82839835594652 13.92152535572166 0
      vertex 125.06458256229942 14.275 3
    endloop
  endfacet
  facet normal -0.8968727415326877 0.44228869021900247 0
    outer loop
      vertex 125.06458256229942 14.275 0
      vertex 125.06458256229942 14.275 3
      vertex 125.25260848066168 14.656278844813459 3
    endloop
  endfacet
  facet normal -0.8314696123025541 0.5555702330195889 0
    outer loop
      vertex 124.82839835594652 13.92152535572166 0
      vertex 124.82839835594652 13.92152535572166 3
      vertex 125.06458256229942 14.275 3
    endloop
  endfacet
  facet normal -0.9469301294951029 0.3214394653031697 -1.626382619009826e-18
    outer loop
      vertex 125.25260848066168 14.656278844813459 0
      vertex 125.38925893543947 15.058838103416807 3
      vertex 125.38925893543947 15.058838103416807 0
    endloop
  endfacet
  facet normal -0.9469301294951029 0.3214394653031697 0
    outer loop
      vertex 125.25260848066168 14.656278844813459 0
      vertex 125.25260848066168 14.656278844813459 3
      vertex 125.38925893543947 15.058838103416807 3
    endloop
  endfacet
  facet normal -0.98078528040323 0.19509032201613108 0
    outer loop
      vertex 125.38925893543947 15.058838103416807 0
      vertex 125.38925893543947 15.058838103416807 3
      vertex 125.47219579946488 15.475789875284832 3
    endloop
  endfacet
  facet normal -0.98078528040323 0.19509032201613108 2.0492536962217714e-19
    outer loop
      vertex 125.38925893543947 15.058838103416807 0
      vertex 125.47219579946488 15.475789875284832 3
      vertex 125.47219579946488 15.475789875284832 0
    endloop
  endfacet
  facet normal -0.9978589232386036 0.06540312923014104 5.907545530169963e-19
    outer loop
      vertex 125.47219579946488 15.475789875284832 0
      vertex 125.5 15.9 3
      vertex 125.5 15.9 0
    endloop
  endfacet
  facet normal -0.9978589232386036 0.06540312923014104 0
    outer loop
      vertex 125.47219579946488 15.475789875284832 0
      vertex 125.47219579946488 15.475789875284832 3
      vertex 125.5 15.9 3
    endloop
  endfacet
  facet normal -0.9978589232386036 -0.06540312923014104 -5.907545530169963e-19
    outer loop
      vertex 125.5 15.9 0
      vertex 125.47219579946488 16.32421012471517 3
      vertex 125.47219579946488 16.32421012471517 0
    endloop
  endfacet
  facet normal -0.98078528040323 -0.19509032201613108 -2.0492536962217714e-19
    outer loop
      vertex 125.47219579946488 16.32421012471517 0
      vertex 125.38925893543947 16.741161896583193 3
      vertex 125.38925893543947 16.741161896583193 0
    endloop
  endfacet
  facet normal -0.9978589232386036 -0.06540312923014104 0
    outer loop
      vertex 125.5 15.9 0
      vertex 125.5 15.9 3
      vertex 125.47219579946488 16.32421012471517 3
    endloop
  endfacet
  facet normal -0.98078528040323 -0.19509032201613108 0
    outer loop
      vertex 125.47219579946488 16.32421012471517 0
      vertex 125.47219579946488 16.32421012471517 3
      vertex 125.38925893543947 16.741161896583193 3
    endloop
  endfacet
  facet normal 0.8314696123025541 0.5555702330195889 0
    outer loop
      vertex 113.17160164405348 13.92152535572166 0
      vertex 112.93541743770058 14.275 0
      vertex 113.17160164405348 13.92152535572166 3
    endloop
  endfacet
  facet normal 0.8968727415326877 0.44228869021900247 0
    outer loop
      vertex 112.93541743770058 14.275 0
      vertex 112.74739151933832 14.656278844813459 0
      vertex 112.93541743770058 14.275 3
    endloop
  endfacet
  facet normal 0.8314696123025541 0.5555702330195889 0
    outer loop
      vertex 112.93541743770058 14.275 0
      vertex 112.93541743770058 14.275 3
      vertex 113.17160164405348 13.92152535572166 3
    endloop
  endfacet
  facet normal 0.8968727415326877 0.44228869021900247 0
    outer loop
      vertex 112.74739151933832 14.656278844813459 0
      vertex 112.74739151933832 14.656278844813459 3
      vertex 112.93541743770058 14.275 3
    endloop
  endfacet
  facet normal 0.9469301294951029 0.3214394653031697 0
    outer loop
      vertex 112.74739151933832 14.656278844813459 0
      vertex 112.61074106456053 15.058838103416807 0
      vertex 112.74739151933832 14.656278844813459 3
    endloop
  endfacet
  facet normal 0.98078528040323 0.19509032201613108 0
    outer loop
      vertex 112.61074106456053 15.058838103416807 0
      vertex 112.52780420053512 15.475789875284832 0
      vertex 112.61074106456053 15.058838103416807 3
    endloop
  endfacet
  facet normal 0.9469301294951029 0.3214394653031697 0
    outer loop
      vertex 112.61074106456053 15.058838103416807 0
      vertex 112.61074106456053 15.058838103416807 3
      vertex 112.74739151933832 14.656278844813459 3
    endloop
  endfacet
  facet normal 0.9978589232386036 0.06540312923014104 0
    outer loop
      vertex 112.52780420053512 15.475789875284832 0
      vertex 112.5 15.9 0
      vertex 112.52780420053512 15.475789875284832 3
    endloop
  endfacet
  facet normal 0.98078528040323 0.19509032201613108 -2.0492536962217714e-19
    outer loop
      vertex 112.61074106456053 15.058838103416807 3
      vertex 112.52780420053512 15.475789875284832 0
      vertex 112.52780420053512 15.475789875284832 3
    endloop
  endfacet
  facet normal 0.9978589232386036 0.06540312923014104 0
    outer loop
      vertex 112.5 15.9 0
      vertex 112.5 15.9 3
      vertex 112.52780420053512 15.475789875284832 3
    endloop
  endfacet
  facet normal 0.9978589232386036 -0.06540312923014104 0
    outer loop
      vertex 112.5 15.9 0
      vertex 112.52780420053512 16.32421012471517 0
      vertex 112.5 15.9 3
    endloop
  endfacet
  facet normal 0.98078528040323 -0.19509032201613108 0
    outer loop
      vertex 112.52780420053512 16.32421012471517 0
      vertex 112.61074106456053 16.741161896583193 0
      vertex 112.52780420053512 16.32421012471517 3
    endloop
  endfacet
  facet normal 0.9978589232386036 -0.06540312923014104 0
    outer loop
      vertex 112.52780420053512 16.32421012471517 0
      vertex 112.52780420053512 16.32421012471517 3
      vertex 112.5 15.9 3
    endloop
  endfacet
  facet normal 0.98078528040323 -0.19509032201613108 2.0492536962217714e-19
    outer loop
      vertex 112.52780420053512 16.32421012471517 3
      vertex 112.61074106456053 16.741161896583193 0
      vertex 112.61074106456053 16.741161896583193 3
    endloop
  endfacet
  facet normal -0.9469301294951026 -0.32143946530317097 1.5312592122540822e-18
    outer loop
      vertex 125.38925893543947 16.741161896583193 0
      vertex 125.25260848066168 17.14372115518654 3
      vertex 125.25260848066168 17.14372115518654 0
    endloop
  endfacet
  facet normal -0.9469301294951026 -0.32143946530317097 0
    outer loop
      vertex 125.38925893543947 16.741161896583193 0
      vertex 125.38925893543947 16.741161896583193 3
      vertex 125.25260848066168 17.14372115518654 3
    endloop
  endfacet
  facet normal -0.8968727415326877 -0.44228869021900247 0
    outer loop
      vertex 125.25260848066168 17.14372115518654 0
      vertex 125.25260848066168 17.14372115518654 3
      vertex 125.06458256229942 17.525 3
    endloop
  endfacet
  facet normal -0.8968727415326877 -0.44228869021900247 -2.1422268707712905e-18
    outer loop
      vertex 125.25260848066168 17.14372115518654 0
      vertex 125.06458256229942 17.525 3
      vertex 125.06458256229942 17.525 0
    endloop
  endfacet
  facet normal -0.8314696123025554 -0.5555702330195869 4.412254914115678e-18
    outer loop
      vertex 125.06458256229942 17.525 0
      vertex 124.82839835594652 17.87847464427834 3
      vertex 124.82839835594652 17.87847464427834 0
    endloop
  endfacet
  facet normal -0.8314696123025554 -0.5555702330195869 0
    outer loop
      vertex 125.06458256229942 17.525 0
      vertex 125.06458256229942 17.525 3
      vertex 124.82839835594652 17.87847464427834 3
    endloop
  endfacet
  facet normal -0.7518398074789776 -0.6593458151000687 0
    outer loop
      vertex 124.82839835594652 17.87847464427834 0
      vertex 124.82839835594652 17.87847464427834 3
      vertex 124.54809703885628 18.19809703885628 3
    endloop
  endfacet
  facet normal -0.7518398074789776 -0.6593458151000687 5.138916460068771e-19
    outer loop
      vertex 124.82839835594652 17.87847464427834 0
      vertex 124.54809703885628 18.19809703885628 3
      vertex 124.54809703885628 18.19809703885628 0
    endloop
  endfacet
  facet normal -0.6593458151000563 -0.7518398074789884 -2.439461559619222e-18
    outer loop
      vertex 124.54809703885628 18.19809703885628 0
      vertex 124.22847464427834 18.478398355946513 3
      vertex 124.22847464427834 18.478398355946513 0
    endloop
  endfacet
  facet normal -0.555570233019612 -0.8314696123025387 -1.4878149226313821e-18
    outer loop
      vertex 124.22847464427834 18.478398355946513 0
      vertex 123.875 18.714582562299427 3
      vertex 123.875 18.714582562299427 0
    endloop
  endfacet
  facet normal -0.6593458151000563 -0.7518398074789884 0
    outer loop
      vertex 124.54809703885628 18.19809703885628 0
      vertex 124.54809703885628 18.19809703885628 3
      vertex 124.22847464427834 18.478398355946513 3
    endloop
  endfacet
  facet normal -0.555570233019612 -0.8314696123025387 0
    outer loop
      vertex 124.22847464427834 18.478398355946513 0
      vertex 124.22847464427834 18.478398355946513 3
      vertex 123.875 18.714582562299427 3
    endloop
  endfacet
  facet normal -0.4422886902189958 -0.8968727415326909 -5.0722793504067384e-18
    outer loop
      vertex 123.875 18.714582562299427 0
      vertex 123.49372115518653 18.902608480661684 3
      vertex 123.49372115518653 18.902608480661684 0
    endloop
  endfacet
  facet normal -0.3214394653031634 -0.946930129495105 2.13159147191251e-18
    outer loop
      vertex 123.49372115518653 18.902608480661684 0
      vertex 123.09116189658319 19.039258935439474 3
      vertex 123.09116189658319 19.039258935439474 0
    endloop
  endfacet
  facet normal -0.4422886902189958 -0.8968727415326909 0
    outer loop
      vertex 123.875 18.714582562299427 0
      vertex 123.875 18.714582562299427 3
      vertex 123.49372115518653 18.902608480661684 3
    endloop
  endfacet
  facet normal -0.3214394653031634 -0.946930129495105 0
    outer loop
      vertex 123.49372115518653 18.902608480661684 0
      vertex 123.49372115518653 18.902608480661684 3
      vertex 123.09116189658319 19.039258935439474 3
    endloop
  endfacet
  facet normal -0.1950903220161278 -0.9807852804032305 -9.104228742167333e-19
    outer loop
      vertex 123.09116189658319 19.039258935439474 0
      vertex 122.67421012471517 19.122195799464883 3
      vertex 122.67421012471517 19.122195799464883 0
    endloop
  endfacet
  facet normal -0.06540312923014022 -0.9978589232386038 2.0562667885600235e-19
    outer loop
      vertex 122.67421012471517 19.122195799464883 0
      vertex 122.25 19.15 3
      vertex 122.25 19.15 0
    endloop
  endfacet
  facet normal -0.1950903220161278 -0.9807852804032305 0
    outer loop
      vertex 123.09116189658319 19.039258935439474 0
      vertex 123.09116189658319 19.039258935439474 3
      vertex 122.67421012471517 19.122195799464883 3
    endloop
  endfacet
  facet normal -0.06540312923014022 -0.9978589232386038 0
    outer loop
      vertex 122.67421012471517 19.122195799464883 0
      vertex 122.67421012471517 19.122195799464883 3
      vertex 122.25 19.15 3
    endloop
  endfacet
  facet normal 0 -1 0
    outer loop
      vertex 122.25 19.15 0
      vertex 122.25 19.15 3
      vertex 115.75 19.15 3
    endloop
  endfacet
  facet normal 0.9469301294951026 -0.32143946530317097 0
    outer loop
      vertex 112.61074106456053 16.741161896583193 0
      vertex 112.74739151933832 17.14372115518654 0
      vertex 112.61074106456053 16.741161896583193 3
    endloop
  endfacet
  facet normal 0.8968727415326877 -0.44228869021900247 0
    outer loop
      vertex 112.74739151933832 17.14372115518654 0
      vertex 112.93541743770058 17.525 0
      vertex 112.74739151933832 17.14372115518654 3
    endloop
  endfacet
  facet normal 0.9469301294951026 -0.32143946530317097 0
    outer loop
      vertex 112.74739151933832 17.14372115518654 0
      vertex 112.74739151933832 17.14372115518654 3
      vertex 112.61074106456053 16.741161896583193 3
    endloop
  endfacet
  facet normal 0.7518398074789776 -0.6593458151000687 0
    outer loop
      vertex 113.17160164405348 17.87847464427834 0
      vertex 113.45190296114372 18.19809703885628 0
      vertex 113.17160164405348 17.87847464427834 3
    endloop
  endfacet
  facet normal 0.8314696123025554 -0.5555702330195869 -4.412254914115678e-18
    outer loop
      vertex 113.17160164405348 17.87847464427834 0
      vertex 112.93541743770058 17.525 3
      vertex 112.93541743770058 17.525 0
    endloop
  endfacet
  facet normal 0.8968727415326877 -0.44228869021900247 0
    outer loop
      vertex 112.93541743770058 17.525 0
      vertex 112.93541743770058 17.525 3
      vertex 112.74739151933832 17.14372115518654 3
    endloop
  endfacet
  facet normal 0.8314696123025554 -0.5555702330195869 0
    outer loop
      vertex 113.17160164405348 17.87847464427834 0
      vertex 113.17160164405348 17.87847464427834 3
      vertex 112.93541743770058 17.525 3
    endloop
  endfacet
  facet normal 0 -1 0
    outer loop
      vertex 122.25 19.15 0
      vertex 115.75 19.15 3
      vertex 115.75 19.15 0
    endloop
  endfacet
  facet normal 0.06540312923014022 -0.9978589232386038 -2.0562667885600235e-19
    outer loop
      vertex 115.75 19.15 0
      vertex 115.32578987528483 19.122195799464883 3
      vertex 115.32578987528483 19.122195799464883 0
    endloop
  endfacet
  facet normal 0.1950903220161278 -0.9807852804032305 0
    outer loop
      vertex 115.32578987528483 19.122195799464883 0
      vertex 115.32578987528483 19.122195799464883 3
      vertex 114.90883810341681 19.039258935439474 3
    endloop
  endfacet
  facet normal 0.06540312923014022 -0.9978589232386038 0
    outer loop
      vertex 115.75 19.15 0
      vertex 115.75 19.15 3
      vertex 115.32578987528483 19.122195799464883 3
    endloop
  endfacet
  facet normal 0.6593458151000563 -0.7518398074789884 0
    outer loop
      vertex 113.45190296114372 18.19809703885628 0
      vertex 113.77152535572166 18.478398355946513 0
      vertex 113.45190296114372 18.19809703885628 3
    endloop
  endfacet
  facet normal 0.555570233019612 -0.8314696123025387 1.4878149226313821e-18
    outer loop
      vertex 114.125 18.714582562299427 0
      vertex 113.77152535572166 18.478398355946513 3
      vertex 113.77152535572166 18.478398355946513 0
    endloop
  endfacet
  facet normal 0.7518398074789776 -0.6593458151000687 -5.138916460068771e-19
    outer loop
      vertex 113.17160164405348 17.87847464427834 3
      vertex 113.45190296114372 18.19809703885628 0
      vertex 113.45190296114372 18.19809703885628 3
    endloop
  endfacet
  facet normal 0.6593458151000563 -0.7518398074789884 0
    outer loop
      vertex 113.77152535572166 18.478398355946513 0
      vertex 113.77152535572166 18.478398355946513 3
      vertex 113.45190296114372 18.19809703885628 3
    endloop
  endfacet
  facet normal 0.555570233019612 -0.8314696123025387 0
    outer loop
      vertex 114.125 18.714582562299427 0
      vertex 114.125 18.714582562299427 3
      vertex 113.77152535572166 18.478398355946513 3
    endloop
  endfacet
  facet normal 0.4422886902189958 -0.8968727415326909 0
    outer loop
      vertex 114.125 18.714582562299427 0
      vertex 114.50627884481347 18.902608480661684 0
      vertex 114.125 18.714582562299427 3
    endloop
  endfacet
  facet normal 0.3214394653031634 -0.946930129495105 0
    outer loop
      vertex 114.50627884481347 18.902608480661684 0
      vertex 114.90883810341681 19.039258935439474 0
      vertex 114.50627884481347 18.902608480661684 3
    endloop
  endfacet
  facet normal 0.1950903220161278 -0.9807852804032305 9.104228742167333e-19
    outer loop
      vertex 115.32578987528483 19.122195799464883 0
      vertex 114.90883810341681 19.039258935439474 3
      vertex 114.90883810341681 19.039258935439474 0
    endloop
  endfacet
  facet normal 0.4422886902189958 -0.8968727415326909 0
    outer loop
      vertex 114.50627884481347 18.902608480661684 0
      vertex 114.50627884481347 18.902608480661684 3
      vertex 114.125 18.714582562299427 3
    endloop
  endfacet
  facet normal 0.3214394653031634 -0.946930129495105 0
    outer loop
      vertex 114.90883810341681 19.039258935439474 0
      vertex 114.90883810341681 19.039258935439474 3
      vertex 114.50627884481347 18.902608480661684 3
    endloop
  endfacet
  facet normal 0.32143945792867507 -0.9469301319984065 0
    outer loop
      vertex 125.51763808727264 -22.181851655244827 0
      vertex 125.76536686718464 -22.097759068012238 0
      vertex 125.76536686718464 -22.097759068012238 3
    endloop
  endfacet
  facet normal 0.1950903020954995 -0.9807852843656898 0
    outer loop
      vertex 125.51763808727264 -22.181851655244827 0
      vertex 125.51763808727264 -22.181851655244827 3
      vertex 125.26105238497257 -22.232889719307423 0
    endloop
  endfacet
  facet normal 0.06540314219103631 -0.9978589223891017 0
    outer loop
      vertex 125.26105238497257 -22.232889719307423 0
      vertex 125.26105238497257 -22.232889719307423 3
      vertex 125 -22.25 0
    endloop
  endfacet
  facet normal 0.4422887070837332 -0.8968727332159226 0
    outer loop
      vertex 125.76536686718464 -22.097759068012238 0
      vertex 126 -21.98205080628395 0
      vertex 126 -21.98205080628395 3
    endloop
  endfacet
  facet normal 0.5555702203832521 -0.8314696207458843 0
    outer loop
      vertex 126 -21.98205080628395 0
      vertex 126.21752285957336 -21.836706683039665 0
      vertex 126.21752285957336 -21.836706683039665 3
    endloop
  endfacet
  facet normal 0.6593458308664175 -0.7518397936522605 0
    outer loop
      vertex 126.21752285957336 -21.836706683039665 0
      vertex 126.4142135605216 -21.664213560521603 0
      vertex 126.4142135605216 -21.664213560521603 3
    endloop
  endfacet
  facet normal 0.5555702203832521 -0.8314696207458843 0
    outer loop
      vertex 126 -21.98205080628395 0
      vertex 126.21752285957336 -21.836706683039665 3
      vertex 126 -21.98205080628395 3
    endloop
  endfacet
  facet normal 0.32143945792867507 -0.9469301319984065 0
    outer loop
      vertex 125.51763808727264 -22.181851655244827 0
      vertex 125.76536686718464 -22.097759068012238 3
      vertex 125.51763808727264 -22.181851655244827 3
    endloop
  endfacet
  facet normal 0.1950903020954995 -0.9807852843656898 0
    outer loop
      vertex 125.26105238497257 -22.232889719307423 0
      vertex 125.51763808727264 -22.181851655244827 3
      vertex 125.26105238497257 -22.232889719307423 3
    endloop
  endfacet
  facet normal 0.06540314219103631 -0.9978589223891017 0
    outer loop
      vertex 125 -22.25 0
      vertex 125.26105238497257 -22.232889719307423 3
      vertex 125 -22.25 3
    endloop
  endfacet
  facet normal 0.4422887070837332 -0.8968727332159226 0
    outer loop
      vertex 125.76536686718464 -22.097759068012238 0
      vertex 126 -21.98205080628395 3
      vertex 125.76536686718464 -22.097759068012238 3
    endloop
  endfacet
  facet normal 0.6593458308664175 -0.7518397936522605 0
    outer loop
      vertex 126.21752285957336 -21.836706683039665 0
      vertex 126.4142135605216 -21.664213560521603 3
      vertex 126.21752285957336 -21.836706683039665 3
    endloop
  endfacet
  facet normal 0.7518397936522605 -0.6593458308664175 0
    outer loop
      vertex 126.4142135605216 -21.664213560521603 0
      vertex 126.58670668303967 -21.467522859573364 3
      vertex 126.4142135605216 -21.664213560521603 3
    endloop
  endfacet
  facet normal 0.7518397936522605 -0.6593458308664175 0
    outer loop
      vertex 126.4142135605216 -21.664213560521603 0
      vertex 126.58670668303967 -21.467522859573364 0
      vertex 126.58670668303967 -21.467522859573364 3
    endloop
  endfacet
  facet normal 0.8314696207458843 -0.5555702203832521 0
    outer loop
      vertex 126.58670668303967 -21.467522859573364 0
      vertex 126.73205080628395 -21.25 0
      vertex 126.73205080628395 -21.25 3
    endloop
  endfacet
  facet normal 0.8968727332159226 -0.4422887070837332 0
    outer loop
      vertex 126.73205080628395 -21.25 0
      vertex 126.84775906801224 -21.01536686718464 0
      vertex 126.84775906801224 -21.01536686718464 3
    endloop
  endfacet
  facet normal 0.8314696207458843 -0.5555702203832521 0
    outer loop
      vertex 126.58670668303967 -21.467522859573364 0
      vertex 126.73205080628395 -21.25 3
      vertex 126.58670668303967 -21.467522859573364 3
    endloop
  endfacet
  facet normal 0.8968727332159226 -0.4422887070837332 0
    outer loop
      vertex 126.73205080628395 -21.25 0
      vertex 126.84775906801224 -21.01536686718464 3
      vertex 126.73205080628395 -21.25 3
    endloop
  endfacet
  facet normal 0.9469301319984065 -0.32143945792867507 0
    outer loop
      vertex 126.84775906801224 -21.01536686718464 0
      vertex 126.93185165524483 -20.767638087272644 3
      vertex 126.84775906801224 -21.01536686718464 3
    endloop
  endfacet
  facet normal 0.9469301319984065 -0.32143945792867507 0
    outer loop
      vertex 126.84775906801224 -21.01536686718464 0
      vertex 126.93185165524483 -20.767638087272644 0
      vertex 126.93185165524483 -20.767638087272644 3
    endloop
  endfacet
  facet normal 0.9807852843656898 -0.1950903020954995 0
    outer loop
      vertex 126.93185165524483 -20.767638087272644 0
      vertex 126.98288971930742 -20.511052384972572 0
      vertex 126.98288971930742 -20.511052384972572 3
    endloop
  endfacet
  facet normal 0.9978589223891017 -0.06540314219103631 0
    outer loop
      vertex 126.98288971930742 -20.511052384972572 0
      vertex 127 -20.25 0
      vertex 127 -20.25 3
    endloop
  endfacet
  facet normal 0.9807852843656898 -0.1950903020954995 0
    outer loop
      vertex 126.93185165524483 -20.767638087272644 0
      vertex 126.98288971930742 -20.511052384972572 3
      vertex 126.93185165524483 -20.767638087272644 3
    endloop
  endfacet
  facet normal 0.9978589223891017 -0.06540314219103631 0
    outer loop
      vertex 126.98288971930742 -20.511052384972572 0
      vertex 127 -20.25 3
      vertex 126.98288971930742 -20.511052384972572 3
    endloop
  endfacet
  facet normal 0 0 -1
    outer loop
      vertex 126.93185165524483 -20.767638087272644 0
      vertex 115.75 -19.15 0
      vertex 126.98288971930742 -20.511052384972572 0
    endloop
  endfacet
  facet normal 0 0 -1
    outer loop
      vertex 126.98288971930742 -20.511052384972572 0
      vertex 115.75 -19.15 0
      vertex 127 -20.25 0
    endloop
  endfacet
  facet normal 0 0 -1
    outer loop
      vertex 127 -20.25 0
      vertex 122.67421012471517 -19.122195799464883 0
      vertex 123.09116189658319 -19.039258935439474 0
    endloop
  endfacet
  facet normal 0 0 -1
    outer loop
      vertex 127 -20.25 0
      vertex 122.25 -19.15 0
      vertex 122.67421012471517 -19.122195799464883 0
    endloop
  endfacet
  facet normal 0 0 -1
    outer loop
      vertex 127 -20.25 0
      vertex 115.75 -19.15 0
      vertex 122.25 -19.15 0
    endloop
  endfacet
  facet normal 0 0 1
    outer loop
      vertex 126.93185165524483 -20.767638087272644 3
      vertex 126.98288971930742 -20.511052384972572 3
      vertex 122.25 -19.15 3
    endloop
  endfacet
  facet normal 0 0 1
    outer loop
      vertex 126.98288971930742 -20.511052384972572 3
      vertex 127 -20.25 3
      vertex 122.25 -19.15 3
    endloop
  endfacet
  facet normal 0 0 1
    outer loop
      vertex 127 -20.25 3
      vertex 123.09116189658319 -19.039258935439474 3
      vertex 122.67421012471517 -19.122195799464883 3
    endloop
  endfacet
  facet normal 0 0 1
    outer loop
      vertex 127 -20.25 3
      vertex 122.67421012471517 -19.122195799464883 3
      vertex 122.25 -19.15 3
    endloop
  endfacet
  facet normal 0 0 1
    outer loop
      vertex 126.93185165524483 -20.767638087272644 3
      vertex 122.25 -19.15 3
      vertex 115.75 -19.15 3
    endloop
  endfacet
  facet normal 0 0 1
    outer loop
      vertex 126.93185165524483 -20.767638087272644 3
      vertex 115.75 -19.15 3
      vertex 115.32578987528483 -19.122195799464883 3
    endloop
  endfacet
  facet normal 0 0 -1
    outer loop
      vertex 127 -20.25 0
      vertex 123.875 -18.714582562299427 0
      vertex 124.22847464427834 -18.478398355946513 0
    endloop
  endfacet
  facet normal 0 0 -1
    outer loop
      vertex 127 -20.25 0
      vertex 124.22847464427834 -18.478398355946513 0
      vertex 124.54809703885628 -18.19809703885628 0
    endloop
  endfacet
  facet normal 0 0 -1
    outer loop
      vertex 127 -20.25 0
      vertex 124.54809703885628 -18.19809703885628 0
      vertex 124.82839835594652 -17.87847464427834 0
    endloop
  endfacet
  facet normal 0 0 -1
    outer loop
      vertex 127 -20.25 0
      vertex 123.09116189658319 -19.039258935439474 0
      vertex 123.49372115518653 -18.902608480661684 0
    endloop
  endfacet
  facet normal 0 0 -1
    outer loop
      vertex 127 -20.25 0
      vertex 123.49372115518653 -18.902608480661684 0
      vertex 123.875 -18.714582562299427 0
    endloop
  endfacet
  facet normal 0 0 -1
    outer loop
      vertex 127 -20.25 0
      vertex 124.82839835594652 -17.87847464427834 0
      vertex 125.06458256229942 -17.525 0
    endloop
  endfacet
  facet normal 0 0 -1
    outer loop
      vertex 127 -20.25 0
      vertex 125.06458256229942 -17.525 0
      vertex 125.25260848066168 -17.14372115518654 0
    endloop
  endfacet
  facet normal 0 0 1
    outer loop
      vertex 127 -20.25 3
      vertex 124.22847464427834 -18.478398355946513 3
      vertex 123.875 -18.714582562299427 3
    endloop
  endfacet
  facet normal 0 0 1
    outer loop
      vertex 127 -20.25 3
      vertex 124.54809703885628 -18.19809703885628 3
      vertex 124.22847464427834 -18.478398355946513 3
    endloop
  endfacet
  facet normal 0 0 1
    outer loop
      vertex 127 -20.25 3
      vertex 124.82839835594652 -17.87847464427834 3
      vertex 124.54809703885628 -18.19809703885628 3
    endloop
  endfacet
  facet normal 0 0 1
    outer loop
      vertex 127 -20.25 3
      vertex 123.49372115518653 -18.902608480661684 3
      vertex 123.09116189658319 -19.039258935439474 3
    endloop
  endfacet
  facet normal 0 0 1
    outer loop
      vertex 127 -20.25 3
      vertex 123.875 -18.714582562299427 3
      vertex 123.49372115518653 -18.902608480661684 3
    endloop
  endfacet
  facet normal 0 0 1
    outer loop
      vertex 127 -20.25 3
      vertex 125.06458256229942 -17.525 3
      vertex 124.82839835594652 -17.87847464427834 3
    endloop
  endfacet
  facet normal 0 0 1
    outer loop
      vertex 127 -20.25 3
      vertex 125.25260848066168 -17.14372115518654 3
      vertex 125.06458256229942 -17.525 3
    endloop
  endfacet
  facet normal 0 0 -1
    outer loop
      vertex 127 -20.25 0
      vertex 125.25260848066168 -17.14372115518654 0
      vertex 125.38925893543947 -16.741161896583193 0
    endloop
  endfacet
  facet normal 0 0 -1
    outer loop
      vertex 127 -20.25 0
      vertex 125.38925893543947 -16.741161896583193 0
      vertex 125.47219579946488 -16.32421012471517 0
    endloop
  endfacet
  facet normal 0 0 -1
    outer loop
      vertex 127 -20.25 0
      vertex 125.47219579946488 -16.32421012471517 0
      vertex 125.5 -15.9 0
    endloop
  endfacet
  facet normal 0 0 -1
    outer loop
      vertex 127 -20.25 0
      vertex 125.5 -15.9 0
      vertex 125.47219579946488 -15.475789875284832 0
    endloop
  endfacet
  facet normal 0 0 1
    outer loop
      vertex 127 -20.25 3
      vertex 125.38925893543947 -16.741161896583193 3
      vertex 125.25260848066168 -17.14372115518654 3
    endloop
  endfacet
  facet normal 0 0 1
    outer loop
      vertex 127 -20.25 3
      vertex 125.47219579946488 -16.32421012471517 3
      vertex 125.38925893543947 -16.741161896583193 3
    endloop
  endfacet
  facet normal 0 0 1
    outer loop
      vertex 127 -20.25 3
      vertex 125.5 -15.9 3
      vertex 125.47219579946488 -16.32421012471517 3
    endloop
  endfacet
  facet normal 0 0 1
    outer loop
      vertex 126.58670668303967 -21.467522859573364 3
      vertex 126.73205080628395 -21.25 3
      vertex -2 -21 3
    endloop
  endfacet
  facet normal 0 0 1
    outer loop
      vertex 126.73205080628395 -21.25 3
      vertex 126.84775906801224 -21.01536686718464 3
      vertex -2 -18 3
    endloop
  endfacet
  facet normal 0 0 1
    outer loop
      vertex 126.84775906801224 -21.01536686718464 3
      vertex 126.93185165524483 -20.767638087272644 3
      vertex -2 -18 3
    endloop
  endfacet
  facet normal 0 0 1
    outer loop
      vertex 126.93185165524483 -20.767638087272644 3
      vertex 115.32578987528483 -19.122195799464883 3
      vertex -8.495579046010974 -7.743155886232852 3
    endloop
  endfacet
  facet normal 0 0 1
    outer loop
      vertex 115.32578987528483 -19.122195799464883 3
      vertex 114.90883810341681 -19.039258935439474 3
      vertex -8.495579046010974 -7.743155886232852 3
    endloop
  endfacet
  facet normal 0 0 -1
    outer loop
      vertex 113.77152535572166 -18.478398355946513 0
      vertex -7.800000001490119 -6.949999999999999 0
      vertex 113.45190296114372 -18.19809703885628 0
    endloop
  endfacet
  facet normal 0 0 -1
    outer loop
      vertex 113.45190296114372 -18.19809703885628 0
      vertex -7.800000001490119 -6.949999999999999 0
      vertex 113.17160164405348 -17.87847464427834 0
    endloop
  endfacet
  facet normal 0 0 -1
    outer loop
      vertex 113.17160164405348 -17.87847464427834 0
      vertex -7.800000001490119 -6.949999999999999 0
      vertex 112.93541743770058 -17.525 0
    endloop
  endfacet
  facet normal 0 0 1
    outer loop
      vertex 114.90883810341681 -19.039258935439474 3
      vertex 114.50627884481347 -18.902608480661684 3
      vertex -8.495579046010974 -7.743155886232852 3
    endloop
  endfacet
  facet normal 0 0 1
    outer loop
      vertex 114.50627884481347 -18.902608480661684 3
      vertex 114.125 -18.714582562299427 3
      vertex -8.392944765090945 -7.72274066209793 3
    endloop
  endfacet
  facet normal 0 0 -1
    outer loop
      vertex 112.93541743770058 -17.525 0
      vertex -7.800000001490119 -6.949999999999999 0
      vertex 112.74739151933832 -17.14372115518654 0
    endloop
  endfacet
  facet normal 0 0 -1
    outer loop
      vertex 112.74739151933832 -17.14372115518654 0
      vertex -7.800000001490119 -6.949999999999999 0
      vertex 112.61074106456053 -16.741161896583193 0
    endloop
  endfacet
  facet normal 0 0 -1
    outer loop
      vertex 112.61074106456053 -16.741161896583193 0
      vertex -7.800000001490119 -6.949999999999999 0
      vertex 112.52780420053512 -16.32421012471517 0
    endloop
  endfacet
  facet normal 0 0 -1
    outer loop
      vertex 112.52780420053512 -16.32421012471517 0
      vertex -7.800000001490119 -6.949999999999999 0
      vertex 112.5 -15.9 0
    endloop
  endfacet
  facet normal 0 0 -1
    outer loop
      vertex 112.5 -15.9 0
      vertex -7.800000001490119 -6.949999999999999 0
      vertex 112.52780420053512 -15.475789875284832 0
    endloop
  endfacet
  facet normal 0 0 -1
    outer loop
      vertex 112.52780420053512 -15.475789875284832 0
      vertex -7.800000001490119 -6.949999999999999 0
      vertex 112.61074106456053 -15.058838103416807 0
    endloop
  endfacet
  facet normal 0 0 -1
    outer loop
      vertex 127 -20.25 0
      vertex 125.47219579946488 -15.475789875284832 0
      vertex 122.25 12.65 0
    endloop
  endfacet
  facet normal 1 0 0
    outer loop
      vertex 127 -20.25 0
      vertex 127 20.25 3
      vertex 127 -20.25 3
    endloop
  endfacet
  facet normal 0 0 -1
    outer loop
      vertex 125.47219579946488 -15.475789875284832 0
      vertex 125.38925893543947 -15.058838103416807 0
      vertex 122.25 12.65 0
    endloop
  endfacet
  facet normal 0 0 -1
    outer loop
      vertex 125.38925893543947 -15.058838103416807 0
      vertex 125.25260848066168 -14.656278844813459 0
      vertex 122.25 12.65 0
    endloop
  endfacet
  facet normal 0 0 -1
    outer loop
      vertex 125.25260848066168 -14.656278844813459 0
      vertex 125.06458256229942 -14.275 0
      vertex 122.25 12.65 0
    endloop
  endfacet
  facet normal 0 0 -1
    outer loop
      vertex 125.06458256229942 -14.275 0
      vertex 124.82839835594652 -13.92152535572166 0
      vertex 122.25 12.65 0
    endloop
  endfacet
  facet normal 0 0 -1
    outer loop
      vertex 124.82839835594652 -13.92152535572166 0
      vertex 124.54809703885628 -13.60190296114372 0
      vertex 122.25 12.65 0
    endloop
  endfacet
  facet normal 0 0 -1
    outer loop
      vertex 124.54809703885628 -13.60190296114372 0
      vertex 124.22847464427834 -13.321601644053485 0
      vertex 122.25 12.65 0
    endloop
  endfacet
  facet normal 0 0 -1
    outer loop
      vertex 124.22847464427834 -13.321601644053485 0
      vertex 123.875 -13.085417437700574 0
      vertex 122.25 12.65 0
    endloop
  endfacet
  facet normal 0 0 -1
    outer loop
      vertex 123.875 -13.085417437700574 0
      vertex 123.49372115518653 -12.897391519338319 0
      vertex 122.25 12.65 0
    endloop
  endfacet
  facet normal 0 0 -1
    outer loop
      vertex 123.49372115518653 -12.897391519338319 0
      vertex 123.09116189658319 -12.760741064560529 0
      vertex 122.25 12.65 0
    endloop
  endfacet
  facet normal 0 0 -1
    outer loop
      vertex 123.09116189658319 -12.760741064560529 0
      vertex 122.67421012471517 -12.677804200535117 0
      vertex 122.25 12.65 0
    endloop
  endfacet
  facet normal 0 0 -1
    outer loop
      vertex 122.67421012471517 -12.677804200535117 0
      vertex 122.25 -12.65 0
      vertex 122.25 12.65 0
    endloop
  endfacet
  facet normal 0 0 1
    outer loop
      vertex 127 -20.25 3
      vertex 127 20.25 3
      vertex 125.5 -15.9 3
    endloop
  endfacet
  facet normal 0 0 1
    outer loop
      vertex 125.25260848066168 -14.656278844813459 3
      vertex 125.25260848066168 14.656278844813459 3
      vertex 125.06458256229942 -14.275 3
    endloop
  endfacet
  facet normal 0 0 1
    outer loop
      vertex 125.06458256229942 -14.275 3
      vertex 125.06458256229942 14.275 3
      vertex 124.82839835594652 -13.92152535572166 3
    endloop
  endfacet
  facet normal 0 0 1
    outer loop
      vertex 124.82839835594652 -13.92152535572166 3
      vertex 124.82839835594652 13.92152535572166 3
      vertex 124.54809703885628 -13.60190296114372 3
    endloop
  endfacet
  facet normal 0 0 1
    outer loop
      vertex 124.54809703885628 -13.60190296114372 3
      vertex 124.54809703885628 13.60190296114372 3
      vertex 124.22847464427834 -13.321601644053485 3
    endloop
  endfacet
  facet normal 0 0 1
    outer loop
      vertex 124.22847464427834 -13.321601644053485 3
      vertex 124.22847464427834 13.321601644053485 3
      vertex 123.875 -13.085417437700574 3
    endloop
  endfacet
  facet normal 0 0 1
    outer loop
      vertex 123.875 -13.085417437700574 3
      vertex 123.875 13.085417437700574 3
      vertex 123.49372115518653 -12.897391519338319 3
    endloop
  endfacet
  facet normal 0 0 1
    outer loop
      vertex 123.49372115518653 -12.897391519338319 3
      vertex 123.49372115518653 12.897391519338319 3
      vertex 123.09116189658319 -12.760741064560529 3
    endloop
  endfacet
  facet normal 0 0 1
    outer loop
      vertex 123.09116189658319 -12.760741064560529 3
      vertex 123.09116189658319 12.760741064560529 3
      vertex 122.67421012471517 -12.677804200535117 3
    endloop
  endfacet
  facet normal 0 0 1
    outer loop
      vertex 122.67421012471517 -12.677804200535117 3
      vertex 122.67421012471517 12.677804200535117 3
      vertex 122.25 -12.65 3
    endloop
  endfacet
  facet normal 0 0 1
    outer loop
      vertex 122.25 -12.65 3
      vertex 122.25 12.65 3
      vertex 115.75 -12.65 3
    endloop
  endfacet
  facet normal 0 0 1
    outer loop
      vertex 125.5 -15.9 3
      vertex 127 20.25 3
      vertex 125.47219579946488 -15.475789875284832 3
    endloop
  endfacet
  facet normal 0 0 1
    outer loop
      vertex 125.47219579946488 -15.475789875284832 3
      vertex 127 20.25 3
      vertex 125.38925893543947 -15.058838103416807 3
    endloop
  endfacet
  facet normal 0 0 1
    outer loop
      vertex 125.38925893543947 -15.058838103416807 3
      vertex 127 20.25 3
      vertex 125.25260848066168 -14.656278844813459 3
    endloop
  endfacet
  facet normal 0 0 -1
    outer loop
      vertex 122.25 -12.65 0
      vertex 115.75 -12.65 0
      vertex 115.75 12.65 0
    endloop
  endfacet
  facet normal 0 0 -1
    outer loop
      vertex 115.75 -12.65 0
      vertex 115.32578987528483 -12.677804200535117 0
      vertex 115.32578987528483 12.677804200535117 0
    endloop
  endfacet
  facet normal 0 0 1
    outer loop
      vertex 115.75 -12.65 3
      vertex 115.75 12.65 3
      vertex 115.32578987528483 -12.677804200535117 3
    endloop
  endfacet
  facet normal 0 0 1
    outer loop
      vertex 115.32578987528483 -12.677804200535117 3
      vertex 115.32578987528483 12.677804200535117 3
      vertex 114.90883810341681 -12.760741064560529 3
    endloop
  endfacet
  facet normal 0 0 1
    outer loop
      vertex 114.50627884481347 -12.897391519338319 3
      vertex 114.90883810341681 -12.760741064560529 3
      vertex 114.90883810341681 12.760741064560529 3
    endloop
  endfacet
  facet normal 0 0 1
    outer loop
      vertex 114.125 -18.714582562299427 3
      vertex 113.77152535572166 -18.478398355946513 3
      vertex -7.800000001490119 9.05 3
    endloop
  endfacet
  facet normal 0 0 1
    outer loop
      vertex 113.77152535572166 -18.478398355946513 3
      vertex 113.45190296114372 -18.19809703885628 3
      vertex -7.800000001490119 9.05 3
    endloop
  endfacet
  facet normal 0 0 1
    outer loop
      vertex 113.45190296114372 -18.19809703885628 3
      vertex 113.17160164405348 -17.87847464427834 3
      vertex -7.800000001490119 9.05 3
    endloop
  endfacet
  facet normal 0 0 1
    outer loop
      vertex 113.17160164405348 -17.87847464427834 3
      vertex 112.93541743770058 -17.525 3
      vertex -7.800000001490119 9.05 3
    endloop
  endfacet
  facet normal 0 0 1
    outer loop
      vertex 112.93541743770058 -17.525 3
      vertex 112.74739151933832 -17.14372115518654 3
      vertex -7.800000001490119 9.05 3
    endloop
  endfacet
  facet normal 0 0 1
    outer loop
      vertex 112.74739151933832 -17.14372115518654 3
      vertex 112.61074106456053 -16.741161896583193 3
      vertex -7.800000001490119 9.05 3
    endloop
  endfacet
  facet normal 0 0 1
    outer loop
      vertex 112.61074106456053 -16.741161896583193 3
      vertex 112.52780420053512 -16.32421012471517 3
      vertex -7.800000001490119 9.05 3
    endloop
  endfacet
  facet normal 0 0 1
    outer loop
      vertex 112.52780420053512 -16.32421012471517 3
      vertex 112.5 -15.9 3
      vertex -7.800000001490119 9.05 3
    endloop
  endfacet
  facet normal 0 0 1
    outer loop
      vertex 112.5 -15.9 3
      vertex 112.52780420053512 -15.475789875284832 3
      vertex -7.800000001490119 9.05 3
    endloop
  endfacet
  facet normal 0 0 1
    outer loop
      vertex 112.52780420053512 -15.475789875284832 3
      vertex 112.61074106456053 -15.058838103416807 3
      vertex -7.800000001490119 9.05 3
    endloop
  endfacet
  facet normal 0 0 -1
    outer loop
      vertex 112.61074106456053 -15.058838103416807 0
      vertex -7.800000001490119 9.05 0
      vertex 112.74739151933832 -14.656278844813459 0
    endloop
  endfacet
  facet normal 0 0 -1
    outer loop
      vertex 112.74739151933832 -14.656278844813459 0
      vertex -7.806844112277034 9.154420952498914 0
      vertex 112.93541743770058 -14.275 0
    endloop
  endfacet
  facet normal 0 0 -1
    outer loop
      vertex 113.17160164405348 -13.92152535572166 0
      vertex 112.93541743770058 -14.275 0
      vertex -7.827259336411956 9.257055233418942 0
    endloop
  endfacet
  facet normal 0 0 -1
    outer loop
      vertex 113.17160164405348 -13.92152535572166 0
      vertex -7.86089637577534 9.356146748363972 0
      vertex 113.45190296114372 -13.60190296114372 0
    endloop
  endfacet
  facet normal 0 0 -1
    outer loop
      vertex 113.45190296114372 -13.60190296114372 0
      vertex -7.907179673016074 9.449999998509885 0
      vertex 113.77152535572166 -13.321601644053485 0
    endloop
  endfacet
  facet normal 0 0 -1
    outer loop
      vertex 113.77152535572166 -13.321601644053485 0
      vertex -7.965317328274253 9.537009145319463 0
      vertex 114.125 -13.085417437700574 0
    endloop
  endfacet
  facet normal 0 0 1
    outer loop
      vertex 112.61074106456053 -15.058838103416807 3
      vertex 112.74739151933832 -14.656278844813459 3
      vertex -7.800000001490119 9.05 3
    endloop
  endfacet
  facet normal 0 0 1
    outer loop
      vertex 112.74739151933832 -14.656278844813459 3
      vertex 112.93541743770058 -14.275 3
      vertex -7.806844112277034 9.154420952498914 3
    endloop
  endfacet
  facet normal 0 0 1
    outer loop
      vertex 113.17160164405348 -13.92152535572166 3
      vertex -7.827259336411956 9.257055233418942 3
      vertex 112.93541743770058 -14.275 3
    endloop
  endfacet
  facet normal 0 0 1
    outer loop
      vertex 113.17160164405348 -13.92152535572166 3
      vertex 113.45190296114372 -13.60190296114372 3
      vertex -7.86089637577534 9.356146748363972 3
    endloop
  endfacet
  facet normal 0 0 1
    outer loop
      vertex 113.45190296114372 -13.60190296114372 3
      vertex 113.77152535572166 -13.321601644053485 3
      vertex -7.907179673016074 9.449999998509885 3
    endloop
  endfacet
  facet normal 0 0 1
    outer loop
      vertex 113.77152535572166 -13.321601644053485 3
      vertex 114.125 -13.085417437700574 3
      vertex -7.965317328274253 9.537009145319463 3
    endloop
  endfacet
  facet normal 0 0 -1
    outer loop
      vertex 114.125 -13.085417437700574 0
      vertex -8.034314577281478 9.61568542122841 0
      vertex 114.50627884481347 -12.897391519338319 0
    endloop
  endfacet
  facet normal 0 0 -1
    outer loop
      vertex 115.32578987528483 -12.677804200535117 0
      vertex 114.90883810341681 -12.760741064560529 0
      vertex -8.200000000000003 9.742820325493813 0
    endloop
  endfacet
  facet normal 0 0 -1
    outer loop
      vertex 114.50627884481347 -12.897391519338319 0
      vertex -8.112990853190425 9.684682670235635 0
      vertex 114.90883810341681 -12.760741064560529 0
    endloop
  endfacet
  facet normal 0 0 1
    outer loop
      vertex 114.125 -13.085417437700574 3
      vertex 114.50627884481347 -12.897391519338319 3
      vertex -8.034314577281478 9.61568542122841 3
    endloop
  endfacet
  facet normal 0 0 -1
    outer loop
      vertex 125.51763808727264 -22.181851655244827 0
      vertex -126.21752285957336 -21.836706683039665 0
      vertex 125.76536686718464 -22.097759068012238 0
    endloop
  endfacet
  facet normal 0 0 -1
    outer loop
      vertex 125.76536686718464 -22.097759068012238 0
      vertex -126.4142135605216 -21.664213560521603 0
      vertex 126 -21.98205080628395 0
    endloop
  endfacet
  facet normal 0 0 -1
    outer loop
      vertex 126 -21.98205080628395 0
      vertex -126.58670668303967 -21.467522859573364 0
      vertex 126.21752285957336 -21.836706683039665 0
    endloop
  endfacet
  facet normal 0 0 -1
    outer loop
      vertex 126.21752285957336 -21.836706683039665 0
      vertex -126.73205080628395 -21.25 0
      vertex 126.4142135605216 -21.664213560521603 0
    endloop
  endfacet
  facet normal 0 0 -1
    outer loop
      vertex 125.26105238497257 -22.232889719307423 0
      vertex 125 -22.25 0
      vertex -125.76536686718464 -22.097759068012238 0
    endloop
  endfacet
  facet normal 0 0 -1
    outer loop
      vertex 125.51763808727264 -22.181851655244827 0
      vertex 125.26105238497257 -22.232889719307423 0
      vertex -126 -21.98205080628395 0
    endloop
  endfacet
  facet normal 0 -1 0
    outer loop
      vertex 125 -22.25 0
      vertex 125 -22.25 3
      vertex -125 -22.25 0
    endloop
  endfacet
  facet normal 0 0 -1
    outer loop
      vertex 126.4142135605216 -21.664213560521603 0
      vertex -126.84775906801224 -21.01536686718464 0
      vertex 126.58670668303967 -21.467522859573364 0
    endloop
  endfacet
  facet normal 0 0 -1
    outer loop
      vertex 126.58670668303967 -21.467522859573364 0
      vertex -126.93185165524483 -20.767638087272644 0
      vertex 126.73205080628395 -21.25 0
    endloop
  endfacet
  facet normal 0 0 -1
    outer loop
      vertex 126.73205080628395 -21.25 0
      vertex -126.98288971930742 -20.511052384972572 0
      vertex 126.84775906801224 -21.01536686718464 0
    endloop
  endfacet
  facet normal 0 0 1
    outer loop
      vertex 125.51763808727264 -22.181851655244827 3
      vertex 125.76536686718464 -22.097759068012238 3
      vertex -126.21752285957336 -21.836706683039665 3
    endloop
  endfacet
  facet normal 0 0 1
    outer loop
      vertex 125.76536686718464 -22.097759068012238 3
      vertex 126 -21.98205080628395 3
      vertex -126.4142135605216 -21.664213560521603 3
    endloop
  endfacet
  facet normal 0 0 1
    outer loop
      vertex 126 -21.98205080628395 3
      vertex 126.21752285957336 -21.836706683039665 3
      vertex -126.58670668303967 -21.467522859573364 3
    endloop
  endfacet
  facet normal 0 0 1
    outer loop
      vertex 126.21752285957336 -21.836706683039665 3
      vertex 126.4142135605216 -21.664213560521603 3
      vertex -126.73205080628395 -21.25 3
    endloop
  endfacet
  facet normal 0 0 1
    outer loop
      vertex 125.26105238497257 -22.232889719307423 3
      vertex -125.76536686718464 -22.097759068012238 3
      vertex 125 -22.25 3
    endloop
  endfacet
  facet normal 0 0 1
    outer loop
      vertex 125.51763808727264 -22.181851655244827 3
      vertex -126 -21.98205080628395 3
      vertex 125.26105238497257 -22.232889719307423 3
    endloop
  endfacet
  facet normal 0 0 1
    outer loop
      vertex 126.4142135605216 -21.664213560521603 3
      vertex 126.58670668303967 -21.467522859573364 3
      vertex -126.84775906801224 -21.01536686718464 3
    endloop
  endfacet
  facet normal 0 0 1
    outer loop
      vertex 126.58670668303967 -21.467522859573364 3
      vertex -2 -21 3
      vertex -5 -21 3
    endloop
  endfacet
  facet normal 0 0 -1
    outer loop
      vertex 126.84775906801224 -21.01536686718464 0
      vertex -127 -20.25 0
      vertex 126.93185165524483 -20.767638087272644 0
    endloop
  endfacet
  facet normal 0 0 1
    outer loop
      vertex 126.73205080628395 -21.25 3
      vertex -2 -18 3
      vertex -2 -21 3
    endloop
  endfacet
  facet normal 0 0 -1
    outer loop
      vertex 126.93185165524483 -20.767638087272644 0
      vertex -127 -20.25 0
      vertex 115.75 -19.15 0
    endloop
  endfacet
  facet normal 0 0 -1
    outer loop
      vertex 115.75 -19.15 0
      vertex -127 -20.25 0
      vertex 115.32578987528483 -19.122195799464883 0
    endloop
  endfacet
  facet normal 0 0 1
    outer loop
      vertex 126.93185165524483 -20.767638087272644 3
      vertex -2 -15 3
      vertex -2 -18 3
    endloop
  endfacet
  facet normal 0 0 -1
    outer loop
      vertex 115.32578987528483 -19.122195799464883 0
      vertex -112.61074106456053 -16.741161896583193 0
      vertex 114.90883810341681 -19.039258935439474 0
    endloop
  endfacet
  facet normal 0 0 -1
    outer loop
      vertex 114.90883810341681 -19.039258935439474 0
      vertex -112.61074106456053 -16.741161896583193 0
      vertex 114.50627884481347 -18.902608480661684 0
    endloop
  endfacet
  facet normal 0 0 -1
    outer loop
      vertex 114.50627884481347 -18.902608480661684 0
      vertex -112.61074106456053 -16.741161896583193 0
      vertex 114.125 -18.714582562299427 0
    endloop
  endfacet
  facet normal 0 0 -1
    outer loop
      vertex 114.125 -18.714582562299427 0
      vertex -112.61074106456053 -16.741161896583193 0
      vertex 113.77152535572166 -18.478398355946513 0
    endloop
  endfacet
  facet normal 0 0 1
    outer loop
      vertex 126.93185165524483 -20.767638087272644 3
      vertex -7.75 -9.1 3
      vertex -2 -15 3
    endloop
  endfacet
  facet normal 0 0 1
    outer loop
      vertex 126.93185165524483 -20.767638087272644 3
      vertex -8.599999998509887 -7.749999997019767 3
      vertex -7.75 -9.1 3
    endloop
  endfacet
  facet normal 0 0 -1
    outer loop
      vertex 113.77152535572166 -18.478398355946513 0
      vertex -8.495579046010974 -7.743155886232852 0
      vertex -8.392944765090945 -7.72274066209793 0
    endloop
  endfacet
  facet normal 0 0 -1
    outer loop
      vertex 113.77152535572166 -18.478398355946513 0
      vertex -8.599999998509887 -7.749999997019767 0
      vertex -8.495579046010974 -7.743155886232852 0
    endloop
  endfacet
  facet normal 0 0 -1
    outer loop
      vertex 113.77152535572166 -18.478398355946513 0
      vertex -8.293853250145915 -7.689103622734546 0
      vertex -8.200000000000003 -7.642820325493812 0
    endloop
  endfacet
  facet normal 0 0 -1
    outer loop
      vertex 113.77152535572166 -18.478398355946513 0
      vertex -8.392944765090945 -7.72274066209793 0
      vertex -8.293853250145915 -7.689103622734546 0
    endloop
  endfacet
  facet normal 0 0 -1
    outer loop
      vertex 113.77152535572166 -18.478398355946513 0
      vertex -8.200000000000003 -7.642820325493812 0
      vertex -8.112990853190425 -7.584682670235633 0
    endloop
  endfacet
  facet normal 0 0 -1
    outer loop
      vertex 113.77152535572166 -18.478398355946513 0
      vertex -8.112990853190425 -7.584682670235633 0
      vertex -8.034314577281478 -7.515685421228408 0
    endloop
  endfacet
  facet normal 0 0 -1
    outer loop
      vertex 113.77152535572166 -18.478398355946513 0
      vertex -8.034314577281478 -7.515685421228408 0
      vertex -7.965317328274253 -7.437009145319461 0
    endloop
  endfacet
  facet normal 0 0 1
    outer loop
      vertex 126.93185165524483 -20.767638087272644 3
      vertex -8.495579046010974 -7.743155886232852 3
      vertex -8.599999998509887 -7.749999997019767 3
    endloop
  endfacet
  facet normal 0 0 1
    outer loop
      vertex 114.125 -18.714582562299427 3
      vertex -7.907179673016074 -7.349999998509883 3
      vertex -7.965317328274253 -7.437009145319461 3
    endloop
  endfacet
  facet normal 0 0 1
    outer loop
      vertex 114.50627884481347 -18.902608480661684 3
      vertex -8.392944765090945 -7.72274066209793 3
      vertex -8.495579046010974 -7.743155886232852 3
    endloop
  endfacet
  facet normal 0 0 1
    outer loop
      vertex 114.125 -18.714582562299427 3
      vertex -8.200000000000003 -7.642820325493812 3
      vertex -8.293853250145915 -7.689103622734546 3
    endloop
  endfacet
  facet normal 0 0 1
    outer loop
      vertex 114.125 -18.714582562299427 3
      vertex -8.112990853190425 -7.584682670235633 3
      vertex -8.200000000000003 -7.642820325493812 3
    endloop
  endfacet
  facet normal 0 0 1
    outer loop
      vertex 114.125 -18.714582562299427 3
      vertex -8.293853250145915 -7.689103622734546 3
      vertex -8.392944765090945 -7.72274066209793 3
    endloop
  endfacet
  facet normal 0 0 1
    outer loop
      vertex 114.125 -18.714582562299427 3
      vertex -8.034314577281478 -7.515685421228408 3
      vertex -8.112990853190425 -7.584682670235633 3
    endloop
  endfacet
  facet normal 0 0 1
    outer loop
      vertex 114.125 -18.714582562299427 3
      vertex -7.965317328274253 -7.437009145319461 3
      vertex -8.034314577281478 -7.515685421228408 3
    endloop
  endfacet
  facet normal 0 0 1
    outer loop
      vertex 126.58670668303967 -21.467522859573364 3
      vertex -5 -21 3
      vertex -62 -21 3
    endloop
  endfacet
  facet normal 0 0 -1
    outer loop
      vertex 113.77152535572166 -18.478398355946513 0
      vertex -60.80000000149012 -7.749999997019767 0
      vertex -8.599999998509887 -7.749999997019767 0
    endloop
  endfacet
  facet normal 0 0 -1
    outer loop
      vertex 113.77152535572166 -18.478398355946513 0
      vertex -7.965317328274253 -7.437009145319461 0
      vertex -7.907179673016074 -7.349999998509883 0
    endloop
  endfacet
  facet normal 0 0 -1
    outer loop
      vertex 113.77152535572166 -18.478398355946513 0
      vertex -7.907179673016074 -7.349999998509883 0
      vertex -7.86089637577534 -7.256146748363971 0
    endloop
  endfacet
  facet normal 0 0 -1
    outer loop
      vertex 113.77152535572166 -18.478398355946513 0
      vertex -7.86089637577534 -7.256146748363971 0
      vertex -7.827259336411956 -7.157055233418941 0
    endloop
  endfacet
  facet normal 0 0 -1
    outer loop
      vertex 113.77152535572166 -18.478398355946513 0
      vertex -7.827259336411956 -7.157055233418941 0
      vertex -7.806844112277034 -7.054420952498912 0
    endloop
  endfacet
  facet normal 0 0 -1
    outer loop
      vertex 113.77152535572166 -18.478398355946513 0
      vertex -7.806844112277034 -7.054420952498912 0
      vertex -7.800000001490119 -6.949999999999999 0
    endloop
  endfacet
  facet normal 0 0 1
    outer loop
      vertex 114.125 -18.714582562299427 3
      vertex -7.86089637577534 -7.256146748363971 3
      vertex -7.907179673016074 -7.349999998509883 3
    endloop
  endfacet
  facet normal 0 0 1
    outer loop
      vertex 114.125 -18.714582562299427 3
      vertex -7.827259336411956 -7.157055233418941 3
      vertex -7.86089637577534 -7.256146748363971 3
    endloop
  endfacet
  facet normal 0 0 1
    outer loop
      vertex 114.125 -18.714582562299427 3
      vertex -7.806844112277034 -7.054420952498912 3
      vertex -7.827259336411956 -7.157055233418941 3
    endloop
  endfacet
  facet normal 0 0 1
    outer loop
      vertex 114.125 -18.714582562299427 3
      vertex -7.800000001490119 -6.949999999999999 3
      vertex -7.806844112277034 -7.054420952498912 3
    endloop
  endfacet
  facet normal 0 0 -1
    outer loop
      vertex 112.61074106456053 -15.058838103416807 0
      vertex -7.800000001490119 -6.949999999999999 0
      vertex -7.800000001490119 9.05 0
    endloop
  endfacet
  facet normal 0 0 1
    outer loop
      vertex 114.125 -18.714582562299427 3
      vertex -7.800000001490119 9.05 3
      vertex -7.800000001490119 -6.949999999999999 3
    endloop
  endfacet
  facet normal 0 0 -1
    outer loop
      vertex 127 -20.25 0
      vertex 123.875 13.085417437700574 0
      vertex 124.22847464427834 13.321601644053485 0
    endloop
  endfacet
  facet normal 0 0 -1
    outer loop
      vertex 127 -20.25 0
      vertex 122.67421012471517 12.677804200535117 0
      vertex 123.09116189658319 12.760741064560529 0
    endloop
  endfacet
  facet normal 0 0 -1
    outer loop
      vertex 127 -20.25 0
      vertex 122.25 12.65 0
      vertex 122.67421012471517 12.677804200535117 0
    endloop
  endfacet
  facet normal 0 0 -1
    outer loop
      vertex 127 -20.25 0
      vertex 123.09116189658319 12.760741064560529 0
      vertex 123.49372115518653 12.897391519338319 0
    endloop
  endfacet
  facet normal 0 0 -1
    outer loop
      vertex 127 -20.25 0
      vertex 123.49372115518653 12.897391519338319 0
      vertex 123.875 13.085417437700574 0
    endloop
  endfacet
  facet normal 0 0 -1
    outer loop
      vertex 127 -20.25 0
      vertex 124.22847464427834 13.321601644053485 0
      vertex 124.54809703885628 13.60190296114372 0
    endloop
  endfacet
  facet normal 0 0 -1
    outer loop
      vertex 127 -20.25 0
      vertex 124.54809703885628 13.60190296114372 0
      vertex 124.82839835594652 13.92152535572166 0
    endloop
  endfacet
  facet normal 0 0 -1
    outer loop
      vertex 127 -20.25 0
      vertex 124.82839835594652 13.92152535572166 0
      vertex 125.06458256229942 14.275 0
    endloop
  endfacet
  facet normal 0 0 -1
    outer loop
      vertex 127 -20.25 0
      vertex 125.06458256229942 14.275 0
      vertex 125.25260848066168 14.656278844813459 0
    endloop
  endfacet
  facet normal 0 0 -1
    outer loop
      vertex 127 -20.25 0
      vertex 125.25260848066168 14.656278844813459 0
      vertex 125.38925893543947 15.058838103416807 0
    endloop
  endfacet
  facet normal 0 0 -1
    outer loop
      vertex 127 -20.25 0
      vertex 125.38925893543947 15.058838103416807 0
      vertex 125.47219579946488 15.475789875284832 0
    endloop
  endfacet
  facet normal 0 0 -1
    outer loop
      vertex 127 -20.25 0
      vertex 125.47219579946488 15.475789875284832 0
      vertex 125.5 15.9 0
    endloop
  endfacet
  facet normal 0 0 -1
    outer loop
      vertex 127 -20.25 0
      vertex 125.5 15.9 0
      vertex 127 20.25 0
    endloop
  endfacet
  facet normal 0 0 -1
    outer loop
      vertex 122.25 -12.65 0
      vertex 115.75 12.65 0
      vertex 122.25 12.65 0
    endloop
  endfacet
  facet normal 0 0 1
    outer loop
      vertex 123.09116189658319 -12.760741064560529 3
      vertex 123.49372115518653 12.897391519338319 3
      vertex 123.09116189658319 12.760741064560529 3
    endloop
  endfacet
  facet normal 0 0 1
    outer loop
      vertex 123.49372115518653 -12.897391519338319 3
      vertex 123.875 13.085417437700574 3
      vertex 123.49372115518653 12.897391519338319 3
    endloop
  endfacet
  facet normal 0 0 1
    outer loop
      vertex 123.875 -13.085417437700574 3
      vertex 124.22847464427834 13.321601644053485 3
      vertex 123.875 13.085417437700574 3
    endloop
  endfacet
  facet normal 0 0 1
    outer loop
      vertex 124.54809703885628 -13.60190296114372 3
      vertex 124.82839835594652 13.92152535572166 3
      vertex 124.54809703885628 13.60190296114372 3
    endloop
  endfacet
  facet normal 0 0 1
    outer loop
      vertex 124.22847464427834 -13.321601644053485 3
      vertex 124.54809703885628 13.60190296114372 3
      vertex 124.22847464427834 13.321601644053485 3
    endloop
  endfacet
  facet normal 0 0 1
    outer loop
      vertex 124.82839835594652 -13.92152535572166 3
      vertex 125.06458256229942 14.275 3
      vertex 124.82839835594652 13.92152535572166 3
    endloop
  endfacet
  facet normal 0 0 1
    outer loop
      vertex 125.06458256229942 -14.275 3
      vertex 125.25260848066168 14.656278844813459 3
      vertex 125.06458256229942 14.275 3
    endloop
  endfacet
  facet normal 0 0 1
    outer loop
      vertex 125.25260848066168 -14.656278844813459 3
      vertex 125.38925893543947 15.058838103416807 3
      vertex 125.25260848066168 14.656278844813459 3
    endloop
  endfacet
  facet normal 0 0 1
    outer loop
      vertex 122.67421012471517 -12.677804200535117 3
      vertex 123.09116189658319 12.760741064560529 3
      vertex 122.67421012471517 12.677804200535117 3
    endloop
  endfacet
  facet normal 0 0 1
    outer loop
      vertex 122.25 -12.65 3
      vertex 122.67421012471517 12.677804200535117 3
      vertex 122.25 12.65 3
    endloop
  endfacet
  facet normal 0 0 -1
    outer loop
      vertex 115.75 -12.65 0
      vertex 115.32578987528483 12.677804200535117 0
      vertex 115.75 12.65 0
    endloop
  endfacet
  facet normal 0 0 1
    outer loop
      vertex 115.75 -12.65 3
      vertex 122.25 12.65 3
      vertex 115.75 12.65 3
    endloop
  endfacet
  facet normal 0 0 1
    outer loop
      vertex 115.32578987528483 -12.677804200535117 3
      vertex 115.75 12.65 3
      vertex 115.32578987528483 12.677804200535117 3
    endloop
  endfacet
  facet normal 0 0 1
    outer loop
      vertex 114.90883810341681 -12.760741064560529 3
      vertex 115.32578987528483 12.677804200535117 3
      vertex 114.90883810341681 12.760741064560529 3
    endloop
  endfacet
  facet normal 0 0 1
    outer loop
      vertex 114.50627884481347 -12.897391519338319 3
      vertex 114.90883810341681 12.760741064560529 3
      vertex 114.50627884481347 12.897391519338319 3
    endloop
  endfacet
  facet normal 0 0 1
    outer loop
      vertex 114.50627884481347 -12.897391519338319 3
      vertex 114.50627884481347 12.897391519338319 3
      vertex 114.125 13.085417437700574 3
    endloop
  endfacet
  facet normal 0 0 1
    outer loop
      vertex 114.50627884481347 -12.897391519338319 3
      vertex 114.125 13.085417437700574 3
      vertex 113.77152535572166 13.321601644053485 3
    endloop
  endfacet
  facet normal 0 0 1
    outer loop
      vertex 114.50627884481347 -12.897391519338319 3
      vertex 113.77152535572166 13.321601644053485 3
      vertex 113.45190296114372 13.60190296114372 3
    endloop
  endfacet
  facet normal 0 0 1
    outer loop
      vertex 114.50627884481347 -12.897391519338319 3
      vertex 113.45190296114372 13.60190296114372 3
      vertex 113.17160164405348 13.92152535572166 3
    endloop
  endfacet
  facet normal 0 0 1
    outer loop
      vertex 114.50627884481347 -12.897391519338319 3
      vertex 113.17160164405348 13.92152535572166 3
      vertex 112.93541743770058 14.275 3
    endloop
  endfacet
  facet normal 0 0 1
    outer loop
      vertex 114.50627884481347 -12.897391519338319 3
      vertex 112.93541743770058 14.275 3
      vertex 112.74739151933832 14.656278844813459 3
    endloop
  endfacet
  facet normal 1 0 0
    outer loop
      vertex 127 -20.25 0
      vertex 127 20.25 0
      vertex 127 20.25 3
    endloop
  endfacet
  facet normal 0 0 1
    outer loop
      vertex 125.25260848066168 -14.656278844813459 3
      vertex 127 20.25 3
      vertex 125.38925893543947 15.058838103416807 3
    endloop
  endfacet
  facet normal 0 0 -1
    outer loop
      vertex 115.32578987528483 -12.677804200535117 0
      vertex -8.293853250145915 9.789103622734547 0
      vertex 115.32578987528483 12.677804200535117 0
    endloop
  endfacet
  facet normal 0 0 1
    outer loop
      vertex 114.50627884481347 -12.897391519338319 3
      vertex 112.74739151933832 14.656278844813459 3
      vertex -8.034314577281478 9.61568542122841 3
    endloop
  endfacet
  facet normal 0 0 -1
    outer loop
      vertex 125.5 15.9 0
      vertex 125.47219579946488 16.32421012471517 0
      vertex 127 20.25 0
    endloop
  endfacet
  facet normal 0 0 -1
    outer loop
      vertex 125.47219579946488 16.32421012471517 0
      vertex 125.38925893543947 16.741161896583193 0
      vertex 127 20.25 0
    endloop
  endfacet
  facet normal 0 0 -1
    outer loop
      vertex 125.38925893543947 16.741161896583193 0
      vertex 125.25260848066168 17.14372115518654 0
      vertex 127 20.25 0
    endloop
  endfacet
  facet normal 0 0 1
    outer loop
      vertex 125.38925893543947 15.058838103416807 3
      vertex 127 20.25 3
      vertex 125.47219579946488 15.475789875284832 3
    endloop
  endfacet
  facet normal 0 0 1
    outer loop
      vertex 125.47219579946488 15.475789875284832 3
      vertex 127 20.25 3
      vertex 125.5 15.9 3
    endloop
  endfacet
  facet normal 0 0 1
    outer loop
      vertex 125.5 15.9 3
      vertex 127 20.25 3
      vertex 125.47219579946488 16.32421012471517 3
    endloop
  endfacet
  facet normal 0 0 1
    outer loop
      vertex 125.47219579946488 16.32421012471517 3
      vertex 127 20.25 3
      vertex 125.38925893543947 16.741161896583193 3
    endloop
  endfacet
  facet normal 0 0 1
    outer loop
      vertex 125.38925893543947 16.741161896583193 3
      vertex 127 20.25 3
      vertex 125.25260848066168 17.14372115518654 3
    endloop
  endfacet
  facet normal 0 0 -1
    outer loop
      vertex 125.25260848066168 17.14372115518654 0
      vertex 125.06458256229942 17.525 0
      vertex 127 20.25 0
    endloop
  endfacet
  facet normal 0 0 -1
    outer loop
      vertex 125.06458256229942 17.525 0
      vertex 124.82839835594652 17.87847464427834 0
      vertex 127 20.25 0
    endloop
  endfacet
  facet normal 0 0 -1
    outer loop
      vertex 124.82839835594652 17.87847464427834 0
      vertex 124.54809703885628 18.19809703885628 0
      vertex 127 20.25 0
    endloop
  endfacet
  facet normal 0 0 -1
    outer loop
      vertex 124.54809703885628 18.19809703885628 0
      vertex 124.22847464427834 18.478398355946513 0
      vertex 127 20.25 0
    endloop
  endfacet
  facet normal 0 0 -1
    outer loop
      vertex 124.22847464427834 18.478398355946513 0
      vertex 123.875 18.714582562299427 0
      vertex 127 20.25 0
    endloop
  endfacet
  facet normal 0 0 -1
    outer loop
      vertex 123.875 18.714582562299427 0
      vertex 123.49372115518653 18.902608480661684 0
      vertex 127 20.25 0
    endloop
  endfacet
  facet normal 0 0 -1
    outer loop
      vertex 123.49372115518653 18.902608480661684 0
      vertex 123.09116189658319 19.039258935439474 0
      vertex 127 20.25 0
    endloop
  endfacet
  facet normal 0 0 1
    outer loop
      vertex 125.25260848066168 17.14372115518654 3
      vertex 127 20.25 3
      vertex 125.06458256229942 17.525 3
    endloop
  endfacet
  facet normal 0 0 1
    outer loop
      vertex 125.06458256229942 17.525 3
      vertex 127 20.25 3
      vertex 124.82839835594652 17.87847464427834 3
    endloop
  endfacet
  facet normal 0 0 1
    outer loop
      vertex 124.82839835594652 17.87847464427834 3
      vertex 127 20.25 3
      vertex 124.54809703885628 18.19809703885628 3
    endloop
  endfacet
  facet normal 0 0 1
    outer loop
      vertex 124.54809703885628 18.19809703885628 3
      vertex 127 20.25 3
      vertex 124.22847464427834 18.478398355946513 3
    endloop
  endfacet
  facet normal 0 0 1
    outer loop
      vertex 124.22847464427834 18.478398355946513 3
      vertex 127 20.25 3
      vertex 123.875 18.714582562299427 3
    endloop
  endfacet
  facet normal 0 0 1
    outer loop
      vertex 123.875 18.714582562299427 3
      vertex 127 20.25 3
      vertex 123.49372115518653 18.902608480661684 3
    endloop
  endfacet
  facet normal 0 0 1
    outer loop
      vertex 123.49372115518653 18.902608480661684 3
      vertex 127 20.25 3
      vertex 123.09116189658319 19.039258935439474 3
    endloop
  endfacet
  facet normal 0 0 -1
    outer loop
      vertex 123.09116189658319 19.039258935439474 0
      vertex 122.67421012471517 19.122195799464883 0
      vertex 127 20.25 0
    endloop
  endfacet
  facet normal 0 0 -1
    outer loop
      vertex 122.67421012471517 19.122195799464883 0
      vertex 122.25 19.15 0
      vertex 127 20.25 0
    endloop
  endfacet
  facet normal 0.9978589223891017 0.06540314219103631 0
    outer loop
      vertex 127 20.25 0
      vertex 126.98288971930742 20.511052384972572 0
      vertex 126.98288971930742 20.511052384972572 3
    endloop
  endfacet
  facet normal 0.9807852843656898 0.1950903020954995 0
    outer loop
      vertex 126.98288971930742 20.511052384972572 0
      vertex 126.93185165524483 20.767638087272644 0
      vertex 126.93185165524483 20.767638087272644 3
    endloop
  endfacet
  facet normal 0.9978589223891017 0.06540314219103631 0
    outer loop
      vertex 127 20.25 0
      vertex 126.98288971930742 20.511052384972572 3
      vertex 127 20.25 3
    endloop
  endfacet
  facet normal 0.9807852843656898 0.1950903020954995 0
    outer loop
      vertex 126.98288971930742 20.511052384972572 0
      vertex 126.93185165524483 20.767638087272644 3
      vertex 126.98288971930742 20.511052384972572 3
    endloop
  endfacet
  facet normal 0.9469301319984065 0.32143945792867507 0
    outer loop
      vertex 126.93185165524483 20.767638087272644 0
      vertex 126.84775906801224 21.01536686718464 3
      vertex 126.93185165524483 20.767638087272644 3
    endloop
  endfacet
  facet normal 0 0 -1
    outer loop
      vertex 122.25 19.15 0
      vertex 115.75 19.15 0
      vertex 127 20.25 0
    endloop
  endfacet
  facet normal 0 0 -1
    outer loop
      vertex 115.75 19.15 0
      vertex 115.32578987528483 19.122195799464883 0
      vertex 127 20.25 0
    endloop
  endfacet
  facet normal 0 0 1
    outer loop
      vertex 123.09116189658319 19.039258935439474 3
      vertex 127 20.25 3
      vertex 122.67421012471517 19.122195799464883 3
    endloop
  endfacet
  facet normal 0 0 1
    outer loop
      vertex 122.67421012471517 19.122195799464883 3
      vertex 127 20.25 3
      vertex 122.25 19.15 3
    endloop
  endfacet
  facet normal 0.9469301319984065 0.32143945792867507 0
    outer loop
      vertex 126.93185165524483 20.767638087272644 0
      vertex 126.84775906801224 21.01536686718464 0
      vertex 126.84775906801224 21.01536686718464 3
    endloop
  endfacet
  facet normal 0.8968727332159226 0.4422887070837332 0
    outer loop
      vertex 126.84775906801224 21.01536686718464 0
      vertex 126.73205080628395 21.25 0
      vertex 126.73205080628395 21.25 3
    endloop
  endfacet
  facet normal 0.8314696207458843 0.5555702203832521 0
    outer loop
      vertex 126.73205080628395 21.25 0
      vertex 126.58670668303967 21.467522859573364 0
      vertex 126.58670668303967 21.467522859573364 3
    endloop
  endfacet
  facet normal 0.8968727332159226 0.4422887070837332 0
    outer loop
      vertex 126.84775906801224 21.01536686718464 0
      vertex 126.73205080628395 21.25 3
      vertex 126.84775906801224 21.01536686718464 3
    endloop
  endfacet
  facet normal 0.8314696207458843 0.5555702203832521 0
    outer loop
      vertex 126.73205080628395 21.25 0
      vertex 126.58670668303967 21.467522859573364 3
      vertex 126.73205080628395 21.25 3
    endloop
  endfacet
  facet normal 0.7518397936522605 0.6593458308664175 0
    outer loop
      vertex 126.58670668303967 21.467522859573364 0
      vertex 126.4142135605216 21.664213560521603 3
      vertex 126.58670668303967 21.467522859573364 3
    endloop
  endfacet
  facet normal 0.7518397936522605 0.6593458308664175 0
    outer loop
      vertex 126.58670668303967 21.467522859573364 0
      vertex 126.4142135605216 21.664213560521603 0
      vertex 126.4142135605216 21.664213560521603 3
    endloop
  endfacet
  facet normal 0.6593458308664175 0.7518397936522605 0
    outer loop
      vertex 126.4142135605216 21.664213560521603 0
      vertex 126.21752285957336 21.836706683039665 0
      vertex 126.21752285957336 21.836706683039665 3
    endloop
  endfacet
  facet normal 0 0 -1
    outer loop
      vertex 125.51763808727264 22.181851655244827 0
      vertex 125 22.25 0
      vertex 125.26105238497257 22.232889719307423 0
    endloop
  endfacet
  facet normal 0.5555702203832521 0.8314696207458843 0
    outer loop
      vertex 126.21752285957336 21.836706683039665 0
      vertex 126 21.98205080628395 0
      vertex 126 21.98205080628395 3
    endloop
  endfacet
  facet normal 0.4422887070837332 0.8968727332159226 0
    outer loop
      vertex 126 21.98205080628395 0
      vertex 125.76536686718464 22.097759068012238 0
      vertex 125.76536686718464 22.097759068012238 3
    endloop
  endfacet
  facet normal 0.32143945792867507 0.9469301319984065 0
    outer loop
      vertex 125.76536686718464 22.097759068012238 0
      vertex 125.51763808727264 22.181851655244827 0
      vertex 125.51763808727264 22.181851655244827 3
    endloop
  endfacet
  facet normal 0.1950903020954995 0.9807852843656898 0
    outer loop
      vertex 125.51763808727264 22.181851655244827 0
      vertex 125.26105238497257 22.232889719307423 0
      vertex 125.26105238497257 22.232889719307423 3
    endloop
  endfacet
  facet normal 0.06540314219103631 0.9978589223891017 0
    outer loop
      vertex 125.26105238497257 22.232889719307423 0
      vertex 125 22.25 0
      vertex 125 22.25 3
    endloop
  endfacet
  facet normal 0.6593458308664175 0.7518397936522605 0
    outer loop
      vertex 126.4142135605216 21.664213560521603 0
      vertex 126.21752285957336 21.836706683039665 3
      vertex 126.4142135605216 21.664213560521603 3
    endloop
  endfacet
  facet normal 0.5555702203832521 0.8314696207458843 0
    outer loop
      vertex 126.21752285957336 21.836706683039665 0
      vertex 126 21.98205080628395 3
      vertex 126.21752285957336 21.836706683039665 3
    endloop
  endfacet
  facet normal 0.4422887070837332 0.8968727332159226 0
    outer loop
      vertex 126 21.98205080628395 0
      vertex 125.76536686718464 22.097759068012238 3
      vertex 126 21.98205080628395 3
    endloop
  endfacet
  facet normal 0.32143945792867507 0.9469301319984065 0
    outer loop
      vertex 125.76536686718464 22.097759068012238 0
      vertex 125.51763808727264 22.181851655244827 3
      vertex 125.76536686718464 22.097759068012238 3
    endloop
  endfacet
  facet normal 0.1950903020954995 0.9807852843656898 0
    outer loop
      vertex 125.51763808727264 22.181851655244827 0
      vertex 125.26105238497257 22.232889719307423 3
      vertex 125.51763808727264 22.181851655244827 3
    endloop
  endfacet
  facet normal 0.06540314219103631 0.9978589223891017 0
    outer loop
      vertex 125.26105238497257 22.232889719307423 0
      vertex 125 22.25 3
      vertex 125.26105238497257 22.232889719307423 3
    endloop
  endfacet
  facet normal 0 0 1
    outer loop
      vertex 125.51763808727264 22.181851655244827 3
      vertex 125.26105238497257 22.232889719307423 3
      vertex 125 22.25 3
    endloop
  endfacet
  facet normal 0 0 -1
    outer loop
      vertex 115.32578987528483 12.677804200535117 0
      vertex -8.293853250145915 9.789103622734547 0
      vertex 114.90883810341681 12.760741064560529 0
    endloop
  endfacet
  facet normal 0 0 -1
    outer loop
      vertex 114.90883810341681 12.760741064560529 0
      vertex -8.293853250145915 9.789103622734547 0
      vertex 114.50627884481347 12.897391519338319 0
    endloop
  endfacet
  facet normal 0 0 -1
    outer loop
      vertex 114.50627884481347 12.897391519338319 0
      vertex -8.293853250145915 9.789103622734547 0
      vertex 114.125 13.085417437700574 0
    endloop
  endfacet
  facet normal 0 0 -1
    outer loop
      vertex 114.125 13.085417437700574 0
      vertex -8.293853250145915 9.789103622734547 0
      vertex 113.77152535572166 13.321601644053485 0
    endloop
  endfacet
  facet normal 0 0 -1
    outer loop
      vertex 113.77152535572166 13.321601644053485 0
      vertex -8.293853250145915 9.789103622734547 0
      vertex 113.45190296114372 13.60190296114372 0
    endloop
  endfacet
  facet normal 0 0 -1
    outer loop
      vertex 113.45190296114372 13.60190296114372 0
      vertex -8.293853250145915 9.789103622734547 0
      vertex 113.17160164405348 13.92152535572166 0
    endloop
  endfacet
  facet normal 0 0 -1
    outer loop
      vertex 113.17160164405348 13.92152535572166 0
      vertex -8.293853250145915 9.789103622734547 0
      vertex 112.93541743770058 14.275 0
    endloop
  endfacet
  facet normal 0 0 -1
    outer loop
      vertex 112.93541743770058 14.275 0
      vertex -8.293853250145915 9.789103622734547 0
      vertex 112.74739151933832 14.656278844813459 0
    endloop
  endfacet
  facet normal 0 0 -1
    outer loop
      vertex 112.74739151933832 14.656278844813459 0
      vertex -8.293853250145915 9.789103622734547 0
      vertex 112.61074106456053 15.058838103416807 0
    endloop
  endfacet
  facet normal 0 0 -1
    outer loop
      vertex 112.61074106456053 15.058838103416807 0
      vertex -8.293853250145915 9.789103622734547 0
      vertex 112.52780420053512 15.475789875284832 0
    endloop
  endfacet
  facet normal 0 0 -1
    outer loop
      vertex 112.52780420053512 15.475789875284832 0
      vertex -8.293853250145915 9.789103622734547 0
      vertex 112.5 15.9 0
    endloop
  endfacet
  facet normal 0 0 1
    outer loop
      vertex 112.74739151933832 14.656278844813459 3
      vertex 112.61074106456053 15.058838103416807 3
      vertex -8.034314577281478 9.61568542122841 3
    endloop
  endfacet
  facet normal 0 0 1
    outer loop
      vertex 112.61074106456053 15.058838103416807 3
      vertex 112.52780420053512 15.475789875284832 3
      vertex -8.034314577281478 9.61568542122841 3
    endloop
  endfacet
  facet normal 0 0 1
    outer loop
      vertex 112.52780420053512 15.475789875284832 3
      vertex 112.5 15.9 3
      vertex -8.034314577281478 9.61568542122841 3
    endloop
  endfacet
  facet normal 0 0 -1
    outer loop
      vertex 112.5 15.9 0
      vertex -8.293853250145915 9.789103622734547 0
      vertex 112.52780420053512 16.32421012471517 0
    endloop
  endfacet
  facet normal 0 0 -1
    outer loop
      vertex 112.52780420053512 16.32421012471517 0
      vertex -8.293853250145915 9.789103622734547 0
      vertex 112.61074106456053 16.741161896583193 0
    endloop
  endfacet
  facet normal 0 0 -1
    outer loop
      vertex 112.61074106456053 16.741161896583193 0
      vertex -8.293853250145915 9.789103622734547 0
      vertex 112.74739151933832 17.14372115518654 0
    endloop
  endfacet
  facet normal 0 0 -1
    outer loop
      vertex 112.74739151933832 17.14372115518654 0
      vertex -8.293853250145915 9.789103622734547 0
      vertex 112.93541743770058 17.525 0
    endloop
  endfacet
  facet normal 0 0 -1
    outer loop
      vertex 113.17160164405348 17.87847464427834 0
      vertex 112.93541743770058 17.525 0
      vertex -8.293853250145915 9.789103622734547 0
    endloop
  endfacet
  facet normal 0 0 -1
    outer loop
      vertex 113.17160164405348 17.87847464427834 0
      vertex -8.293853250145915 9.789103622734547 0
      vertex 113.45190296114372 18.19809703885628 0
    endloop
  endfacet
  facet normal 0 0 -1
    outer loop
      vertex 115.32578987528483 19.122195799464883 0
      vertex -8.495579046010974 9.843155886232854 0
      vertex 127 20.25 0
    endloop
  endfacet
  facet normal 0 0 -1
    outer loop
      vertex 114.50627884481347 18.902608480661684 0
      vertex -8.495579046010974 9.843155886232854 0
      vertex 114.90883810341681 19.039258935439474 0
    endloop
  endfacet
  facet normal 0 0 -1
    outer loop
      vertex 113.45190296114372 18.19809703885628 0
      vertex -8.293853250145915 9.789103622734547 0
      vertex 113.77152535572166 18.478398355946513 0
    endloop
  endfacet
  facet normal 0 0 -1
    outer loop
      vertex 114.125 18.714582562299427 0
      vertex 113.77152535572166 18.478398355946513 0
      vertex -8.293853250145915 9.789103622734547 0
    endloop
  endfacet
  facet normal 0 0 -1
    outer loop
      vertex 114.125 18.714582562299427 0
      vertex -8.392944765090945 9.822740662097932 0
      vertex 114.50627884481347 18.902608480661684 0
    endloop
  endfacet
  facet normal 0 0 -1
    outer loop
      vertex 115.32578987528483 19.122195799464883 0
      vertex 114.90883810341681 19.039258935439474 0
      vertex -8.495579046010974 9.843155886232854 0
    endloop
  endfacet
  facet normal 0 0 -1
    outer loop
      vertex 112.74739151933832 -14.656278844813459 0
      vertex -7.800000001490119 9.05 0
      vertex -7.806844112277034 9.154420952498914 0
    endloop
  endfacet
  facet normal 0 0 -1
    outer loop
      vertex 112.93541743770058 -14.275 0
      vertex -7.806844112277034 9.154420952498914 0
      vertex -7.827259336411956 9.257055233418942 0
    endloop
  endfacet
  facet normal 0 0 1
    outer loop
      vertex 112.74739151933832 -14.656278844813459 3
      vertex -7.806844112277034 9.154420952498914 3
      vertex -7.800000001490119 9.05 3
    endloop
  endfacet
  facet normal 0 0 1
    outer loop
      vertex 112.93541743770058 -14.275 3
      vertex -7.827259336411956 9.257055233418942 3
      vertex -7.806844112277034 9.154420952498914 3
    endloop
  endfacet
  facet normal 0 0 -1
    outer loop
      vertex 113.17160164405348 -13.92152535572166 0
      vertex -7.827259336411956 9.257055233418942 0
      vertex -7.86089637577534 9.356146748363972 0
    endloop
  endfacet
  facet normal 0 0 -1
    outer loop
      vertex 113.45190296114372 -13.60190296114372 0
      vertex -7.86089637577534 9.356146748363972 0
      vertex -7.907179673016074 9.449999998509885 0
    endloop
  endfacet
  facet normal 0 0 -1
    outer loop
      vertex 113.77152535572166 -13.321601644053485 0
      vertex -7.907179673016074 9.449999998509885 0
      vertex -7.965317328274253 9.537009145319463 0
    endloop
  endfacet
  facet normal 0 0 -1
    outer loop
      vertex 114.125 -13.085417437700574 0
      vertex -7.965317328274253 9.537009145319463 0
      vertex -8.034314577281478 9.61568542122841 0
    endloop
  endfacet
  facet normal 0 0 -1
    outer loop
      vertex 114.50627884481347 -12.897391519338319 0
      vertex -8.034314577281478 9.61568542122841 0
      vertex -8.112990853190425 9.684682670235635 0
    endloop
  endfacet
  facet normal 0 0 -1
    outer loop
      vertex 114.90883810341681 -12.760741064560529 0
      vertex -8.112990853190425 9.684682670235635 0
      vertex -8.200000000000003 9.742820325493813 0
    endloop
  endfacet
  facet normal 0 0 -1
    outer loop
      vertex 115.32578987528483 -12.677804200535117 0
      vertex -8.200000000000003 9.742820325493813 0
      vertex -8.293853250145915 9.789103622734547 0
    endloop
  endfacet
  facet normal 0 0 1
    outer loop
      vertex 113.17160164405348 -13.92152535572166 3
      vertex -7.86089637577534 9.356146748363972 3
      vertex -7.827259336411956 9.257055233418942 3
    endloop
  endfacet
  facet normal 0 0 1
    outer loop
      vertex 113.45190296114372 -13.60190296114372 3
      vertex -7.907179673016074 9.449999998509885 3
      vertex -7.86089637577534 9.356146748363972 3
    endloop
  endfacet
  facet normal 0 0 1
    outer loop
      vertex 113.77152535572166 -13.321601644053485 3
      vertex -7.965317328274253 9.537009145319463 3
      vertex -7.907179673016074 9.449999998509885 3
    endloop
  endfacet
  facet normal 0 0 1
    outer loop
      vertex 114.125 -13.085417437700574 3
      vertex -8.034314577281478 9.61568542122841 3
      vertex -7.965317328274253 9.537009145319463 3
    endloop
  endfacet
  facet normal 0 0 1
    outer loop
      vertex 112.5 15.9 3
      vertex -8.200000000000003 9.742820325493813 3
      vertex -8.112990853190425 9.684682670235635 3
    endloop
  endfacet
  facet normal 0 0 1
    outer loop
      vertex 112.5 15.9 3
      vertex -8.112990853190425 9.684682670235635 3
      vertex -8.034314577281478 9.61568542122841 3
    endloop
  endfacet
  facet normal 0 0 1
    outer loop
      vertex 112.5 15.9 3
      vertex -8.293853250145915 9.789103622734547 3
      vertex -8.200000000000003 9.742820325493813 3
    endloop
  endfacet
  facet normal 0 0 1
    outer loop
      vertex 112.5 15.9 3
      vertex -8.495579046010974 9.843155886232854 3
      vertex -8.392944765090945 9.822740662097932 3
    endloop
  endfacet
  facet normal 0 0 1
    outer loop
      vertex 112.5 15.9 3
      vertex -8.392944765090945 9.822740662097932 3
      vertex -8.293853250145915 9.789103622734547 3
    endloop
  endfacet
  facet normal 0 0 1
    outer loop
      vertex 112.5 15.9 3
      vertex -8.599999998509887 9.849999997019768 3
      vertex -8.495579046010974 9.843155886232854 3
    endloop
  endfacet
  facet normal 0 0 -1
    outer loop
      vertex 127 20.25 0
      vertex -8.495579046010974 9.843155886232854 0
      vertex -8.599999998509887 9.849999997019768 0
    endloop
  endfacet
  facet normal 0 0 -1
    outer loop
      vertex 114.125 18.714582562299427 0
      vertex -8.293853250145915 9.789103622734547 0
      vertex -8.392944765090945 9.822740662097932 0
    endloop
  endfacet
  facet normal 0 0 -1
    outer loop
      vertex 114.50627884481347 18.902608480661684 0
      vertex -8.392944765090945 9.822740662097932 0
      vertex -8.495579046010974 9.843155886232854 0
    endloop
  endfacet
  facet normal 0 0 1
    outer loop
      vertex 112.5 15.9 3
      vertex 112.52780420053512 16.32421012471517 3
      vertex -126.93185165524483 20.767638087272644 3
    endloop
  endfacet
  facet normal 0 0 1
    outer loop
      vertex 112.52780420053512 16.32421012471517 3
      vertex 112.61074106456053 16.741161896583193 3
      vertex -126.93185165524483 20.767638087272644 3
    endloop
  endfacet
  facet normal 0 0 1
    outer loop
      vertex 112.61074106456053 16.741161896583193 3
      vertex 112.74739151933832 17.14372115518654 3
      vertex -126.93185165524483 20.767638087272644 3
    endloop
  endfacet
  facet normal 0 0 1
    outer loop
      vertex 112.74739151933832 17.14372115518654 3
      vertex 112.93541743770058 17.525 3
      vertex -126.93185165524483 20.767638087272644 3
    endloop
  endfacet
  facet normal 0 0 1
    outer loop
      vertex 113.17160164405348 17.87847464427834 3
      vertex -126.93185165524483 20.767638087272644 3
      vertex 112.93541743770058 17.525 3
    endloop
  endfacet
  facet normal 0 0 1
    outer loop
      vertex 114.125 18.714582562299427 3
      vertex 114.50627884481347 18.902608480661684 3
      vertex -126.93185165524483 20.767638087272644 3
    endloop
  endfacet
  facet normal 0 0 1
    outer loop
      vertex 113.17160164405348 17.87847464427834 3
      vertex 113.45190296114372 18.19809703885628 3
      vertex -126.93185165524483 20.767638087272644 3
    endloop
  endfacet
  facet normal 0 0 1
    outer loop
      vertex 113.45190296114372 18.19809703885628 3
      vertex 113.77152535572166 18.478398355946513 3
      vertex -126.93185165524483 20.767638087272644 3
    endloop
  endfacet
  facet normal 0 0 1
    outer loop
      vertex 114.125 18.714582562299427 3
      vertex -126.93185165524483 20.767638087272644 3
      vertex 113.77152535572166 18.478398355946513 3
    endloop
  endfacet
  facet normal 0 0 -1
    outer loop
      vertex 127 20.25 0
      vertex -126.84775906801224 21.01536686718464 0
      vertex 126.98288971930742 20.511052384972572 0
    endloop
  endfacet
  facet normal 0 0 -1
    outer loop
      vertex 126.98288971930742 20.511052384972572 0
      vertex -126.73205080628395 21.25 0
      vertex 126.93185165524483 20.767638087272644 0
    endloop
  endfacet
  facet normal 0 0 1
    outer loop
      vertex 122.25 19.15 3
      vertex 127 20.25 3
      vertex -126.93185165524483 20.767638087272644 3
    endloop
  endfacet
  facet normal 0 0 1
    outer loop
      vertex 127 20.25 3
      vertex 126.98288971930742 20.511052384972572 3
      vertex -126.84775906801224 21.01536686718464 3
    endloop
  endfacet
  facet normal 0 0 1
    outer loop
      vertex 126.98288971930742 20.511052384972572 3
      vertex 126.93185165524483 20.767638087272644 3
      vertex -126.73205080628395 21.25 3
    endloop
  endfacet
  facet normal 0 0 -1
    outer loop
      vertex 126.93185165524483 20.767638087272644 0
      vertex -126.58670668303967 21.467522859573364 0
      vertex 126.84775906801224 21.01536686718464 0
    endloop
  endfacet
  facet normal 0 0 -1
    outer loop
      vertex 126.84775906801224 21.01536686718464 0
      vertex -126.4142135605216 21.664213560521603 0
      vertex 126.73205080628395 21.25 0
    endloop
  endfacet
  facet normal 0 0 -1
    outer loop
      vertex 126.73205080628395 21.25 0
      vertex -126.21752285957336 21.836706683039665 0
      vertex 126.58670668303967 21.467522859573364 0
    endloop
  endfacet
  facet normal 0 0 -1
    outer loop
      vertex 126.58670668303967 21.467522859573364 0
      vertex -126 21.98205080628395 0
      vertex 126.4142135605216 21.664213560521603 0
    endloop
  endfacet
  facet normal 0 0 -1
    outer loop
      vertex 126.4142135605216 21.664213560521603 0
      vertex -125.76536686718464 22.097759068012238 0
      vertex 126.21752285957336 21.836706683039665 0
    endloop
  endfacet
  facet normal 0 0 -1
    outer loop
      vertex 126.21752285957336 21.836706683039665 0
      vertex -125.51763808727264 22.181851655244827 0
      vertex 126 21.98205080628395 0
    endloop
  endfacet
  facet normal 0 0 -1
    outer loop
      vertex 126 21.98205080628395 0
      vertex -125.26105238497257 22.232889719307423 0
      vertex 125.76536686718464 22.097759068012238 0
    endloop
  endfacet
  facet normal 0 0 -1
    outer loop
      vertex 125.76536686718464 22.097759068012238 0
      vertex -125 22.25 0
      vertex 125.51763808727264 22.181851655244827 0
    endloop
  endfacet
  facet normal 0 0 -1
    outer loop
      vertex 125.51763808727264 22.181851655244827 0
      vertex -125 22.25 0
      vertex 125 22.25 0
    endloop
  endfacet
  facet normal 0 1 0
    outer loop
      vertex 125 22.25 0
      vertex -125 22.25 3
      vertex 125 22.25 3
    endloop
  endfacet
  facet normal 0 0 1
    outer loop
      vertex 126.93185165524483 20.767638087272644 3
      vertex 126.84775906801224 21.01536686718464 3
      vertex -126.58670668303967 21.467522859573364 3
    endloop
  endfacet
  facet normal 0 0 1
    outer loop
      vertex 126.84775906801224 21.01536686718464 3
      vertex 126.73205080628395 21.25 3
      vertex -126.4142135605216 21.664213560521603 3
    endloop
  endfacet
  facet normal 0 0 1
    outer loop
      vertex 126.73205080628395 21.25 3
      vertex 126.58670668303967 21.467522859573364 3
      vertex -126.21752285957336 21.836706683039665 3
    endloop
  endfacet
  facet normal 0 0 1
    outer loop
      vertex 126.58670668303967 21.467522859573364 3
      vertex 126.4142135605216 21.664213560521603 3
      vertex -126 21.98205080628395 3
    endloop
  endfacet
  facet normal 0 0 1
    outer loop
      vertex 126.4142135605216 21.664213560521603 3
      vertex 126.21752285957336 21.836706683039665 3
      vertex -125.76536686718464 22.097759068012238 3
    endloop
  endfacet
  facet normal 0 0 1
    outer loop
      vertex 126.21752285957336 21.836706683039665 3
      vertex 126 21.98205080628395 3
      vertex -125.51763808727264 22.181851655244827 3
    endloop
  endfacet
  facet normal 0 0 1
    outer loop
      vertex 126 21.98205080628395 3
      vertex 125.76536686718464 22.097759068012238 3
      vertex -125.26105238497257 22.232889719307423 3
    endloop
  endfacet
  facet normal 0 0 1
    outer loop
      vertex 125.76536686718464 22.097759068012238 3
      vertex 125.51763808727264 22.181851655244827 3
      vertex -125 22.25 3
    endloop
  endfacet
  facet normal 0 0 1
    outer loop
      vertex 125.51763808727264 22.181851655244827 3
      vertex 125 22.25 3
      vertex -125 22.25 3
    endloop
  endfacet
  facet normal 0 0 1
    outer loop
      vertex 122.25 19.15 3
      vertex -126.93185165524483 20.767638087272644 3
      vertex 115.75 19.15 3
    endloop
  endfacet
  facet normal 0 0 1
    outer loop
      vertex 114.50627884481347 18.902608480661684 3
      vertex 114.90883810341681 19.039258935439474 3
      vertex -126.93185165524483 20.767638087272644 3
    endloop
  endfacet
  facet normal 0 0 1
    outer loop
      vertex 115.75 19.15 3
      vertex -126.93185165524483 20.767638087272644 3
      vertex 115.32578987528483 19.122195799464883 3
    endloop
  endfacet
  facet normal 0 0 1
    outer loop
      vertex 115.32578987528483 19.122195799464883 3
      vertex -126.93185165524483 20.767638087272644 3
      vertex 114.90883810341681 19.039258935439474 3
    endloop
  endfacet
  facet normal 0 0 -1
    outer loop
      vertex 127 20.25 0
      vertex -8.599999998509887 9.849999997019768 0
      vertex -68.23768912638015 14.947683122373018 0
    endloop
  endfacet
  facet normal 0 0 1
    outer loop
      vertex 112.5 15.9 3
      vertex -60.80000000149012 9.849999997019768 3
      vertex -8.599999998509887 9.849999997019768 3
    endloop
  endfacet
  facet normal 0 0 1
    outer loop
      vertex 126.58670668303967 -21.467522859573364 3
      vertex -62 -21 3
      vertex -65 -21 3
    endloop
  endfacet
  facet normal 0 0 1
    outer loop
      vertex 126.58670668303967 -21.467522859573364 3
      vertex -65 -21 3
      vertex -126.84775906801224 -21.01536686718464 3
    endloop
  endfacet
  facet normal 0 0 1
    outer loop
      vertex -5 -21 3
      vertex -5 -18 3
      vertex -62 -18 3
    endloop
  endfacet
  facet normal 0 0 -1
    outer loop
      vertex 113.77152535572166 -18.478398355946513 0
      vertex -67.34387368817433 -13.95 0
      vertex -67.02200868616303 -13.900824341855259 0
    endloop
  endfacet
  facet normal 0 0 -1
    outer loop
      vertex 113.77152535572166 -18.478398355946513 0
      vertex -67.02200868616303 -13.900824341855259 0
      vertex -60.80000000149012 -7.749999997019767 0
    endloop
  endfacet
  facet normal 0 0 1
    outer loop
      vertex -2 -15 3
      vertex -7.75 -9.1 3
      vertex -7.75 -15 3
    endloop
  endfacet
  facet normal 0 0 -1
    outer loop
      vertex 113.77152535572166 -18.478398355946513 0
      vertex -97.23209833666473 -13.95 0
      vertex -67.34387368817433 -13.95 0
    endloop
  endfacet
  facet normal 0 0 -1
    outer loop
      vertex 125 -22.25 0
      vertex -125 -22.25 0
      vertex -125.51763808727264 -22.181851655244827 0
    endloop
  endfacet
  facet normal 0 0 -1
    outer loop
      vertex 125 -22.25 0
      vertex -125.51763808727264 -22.181851655244827 0
      vertex -125.76536686718464 -22.097759068012238 0
    endloop
  endfacet
  facet normal 0 0 -1
    outer loop
      vertex 125.26105238497257 -22.232889719307423 0
      vertex -125.76536686718464 -22.097759068012238 0
      vertex -126 -21.98205080628395 0
    endloop
  endfacet
  facet normal 0 0 -1
    outer loop
      vertex 125.51763808727264 -22.181851655244827 0
      vertex -126 -21.98205080628395 0
      vertex -126.21752285957336 -21.836706683039665 0
    endloop
  endfacet
  facet normal 0 0 -1
    outer loop
      vertex 125.76536686718464 -22.097759068012238 0
      vertex -126.21752285957336 -21.836706683039665 0
      vertex -126.4142135605216 -21.664213560521603 0
    endloop
  endfacet
  facet normal 0 0 -1
    outer loop
      vertex 126 -21.98205080628395 0
      vertex -126.4142135605216 -21.664213560521603 0
      vertex -126.58670668303967 -21.467522859573364 0
    endloop
  endfacet
  facet normal 0 -1 0
    outer loop
      vertex 125 -22.25 3
      vertex -125 -22.25 3
      vertex -125 -22.25 0
    endloop
  endfacet
  facet normal 0 0 -1
    outer loop
      vertex 126.21752285957336 -21.836706683039665 0
      vertex -126.58670668303967 -21.467522859573364 0
      vertex -126.73205080628395 -21.25 0
    endloop
  endfacet
  facet normal 0 0 -1
    outer loop
      vertex 126.4142135605216 -21.664213560521603 0
      vertex -126.73205080628395 -21.25 0
      vertex -126.84775906801224 -21.01536686718464 0
    endloop
  endfacet
  facet normal 0 0 -1
    outer loop
      vertex 126.58670668303967 -21.467522859573364 0
      vertex -126.84775906801224 -21.01536686718464 0
      vertex -126.93185165524483 -20.767638087272644 0
    endloop
  endfacet
  facet normal 0 0 1
    outer loop
      vertex 125 -22.25 3
      vertex -125.51763808727264 -22.181851655244827 3
      vertex -125 -22.25 3
    endloop
  endfacet
  facet normal 0 0 1
    outer loop
      vertex 125 -22.25 3
      vertex -125.76536686718464 -22.097759068012238 3
      vertex -125.51763808727264 -22.181851655244827 3
    endloop
  endfacet
  facet normal 0 0 1
    outer loop
      vertex 125.26105238497257 -22.232889719307423 3
      vertex -126 -21.98205080628395 3
      vertex -125.76536686718464 -22.097759068012238 3
    endloop
  endfacet
  facet normal 0 0 1
    outer loop
      vertex 125.51763808727264 -22.181851655244827 3
      vertex -126.21752285957336 -21.836706683039665 3
      vertex -126 -21.98205080628395 3
    endloop
  endfacet
  facet normal 0 0 1
    outer loop
      vertex 125.76536686718464 -22.097759068012238 3
      vertex -126.4142135605216 -21.664213560521603 3
      vertex -126.21752285957336 -21.836706683039665 3
    endloop
  endfacet
  facet normal 0 0 1
    outer loop
      vertex 126 -21.98205080628395 3
      vertex -126.58670668303967 -21.467522859573364 3
      vertex -126.4142135605216 -21.664213560521603 3
    endloop
  endfacet
  facet normal 0 0 1
    outer loop
      vertex 126.21752285957336 -21.836706683039665 3
      vertex -126.73205080628395 -21.25 3
      vertex -126.58670668303967 -21.467522859573364 3
    endloop
  endfacet
  facet normal 0 0 1
    outer loop
      vertex 126.4142135605216 -21.664213560521603 3
      vertex -126.84775906801224 -21.01536686718464 3
      vertex -126.73205080628395 -21.25 3
    endloop
  endfacet
  facet normal 0 0 -1
    outer loop
      vertex 126.73205080628395 -21.25 0
      vertex -126.93185165524483 -20.767638087272644 0
      vertex -126.98288971930742 -20.511052384972572 0
    endloop
  endfacet
  facet normal 0 0 -1
    outer loop
      vertex 126.84775906801224 -21.01536686718464 0
      vertex -126.98288971930742 -20.511052384972572 0
      vertex -127 -20.25 0
    endloop
  endfacet
  facet normal 0 0 -1
    outer loop
      vertex 115.32578987528483 -19.122195799464883 0
      vertex -127 -20.25 0
      vertex -115.32578987528483 -19.122195799464883 0
    endloop
  endfacet
  facet normal 0 0 1
    outer loop
      vertex -5 -21 3
      vertex -62 -18 3
      vertex -62 -21 3
    endloop
  endfacet
  facet normal 0 0 -1
    outer loop
      vertex 115.32578987528483 -19.122195799464883 0
      vertex -114.90883810341681 -19.039258935439474 0
      vertex -114.50627884481347 -18.902608480661684 0
    endloop
  endfacet
  facet normal 0 0 -1
    outer loop
      vertex 115.32578987528483 -19.122195799464883 0
      vertex -115.32578987528483 -19.122195799464883 0
      vertex -114.90883810341681 -19.039258935439474 0
    endloop
  endfacet
  facet normal 0 0 -1
    outer loop
      vertex 115.32578987528483 -19.122195799464883 0
      vertex -114.50627884481347 -18.902608480661684 0
      vertex -114.125 -18.714582562299427 0
    endloop
  endfacet
  facet normal 0 0 -1
    outer loop
      vertex 115.32578987528483 -19.122195799464883 0
      vertex -114.125 -18.714582562299427 0
      vertex -113.77152535572166 -18.478398355946513 0
    endloop
  endfacet
  facet normal 0 0 -1
    outer loop
      vertex 115.32578987528483 -19.122195799464883 0
      vertex -113.77152535572166 -18.478398355946513 0
      vertex -113.45190296114372 -18.19809703885628 0
    endloop
  endfacet
  facet normal 0 0 -1
    outer loop
      vertex 115.32578987528483 -19.122195799464883 0
      vertex -113.45190296114372 -18.19809703885628 0
      vertex -113.17160164405348 -17.87847464427834 0
    endloop
  endfacet
  facet normal 0 0 -1
    outer loop
      vertex 115.32578987528483 -19.122195799464883 0
      vertex -113.17160164405348 -17.87847464427834 0
      vertex -112.93541743770058 -17.525 0
    endloop
  endfacet
  facet normal 0 0 -1
    outer loop
      vertex 115.32578987528483 -19.122195799464883 0
      vertex -112.93541743770058 -17.525 0
      vertex -112.74739151933832 -17.14372115518654 0
    endloop
  endfacet
  facet normal 0 0 -1
    outer loop
      vertex 115.32578987528483 -19.122195799464883 0
      vertex -112.74739151933832 -17.14372115518654 0
      vertex -112.61074106456053 -16.741161896583193 0
    endloop
  endfacet
  facet normal 0 0 -1
    outer loop
      vertex 113.77152535572166 -18.478398355946513 0
      vertex -112.61074106456053 -16.741161896583193 0
      vertex -112.52780420053512 -16.32421012471517 0
    endloop
  endfacet
  facet normal 0 0 -1
    outer loop
      vertex 113.77152535572166 -18.478398355946513 0
      vertex -112.52780420053512 -16.32421012471517 0
      vertex -112.5 -15.9 0
    endloop
  endfacet
  facet normal 0 0 -1
    outer loop
      vertex 113.77152535572166 -18.478398355946513 0
      vertex -113.17160164405348 -13.92152535572166 0
      vertex -97.23209833666473 -13.95 0
    endloop
  endfacet
  facet normal 0 0 -1
    outer loop
      vertex 113.77152535572166 -18.478398355946513 0
      vertex -112.5 -15.9 0
      vertex -112.52780420053512 -15.475789875284832 0
    endloop
  endfacet
  facet normal 0 0 -1
    outer loop
      vertex 113.77152535572166 -18.478398355946513 0
      vertex -112.52780420053512 -15.475789875284832 0
      vertex -112.61074106456053 -15.058838103416807 0
    endloop
  endfacet
  facet normal 0 0 -1
    outer loop
      vertex 113.77152535572166 -18.478398355946513 0
      vertex -112.61074106456053 -15.058838103416807 0
      vertex -112.74739151933832 -14.656278844813459 0
    endloop
  endfacet
  facet normal 0 0 -1
    outer loop
      vertex 113.77152535572166 -18.478398355946513 0
      vertex -112.74739151933832 -14.656278844813459 0
      vertex -112.93541743770058 -14.275 0
    endloop
  endfacet
  facet normal 0 0 -1
    outer loop
      vertex 113.77152535572166 -18.478398355946513 0
      vertex -112.93541743770058 -14.275 0
      vertex -113.17160164405348 -13.92152535572166 0
    endloop
  endfacet
  facet normal 0 0 1
    outer loop
      vertex -13.25 -15 3
      vertex -56.75 -9.1 3
      vertex -56.75 -15 3
    endloop
  endfacet
  facet normal 0 0 1
    outer loop
      vertex -62.25 -15 3
      vertex -62.25 -9.1 3
      vertex -65 -15 3
    endloop
  endfacet
  facet normal 0 0 1
    outer loop
      vertex -7.75 -9.1 3
      vertex -8.599999998509887 -7.749999997019767 3
      vertex -13.25 -9.1 3
    endloop
  endfacet
  facet normal 0 0 1
    outer loop
      vertex -13.25 -15 3
      vertex -13.25 -9.1 3
      vertex -60.80000000149012 -7.749999997019767 3
    endloop
  endfacet
  facet normal 0 0 1
    outer loop
      vertex -13.25 -9.1 3
      vertex -8.599999998509887 -7.749999997019767 3
      vertex -60.80000000149012 -7.749999997019767 3
    endloop
  endfacet
  facet normal 0 0 1
    outer loop
      vertex -13.25 -15 3
      vertex -60.80000000149012 -7.749999997019767 3
      vertex -56.75 -9.1 3
    endloop
  endfacet
  facet normal 0 0 -1
    outer loop
      vertex -60.90442095398903 -7.743155886232852 0
      vertex -67.02200868616303 -13.900824341855259 0
      vertex -61.00705523490906 -7.72274066209793 0
    endloop
  endfacet
  facet normal 0 0 -1
    outer loop
      vertex -60.80000000149012 -7.749999997019767 0
      vertex -67.02200868616303 -13.900824341855259 0
      vertex -60.90442095398903 -7.743155886232852 0
    endloop
  endfacet
  facet normal 0 0 -1
    outer loop
      vertex -61.00705523490906 -7.72274066209793 0
      vertex -67.02200868616303 -13.900824341855259 0
      vertex -61.10614674985409 -7.689103622734546 0
    endloop
  endfacet
  facet normal 0 0 -1
    outer loop
      vertex -61.10614674985409 -7.689103622734546 0
      vertex -67.02200868616303 -13.900824341855259 0
      vertex -61.2 -7.642820325493812 0
    endloop
  endfacet
  facet normal 0 0 -1
    outer loop
      vertex -61.2 -7.642820325493812 0
      vertex -67.02200868616303 -13.900824341855259 0
      vertex -61.28700914680958 -7.584682670235633 0
    endloop
  endfacet
  facet normal 0 0 -1
    outer loop
      vertex -61.28700914680958 -7.584682670235633 0
      vertex -67.02200868616303 -13.900824341855259 0
      vertex -61.36568542271853 -7.515685421228408 0
    endloop
  endfacet
  facet normal 0 0 -1
    outer loop
      vertex -61.36568542271853 -7.515685421228408 0
      vertex -67.02200868616303 -13.900824341855259 0
      vertex -61.43468267172575 -7.437009145319461 0
    endloop
  endfacet
  facet normal 0 0 -1
    outer loop
      vertex -61.43468267172575 -7.437009145319461 0
      vertex -67.02200868616303 -13.900824341855259 0
      vertex -61.49282032698393 -7.349999998509883 0
    endloop
  endfacet
  facet normal 0 0 -1
    outer loop
      vertex -61.49282032698393 -7.349999998509883 0
      vertex -67.02200868616303 -13.900824341855259 0
      vertex -61.539103624224666 -7.256146748363971 0
    endloop
  endfacet
  facet normal 0 0 -1
    outer loop
      vertex -61.539103624224666 -7.256146748363971 0
      vertex -67.02200868616303 -13.900824341855259 0
      vertex -61.57274066358805 -7.157055233418941 0
    endloop
  endfacet
  facet normal 0 0 -1
    outer loop
      vertex -61.57274066358805 -7.157055233418941 0
      vertex -67.02200868616303 -13.900824341855259 0
      vertex -61.59315588772297 -7.054420952498912 0
    endloop
  endfacet
  facet normal 0 0 -1
    outer loop
      vertex -61.59315588772297 -7.054420952498912 0
      vertex -67.02200868616303 -13.900824341855259 0
      vertex -61.59999999850989 -6.949999999999999 0
    endloop
  endfacet
  facet normal 0 0 1
    outer loop
      vertex -56.75 -9.1 3
      vertex -60.80000000149012 -7.749999997019767 3
      vertex -62.25 -9.1 3
    endloop
  endfacet
  facet normal 0 0 1
    outer loop
      vertex -62.25 -9.1 3
      vertex -60.80000000149012 -7.749999997019767 3
      vertex -67 -8.914753573626136 3
    endloop
  endfacet
  facet normal 0 0 1
    outer loop
      vertex -60.80000000149012 -7.749999997019767 3
      vertex -60.90442095398903 -7.743155886232852 3
      vertex -67 -8.914753573626136 3
    endloop
  endfacet
  facet normal 0 0 1
    outer loop
      vertex -60.90442095398903 -7.743155886232852 3
      vertex -61.00705523490906 -7.72274066209793 3
      vertex -67 -8.914753573626136 3
    endloop
  endfacet
  facet normal 0 0 1
    outer loop
      vertex -61.00705523490906 -7.72274066209793 3
      vertex -61.10614674985409 -7.689103622734546 3
      vertex -67 -8.914753573626136 3
    endloop
  endfacet
  facet normal 0 0 1
    outer loop
      vertex -61.10614674985409 -7.689103622734546 3
      vertex -61.2 -7.642820325493812 3
      vertex -67 -8.914753573626136 3
    endloop
  endfacet
  facet normal 0 0 1
    outer loop
      vertex -61.2 -7.642820325493812 3
      vertex -61.28700914680958 -7.584682670235633 3
      vertex -67 -8.914753573626136 3
    endloop
  endfacet
  facet normal 0 0 1
    outer loop
      vertex -61.28700914680958 -7.584682670235633 3
      vertex -61.36568542271853 -7.515685421228408 3
      vertex -67 -8.914753573626136 3
    endloop
  endfacet
  facet normal 0 0 1
    outer loop
      vertex -61.36568542271853 -7.515685421228408 3
      vertex -61.43468267172575 -7.437009145319461 3
      vertex -67 -8.914753573626136 3
    endloop
  endfacet
  facet normal 0 0 1
    outer loop
      vertex -61.43468267172575 -7.437009145319461 3
      vertex -61.49282032698393 -7.349999998509883 3
      vertex -67 -8.914753573626136 3
    endloop
  endfacet
  facet normal 0 0 1
    outer loop
      vertex -61.49282032698393 -7.349999998509883 3
      vertex -61.539103624224666 -7.256146748363971 3
      vertex -67 -8.914753573626136 3
    endloop
  endfacet
  facet normal 0 0 1
    outer loop
      vertex -61.539103624224666 -7.256146748363971 3
      vertex -61.57274066358805 -7.157055233418941 3
      vertex -67 -8.914753573626136 3
    endloop
  endfacet
  facet normal 0 0 1
    outer loop
      vertex -61.57274066358805 -7.157055233418941 3
      vertex -61.59315588772297 -7.054420952498912 3
      vertex -67 -8.914753573626136 3
    endloop
  endfacet
  facet normal 0 0 1
    outer loop
      vertex -61.59315588772297 -7.054420952498912 3
      vertex -61.59999999850989 -6.949999999999999 3
      vertex -67 -8.914753573626136 3
    endloop
  endfacet
  facet normal 0 0 -1
    outer loop
      vertex -61.59999999850989 -6.949999999999999 0
      vertex -67.02200868616303 -13.900824341855259 0
      vertex -61.59999999850989 9.05 0
    endloop
  endfacet
  facet normal 0 0 1
    outer loop
      vertex -65 -21 3
      vertex -65 -18 3
      vertex -114.50627884481347 -18.902608480661684 3
    endloop
  endfacet
  facet normal 0 0 1
    outer loop
      vertex -65 -18 3
      vertex -65 -15 3
      vertex -114.50627884481347 -18.902608480661684 3
    endloop
  endfacet
  facet normal 0 0 -1
    outer loop
      vertex -67.34387368817433 -13.95 0
      vertex -67.17525515022975 -13.896944241632756 0
      vertex -67.02200868616303 -13.900824341855259 0
    endloop
  endfacet
  facet normal 0 0 1
    outer loop
      vertex -62.25 -9.1 3
      vertex -67 -13.95 3
      vertex -65 -15 3
    endloop
  endfacet
  facet normal 0 0 1
    outer loop
      vertex -65 -15 3
      vertex -67 -13.95 3
      vertex -114.50627884481347 -18.902608480661684 3
    endloop
  endfacet
  facet normal 0 0 1
    outer loop
      vertex -112.93541743770058 -17.525 3
      vertex -67 -13.95 3
      vertex -103 -13.95 3
    endloop
  endfacet
  facet normal 0 0 1
    outer loop
      vertex -65 -21 3
      vertex -114.50627884481347 -18.902608480661684 3
      vertex -114.90883810341681 -19.039258935439474 3
    endloop
  endfacet
  facet normal 0 0 1
    outer loop
      vertex -65 -21 3
      vertex -115.32578987528483 -19.122195799464883 3
      vertex -115.75 -19.15 3
    endloop
  endfacet
  facet normal 0 0 1
    outer loop
      vertex -65 -21 3
      vertex -114.90883810341681 -19.039258935439474 3
      vertex -115.32578987528483 -19.122195799464883 3
    endloop
  endfacet
  facet normal 0 0 1
    outer loop
      vertex -65 -21 3
      vertex -115.75 -19.15 3
      vertex -127 -20.25 3
    endloop
  endfacet
  facet normal 0 0 1
    outer loop
      vertex -65 -21 3
      vertex -126.93185165524483 -20.767638087272644 3
      vertex -126.84775906801224 -21.01536686718464 3
    endloop
  endfacet
  facet normal 0 0 1
    outer loop
      vertex -65 -21 3
      vertex -126.98288971930742 -20.511052384972572 3
      vertex -126.93185165524483 -20.767638087272644 3
    endloop
  endfacet
  facet normal 0 0 1
    outer loop
      vertex -65 -21 3
      vertex -127 -20.25 3
      vertex -126.98288971930742 -20.511052384972572 3
    endloop
  endfacet
  facet normal 0 0 1
    outer loop
      vertex -114.50627884481347 -18.902608480661684 3
      vertex -67 -13.95 3
      vertex -114.125 -18.714582562299427 3
    endloop
  endfacet
  facet normal 0 0 1
    outer loop
      vertex -113.77152535572166 -18.478398355946513 3
      vertex -114.125 -18.714582562299427 3
      vertex -67 -13.95 3
    endloop
  endfacet
  facet normal 0 0 1
    outer loop
      vertex -113.77152535572166 -18.478398355946513 3
      vertex -67 -13.95 3
      vertex -113.45190296114372 -18.19809703885628 3
    endloop
  endfacet
  facet normal 0 0 -1
    outer loop
      vertex -125 -22.25 0
      vertex -125.26105238497257 -22.232889719307423 0
      vertex -125.51763808727264 -22.181851655244827 0
    endloop
  endfacet
  facet normal -0.06540314219103631 -0.9978589223891017 0
    outer loop
      vertex -125 -22.25 0
      vertex -125 -22.25 3
      vertex -125.26105238497257 -22.232889719307423 0
    endloop
  endfacet
  facet normal -0.1950903020954995 -0.9807852843656898 0
    outer loop
      vertex -125.26105238497257 -22.232889719307423 0
      vertex -125.26105238497257 -22.232889719307423 3
      vertex -125.51763808727264 -22.181851655244827 0
    endloop
  endfacet
  facet normal -0.32143945792867507 -0.9469301319984065 0
    outer loop
      vertex -125.51763808727264 -22.181851655244827 0
      vertex -125.51763808727264 -22.181851655244827 3
      vertex -125.76536686718464 -22.097759068012238 0
    endloop
  endfacet
  facet normal -0.4422887070837332 -0.8968727332159226 0
    outer loop
      vertex -125.76536686718464 -22.097759068012238 0
      vertex -125.76536686718464 -22.097759068012238 3
      vertex -126 -21.98205080628395 0
    endloop
  endfacet
  facet normal -0.5555702203832521 -0.8314696207458843 0
    outer loop
      vertex -126 -21.98205080628395 0
      vertex -126 -21.98205080628395 3
      vertex -126.21752285957336 -21.836706683039665 0
    endloop
  endfacet
  facet normal -0.6593458308664175 -0.7518397936522605 0
    outer loop
      vertex -126.21752285957336 -21.836706683039665 0
      vertex -126.21752285957336 -21.836706683039665 3
      vertex -126.4142135605216 -21.664213560521603 0
    endloop
  endfacet
  facet normal -0.7518397936522605 -0.6593458308664175 0
    outer loop
      vertex -126.4142135605216 -21.664213560521603 0
      vertex -126.4142135605216 -21.664213560521603 3
      vertex -126.58670668303967 -21.467522859573364 0
    endloop
  endfacet
  facet normal -0.06540314219103631 -0.9978589223891017 0
    outer loop
      vertex -125.26105238497257 -22.232889719307423 0
      vertex -125 -22.25 3
      vertex -125.26105238497257 -22.232889719307423 3
    endloop
  endfacet
  facet normal -0.1950903020954995 -0.9807852843656898 0
    outer loop
      vertex -125.51763808727264 -22.181851655244827 0
      vertex -125.26105238497257 -22.232889719307423 3
      vertex -125.51763808727264 -22.181851655244827 3
    endloop
  endfacet
  facet normal -0.32143945792867507 -0.9469301319984065 0
    outer loop
      vertex -125.76536686718464 -22.097759068012238 0
      vertex -125.51763808727264 -22.181851655244827 3
      vertex -125.76536686718464 -22.097759068012238 3
    endloop
  endfacet
  facet normal -0.4422887070837332 -0.8968727332159226 0
    outer loop
      vertex -126 -21.98205080628395 0
      vertex -125.76536686718464 -22.097759068012238 3
      vertex -126 -21.98205080628395 3
    endloop
  endfacet
  facet normal -0.5555702203832521 -0.8314696207458843 0
    outer loop
      vertex -126.21752285957336 -21.836706683039665 0
      vertex -126 -21.98205080628395 3
      vertex -126.21752285957336 -21.836706683039665 3
    endloop
  endfacet
  facet normal -0.6593458308664175 -0.7518397936522605 0
    outer loop
      vertex -126.4142135605216 -21.664213560521603 0
      vertex -126.21752285957336 -21.836706683039665 3
      vertex -126.4142135605216 -21.664213560521603 3
    endloop
  endfacet
  facet normal -0.8314696207458843 -0.5555702203832521 0
    outer loop
      vertex -126.58670668303967 -21.467522859573364 0
      vertex -126.58670668303967 -21.467522859573364 3
      vertex -126.73205080628395 -21.25 0
    endloop
  endfacet
  facet normal -0.8968727332159226 -0.4422887070837332 0
    outer loop
      vertex -126.73205080628395 -21.25 0
      vertex -126.73205080628395 -21.25 3
      vertex -126.84775906801224 -21.01536686718464 0
    endloop
  endfacet
  facet normal -0.9469301319984065 -0.32143945792867507 0
    outer loop
      vertex -126.84775906801224 -21.01536686718464 0
      vertex -126.84775906801224 -21.01536686718464 3
      vertex -126.93185165524483 -20.767638087272644 0
    endloop
  endfacet
  facet normal -0.7518397936522605 -0.6593458308664175 0
    outer loop
      vertex -126.58670668303967 -21.467522859573364 0
      vertex -126.4142135605216 -21.664213560521603 3
      vertex -126.58670668303967 -21.467522859573364 3
    endloop
  endfacet
  facet normal -0.8314696207458843 -0.5555702203832521 0
    outer loop
      vertex -126.73205080628395 -21.25 0
      vertex -126.58670668303967 -21.467522859573364 3
      vertex -126.73205080628395 -21.25 3
    endloop
  endfacet
  facet normal -0.8968727332159226 -0.4422887070837332 0
    outer loop
      vertex -126.84775906801224 -21.01536686718464 0
      vertex -126.73205080628395 -21.25 3
      vertex -126.84775906801224 -21.01536686718464 3
    endloop
  endfacet
  facet normal 0 0 1
    outer loop
      vertex -125 -22.25 3
      vertex -125.51763808727264 -22.181851655244827 3
      vertex -125.26105238497257 -22.232889719307423 3
    endloop
  endfacet
  facet normal 0 0 -1
    outer loop
      vertex -127 -20.25 0
      vertex -115.75 -19.15 0
      vertex -115.32578987528483 -19.122195799464883 0
    endloop
  endfacet
  facet normal 0 0 -1
    outer loop
      vertex -127 -20.25 0
      vertex -122.25 -19.15 0
      vertex -115.75 -19.15 0
    endloop
  endfacet
  facet normal -0.9807852843656898 -0.1950903020954995 0
    outer loop
      vertex -126.93185165524483 -20.767638087272644 0
      vertex -126.93185165524483 -20.767638087272644 3
      vertex -126.98288971930742 -20.511052384972572 0
    endloop
  endfacet
  facet normal -0.9978589223891017 -0.06540314219103631 0
    outer loop
      vertex -126.98288971930742 -20.511052384972572 0
      vertex -126.98288971930742 -20.511052384972572 3
      vertex -127 -20.25 0
    endloop
  endfacet
  facet normal -0.9469301319984065 -0.32143945792867507 0
    outer loop
      vertex -126.84775906801224 -21.01536686718464 3
      vertex -126.93185165524483 -20.767638087272644 3
      vertex -126.93185165524483 -20.767638087272644 0
    endloop
  endfacet
  facet normal -0.9807852843656898 -0.1950903020954995 0
    outer loop
      vertex -126.98288971930742 -20.511052384972572 0
      vertex -126.93185165524483 -20.767638087272644 3
      vertex -126.98288971930742 -20.511052384972572 3
    endloop
  endfacet
  facet normal -0.9978589223891017 -0.06540314219103631 0
    outer loop
      vertex -127 -20.25 0
      vertex -126.98288971930742 -20.511052384972572 3
      vertex -127 -20.25 3
    endloop
  endfacet
  facet normal 0 0 -1
    outer loop
      vertex -127 -20.25 0
      vertex -122.67421012471517 -19.122195799464883 0
      vertex -122.25 -19.15 0
    endloop
  endfacet
  facet normal 0 0 -1
    outer loop
      vertex -127 -20.25 0
      vertex -123.09116189658319 -19.039258935439474 0
      vertex -122.67421012471517 -19.122195799464883 0
    endloop
  endfacet
  facet normal 0 0 1
    outer loop
      vertex -127 -20.25 3
      vertex -115.75 -19.15 3
      vertex -122.25 -19.15 3
    endloop
  endfacet
  facet normal 0 0 1
    outer loop
      vertex -127 -20.25 3
      vertex -122.25 -19.15 3
      vertex -122.67421012471517 -19.122195799464883 3
    endloop
  endfacet
  facet normal 0 0 1
    outer loop
      vertex -127 -20.25 3
      vertex -122.67421012471517 -19.122195799464883 3
      vertex -123.09116189658319 -19.039258935439474 3
    endloop
  endfacet
  facet normal 0 0 -1
    outer loop
      vertex -127 -20.25 0
      vertex -123.49372115518653 -18.902608480661684 0
      vertex -123.09116189658319 -19.039258935439474 0
    endloop
  endfacet
  facet normal 0 0 -1
    outer loop
      vertex -127 -20.25 0
      vertex -123.875 -18.714582562299427 0
      vertex -123.49372115518653 -18.902608480661684 0
    endloop
  endfacet
  facet normal 0 0 -1
    outer loop
      vertex -127 -20.25 0
      vertex -124.22847464427834 -18.478398355946513 0
      vertex -123.875 -18.714582562299427 0
    endloop
  endfacet
  facet normal 0 0 -1
    outer loop
      vertex -127 -20.25 0
      vertex -124.54809703885628 -18.19809703885628 0
      vertex -124.22847464427834 -18.478398355946513 0
    endloop
  endfacet
  facet normal 0 0 -1
    outer loop
      vertex -127 -20.25 0
      vertex -124.82839835594652 -17.87847464427834 0
      vertex -124.54809703885628 -18.19809703885628 0
    endloop
  endfacet
  facet normal 0 0 -1
    outer loop
      vertex -127 -20.25 0
      vertex -125.06458256229942 -17.525 0
      vertex -124.82839835594652 -17.87847464427834 0
    endloop
  endfacet
  facet normal 0 0 -1
    outer loop
      vertex -127 -20.25 0
      vertex -125.25260848066168 -17.14372115518654 0
      vertex -125.06458256229942 -17.525 0
    endloop
  endfacet
  facet normal 0 0 1
    outer loop
      vertex -127 -20.25 3
      vertex -123.09116189658319 -19.039258935439474 3
      vertex -123.49372115518653 -18.902608480661684 3
    endloop
  endfacet
  facet normal 0 0 1
    outer loop
      vertex -127 -20.25 3
      vertex -123.49372115518653 -18.902608480661684 3
      vertex -123.875 -18.714582562299427 3
    endloop
  endfacet
  facet normal 0 0 1
    outer loop
      vertex -127 -20.25 3
      vertex -123.875 -18.714582562299427 3
      vertex -124.22847464427834 -18.478398355946513 3
    endloop
  endfacet
  facet normal 0 0 1
    outer loop
      vertex -127 -20.25 3
      vertex -124.22847464427834 -18.478398355946513 3
      vertex -124.54809703885628 -18.19809703885628 3
    endloop
  endfacet
  facet normal 0 0 1
    outer loop
      vertex -127 -20.25 3
      vertex -124.54809703885628 -18.19809703885628 3
      vertex -124.82839835594652 -17.87847464427834 3
    endloop
  endfacet
  facet normal 0 0 1
    outer loop
      vertex -127 -20.25 3
      vertex -124.82839835594652 -17.87847464427834 3
      vertex -125.06458256229942 -17.525 3
    endloop
  endfacet
  facet normal 0 0 1
    outer loop
      vertex -127 -20.25 3
      vertex -125.06458256229942 -17.525 3
      vertex -125.25260848066168 -17.14372115518654 3
    endloop
  endfacet
  facet normal 0 0 -1
    outer loop
      vertex -127 -20.25 0
      vertex -125.38925893543947 -16.741161896583193 0
      vertex -125.25260848066168 -17.14372115518654 0
    endloop
  endfacet
  facet normal 0 0 -1
    outer loop
      vertex -127 -20.25 0
      vertex -125.47219579946488 -16.32421012471517 0
      vertex -125.38925893543947 -16.741161896583193 0
    endloop
  endfacet
  facet normal 0 0 -1
    outer loop
      vertex -127 -20.25 0
      vertex -125.5 -15.9 0
      vertex -125.47219579946488 -16.32421012471517 0
    endloop
  endfacet
  facet normal 0 0 -1
    outer loop
      vertex -127 -20.25 0
      vertex -125.47219579946488 -15.475789875284832 0
      vertex -125.5 -15.9 0
    endloop
  endfacet
  facet normal 0 0 1
    outer loop
      vertex -127 -20.25 3
      vertex -125.25260848066168 -17.14372115518654 3
      vertex -125.38925893543947 -16.741161896583193 3
    endloop
  endfacet
  facet normal 0 0 1
    outer loop
      vertex -127 -20.25 3
      vertex -125.38925893543947 -16.741161896583193 3
      vertex -125.47219579946488 -16.32421012471517 3
    endloop
  endfacet
  facet normal 0 0 1
    outer loop
      vertex -127 -20.25 3
      vertex -125.47219579946488 -16.32421012471517 3
      vertex -125.5 -15.9 3
    endloop
  endfacet
  facet normal 0 0 1
    outer loop
      vertex -113.45190296114372 -18.19809703885628 3
      vertex -67 -13.95 3
      vertex -113.17160164405348 -17.87847464427834 3
    endloop
  endfacet
  facet normal 0 0 1
    outer loop
      vertex -112.93541743770058 -17.525 3
      vertex -113.17160164405348 -17.87847464427834 3
      vertex -67 -13.95 3
    endloop
  endfacet
  facet normal 0 0 1
    outer loop
      vertex -112.93541743770058 -17.525 3
      vertex -103 -13.95 3
      vertex -112.74739151933832 -17.14372115518654 3
    endloop
  endfacet
  facet normal 0 0 1
    outer loop
      vertex -112.74739151933832 -17.14372115518654 3
      vertex -103 -13.95 3
      vertex -112.61074106456053 -16.741161896583193 3
    endloop
  endfacet
  facet normal 0 0 1
    outer loop
      vertex -112.61074106456053 -16.741161896583193 3
      vertex -103 -13.95 3
      vertex -112.52780420053512 -16.32421012471517 3
    endloop
  endfacet
  facet normal 0 0 1
    outer loop
      vertex -112.52780420053512 -16.32421012471517 3
      vertex -103 -13.95 3
      vertex -112.5 -15.9 3
    endloop
  endfacet
  facet normal 0 0 1
    outer loop
      vertex -112.5 -15.9 3
      vertex -103 -13.95 3
      vertex -112.52780420053512 -15.475789875284832 3
    endloop
  endfacet
  facet normal 0 0 1
    outer loop
      vertex -112.52780420053512 -15.475789875284832 3
      vertex -103 -13.95 3
      vertex -112.61074106456053 -15.058838103416807 3
    endloop
  endfacet
  facet normal 0 0 1
    outer loop
      vertex -112.61074106456053 -15.058838103416807 3
      vertex -103 -13.95 3
      vertex -112.74739151933832 -14.656278844813459 3
    endloop
  endfacet
  facet normal 0 0 1
    outer loop
      vertex -112.74739151933832 -14.656278844813459 3
      vertex -103 -13.95 3
      vertex -112.93541743770058 -14.275 3
    endloop
  endfacet
  facet normal 0 0 1
    outer loop
      vertex -112.93541743770058 -14.275 3
      vertex -103 -13.95 3
      vertex -113.17160164405348 -13.92152535572166 3
    endloop
  endfacet
  facet normal 0 0 -1
    outer loop
      vertex -113.17160164405348 -13.92152535572166 0
      vertex -102.86428224830202 -13.829126377454877 0
      vertex -97.23209833666473 -13.95 0
    endloop
  endfacet
  facet normal 0 0 -1
    outer loop
      vertex -113.17160164405348 -13.92152535572166 0
      vertex -113.45190296114372 -13.60190296114372 0
      vertex -102.86428224830202 -13.829126377454877 0
    endloop
  endfacet
  facet normal 0 0 1
    outer loop
      vertex -113.17160164405348 -13.92152535572166 3
      vertex -103 -13.95 3
      vertex -113.45190296114372 -13.60190296114372 3
    endloop
  endfacet
  facet normal 0 0 1
    outer loop
      vertex -113.45190296114372 -13.60190296114372 3
      vertex -103 -13.95 3
      vertex -113.77152535572166 -13.321601644053485 3
    endloop
  endfacet
  facet normal 0 0 1
    outer loop
      vertex -113.77152535572166 -13.321601644053485 3
      vertex -103 -13.95 3
      vertex -114.125 -13.085417437700574 3
    endloop
  endfacet
  facet normal 0 0 1
    outer loop
      vertex -114.125 -13.085417437700574 3
      vertex -103 -13.95 3
      vertex -114.50627884481347 -12.897391519338319 3
    endloop
  endfacet
  facet normal 0 0 1
    outer loop
      vertex -114.50627884481347 -12.897391519338319 3
      vertex -103 -13.95 3
      vertex -114.90883810341681 -12.760741064560529 3
    endloop
  endfacet
  facet normal 0 0 1
    outer loop
      vertex -114.90883810341681 -12.760741064560529 3
      vertex -103 -13.95 3
      vertex -115.32578987528483 -12.677804200535117 3
    endloop
  endfacet
  facet normal 0 0 1
    outer loop
      vertex -115.32578987528483 -12.677804200535117 3
      vertex -103 -13.95 3
      vertex -103 -8.876362746156959 3
    endloop
  endfacet
  facet normal 0 0 1
    outer loop
      vertex -115.32578987528483 -12.677804200535117 3
      vertex -103 -8.876362746156959 3
      vertex -115.75 -12.65 3
    endloop
  endfacet
  facet normal 0 0 1
    outer loop
      vertex -62.25 -9.1 3
      vertex -67 -8.914753573626136 3
      vertex -67 -13.95 3
    endloop
  endfacet
  facet normal 0 0 -1
    outer loop
      vertex -77.09385325014591 -6.139103625714778 0
      vertex -77 -6.092820328474044 0
      vertex -76.92097194237246 -6.154914093261169 0
    endloop
  endfacet
  facet normal 0 0 -1
    outer loop
      vertex -76.91299085319042 -6.034682673215865 0
      vertex -76.83431457728148 -5.96568542420864 0
      vertex -76.72877319809476 -6.051372694589057 0
    endloop
  endfacet
  facet normal 0 0 -1
    outer loop
      vertex -76.62725933641195 -5.607055236399173 0
      vertex -76.60684411227703 -5.504420955479144 0
      vertex -76.47457665077143 -5.6207000673402545 0
    endloop
  endfacet
  facet normal 0 0 -1
    outer loop
      vertex -92.60000000149012 -6.199999999999999 0
      vertex -67.17525515022975 -13.896944241632756 0
      vertex -101.75392557877205 -13.021434926355749 0
    endloop
  endfacet
  facet normal 0 0 -1
    outer loop
      vertex -92.60000000149012 -6.199999999999999 0
      vertex -77.39999999850988 -6.199999999999999 0
      vertex -76.33749707449697 -6.9917690059884565 0
    endloop
  endfacet
  facet normal 0 0 -1
    outer loop
      vertex -92.90614674985409 -6.139103625714778 0
      vertex -93.03453416812367 -6.238453278915967 0
      vertex -93.149080144551 -6.209955276593461 0
    endloop
  endfacet
  facet normal 0 0 -1
    outer loop
      vertex -93.149080144551 -6.209955276593461 0
      vertex -93 -6.092820328474044 0
      vertex -92.90614674985409 -6.139103625714778 0
    endloop
  endfacet
  facet normal 0 0 -1
    outer loop
      vertex -93.37274066358805 -5.607055236399173 0
      vertex -93.42451138378547 -5.651919537223118 0
      vertex -93.4525247568199 -5.556613379014069 0
    endloop
  endfacet
  facet normal 0 0 -1
    outer loop
      vertex -93.4525247568199 -5.556613379014069 0
      vertex -93.44388047860289 -5.549014011926259 0
      vertex -93.37274066358805 -5.607055236399173 0
    endloop
  endfacet
  facet normal 0 0 -1
    outer loop
      vertex -93.39315588772297 -5.504420955479144 0
      vertex -93.44388047860289 -5.549014011926259 0
      vertex -93.45806422764402 -5.451713457026763 0
    endloop
  endfacet
  facet normal 0 0 -1
    outer loop
      vertex -93.39315588772297 -5.504420955479144 0
      vertex -93.45742355011882 -5.451142853606171 0
      vertex -93.39999999850988 -5.4000000029802315 0
    endloop
  endfacet
  facet normal 0 0 -1
    outer loop
      vertex -93.45806422764402 -5.451713457026763 0
      vertex -93.45742355011882 -5.451142853606171 0
      vertex -93.39315588772297 -5.504420955479144 0
    endloop
  endfacet
  facet normal 0 0 -1
    outer loop
      vertex -93.45806422764402 -5.451713457026763 0
      vertex -102.86428224830202 -13.829126377454877 0
      vertex -113.45190296114372 -13.60190296114372 0
    endloop
  endfacet
  facet normal 0 0 -1
    outer loop
      vertex -113.45190296114372 -13.60190296114372 0
      vertex -113.77152535572166 -13.321601644053485 0
      vertex -93.45742355011882 -5.451142853606171 0
    endloop
  endfacet
  facet normal 0 0 -1
    outer loop
      vertex -113.77152535572166 -13.321601644053485 0
      vertex -114.125 -13.085417437700574 0
      vertex -93.45742355011882 -5.451142853606171 0
    endloop
  endfacet
  facet normal 0 0 -1
    outer loop
      vertex -114.125 -13.085417437700574 0
      vertex -114.50627884481347 -12.897391519338319 0
      vertex -93.45742355011882 -5.451142853606171 0
    endloop
  endfacet
  facet normal 0 0 -1
    outer loop
      vertex -114.50627884481347 -12.897391519338319 0
      vertex -114.90883810341681 -12.760741064560529 0
      vertex -93.45742355011882 -5.451142853606171 0
    endloop
  endfacet
  facet normal 0 0 -1
    outer loop
      vertex -114.90883810341681 -12.760741064560529 0
      vertex -115.32578987528483 -12.677804200535117 0
      vertex -93.45742355011882 -5.451142853606171 0
    endloop
  endfacet
  facet normal 0 0 -1
    outer loop
      vertex -115.32578987528483 -12.677804200535117 0
      vertex -115.75 -12.65 0
      vertex -93.45742355011882 -5.451142853606171 0
    endloop
  endfacet
  facet normal 0 0 -1
    outer loop
      vertex -113.45190296114372 -13.60190296114372 0
      vertex -93.45742355011882 -5.451142853606171 0
      vertex -93.45806422764402 -5.451713457026763 0
    endloop
  endfacet
  facet normal 0 0 -1
    outer loop
      vertex -127 -20.25 0
      vertex -122.25 12.65 0
      vertex -125.47219579946488 -15.475789875284832 0
    endloop
  endfacet
  facet normal -1 0 0
    outer loop
      vertex -127 -20.25 0
      vertex -127 -20.25 3
      vertex -127 20.25 0
    endloop
  endfacet
  facet normal 0 0 -1
    outer loop
      vertex -125.47219579946488 -15.475789875284832 0
      vertex -122.25 12.65 0
      vertex -125.38925893543947 -15.058838103416807 0
    endloop
  endfacet
  facet normal 0 0 -1
    outer loop
      vertex -125.38925893543947 -15.058838103416807 0
      vertex -122.25 12.65 0
      vertex -125.25260848066168 -14.656278844813459 0
    endloop
  endfacet
  facet normal 0 0 -1
    outer loop
      vertex -115.75 -12.65 0
      vertex -122.25 12.65 0
      vertex -93.45742355011882 -5.451142853606171 0
    endloop
  endfacet
  facet normal 0 0 1
    outer loop
      vertex -115.75 -12.65 3
      vertex -103 -8.876362746156959 3
      vertex -123.09116189658319 12.760741064560529 3
    endloop
  endfacet
  facet normal 0 0 -1
    outer loop
      vertex -115.75 -12.65 0
      vertex -122.25 -12.65 0
      vertex -122.25 12.65 0
    endloop
  endfacet
  facet normal 0 0 -1
    outer loop
      vertex -122.25 -12.65 0
      vertex -122.67421012471517 -12.677804200535117 0
      vertex -122.25 12.65 0
    endloop
  endfacet
  facet normal 0 0 -1
    outer loop
      vertex -122.67421012471517 -12.677804200535117 0
      vertex -123.09116189658319 -12.760741064560529 0
      vertex -122.25 12.65 0
    endloop
  endfacet
  facet normal 0 0 -1
    outer loop
      vertex -123.49372115518653 -12.897391519338319 0
      vertex -122.25 12.65 0
      vertex -123.09116189658319 -12.760741064560529 0
    endloop
  endfacet
  facet normal 0 0 -1
    outer loop
      vertex -125.25260848066168 -14.656278844813459 0
      vertex -122.25 12.65 0
      vertex -125.06458256229942 -14.275 0
    endloop
  endfacet
  facet normal 0 0 -1
    outer loop
      vertex -124.82839835594652 -13.92152535572166 0
      vertex -122.25 12.65 0
      vertex -124.54809703885628 -13.60190296114372 0
    endloop
  endfacet
  facet normal 0 0 -1
    outer loop
      vertex -124.82839835594652 -13.92152535572166 0
      vertex -125.06458256229942 -14.275 0
      vertex -122.25 12.65 0
    endloop
  endfacet
  facet normal 0 0 -1
    outer loop
      vertex -124.54809703885628 -13.60190296114372 0
      vertex -122.25 12.65 0
      vertex -124.22847464427834 -13.321601644053485 0
    endloop
  endfacet
  facet normal 0 0 -1
    outer loop
      vertex -124.22847464427834 -13.321601644053485 0
      vertex -122.25 12.65 0
      vertex -123.875 -13.085417437700574 0
    endloop
  endfacet
  facet normal 0 0 -1
    outer loop
      vertex -123.875 -13.085417437700574 0
      vertex -122.25 12.65 0
      vertex -123.49372115518653 -12.897391519338319 0
    endloop
  endfacet
  facet normal 0 0 1
    outer loop
      vertex -115.75 -12.65 3
      vertex -123.09116189658319 12.760741064560529 3
      vertex -122.25 -12.65 3
    endloop
  endfacet
  facet normal 0 0 1
    outer loop
      vertex -127 -20.25 3
      vertex -125.5 -15.9 3
      vertex -127 20.25 3
    endloop
  endfacet
  facet normal 0 0 1
    outer loop
      vertex -125.5 -15.9 3
      vertex -125.47219579946488 -15.475789875284832 3
      vertex -127 20.25 3
    endloop
  endfacet
  facet normal 0 0 1
    outer loop
      vertex -125.47219579946488 -15.475789875284832 3
      vertex -125.38925893543947 -15.058838103416807 3
      vertex -127 20.25 3
    endloop
  endfacet
  facet normal 0 0 1
    outer loop
      vertex -125.38925893543947 -15.058838103416807 3
      vertex -125.25260848066168 -14.656278844813459 3
      vertex -127 20.25 3
    endloop
  endfacet
  facet normal 0 0 1
    outer loop
      vertex -125.25260848066168 -14.656278844813459 3
      vertex -125.06458256229942 -14.275 3
      vertex -127 20.25 3
    endloop
  endfacet
  facet normal 0 0 1
    outer loop
      vertex -124.82839835594652 -13.92152535572166 3
      vertex -127 20.25 3
      vertex -125.06458256229942 -14.275 3
    endloop
  endfacet
  facet normal 0 0 1
    outer loop
      vertex -124.82839835594652 -13.92152535572166 3
      vertex -124.54809703885628 -13.60190296114372 3
      vertex -127 20.25 3
    endloop
  endfacet
  facet normal 0 0 1
    outer loop
      vertex -124.54809703885628 -13.60190296114372 3
      vertex -124.22847464427834 -13.321601644053485 3
      vertex -127 20.25 3
    endloop
  endfacet
  facet normal 0 0 1
    outer loop
      vertex -123.875 -13.085417437700574 3
      vertex -123.49372115518653 -12.897391519338319 3
      vertex -127 20.25 3
    endloop
  endfacet
  facet normal 0 0 1
    outer loop
      vertex -123.49372115518653 -12.897391519338319 3
      vertex -123.09116189658319 -12.760741064560529 3
      vertex -127 20.25 3
    endloop
  endfacet
  facet normal 0 0 1
    outer loop
      vertex -122.25 -12.65 3
      vertex -127 20.25 3
      vertex -122.67421012471517 -12.677804200535117 3
    endloop
  endfacet
  facet normal 0 0 1
    outer loop
      vertex -122.67421012471517 -12.677804200535117 3
      vertex -127 20.25 3
      vertex -123.09116189658319 -12.760741064560529 3
    endloop
  endfacet
  facet normal 0 0 1
    outer loop
      vertex -124.22847464427834 -13.321601644053485 3
      vertex -123.875 -13.085417437700574 3
      vertex -127 20.25 3
    endloop
  endfacet
  facet normal 0 0 1
    outer loop
      vertex -61.59999999850989 -6.949999999999999 3
      vertex -61.59999999850989 9.05 3
      vertex -67 16.05 3
    endloop
  endfacet
  facet normal 0 0 1
    outer loop
      vertex 112.5 15.9 3
      vertex -67 16.05 3
      vertex -60.80000000149012 9.849999997019768 3
    endloop
  endfacet
  facet normal 0 0 -1
    outer loop
      vertex 127 20.25 0
      vertex -68.23768912638015 14.947683122373018 0
      vertex -68.45438226995644 14.966205519829098 0
    endloop
  endfacet
  facet normal 0 0 -1
    outer loop
      vertex 127 20.25 0
      vertex -68.45438226995644 14.966205519829098 0
      vertex -114.50627884481347 18.902608480661684 0
    endloop
  endfacet
  facet normal 0 0 1
    outer loop
      vertex 112.5 15.9 3
      vertex -114.125 18.714582562299427 3
      vertex -67 16.05 3
    endloop
  endfacet
  facet normal 0 0 -1
    outer loop
      vertex -8.599999998509887 9.849999997019768 0
      vertex -60.80000000149012 9.849999997019768 0
      vertex -68.23768912638015 14.947683122373018 0
    endloop
  endfacet
  facet normal 0 0 -1
    outer loop
      vertex -60.90442095398903 9.843155886232854 0
      vertex -68.23768912638015 14.947683122373018 0
      vertex -60.80000000149012 9.849999997019768 0
    endloop
  endfacet
  facet normal 0 0 -1
    outer loop
      vertex -60.90442095398903 9.843155886232854 0
      vertex -61.00705523490906 9.822740662097932 0
      vertex -68.23768912638015 14.947683122373018 0
    endloop
  endfacet
  facet normal 0 0 -1
    outer loop
      vertex -61.00705523490906 9.822740662097932 0
      vertex -61.10614674985409 9.789103622734547 0
      vertex -68.23768912638015 14.947683122373018 0
    endloop
  endfacet
  facet normal 0 0 1
    outer loop
      vertex -61.59999999850989 9.05 3
      vertex -61.59315588772297 9.154420952498914 3
      vertex -67 16.05 3
    endloop
  endfacet
  facet normal 0 0 1
    outer loop
      vertex -61.59315588772297 9.154420952498914 3
      vertex -61.57274066358805 9.257055233418942 3
      vertex -67 16.05 3
    endloop
  endfacet
  facet normal 0 0 1
    outer loop
      vertex -61.57274066358805 9.257055233418942 3
      vertex -61.539103624224666 9.356146748363972 3
      vertex -67 16.05 3
    endloop
  endfacet
  facet normal 0 0 1
    outer loop
      vertex -61.49282032698393 9.449999998509885 3
      vertex -67 16.05 3
      vertex -61.539103624224666 9.356146748363972 3
    endloop
  endfacet
  facet normal 0 0 1
    outer loop
      vertex -61.49282032698393 9.449999998509885 3
      vertex -61.43468267172575 9.537009145319463 3
      vertex -67 16.05 3
    endloop
  endfacet
  facet normal 0 0 1
    outer loop
      vertex -61.36568542271853 9.61568542122841 3
      vertex -61.28700914680958 9.684682670235635 3
      vertex -67 16.05 3
    endloop
  endfacet
  facet normal 0 0 1
    outer loop
      vertex -61.43468267172575 9.537009145319463 3
      vertex -61.36568542271853 9.61568542122841 3
      vertex -67 16.05 3
    endloop
  endfacet
  facet normal 0 0 1
    outer loop
      vertex -60.90442095398903 9.843155886232854 3
      vertex -67 16.05 3
      vertex -61.00705523490906 9.822740662097932 3
    endloop
  endfacet
  facet normal 0 0 1
    outer loop
      vertex -60.90442095398903 9.843155886232854 3
      vertex -60.80000000149012 9.849999997019768 3
      vertex -67 16.05 3
    endloop
  endfacet
  facet normal 0 0 1
    outer loop
      vertex -61.2 9.742820325493813 3
      vertex -61.10614674985409 9.789103622734547 3
      vertex -67 16.05 3
    endloop
  endfacet
  facet normal 0 0 1
    outer loop
      vertex -61.28700914680958 9.684682670235635 3
      vertex -61.2 9.742820325493813 3
      vertex -67 16.05 3
    endloop
  endfacet
  facet normal 0 0 1
    outer loop
      vertex -61.00705523490906 9.822740662097932 3
      vertex -67 16.05 3
      vertex -61.10614674985409 9.789103622734547 3
    endloop
  endfacet
  facet normal 0 0 1
    outer loop
      vertex 112.5 15.9 3
      vertex -114.50627884481347 18.902608480661684 3
      vertex -114.125 18.714582562299427 3
    endloop
  endfacet
  facet normal 0 0 1
    outer loop
      vertex 112.5 15.9 3
      vertex -114.90883810341681 19.039258935439474 3
      vertex -114.50627884481347 18.902608480661684 3
    endloop
  endfacet
  facet normal 0 0 1
    outer loop
      vertex 112.5 15.9 3
      vertex -115.32578987528483 19.122195799464883 3
      vertex -114.90883810341681 19.039258935439474 3
    endloop
  endfacet
  facet normal 0 0 1
    outer loop
      vertex 112.5 15.9 3
      vertex -115.75 19.15 3
      vertex -115.32578987528483 19.122195799464883 3
    endloop
  endfacet
  facet normal 0 0 -1
    outer loop
      vertex 127 20.25 0
      vertex -114.50627884481347 18.902608480661684 0
      vertex -114.90883810341681 19.039258935439474 0
    endloop
  endfacet
  facet normal 0 0 1
    outer loop
      vertex 112.5 15.9 3
      vertex -126.93185165524483 20.767638087272644 3
      vertex -115.75 19.15 3
    endloop
  endfacet
  facet normal 0 0 -1
    outer loop
      vertex 127 20.25 0
      vertex -114.90883810341681 19.039258935439474 0
      vertex -115.32578987528483 19.122195799464883 0
    endloop
  endfacet
  facet normal 0 0 -1
    outer loop
      vertex 127 20.25 0
      vertex -115.32578987528483 19.122195799464883 0
      vertex -115.75 19.15 0
    endloop
  endfacet
  facet normal 0 0 -1
    outer loop
      vertex 127 20.25 0
      vertex -115.75 19.15 0
      vertex -126.93185165524483 20.767638087272644 0
    endloop
  endfacet
  facet normal 0 0 -1
    outer loop
      vertex 127 20.25 0
      vertex -126.93185165524483 20.767638087272644 0
      vertex -126.84775906801224 21.01536686718464 0
    endloop
  endfacet
  facet normal 0 0 1
    outer loop
      vertex 127 20.25 3
      vertex -126.84775906801224 21.01536686718464 3
      vertex -126.93185165524483 20.767638087272644 3
    endloop
  endfacet
  facet normal 0 0 -1
    outer loop
      vertex 126.98288971930742 20.511052384972572 0
      vertex -126.84775906801224 21.01536686718464 0
      vertex -126.73205080628395 21.25 0
    endloop
  endfacet
  facet normal 0 0 -1
    outer loop
      vertex 126.93185165524483 20.767638087272644 0
      vertex -126.73205080628395 21.25 0
      vertex -126.58670668303967 21.467522859573364 0
    endloop
  endfacet
  facet normal 0 0 -1
    outer loop
      vertex 126.84775906801224 21.01536686718464 0
      vertex -126.58670668303967 21.467522859573364 0
      vertex -126.4142135605216 21.664213560521603 0
    endloop
  endfacet
  facet normal 0 0 -1
    outer loop
      vertex 126 21.98205080628395 0
      vertex -125.51763808727264 22.181851655244827 0
      vertex -125.26105238497257 22.232889719307423 0
    endloop
  endfacet
  facet normal 0 0 -1
    outer loop
      vertex 125.76536686718464 22.097759068012238 0
      vertex -125.26105238497257 22.232889719307423 0
      vertex -125 22.25 0
    endloop
  endfacet
  facet normal 0 1 0
    outer loop
      vertex 125 22.25 0
      vertex -125 22.25 0
      vertex -125 22.25 3
    endloop
  endfacet
  facet normal 0 0 -1
    outer loop
      vertex 126.73205080628395 21.25 0
      vertex -126.4142135605216 21.664213560521603 0
      vertex -126.21752285957336 21.836706683039665 0
    endloop
  endfacet
  facet normal 0 0 -1
    outer loop
      vertex 126.58670668303967 21.467522859573364 0
      vertex -126.21752285957336 21.836706683039665 0
      vertex -126 21.98205080628395 0
    endloop
  endfacet
  facet normal 0 0 -1
    outer loop
      vertex 126.4142135605216 21.664213560521603 0
      vertex -126 21.98205080628395 0
      vertex -125.76536686718464 22.097759068012238 0
    endloop
  endfacet
  facet normal 0 0 -1
    outer loop
      vertex 126.21752285957336 21.836706683039665 0
      vertex -125.76536686718464 22.097759068012238 0
      vertex -125.51763808727264 22.181851655244827 0
    endloop
  endfacet
  facet normal 0 0 1
    outer loop
      vertex 126.98288971930742 20.511052384972572 3
      vertex -126.73205080628395 21.25 3
      vertex -126.84775906801224 21.01536686718464 3
    endloop
  endfacet
  facet normal 0 0 1
    outer loop
      vertex 126.93185165524483 20.767638087272644 3
      vertex -126.58670668303967 21.467522859573364 3
      vertex -126.73205080628395 21.25 3
    endloop
  endfacet
  facet normal 0 0 1
    outer loop
      vertex 126.84775906801224 21.01536686718464 3
      vertex -126.4142135605216 21.664213560521603 3
      vertex -126.58670668303967 21.467522859573364 3
    endloop
  endfacet
  facet normal 0 0 1
    outer loop
      vertex 126 21.98205080628395 3
      vertex -125.26105238497257 22.232889719307423 3
      vertex -125.51763808727264 22.181851655244827 3
    endloop
  endfacet
  facet normal 0 0 1
    outer loop
      vertex 125.76536686718464 22.097759068012238 3
      vertex -125 22.25 3
      vertex -125.26105238497257 22.232889719307423 3
    endloop
  endfacet
  facet normal 0 0 1
    outer loop
      vertex 126.73205080628395 21.25 3
      vertex -126.21752285957336 21.836706683039665 3
      vertex -126.4142135605216 21.664213560521603 3
    endloop
  endfacet
  facet normal 0 0 1
    outer loop
      vertex 126.58670668303967 21.467522859573364 3
      vertex -126 21.98205080628395 3
      vertex -126.21752285957336 21.836706683039665 3
    endloop
  endfacet
  facet normal 0 0 1
    outer loop
      vertex 126.4142135605216 21.664213560521603 3
      vertex -125.76536686718464 22.097759068012238 3
      vertex -126 21.98205080628395 3
    endloop
  endfacet
  facet normal 0 0 1
    outer loop
      vertex 126.21752285957336 21.836706683039665 3
      vertex -125.51763808727264 22.181851655244827 3
      vertex -125.76536686718464 22.097759068012238 3
    endloop
  endfacet
  facet normal 0 0 -1
    outer loop
      vertex -61.59999999850989 9.05 0
      vertex -67.02200868616303 -13.900824341855259 0
      vertex -76.60000000149012 7.500000002980233 0
    endloop
  endfacet
  facet normal 0 0 1
    outer loop
      vertex -61.59999999850989 -6.949999999999999 3
      vertex -67 16.05 3
      vertex -67 -8.914753573626136 3
    endloop
  endfacet
  facet normal 0 0 -1
    outer loop
      vertex -76.62725933641195 7.7070552363991744 0
      vertex -76.47457665077143 7.720700067340256 0
      vertex -76.60684411227703 7.604420955479146 0
    endloop
  endfacet
  facet normal 0 0 -1
    outer loop
      vertex -76.91299085319042 8.134682673215867 0
      vertex -76.72877319809476 8.151372694589059 0
      vertex -76.83431457728148 8.065685424208642 0
    endloop
  endfacet
  facet normal 0 0 -1
    outer loop
      vertex -77.09385325014591 8.23910362571478 0
      vertex -76.92097194237246 8.254914093261169 0
      vertex -77 8.192820328474046 0
    endloop
  endfacet
  facet normal 0 0 -1
    outer loop
      vertex -77.39999999850988 8.3 0
      vertex -77.42771534440926 8.30839038791827 0
      vertex -77.29557904601097 8.293155889213086 0
    endloop
  endfacet
  facet normal 0 0 -1
    outer loop
      vertex -61.59999999850989 9.05 0
      vertex -76.60000000149012 7.500000002980233 0
      vertex -61.59315588772297 9.154420952498914 0
    endloop
  endfacet
  facet normal 0 0 -1
    outer loop
      vertex -61.59315588772297 9.154420952498914 0
      vertex -76.60000000149012 7.500000002980233 0
      vertex -61.57274066358805 9.257055233418942 0
    endloop
  endfacet
  facet normal 0 0 -1
    outer loop
      vertex -61.43468267172575 9.537009145319463 0
      vertex -76.60000000149012 7.500000002980233 0
      vertex -61.36568542271853 9.61568542122841 0
    endloop
  endfacet
  facet normal 0 0 -1
    outer loop
      vertex -61.36568542271853 9.61568542122841 0
      vertex -76.60000000149012 7.500000002980233 0
      vertex -61.28700914680958 9.684682670235635 0
    endloop
  endfacet
  facet normal 0 0 -1
    outer loop
      vertex -61.28700914680958 9.684682670235635 0
      vertex -76.60000000149012 7.500000002980233 0
      vertex -61.2 9.742820325493813 0
    endloop
  endfacet
  facet normal 0 0 -1
    outer loop
      vertex -61.2 9.742820325493813 0
      vertex -76.60000000149012 7.500000002980233 0
      vertex -61.10614674985409 9.789103622734547 0
    endloop
  endfacet
  facet normal 0 0 -1
    outer loop
      vertex -61.57274066358805 9.257055233418942 0
      vertex -76.60000000149012 7.500000002980233 0
      vertex -61.539103624224666 9.356146748363972 0
    endloop
  endfacet
  facet normal 0 0 -1
    outer loop
      vertex -61.49282032698393 9.449999998509885 0
      vertex -61.539103624224666 9.356146748363972 0
      vertex -76.60000000149012 7.500000002980233 0
    endloop
  endfacet
  facet normal 0 0 -1
    outer loop
      vertex -61.49282032698393 9.449999998509885 0
      vertex -76.60000000149012 7.500000002980233 0
      vertex -61.43468267172575 9.537009145319463 0
    endloop
  endfacet
  facet normal 0 0 -1
    outer loop
      vertex -61.10614674985409 9.789103622734547 0
      vertex -76.60000000149012 7.500000002980233 0
      vertex -68.23768912638015 14.947683122373018 0
    endloop
  endfacet
  facet normal 0 0 -1
    outer loop
      vertex -115.32578987528483 12.677804200535117 0
      vertex -103 2.515195816921165 0
      vertex -93.45742355011882 -5.451142853606171 0
    endloop
  endfacet
  facet normal 0 0 1
    outer loop
      vertex -114.90883810341681 12.760741064560529 3
      vertex -115.32578987528483 12.677804200535117 3
      vertex -103 -8.876362746156959 3
    endloop
  endfacet
  facet normal 0 0 -1
    outer loop
      vertex -127 -20.25 0
      vertex -122.67421012471517 12.677804200535117 0
      vertex -122.25 12.65 0
    endloop
  endfacet
  facet normal 0 0 -1
    outer loop
      vertex -127 -20.25 0
      vertex -123.09116189658319 12.760741064560529 0
      vertex -122.67421012471517 12.677804200535117 0
    endloop
  endfacet
  facet normal 0 0 -1
    outer loop
      vertex -127 -20.25 0
      vertex -123.49372115518653 12.897391519338319 0
      vertex -123.09116189658319 12.760741064560529 0
    endloop
  endfacet
  facet normal 0 0 -1
    outer loop
      vertex -127 -20.25 0
      vertex -123.875 13.085417437700574 0
      vertex -123.49372115518653 12.897391519338319 0
    endloop
  endfacet
  facet normal 0 0 -1
    outer loop
      vertex -127 -20.25 0
      vertex -124.22847464427834 13.321601644053485 0
      vertex -123.875 13.085417437700574 0
    endloop
  endfacet
  facet normal 0 0 -1
    outer loop
      vertex -127 -20.25 0
      vertex -124.54809703885628 13.60190296114372 0
      vertex -124.22847464427834 13.321601644053485 0
    endloop
  endfacet
  facet normal 0 0 -1
    outer loop
      vertex -127 -20.25 0
      vertex -124.82839835594652 13.92152535572166 0
      vertex -124.54809703885628 13.60190296114372 0
    endloop
  endfacet
  facet normal 0 0 -1
    outer loop
      vertex -127 -20.25 0
      vertex -125.06458256229942 14.275 0
      vertex -124.82839835594652 13.92152535572166 0
    endloop
  endfacet
  facet normal 0 0 1
    outer loop
      vertex -115.32578987528483 12.677804200535117 3
      vertex -115.75 12.65 3
      vertex -103 -8.876362746156959 3
    endloop
  endfacet
  facet normal 0 0 1
    outer loop
      vertex -115.75 12.65 3
      vertex -122.25 12.65 3
      vertex -103 -8.876362746156959 3
    endloop
  endfacet
  facet normal 0 0 1
    outer loop
      vertex -122.25 12.65 3
      vertex -122.67421012471517 12.677804200535117 3
      vertex -103 -8.876362746156959 3
    endloop
  endfacet
  facet normal 0 0 1
    outer loop
      vertex -122.67421012471517 12.677804200535117 3
      vertex -123.09116189658319 12.760741064560529 3
      vertex -103 -8.876362746156959 3
    endloop
  endfacet
  facet normal 0 0 -1
    outer loop
      vertex -127 -20.25 0
      vertex -125.25260848066168 14.656278844813459 0
      vertex -125.06458256229942 14.275 0
    endloop
  endfacet
  facet normal 0 0 -1
    outer loop
      vertex -127 -20.25 0
      vertex -125.38925893543947 15.058838103416807 0
      vertex -125.25260848066168 14.656278844813459 0
    endloop
  endfacet
  facet normal 0 0 -1
    outer loop
      vertex -127 -20.25 0
      vertex -125.47219579946488 15.475789875284832 0
      vertex -125.38925893543947 15.058838103416807 0
    endloop
  endfacet
  facet normal 0 0 -1
    outer loop
      vertex -127 -20.25 0
      vertex -125.5 15.9 0
      vertex -125.47219579946488 15.475789875284832 0
    endloop
  endfacet
  facet normal 0 0 -1
    outer loop
      vertex -127 -20.25 0
      vertex -127 20.25 0
      vertex -125.5 15.9 0
    endloop
  endfacet
  facet normal 0 0 1
    outer loop
      vertex -122.25 -12.65 3
      vertex -123.09116189658319 12.760741064560529 3
      vertex -123.49372115518653 12.897391519338319 3
    endloop
  endfacet
  facet normal 0 0 1
    outer loop
      vertex -122.25 -12.65 3
      vertex -123.49372115518653 12.897391519338319 3
      vertex -123.875 13.085417437700574 3
    endloop
  endfacet
  facet normal 0 0 1
    outer loop
      vertex -122.25 -12.65 3
      vertex -123.875 13.085417437700574 3
      vertex -124.22847464427834 13.321601644053485 3
    endloop
  endfacet
  facet normal 0 0 1
    outer loop
      vertex -122.25 -12.65 3
      vertex -124.22847464427834 13.321601644053485 3
      vertex -124.54809703885628 13.60190296114372 3
    endloop
  endfacet
  facet normal 0 0 1
    outer loop
      vertex -122.25 -12.65 3
      vertex -124.54809703885628 13.60190296114372 3
      vertex -124.82839835594652 13.92152535572166 3
    endloop
  endfacet
  facet normal 0 0 1
    outer loop
      vertex -122.25 -12.65 3
      vertex -124.82839835594652 13.92152535572166 3
      vertex -125.06458256229942 14.275 3
    endloop
  endfacet
  facet normal 0 0 1
    outer loop
      vertex -122.25 -12.65 3
      vertex -125.06458256229942 14.275 3
      vertex -125.25260848066168 14.656278844813459 3
    endloop
  endfacet
  facet normal 0 0 -1
    outer loop
      vertex -115.32578987528483 12.677804200535117 0
      vertex -93.45742355011882 -5.451142853606171 0
      vertex -115.75 12.65 0
    endloop
  endfacet
  facet normal 0 0 -1
    outer loop
      vertex -115.75 12.65 0
      vertex -93.45742355011882 -5.451142853606171 0
      vertex -122.25 12.65 0
    endloop
  endfacet
  facet normal 0 0 1
    outer loop
      vertex -114.50627884481347 12.897391519338319 3
      vertex -103 -8.876362746156959 3
      vertex -114.125 13.085417437700574 3
    endloop
  endfacet
  facet normal 0 0 1
    outer loop
      vertex -114.90883810341681 12.760741064560529 3
      vertex -103 -8.876362746156959 3
      vertex -114.50627884481347 12.897391519338319 3
    endloop
  endfacet
  facet normal 0 0 1
    outer loop
      vertex -114.125 13.085417437700574 3
      vertex -103 -8.876362746156959 3
      vertex -113.77152535572166 13.321601644053485 3
    endloop
  endfacet
  facet normal 0 0 1
    outer loop
      vertex -113.77152535572166 13.321601644053485 3
      vertex -103 -8.876362746156959 3
      vertex -113.45190296114372 13.60190296114372 3
    endloop
  endfacet
  facet normal 0 0 1
    outer loop
      vertex -113.45190296114372 13.60190296114372 3
      vertex -103 -8.876362746156959 3
      vertex -113.17160164405348 13.92152535572166 3
    endloop
  endfacet
  facet normal 0 0 1
    outer loop
      vertex -112.93541743770058 14.275 3
      vertex -113.17160164405348 13.92152535572166 3
      vertex -103 -8.876362746156959 3
    endloop
  endfacet
  facet normal 0 0 1
    outer loop
      vertex -112.93541743770058 14.275 3
      vertex -103 -8.876362746156959 3
      vertex -112.74739151933832 14.656278844813459 3
    endloop
  endfacet
  facet normal 0 0 1
    outer loop
      vertex -112.74739151933832 14.656278844813459 3
      vertex -103 -8.876362746156959 3
      vertex -112.61074106456053 15.058838103416807 3
    endloop
  endfacet
  facet normal 0 0 1
    outer loop
      vertex -112.74739151933832 17.14372115518654 3
      vertex -103 -8.876362746156959 3
      vertex -103 16.05 3
    endloop
  endfacet
  facet normal 0 0 1
    outer loop
      vertex -112.61074106456053 15.058838103416807 3
      vertex -103 -8.876362746156959 3
      vertex -112.52780420053512 15.475789875284832 3
    endloop
  endfacet
  facet normal 0 0 1
    outer loop
      vertex -112.52780420053512 15.475789875284832 3
      vertex -103 -8.876362746156959 3
      vertex -112.5 15.9 3
    endloop
  endfacet
  facet normal 0 0 1
    outer loop
      vertex -112.5 15.9 3
      vertex -103 -8.876362746156959 3
      vertex -112.52780420053512 16.32421012471517 3
    endloop
  endfacet
  facet normal 0 0 1
    outer loop
      vertex -112.52780420053512 16.32421012471517 3
      vertex -103 -8.876362746156959 3
      vertex -112.61074106456053 16.741161896583193 3
    endloop
  endfacet
  facet normal 0 0 1
    outer loop
      vertex -112.61074106456053 16.741161896583193 3
      vertex -103 -8.876362746156959 3
      vertex -112.74739151933832 17.14372115518654 3
    endloop
  endfacet
  facet normal 0 0 -1
    outer loop
      vertex -114.90883810341681 12.760741064560529 0
      vertex -103 2.515195816921165 0
      vertex -115.32578987528483 12.677804200535117 0
    endloop
  endfacet
  facet normal 0 0 -1
    outer loop
      vertex -114.50627884481347 12.897391519338319 0
      vertex -114.125 13.085417437700574 0
      vertex -103 2.515195816921165 0
    endloop
  endfacet
  facet normal 0 0 -1
    outer loop
      vertex -114.90883810341681 12.760741064560529 0
      vertex -114.50627884481347 12.897391519338319 0
      vertex -103 2.515195816921165 0
    endloop
  endfacet
  facet normal 0 0 -1
    outer loop
      vertex -114.125 13.085417437700574 0
      vertex -113.77152535572166 13.321601644053485 0
      vertex -103 2.515195816921165 0
    endloop
  endfacet
  facet normal 0 0 -1
    outer loop
      vertex -113.77152535572166 13.321601644053485 0
      vertex -113.45190296114372 13.60190296114372 0
      vertex -103 2.515195816921165 0
    endloop
  endfacet
  facet normal 0 0 -1
    outer loop
      vertex -113.45190296114372 13.60190296114372 0
      vertex -113.17160164405348 13.92152535572166 0
      vertex -103 2.515195816921165 0
    endloop
  endfacet
  facet normal 0 0 -1
    outer loop
      vertex -112.93541743770058 14.275 0
      vertex -103 2.515195816921165 0
      vertex -113.17160164405348 13.92152535572166 0
    endloop
  endfacet
  facet normal 0 0 -1
    outer loop
      vertex -112.93541743770058 14.275 0
      vertex -112.74739151933832 14.656278844813459 0
      vertex -103 2.515195816921165 0
    endloop
  endfacet
  facet normal 0 0 -1
    outer loop
      vertex -112.74739151933832 14.656278844813459 0
      vertex -112.61074106456053 15.058838103416807 0
      vertex -103 2.515195816921165 0
    endloop
  endfacet
  facet normal 0 0 -1
    outer loop
      vertex -112.61074106456053 15.058838103416807 0
      vertex -112.52780420053512 15.475789875284832 0
      vertex -103 2.515195816921165 0
    endloop
  endfacet
  facet normal -1 0 0
    outer loop
      vertex -127 -20.25 3
      vertex -127 20.25 3
      vertex -127 20.25 0
    endloop
  endfacet
  facet normal 0 0 1
    outer loop
      vertex -122.25 -12.65 3
      vertex -125.25260848066168 14.656278844813459 3
      vertex -125.38925893543947 15.058838103416807 3
    endloop
  endfacet
  facet normal 0 0 1
    outer loop
      vertex -122.25 -12.65 3
      vertex -125.38925893543947 15.058838103416807 3
      vertex -125.47219579946488 15.475789875284832 3
    endloop
  endfacet
  facet normal 0 0 1
    outer loop
      vertex -122.25 -12.65 3
      vertex -125.47219579946488 15.475789875284832 3
      vertex -127 20.25 3
    endloop
  endfacet
  facet normal 0 0 -1
    outer loop
      vertex -113.17160164405348 17.87847464427834 0
      vertex -68.45438226995644 14.966205519829098 0
      vertex -73.04917197190312 11.542203577984008 0
    endloop
  endfacet
  facet normal 0 0 1
    outer loop
      vertex -114.125 18.714582562299427 3
      vertex -103 16.05 3
      vertex -67 16.05 3
    endloop
  endfacet
  facet normal 0 0 -1
    outer loop
      vertex -112.52780420053512 16.32421012471517 0
      vertex -103 16.016786521735167 0
      vertex -103 2.515195816921165 0
    endloop
  endfacet
  facet normal 0 0 -1
    outer loop
      vertex -112.52780420053512 15.475789875284832 0
      vertex -112.5 15.9 0
      vertex -103 2.515195816921165 0
    endloop
  endfacet
  facet normal 0 0 -1
    outer loop
      vertex -112.5 15.9 0
      vertex -112.52780420053512 16.32421012471517 0
      vertex -103 2.515195816921165 0
    endloop
  endfacet
  facet normal 0 0 -1
    outer loop
      vertex -113.17160164405348 17.87847464427834 0
      vertex -73.04917197190312 11.542203577984008 0
      vertex -102.77994504394884 15.983381800418078 0
    endloop
  endfacet
  facet normal 0 0 -1
    outer loop
      vertex -113.17160164405348 17.87847464427834 0
      vertex -102.77994504394884 15.983381800418078 0
      vertex -103 16.016786521735167 0
    endloop
  endfacet
  facet normal 0 0 -1
    outer loop
      vertex -112.52780420053512 16.32421012471517 0
      vertex -112.61074106456053 16.741161896583193 0
      vertex -103 16.016786521735167 0
    endloop
  endfacet
  facet normal 0 0 -1
    outer loop
      vertex -112.61074106456053 16.741161896583193 0
      vertex -112.74739151933832 17.14372115518654 0
      vertex -103 16.016786521735167 0
    endloop
  endfacet
  facet normal 0 0 -1
    outer loop
      vertex -113.17160164405348 17.87847464427834 0
      vertex -113.45190296114372 18.19809703885628 0
      vertex -68.45438226995644 14.966205519829098 0
    endloop
  endfacet
  facet normal 0 0 -1
    outer loop
      vertex -113.45190296114372 18.19809703885628 0
      vertex -113.77152535572166 18.478398355946513 0
      vertex -68.45438226995644 14.966205519829098 0
    endloop
  endfacet
  facet normal 0 0 -1
    outer loop
      vertex -113.77152535572166 18.478398355946513 0
      vertex -114.125 18.714582562299427 0
      vertex -68.45438226995644 14.966205519829098 0
    endloop
  endfacet
  facet normal 0 0 -1
    outer loop
      vertex -114.125 18.714582562299427 0
      vertex -114.50627884481347 18.902608480661684 0
      vertex -68.45438226995644 14.966205519829098 0
    endloop
  endfacet
  facet normal 0 0 -1
    outer loop
      vertex -112.74739151933832 17.14372115518654 0
      vertex -112.93541743770058 17.525 0
      vertex -103 16.016786521735167 0
    endloop
  endfacet
  facet normal 0 0 -1
    outer loop
      vertex -112.93541743770058 17.525 0
      vertex -113.17160164405348 17.87847464427834 0
      vertex -103 16.016786521735167 0
    endloop
  endfacet
  facet normal 0 0 1
    outer loop
      vertex -112.74739151933832 17.14372115518654 3
      vertex -103 16.05 3
      vertex -112.93541743770058 17.525 3
    endloop
  endfacet
  facet normal 0 0 1
    outer loop
      vertex -112.93541743770058 17.525 3
      vertex -103 16.05 3
      vertex -113.17160164405348 17.87847464427834 3
    endloop
  endfacet
  facet normal 0 0 1
    outer loop
      vertex -113.17160164405348 17.87847464427834 3
      vertex -103 16.05 3
      vertex -113.45190296114372 18.19809703885628 3
    endloop
  endfacet
  facet normal 0 0 1
    outer loop
      vertex -113.45190296114372 18.19809703885628 3
      vertex -103 16.05 3
      vertex -113.77152535572166 18.478398355946513 3
    endloop
  endfacet
  facet normal 0 0 1
    outer loop
      vertex -113.77152535572166 18.478398355946513 3
      vertex -103 16.05 3
      vertex -114.125 18.714582562299427 3
    endloop
  endfacet
  facet normal 0 0 -1
    outer loop
      vertex -125.5 15.9 0
      vertex -127 20.25 0
      vertex -125.47219579946488 16.32421012471517 0
    endloop
  endfacet
  facet normal 0 0 -1
    outer loop
      vertex -125.47219579946488 16.32421012471517 0
      vertex -127 20.25 0
      vertex -125.38925893543947 16.741161896583193 0
    endloop
  endfacet
  facet normal 0 0 -1
    outer loop
      vertex -125.38925893543947 16.741161896583193 0
      vertex -127 20.25 0
      vertex -125.25260848066168 17.14372115518654 0
    endloop
  endfacet
  facet normal 0 0 1
    outer loop
      vertex -125.47219579946488 15.475789875284832 3
      vertex -125.5 15.9 3
      vertex -127 20.25 3
    endloop
  endfacet
  facet normal 0 0 1
    outer loop
      vertex -125.5 15.9 3
      vertex -125.47219579946488 16.32421012471517 3
      vertex -127 20.25 3
    endloop
  endfacet
  facet normal 0 0 1
    outer loop
      vertex -125.47219579946488 16.32421012471517 3
      vertex -125.38925893543947 16.741161896583193 3
      vertex -127 20.25 3
    endloop
  endfacet
  facet normal 0 0 1
    outer loop
      vertex -125.38925893543947 16.741161896583193 3
      vertex -125.25260848066168 17.14372115518654 3
      vertex -127 20.25 3
    endloop
  endfacet
  facet normal 0 0 -1
    outer loop
      vertex -125.25260848066168 17.14372115518654 0
      vertex -127 20.25 0
      vertex -125.06458256229942 17.525 0
    endloop
  endfacet
  facet normal 0 0 -1
    outer loop
      vertex -124.82839835594652 17.87847464427834 0
      vertex -125.06458256229942 17.525 0
      vertex -127 20.25 0
    endloop
  endfacet
  facet normal 0 0 -1
    outer loop
      vertex -123.875 18.714582562299427 0
      vertex -127 20.25 0
      vertex -123.49372115518653 18.902608480661684 0
    endloop
  endfacet
  facet normal 0 0 -1
    outer loop
      vertex -123.49372115518653 18.902608480661684 0
      vertex -127 20.25 0
      vertex -123.09116189658319 19.039258935439474 0
    endloop
  endfacet
  facet normal 0 0 -1
    outer loop
      vertex -124.82839835594652 17.87847464427834 0
      vertex -127 20.25 0
      vertex -124.54809703885628 18.19809703885628 0
    endloop
  endfacet
  facet normal 0 0 -1
    outer loop
      vertex -124.54809703885628 18.19809703885628 0
      vertex -127 20.25 0
      vertex -124.22847464427834 18.478398355946513 0
    endloop
  endfacet
  facet normal 0 0 -1
    outer loop
      vertex -123.875 18.714582562299427 0
      vertex -124.22847464427834 18.478398355946513 0
      vertex -127 20.25 0
    endloop
  endfacet
  facet normal 0 0 1
    outer loop
      vertex -125.25260848066168 17.14372115518654 3
      vertex -125.06458256229942 17.525 3
      vertex -127 20.25 3
    endloop
  endfacet
  facet normal 0 0 1
    outer loop
      vertex -124.82839835594652 17.87847464427834 3
      vertex -127 20.25 3
      vertex -125.06458256229942 17.525 3
    endloop
  endfacet
  facet normal 0 0 1
    outer loop
      vertex -123.875 18.714582562299427 3
      vertex -123.49372115518653 18.902608480661684 3
      vertex -127 20.25 3
    endloop
  endfacet
  facet normal 0 0 1
    outer loop
      vertex -123.49372115518653 18.902608480661684 3
      vertex -123.09116189658319 19.039258935439474 3
      vertex -127 20.25 3
    endloop
  endfacet
  facet normal 0 0 1
    outer loop
      vertex -124.82839835594652 17.87847464427834 3
      vertex -124.54809703885628 18.19809703885628 3
      vertex -127 20.25 3
    endloop
  endfacet
  facet normal 0 0 1
    outer loop
      vertex -124.54809703885628 18.19809703885628 3
      vertex -124.22847464427834 18.478398355946513 3
      vertex -127 20.25 3
    endloop
  endfacet
  facet normal 0 0 1
    outer loop
      vertex -123.875 18.714582562299427 3
      vertex -127 20.25 3
      vertex -124.22847464427834 18.478398355946513 3
    endloop
  endfacet
  facet normal 0 0 -1
    outer loop
      vertex -115.75 19.15 0
      vertex -122.25 19.15 0
      vertex -127 20.25 0
    endloop
  endfacet
  facet normal 0 0 -1
    outer loop
      vertex -122.25 19.15 0
      vertex -122.67421012471517 19.122195799464883 0
      vertex -127 20.25 0
    endloop
  endfacet
  facet normal 0 0 -1
    outer loop
      vertex -122.67421012471517 19.122195799464883 0
      vertex -123.09116189658319 19.039258935439474 0
      vertex -127 20.25 0
    endloop
  endfacet
  facet normal 0 0 -1
    outer loop
      vertex -115.75 19.15 0
      vertex -127 20.25 0
      vertex -126.98288971930742 20.511052384972572 0
    endloop
  endfacet
  facet normal 0 0 -1
    outer loop
      vertex -115.75 19.15 0
      vertex -126.98288971930742 20.511052384972572 0
      vertex -126.93185165524483 20.767638087272644 0
    endloop
  endfacet
  facet normal -0.9978589223891017 0.06540314219103631 0
    outer loop
      vertex -127 20.25 0
      vertex -127 20.25 3
      vertex -126.98288971930742 20.511052384972572 0
    endloop
  endfacet
  facet normal -0.9807852843656898 0.1950903020954995 0
    outer loop
      vertex -126.98288971930742 20.511052384972572 0
      vertex -126.98288971930742 20.511052384972572 3
      vertex -126.93185165524483 20.767638087272644 0
    endloop
  endfacet
  facet normal -0.9469301319984065 0.32143945792867507 0
    outer loop
      vertex -126.93185165524483 20.767638087272644 0
      vertex -126.93185165524483 20.767638087272644 3
      vertex -126.84775906801224 21.01536686718464 0
    endloop
  endfacet
  facet normal -0.9978589223891017 0.06540314219103631 0
    outer loop
      vertex -126.98288971930742 20.511052384972572 0
      vertex -127 20.25 3
      vertex -126.98288971930742 20.511052384972572 3
    endloop
  endfacet
  facet normal -0.9807852843656898 0.1950903020954995 0
    outer loop
      vertex -126.93185165524483 20.767638087272644 0
      vertex -126.98288971930742 20.511052384972572 3
      vertex -126.93185165524483 20.767638087272644 3
    endloop
  endfacet
  facet normal 0 0 1
    outer loop
      vertex -115.75 19.15 3
      vertex -126.93185165524483 20.767638087272644 3
      vertex -122.25 19.15 3
    endloop
  endfacet
  facet normal 0 0 1
    outer loop
      vertex -122.25 19.15 3
      vertex -127 20.25 3
      vertex -122.67421012471517 19.122195799464883 3
    endloop
  endfacet
  facet normal 0 0 1
    outer loop
      vertex -122.67421012471517 19.122195799464883 3
      vertex -127 20.25 3
      vertex -123.09116189658319 19.039258935439474 3
    endloop
  endfacet
  facet normal 0 0 1
    outer loop
      vertex -122.25 19.15 3
      vertex -126.98288971930742 20.511052384972572 3
      vertex -127 20.25 3
    endloop
  endfacet
  facet normal 0 0 1
    outer loop
      vertex -122.25 19.15 3
      vertex -126.93185165524483 20.767638087272644 3
      vertex -126.98288971930742 20.511052384972572 3
    endloop
  endfacet
  facet normal -0.8968727332159226 0.4422887070837332 0
    outer loop
      vertex -126.84775906801224 21.01536686718464 0
      vertex -126.84775906801224 21.01536686718464 3
      vertex -126.73205080628395 21.25 0
    endloop
  endfacet
  facet normal -0.8314696207458843 0.5555702203832521 0
    outer loop
      vertex -126.73205080628395 21.25 0
      vertex -126.73205080628395 21.25 3
      vertex -126.58670668303967 21.467522859573364 0
    endloop
  endfacet
  facet normal -0.7518397936522605 0.6593458308664175 0
    outer loop
      vertex -126.58670668303967 21.467522859573364 0
      vertex -126.58670668303967 21.467522859573364 3
      vertex -126.4142135605216 21.664213560521603 0
    endloop
  endfacet
  facet normal -0.9469301319984065 0.32143945792867507 0
    outer loop
      vertex -126.93185165524483 20.767638087272644 3
      vertex -126.84775906801224 21.01536686718464 3
      vertex -126.84775906801224 21.01536686718464 0
    endloop
  endfacet
  facet normal -0.8968727332159226 0.4422887070837332 0
    outer loop
      vertex -126.73205080628395 21.25 0
      vertex -126.84775906801224 21.01536686718464 3
      vertex -126.73205080628395 21.25 3
    endloop
  endfacet
  facet normal -0.8314696207458843 0.5555702203832521 0
    outer loop
      vertex -126.58670668303967 21.467522859573364 0
      vertex -126.73205080628395 21.25 3
      vertex -126.58670668303967 21.467522859573364 3
    endloop
  endfacet
  facet normal -0.6593458308664175 0.7518397936522605 0
    outer loop
      vertex -126.4142135605216 21.664213560521603 0
      vertex -126.4142135605216 21.664213560521603 3
      vertex -126.21752285957336 21.836706683039665 0
    endloop
  endfacet
  facet normal -0.5555702203832521 0.8314696207458843 0
    outer loop
      vertex -126.21752285957336 21.836706683039665 0
      vertex -126.21752285957336 21.836706683039665 3
      vertex -126 21.98205080628395 0
    endloop
  endfacet
  facet normal -0.4422887070837332 0.8968727332159226 0
    outer loop
      vertex -126 21.98205080628395 0
      vertex -126 21.98205080628395 3
      vertex -125.76536686718464 22.097759068012238 0
    endloop
  endfacet
  facet normal -0.06540314219103631 0.9978589223891017 0
    outer loop
      vertex -125 22.25 0
      vertex -125.26105238497257 22.232889719307423 0
      vertex -125.26105238497257 22.232889719307423 3
    endloop
  endfacet
  facet normal -0.1950903020954995 0.9807852843656898 0
    outer loop
      vertex -125.26105238497257 22.232889719307423 0
      vertex -125.51763808727264 22.181851655244827 0
      vertex -125.51763808727264 22.181851655244827 3
    endloop
  endfacet
  facet normal -0.32143945792867507 0.9469301319984065 0
    outer loop
      vertex -125.76536686718464 22.097759068012238 0
      vertex -125.76536686718464 22.097759068012238 3
      vertex -125.51763808727264 22.181851655244827 0
    endloop
  endfacet
  facet normal -0.7518397936522605 0.6593458308664175 0
    outer loop
      vertex -126.4142135605216 21.664213560521603 0
      vertex -126.58670668303967 21.467522859573364 3
      vertex -126.4142135605216 21.664213560521603 3
    endloop
  endfacet
  facet normal -0.6593458308664175 0.7518397936522605 0
    outer loop
      vertex -126.21752285957336 21.836706683039665 0
      vertex -126.4142135605216 21.664213560521603 3
      vertex -126.21752285957336 21.836706683039665 3
    endloop
  endfacet
  facet normal -0.4422887070837332 0.8968727332159226 0
    outer loop
      vertex -125.76536686718464 22.097759068012238 0
      vertex -126 21.98205080628395 3
      vertex -125.76536686718464 22.097759068012238 3
    endloop
  endfacet
  facet normal -0.06540314219103631 0.9978589223891017 0
    outer loop
      vertex -125 22.25 0
      vertex -125.26105238497257 22.232889719307423 3
      vertex -125 22.25 3
    endloop
  endfacet
  facet normal -0.1950903020954995 0.9807852843656898 0
    outer loop
      vertex -125.26105238497257 22.232889719307423 0
      vertex -125.51763808727264 22.181851655244827 3
      vertex -125.26105238497257 22.232889719307423 3
    endloop
  endfacet
  facet normal -0.32143945792867507 0.9469301319984065 0
    outer loop
      vertex -125.51763808727264 22.181851655244827 0
      vertex -125.76536686718464 22.097759068012238 3
      vertex -125.51763808727264 22.181851655244827 3
    endloop
  endfacet
  facet normal -0.5555702203832521 0.8314696207458843 0
    outer loop
      vertex -126 21.98205080628395 0
      vertex -126.21752285957336 21.836706683039665 3
      vertex -126 21.98205080628395 3
    endloop
  endfacet
  facet normal -0.831469603224722 0.5555702466055247 0
    outer loop
      vertex -7.907179673016074 -7.349999998509883 0
      vertex -7.965317328274253 -7.437009145319461 0
      vertex -7.907179673016074 -7.349999998509883 3
    endloop
  endfacet
  facet normal -0.896872755887627 0.4422886611100638 0
    outer loop
      vertex -7.907179673016074 -7.349999998509883 0
      vertex -7.86089637577534 -7.256146748363971 3
      vertex -7.86089637577534 -7.256146748363971 0
    endloop
  endfacet
  facet normal -0.9469301219381052 0.3214394875653657 0
    outer loop
      vertex -7.86089637577534 -7.256146748363971 0
      vertex -7.827259336411956 -7.157055233418941 3
      vertex -7.827259336411956 -7.157055233418941 0
    endloop
  endfacet
  facet normal -0.9807852870903427 0.1950902883977413 0
    outer loop
      vertex -7.827259336411956 -7.157055233418941 0
      vertex -7.806844112277034 -7.054420952498912 3
      vertex -7.806844112277034 -7.054420952498912 0
    endloop
  endfacet
  facet normal -0.9978589232575188 0.0654031289415513 0
    outer loop
      vertex -7.806844112277034 -7.054420952498912 0
      vertex -7.800000001490119 -6.949999999999999 3
      vertex -7.800000001490119 -6.949999999999999 0
    endloop
  endfacet
  facet normal -0.896872755887627 0.4422886611100638 0
    outer loop
      vertex -7.907179673016074 -7.349999998509883 0
      vertex -7.907179673016074 -7.349999998509883 3
      vertex -7.86089637577534 -7.256146748363971 3
    endloop
  endfacet
  facet normal -0.9469301219381052 0.3214394875653657 0
    outer loop
      vertex -7.86089637577534 -7.256146748363971 0
      vertex -7.86089637577534 -7.256146748363971 3
      vertex -7.827259336411956 -7.157055233418941 3
    endloop
  endfacet
  facet normal -0.9807852870903427 0.1950902883977413 0
    outer loop
      vertex -7.827259336411956 -7.157055233418941 0
      vertex -7.827259336411956 -7.157055233418941 3
      vertex -7.806844112277034 -7.054420952498912 3
    endloop
  endfacet
  facet normal -0.9978589232575188 0.0654031289415513 0
    outer loop
      vertex -7.806844112277034 -7.054420952498912 0
      vertex -7.806844112277034 -7.054420952498912 3
      vertex -7.800000001490119 -6.949999999999999 3
    endloop
  endfacet
  facet normal -0.3214394875653657 0.9469301219381052 0
    outer loop
      vertex -8.392944765090945 -7.72274066209793 0
      vertex -8.293853250145915 -7.689103622734546 3
      vertex -8.293853250145915 -7.689103622734546 0
    endloop
  endfacet
  facet normal -0.1950902883977413 0.9807852870903427 0
    outer loop
      vertex -8.392944765090945 -7.72274066209793 0
      vertex -8.495579046010974 -7.743155886232852 0
      vertex -8.392944765090945 -7.72274066209793 3
    endloop
  endfacet
  facet normal -0.4422886611100638 0.896872755887627 0
    outer loop
      vertex -8.293853250145915 -7.689103622734546 0
      vertex -8.200000000000003 -7.642820325493812 3
      vertex -8.200000000000003 -7.642820325493812 0
    endloop
  endfacet
  facet normal -0.0654031289415513 0.9978589232575188 0
    outer loop
      vertex -8.599999998509887 -7.749999997019767 0
      vertex -8.495579046010974 -7.743155886232852 3
      vertex -8.495579046010974 -7.743155886232852 0
    endloop
  endfacet
  facet normal -0.3214394875653657 0.9469301219381052 0
    outer loop
      vertex -8.392944765090945 -7.72274066209793 0
      vertex -8.392944765090945 -7.72274066209793 3
      vertex -8.293853250145915 -7.689103622734546 3
    endloop
  endfacet
  facet normal -0.4422886611100638 0.896872755887627 0
    outer loop
      vertex -8.293853250145915 -7.689103622734546 0
      vertex -8.293853250145915 -7.689103622734546 3
      vertex -8.200000000000003 -7.642820325493812 3
    endloop
  endfacet
  facet normal -0.0654031289415513 0.9978589232575188 0
    outer loop
      vertex -8.599999998509887 -7.749999997019767 0
      vertex -8.599999998509887 -7.749999997019767 3
      vertex -8.495579046010974 -7.743155886232852 3
    endloop
  endfacet
  facet normal -0.1950902883977413 0.9807852870903427 0
    outer loop
      vertex -8.495579046010974 -7.743155886232852 0
      vertex -8.495579046010974 -7.743155886232852 3
      vertex -8.392944765090945 -7.72274066209793 3
    endloop
  endfacet
  facet normal -0.5555702466055247 0.831469603224722 0
    outer loop
      vertex -8.112990853190425 -7.584682670235633 0
      vertex -8.200000000000003 -7.642820325493812 0
      vertex -8.112990853190425 -7.584682670235633 3
    endloop
  endfacet
  facet normal -0.6593458520432712 0.7518397750806568 0
    outer loop
      vertex -8.112990853190425 -7.584682670235633 0
      vertex -8.034314577281478 -7.515685421228408 3
      vertex -8.034314577281478 -7.515685421228408 0
    endloop
  endfacet
  facet normal -0.7518397750806568 0.6593458520432712 0
    outer loop
      vertex -8.034314577281478 -7.515685421228408 0
      vertex -7.965317328274253 -7.437009145319461 3
      vertex -7.965317328274253 -7.437009145319461 0
    endloop
  endfacet
  facet normal -0.5555702466055247 0.831469603224722 0
    outer loop
      vertex -8.200000000000003 -7.642820325493812 0
      vertex -8.200000000000003 -7.642820325493812 3
      vertex -8.112990853190425 -7.584682670235633 3
    endloop
  endfacet
  facet normal -0.6593458520432712 0.7518397750806568 0
    outer loop
      vertex -8.112990853190425 -7.584682670235633 0
      vertex -8.112990853190425 -7.584682670235633 3
      vertex -8.034314577281478 -7.515685421228408 3
    endloop
  endfacet
  facet normal -0.7518397750806568 0.6593458520432712 0
    outer loop
      vertex -8.034314577281478 -7.515685421228408 0
      vertex -8.034314577281478 -7.515685421228408 3
      vertex -7.965317328274253 -7.437009145319461 3
    endloop
  endfacet
  facet normal -0.831469603224722 0.5555702466055247 0
    outer loop
      vertex -7.907179673016074 -7.349999998509883 3
      vertex -7.965317328274253 -7.437009145319461 0
      vertex -7.965317328274253 -7.437009145319461 3
    endloop
  endfacet
  facet normal 0 1 0
    outer loop
      vertex -8.599999998509887 -7.749999997019767 0
      vertex -60.80000000149012 -7.749999997019767 0
      vertex -8.599999998509887 -7.749999997019767 3
    endloop
  endfacet
  facet normal -1 0 0
    outer loop
      vertex -7.800000001490119 -6.949999999999999 0
      vertex -7.800000001490119 -6.949999999999999 3
      vertex -7.800000001490119 9.05 3
    endloop
  endfacet
  facet normal 0 1 0
    outer loop
      vertex -8.599999998509887 -7.749999997019767 3
      vertex -60.80000000149012 -7.749999997019767 0
      vertex -60.80000000149012 -7.749999997019767 3
    endloop
  endfacet
  facet normal 0.0654031289415513 0.9978589232575188 0
    outer loop
      vertex -60.80000000149012 -7.749999997019767 0
      vertex -60.90442095398903 -7.743155886232852 0
      vertex -60.80000000149012 -7.749999997019767 3
    endloop
  endfacet
  facet normal 0.1950902883977413 0.9807852870903427 0
    outer loop
      vertex -60.90442095398903 -7.743155886232852 0
      vertex -61.00705523490906 -7.72274066209793 0
      vertex -60.90442095398903 -7.743155886232852 3
    endloop
  endfacet
  facet normal 0.3214394875653657 0.9469301219381052 0
    outer loop
      vertex -61.00705523490906 -7.72274066209793 0
      vertex -61.10614674985409 -7.689103622734546 0
      vertex -61.00705523490906 -7.72274066209793 3
    endloop
  endfacet
  facet normal 0.4422886611100638 0.896872755887627 0
    outer loop
      vertex -61.10614674985409 -7.689103622734546 0
      vertex -61.2 -7.642820325493812 0
      vertex -61.10614674985409 -7.689103622734546 3
    endloop
  endfacet
  facet normal 0.0654031289415513 0.9978589232575188 0
    outer loop
      vertex -60.90442095398903 -7.743155886232852 0
      vertex -60.90442095398903 -7.743155886232852 3
      vertex -60.80000000149012 -7.749999997019767 3
    endloop
  endfacet
  facet normal 0.1950902883977413 0.9807852870903427 0
    outer loop
      vertex -61.00705523490906 -7.72274066209793 0
      vertex -61.00705523490906 -7.72274066209793 3
      vertex -60.90442095398903 -7.743155886232852 3
    endloop
  endfacet
  facet normal 0.3214394875653657 0.9469301219381052 0
    outer loop
      vertex -61.10614674985409 -7.689103622734546 0
      vertex -61.10614674985409 -7.689103622734546 3
      vertex -61.00705523490906 -7.72274066209793 3
    endloop
  endfacet
  facet normal 0.4422886611100638 0.896872755887627 0
    outer loop
      vertex -61.2 -7.642820325493812 0
      vertex -61.2 -7.642820325493812 3
      vertex -61.10614674985409 -7.689103622734546 3
    endloop
  endfacet
  facet normal 0.5555702466055247 0.831469603224722 0
    outer loop
      vertex -61.2 -7.642820325493812 0
      vertex -61.28700914680958 -7.584682670235633 0
      vertex -61.2 -7.642820325493812 3
    endloop
  endfacet
  facet normal 0.6593458520432712 0.7518397750806568 0
    outer loop
      vertex -61.28700914680958 -7.584682670235633 0
      vertex -61.36568542271853 -7.515685421228408 0
      vertex -61.28700914680958 -7.584682670235633 3
    endloop
  endfacet
  facet normal 0.7518397750806568 0.6593458520432712 0
    outer loop
      vertex -61.36568542271853 -7.515685421228408 0
      vertex -61.43468267172575 -7.437009145319461 0
      vertex -61.36568542271853 -7.515685421228408 3
    endloop
  endfacet
  facet normal 0.831469603224722 0.5555702466055247 0
    outer loop
      vertex -61.43468267172575 -7.437009145319461 0
      vertex -61.49282032698393 -7.349999998509883 0
      vertex -61.43468267172575 -7.437009145319461 3
    endloop
  endfacet
  facet normal 0.896872755887627 0.4422886611100638 0
    outer loop
      vertex -61.49282032698393 -7.349999998509883 0
      vertex -61.539103624224666 -7.256146748363971 0
      vertex -61.49282032698393 -7.349999998509883 3
    endloop
  endfacet
  facet normal 0.9469301219381052 0.3214394875653657 0
    outer loop
      vertex -61.539103624224666 -7.256146748363971 0
      vertex -61.57274066358805 -7.157055233418941 0
      vertex -61.539103624224666 -7.256146748363971 3
    endloop
  endfacet
  facet normal 0.9807852870903427 0.1950902883977413 0
    outer loop
      vertex -61.57274066358805 -7.157055233418941 0
      vertex -61.59315588772297 -7.054420952498912 0
      vertex -61.57274066358805 -7.157055233418941 3
    endloop
  endfacet
  facet normal 0.9978589232575188 0.0654031289415513 0
    outer loop
      vertex -61.59315588772297 -7.054420952498912 0
      vertex -61.59999999850989 -6.949999999999999 0
      vertex -61.59315588772297 -7.054420952498912 3
    endloop
  endfacet
  facet normal 0.5555702466055247 0.831469603224722 0
    outer loop
      vertex -61.28700914680958 -7.584682670235633 0
      vertex -61.28700914680958 -7.584682670235633 3
      vertex -61.2 -7.642820325493812 3
    endloop
  endfacet
  facet normal 0.6593458520432712 0.7518397750806568 0
    outer loop
      vertex -61.36568542271853 -7.515685421228408 0
      vertex -61.36568542271853 -7.515685421228408 3
      vertex -61.28700914680958 -7.584682670235633 3
    endloop
  endfacet
  facet normal 0.7518397750806568 0.6593458520432712 0
    outer loop
      vertex -61.43468267172575 -7.437009145319461 0
      vertex -61.43468267172575 -7.437009145319461 3
      vertex -61.36568542271853 -7.515685421228408 3
    endloop
  endfacet
  facet normal 0.831469603224722 0.5555702466055247 0
    outer loop
      vertex -61.49282032698393 -7.349999998509883 0
      vertex -61.49282032698393 -7.349999998509883 3
      vertex -61.43468267172575 -7.437009145319461 3
    endloop
  endfacet
  facet normal 0.896872755887627 0.4422886611100638 0
    outer loop
      vertex -61.539103624224666 -7.256146748363971 0
      vertex -61.539103624224666 -7.256146748363971 3
      vertex -61.49282032698393 -7.349999998509883 3
    endloop
  endfacet
  facet normal 0.9469301219381052 0.3214394875653657 0
    outer loop
      vertex -61.57274066358805 -7.157055233418941 0
      vertex -61.57274066358805 -7.157055233418941 3
      vertex -61.539103624224666 -7.256146748363971 3
    endloop
  endfacet
  facet normal 0.9807852870903427 0.1950902883977413 0
    outer loop
      vertex -61.59315588772297 -7.054420952498912 0
      vertex -61.59315588772297 -7.054420952498912 3
      vertex -61.57274066358805 -7.157055233418941 3
    endloop
  endfacet
  facet normal 0.9978589232575188 0.0654031289415513 0
    outer loop
      vertex -61.59315588772297 -7.054420952498912 3
      vertex -61.59999999850989 -6.949999999999999 0
      vertex -61.59999999850989 -6.949999999999999 3
    endloop
  endfacet
  facet normal 1 0 0
    outer loop
      vertex -61.59999999850989 -6.949999999999999 0
      vertex -61.59999999850989 9.05 0
      vertex -61.59999999850989 -6.949999999999999 3
    endloop
  endfacet
  facet normal -1 0 0
    outer loop
      vertex -7.800000001490119 -6.949999999999999 0
      vertex -7.800000001490119 9.05 3
      vertex -7.800000001490119 9.05 0
    endloop
  endfacet
  facet normal -0.9978589232575188 -0.0654031289415513 0
    outer loop
      vertex -7.800000001490119 9.05 0
      vertex -7.806844112277034 9.154420952498914 3
      vertex -7.806844112277034 9.154420952498914 0
    endloop
  endfacet
  facet normal -0.9807852870903427 -0.1950902883977413 0
    outer loop
      vertex -7.806844112277034 9.154420952498914 0
      vertex -7.827259336411956 9.257055233418942 3
      vertex -7.827259336411956 9.257055233418942 0
    endloop
  endfacet
  facet normal -0.9469301219381052 -0.3214394875653657 0
    outer loop
      vertex -7.827259336411956 9.257055233418942 0
      vertex -7.86089637577534 9.356146748363972 3
      vertex -7.86089637577534 9.356146748363972 0
    endloop
  endfacet
  facet normal -0.896872755887627 -0.4422886611100638 0
    outer loop
      vertex -7.86089637577534 9.356146748363972 0
      vertex -7.907179673016074 9.449999998509885 3
      vertex -7.907179673016074 9.449999998509885 0
    endloop
  endfacet
  facet normal -0.9978589232575188 -0.0654031289415513 0
    outer loop
      vertex -7.800000001490119 9.05 0
      vertex -7.800000001490119 9.05 3
      vertex -7.806844112277034 9.154420952498914 3
    endloop
  endfacet
  facet normal -0.9807852870903427 -0.1950902883977413 0
    outer loop
      vertex -7.806844112277034 9.154420952498914 0
      vertex -7.806844112277034 9.154420952498914 3
      vertex -7.827259336411956 9.257055233418942 3
    endloop
  endfacet
  facet normal -0.9469301219381052 -0.3214394875653657 0
    outer loop
      vertex -7.827259336411956 9.257055233418942 0
      vertex -7.827259336411956 9.257055233418942 3
      vertex -7.86089637577534 9.356146748363972 3
    endloop
  endfacet
  facet normal -0.896872755887627 -0.4422886611100638 0
    outer loop
      vertex -7.86089637577534 9.356146748363972 0
      vertex -7.86089637577534 9.356146748363972 3
      vertex -7.907179673016074 9.449999998509885 3
    endloop
  endfacet
  facet normal -0.831469603224722 -0.5555702466055247 0
    outer loop
      vertex -7.907179673016074 9.449999998509885 0
      vertex -7.907179673016074 9.449999998509885 3
      vertex -7.965317328274253 9.537009145319463 3
    endloop
  endfacet
  facet normal -0.831469603224722 -0.5555702466055247 0
    outer loop
      vertex -7.907179673016074 9.449999998509885 0
      vertex -7.965317328274253 9.537009145319463 3
      vertex -7.965317328274253 9.537009145319463 0
    endloop
  endfacet
  facet normal -0.7518397750806568 -0.6593458520432712 0
    outer loop
      vertex -7.965317328274253 9.537009145319463 0
      vertex -8.034314577281478 9.61568542122841 3
      vertex -8.034314577281478 9.61568542122841 0
    endloop
  endfacet
  facet normal -0.6593458520432712 -0.7518397750806568 0
    outer loop
      vertex -8.034314577281478 9.61568542122841 0
      vertex -8.112990853190425 9.684682670235635 3
      vertex -8.112990853190425 9.684682670235635 0
    endloop
  endfacet
  facet normal -0.5555702466055247 -0.831469603224722 0
    outer loop
      vertex -8.112990853190425 9.684682670235635 0
      vertex -8.200000000000003 9.742820325493813 3
      vertex -8.200000000000003 9.742820325493813 0
    endloop
  endfacet
  facet normal -0.7518397750806568 -0.6593458520432712 0
    outer loop
      vertex -7.965317328274253 9.537009145319463 0
      vertex -7.965317328274253 9.537009145319463 3
      vertex -8.034314577281478 9.61568542122841 3
    endloop
  endfacet
  facet normal -0.6593458520432712 -0.7518397750806568 0
    outer loop
      vertex -8.034314577281478 9.61568542122841 0
      vertex -8.034314577281478 9.61568542122841 3
      vertex -8.112990853190425 9.684682670235635 3
    endloop
  endfacet
  facet normal -0.5555702466055247 -0.831469603224722 0
    outer loop
      vertex -8.112990853190425 9.684682670235635 0
      vertex -8.112990853190425 9.684682670235635 3
      vertex -8.200000000000003 9.742820325493813 3
    endloop
  endfacet
  facet normal -0.4422886611100638 -0.896872755887627 0
    outer loop
      vertex -8.200000000000003 9.742820325493813 0
      vertex -8.293853250145915 9.789103622734547 3
      vertex -8.293853250145915 9.789103622734547 0
    endloop
  endfacet
  facet normal -0.3214394875653657 -0.9469301219381052 0
    outer loop
      vertex -8.293853250145915 9.789103622734547 0
      vertex -8.392944765090945 9.822740662097932 3
      vertex -8.392944765090945 9.822740662097932 0
    endloop
  endfacet
  facet normal -0.1950902883977413 -0.9807852870903427 0
    outer loop
      vertex -8.392944765090945 9.822740662097932 0
      vertex -8.495579046010974 9.843155886232854 3
      vertex -8.495579046010974 9.843155886232854 0
    endloop
  endfacet
  facet normal -0.0654031289415513 -0.9978589232575188 0
    outer loop
      vertex -8.495579046010974 9.843155886232854 0
      vertex -8.599999998509887 9.849999997019768 3
      vertex -8.599999998509887 9.849999997019768 0
    endloop
  endfacet
  facet normal -0.4422886611100638 -0.896872755887627 0
    outer loop
      vertex -8.200000000000003 9.742820325493813 0
      vertex -8.200000000000003 9.742820325493813 3
      vertex -8.293853250145915 9.789103622734547 3
    endloop
  endfacet
  facet normal -0.3214394875653657 -0.9469301219381052 0
    outer loop
      vertex -8.293853250145915 9.789103622734547 0
      vertex -8.293853250145915 9.789103622734547 3
      vertex -8.392944765090945 9.822740662097932 3
    endloop
  endfacet
  facet normal -0.1950902883977413 -0.9807852870903427 0
    outer loop
      vertex -8.392944765090945 9.822740662097932 0
      vertex -8.392944765090945 9.822740662097932 3
      vertex -8.495579046010974 9.843155886232854 3
    endloop
  endfacet
  facet normal -0.0654031289415513 -0.9978589232575188 0
    outer loop
      vertex -8.495579046010974 9.843155886232854 0
      vertex -8.495579046010974 9.843155886232854 3
      vertex -8.599999998509887 9.849999997019768 3
    endloop
  endfacet
  facet normal 0 -1 0
    outer loop
      vertex -8.599999998509887 9.849999997019768 0
      vertex -8.599999998509887 9.849999997019768 3
      vertex -60.80000000149012 9.849999997019768 3
    endloop
  endfacet
  facet normal 1 0 0
    outer loop
      vertex -61.59999999850989 -6.949999999999999 3
      vertex -61.59999999850989 9.05 0
      vertex -61.59999999850989 9.05 3
    endloop
  endfacet
  facet normal 0 -1 0
    outer loop
      vertex -8.599999998509887 9.849999997019768 0
      vertex -60.80000000149012 9.849999997019768 3
      vertex -60.80000000149012 9.849999997019768 0
    endloop
  endfacet
  facet normal 0.831469603224722 -0.5555702466055247 0
    outer loop
      vertex -61.49282032698393 9.449999998509885 0
      vertex -61.43468267172575 9.537009145319463 0
      vertex -61.49282032698393 9.449999998509885 3
    endloop
  endfacet
  facet normal 0.7518397750806568 -0.6593458520432712 0
    outer loop
      vertex -61.43468267172575 9.537009145319463 0
      vertex -61.36568542271853 9.61568542122841 0
      vertex -61.43468267172575 9.537009145319463 3
    endloop
  endfacet
  facet normal 0.6593458520432712 -0.7518397750806568 0
    outer loop
      vertex -61.36568542271853 9.61568542122841 0
      vertex -61.28700914680958 9.684682670235635 0
      vertex -61.36568542271853 9.61568542122841 3
    endloop
  endfacet
  facet normal 0.5555702466055247 -0.831469603224722 0
    outer loop
      vertex -61.28700914680958 9.684682670235635 0
      vertex -61.2 9.742820325493813 0
      vertex -61.28700914680958 9.684682670235635 3
    endloop
  endfacet
  facet normal 0.9978589232575188 -0.0654031289415513 0
    outer loop
      vertex -61.59999999850989 9.05 0
      vertex -61.59315588772297 9.154420952498914 0
      vertex -61.59999999850989 9.05 3
    endloop
  endfacet
  facet normal 0.9807852870903427 -0.1950902883977413 0
    outer loop
      vertex -61.59315588772297 9.154420952498914 0
      vertex -61.57274066358805 9.257055233418942 0
      vertex -61.59315588772297 9.154420952498914 3
    endloop
  endfacet
  facet normal 0.9469301219381052 -0.3214394875653657 0
    outer loop
      vertex -61.57274066358805 9.257055233418942 0
      vertex -61.539103624224666 9.356146748363972 0
      vertex -61.57274066358805 9.257055233418942 3
    endloop
  endfacet
  facet normal 0.896872755887627 -0.4422886611100638 0
    outer loop
      vertex -61.49282032698393 9.449999998509885 0
      vertex -61.539103624224666 9.356146748363972 3
      vertex -61.539103624224666 9.356146748363972 0
    endloop
  endfacet
  facet normal 0.896872755887627 -0.4422886611100638 0
    outer loop
      vertex -61.49282032698393 9.449999998509885 0
      vertex -61.49282032698393 9.449999998509885 3
      vertex -61.539103624224666 9.356146748363972 3
    endloop
  endfacet
  facet normal 0.831469603224722 -0.5555702466055247 0
    outer loop
      vertex -61.43468267172575 9.537009145319463 0
      vertex -61.43468267172575 9.537009145319463 3
      vertex -61.49282032698393 9.449999998509885 3
    endloop
  endfacet
  facet normal 0.7518397750806568 -0.6593458520432712 0
    outer loop
      vertex -61.36568542271853 9.61568542122841 0
      vertex -61.36568542271853 9.61568542122841 3
      vertex -61.43468267172575 9.537009145319463 3
    endloop
  endfacet
  facet normal 0.5555702466055247 -0.831469603224722 0
    outer loop
      vertex -61.28700914680958 9.684682670235635 3
      vertex -61.2 9.742820325493813 0
      vertex -61.2 9.742820325493813 3
    endloop
  endfacet
  facet normal 0.6593458520432712 -0.7518397750806568 0
    outer loop
      vertex -61.28700914680958 9.684682670235635 0
      vertex -61.28700914680958 9.684682670235635 3
      vertex -61.36568542271853 9.61568542122841 3
    endloop
  endfacet
  facet normal 0.9978589232575188 -0.0654031289415513 0
    outer loop
      vertex -61.59315588772297 9.154420952498914 0
      vertex -61.59315588772297 9.154420952498914 3
      vertex -61.59999999850989 9.05 3
    endloop
  endfacet
  facet normal 0.9807852870903427 -0.1950902883977413 0
    outer loop
      vertex -61.57274066358805 9.257055233418942 0
      vertex -61.57274066358805 9.257055233418942 3
      vertex -61.59315588772297 9.154420952498914 3
    endloop
  endfacet
  facet normal 0.9469301219381052 -0.3214394875653657 0
    outer loop
      vertex -61.539103624224666 9.356146748363972 0
      vertex -61.539103624224666 9.356146748363972 3
      vertex -61.57274066358805 9.257055233418942 3
    endloop
  endfacet
  facet normal 0.1950902883977413 -0.9807852870903427 0
    outer loop
      vertex -60.90442095398903 9.843155886232854 0
      vertex -61.00705523490906 9.822740662097932 3
      vertex -61.00705523490906 9.822740662097932 0
    endloop
  endfacet
  facet normal 0.0654031289415513 -0.9978589232575188 0
    outer loop
      vertex -60.90442095398903 9.843155886232854 0
      vertex -60.80000000149012 9.849999997019768 0
      vertex -60.90442095398903 9.843155886232854 3
    endloop
  endfacet
  facet normal 0.4422886611100638 -0.896872755887627 0
    outer loop
      vertex -61.2 9.742820325493813 0
      vertex -61.10614674985409 9.789103622734547 0
      vertex -61.2 9.742820325493813 3
    endloop
  endfacet
  facet normal 0.3214394875653657 -0.9469301219381052 0
    outer loop
      vertex -61.00705523490906 9.822740662097932 0
      vertex -61.10614674985409 9.789103622734547 3
      vertex -61.10614674985409 9.789103622734547 0
    endloop
  endfacet
  facet normal 0.1950902883977413 -0.9807852870903427 0
    outer loop
      vertex -60.90442095398903 9.843155886232854 0
      vertex -60.90442095398903 9.843155886232854 3
      vertex -61.00705523490906 9.822740662097932 3
    endloop
  endfacet
  facet normal 0.0654031289415513 -0.9978589232575188 0
    outer loop
      vertex -60.80000000149012 9.849999997019768 0
      vertex -60.80000000149012 9.849999997019768 3
      vertex -60.90442095398903 9.843155886232854 3
    endloop
  endfacet
  facet normal 0.4422886611100638 -0.896872755887627 0
    outer loop
      vertex -61.10614674985409 9.789103622734547 0
      vertex -61.10614674985409 9.789103622734547 3
      vertex -61.2 9.742820325493813 3
    endloop
  endfacet
  facet normal 0.3214394875653657 -0.9469301219381052 0
    outer loop
      vertex -61.00705523490906 9.822740662097932 0
      vertex -61.00705523490906 9.822740662097932 3
      vertex -61.10614674985409 9.789103622734547 3
    endloop
  endfacet
  facet normal -0.4422886611100638 0.896872755887627 0
    outer loop
      vertex -77.09385325014591 -6.139103625714778 0
      vertex -77 -6.092820328474044 3
      vertex -77 -6.092820328474044 0
    endloop
  endfacet
  facet normal -0.6593458520432712 0.7518397750806568 0
    outer loop
      vertex -76.91299085319042 -6.034682673215865 0
      vertex -76.83431457728148 -5.96568542420864 3
      vertex -76.83431457728148 -5.96568542420864 0
    endloop
  endfacet
  facet normal -0.4422886611100638 0.896872755887627 0
    outer loop
      vertex -77 -6.092820328474044 3
      vertex -77.09385325014591 -6.139103625714778 0
      vertex -77.09385325014591 -6.139103625714778 3
    endloop
  endfacet
  facet normal -0.6593458520432712 0.7518397750806568 0
    outer loop
      vertex -76.91299085319042 -6.034682673215865 0
      vertex -76.91299085319042 -6.034682673215865 3
      vertex -76.83431457728148 -5.96568542420864 3
    endloop
  endfacet
  facet normal -0.9807852870903427 0.1950902883977413 0
    outer loop
      vertex -76.62725933641195 -5.607055236399173 0
      vertex -76.62725933641195 -5.607055236399173 3
      vertex -76.60684411227703 -5.504420955479144 3
    endloop
  endfacet
  facet normal 0 1 0
    outer loop
      vertex -92.60000000149012 -6.199999999999999 0
      vertex -77.39999999850988 -6.199999999999999 3
      vertex -77.39999999850988 -6.199999999999999 0
    endloop
  endfacet
  facet normal 0 1 0
    outer loop
      vertex -77.39999999850988 -6.199999999999999 3
      vertex -92.60000000149012 -6.199999999999999 0
      vertex -92.60000000149012 -6.199999999999999 3
    endloop
  endfacet
  facet normal 0.1950902883977413 0.9807852870903427 0
    outer loop
      vertex -92.70442095398903 -6.1931558892130845 3
      vertex -92.70442095398903 -6.1931558892130845 0
      vertex -92.80705523490906 -6.172740665078162 0
    endloop
  endfacet
  facet normal 0.831469603224722 0.5555702466055247 0
    outer loop
      vertex -93.23468267172575 -5.887009148299693 0
      vertex -93.29282032698393 -5.800000001490115 0
      vertex -93.23468267172575 -5.887009148299693 3
    endloop
  endfacet
  facet normal 0.3214394875653657 0.9469301219381052 0
    outer loop
      vertex -92.80705523490906 -6.172740665078162 3
      vertex -92.90614674985409 -6.139103625714778 0
      vertex -92.90614674985409 -6.139103625714778 3
    endloop
  endfacet
  facet normal 0.831469603224722 0.5555702466055247 0
    outer loop
      vertex -93.29282032698393 -5.800000001490115 0
      vertex -93.29282032698393 -5.800000001490115 3
      vertex -93.23468267172575 -5.887009148299693 3
    endloop
  endfacet
  facet normal 0.9469301219381052 0.3214394875653657 0
    outer loop
      vertex -93.37274066358805 -5.607055236399173 3
      vertex -93.33910362422466 -5.706146751344203 3
      vertex -93.37274066358805 -5.607055236399173 0
    endloop
  endfacet
  facet normal -0.9807852870903427 0.1950902883977413 0
    outer loop
      vertex -76.60684411227703 -5.504420955479144 3
      vertex -76.60684411227703 -5.504420955479144 0
      vertex -76.62725933641195 -5.607055236399173 0
    endloop
  endfacet
  facet normal 1 0 0
    outer loop
      vertex -93.39999999850988 -5.4000000029802315 3
      vertex -93.39999999850988 7.500000002980233 0
      vertex -93.39999999850988 7.500000002980233 3
    endloop
  endfacet
  facet normal -0.9807852870903427 -0.1950902883977413 0
    outer loop
      vertex -76.60684411227703 7.604420955479146 0
      vertex -76.60684411227703 7.604420955479146 3
      vertex -76.62725933641195 7.7070552363991744 3
    endloop
  endfacet
  facet normal -0.9807852870903427 -0.1950902883977413 0
    outer loop
      vertex -76.62725933641195 7.7070552363991744 3
      vertex -76.62725933641195 7.7070552363991744 0
      vertex -76.60684411227703 7.604420955479146 0
    endloop
  endfacet
  facet normal -0.6593458520432712 -0.7518397750806568 0
    outer loop
      vertex -76.83431457728148 8.065685424208642 0
      vertex -76.91299085319042 8.134682673215867 3
      vertex -76.91299085319042 8.134682673215867 0
    endloop
  endfacet
  facet normal -0.6593458520432712 -0.7518397750806568 0
    outer loop
      vertex -76.83431457728148 8.065685424208642 0
      vertex -76.83431457728148 8.065685424208642 3
      vertex -76.91299085319042 8.134682673215867 3
    endloop
  endfacet
  facet normal -0.3214394875653657 -0.9469301219381052 0
    outer loop
      vertex -77.16817188635468 8.264331405237318 3
      vertex -77.19294476509094 8.272740665078164 3
      vertex -77.09385325014591 8.23910362571478 0
    endloop
  endfacet
  facet normal 0.1950902883977413 -0.9807852870903427 0
    outer loop
      vertex -92.70442095398903 8.293155889213086 3
      vertex -92.80705523490906 8.272740665078164 3
      vertex -92.70442095398903 8.293155889213086 0
    endloop
  endfacet
  facet normal 0.4422886611100638 -0.896872755887627 0
    outer loop
      vertex -92.97653668746352 8.204391152784229 3
      vertex -93 8.192820328474046 3
      vertex -92.90614674985409 8.23910362571478 0
    endloop
  endfacet
  facet normal 0.9807852870903427 -0.1950902883977413 0
    outer loop
      vertex -93.39315588772297 7.604420955479146 3
      vertex -93.37274066358805 7.7070552363991744 0
      vertex -93.37274066358805 7.7070552363991744 3
    endloop
  endfacet
  facet normal -1 0 0
    outer loop
      vertex -13.25 -15 3
      vertex -13.25 -15 88
      vertex -13.25 -9.1 3
    endloop
  endfacet
  facet normal 0 1 0
    outer loop
      vertex -7.75 -9.1 3
      vertex -13.25 -9.1 3
      vertex -10.761052384440102 -9.1 24.517110277252378
    endloop
  endfacet
  facet normal 0 1 0
    outer loop
      vertex -7.75 -9.1 3
      vertex -9.5 -9.1 24.76794919243112
      vertex -9.28247714198256 -9.1 24.91329331941753
    endloop
  endfacet
  facet normal 0 1 0
    outer loop
      vertex -7.75 -9.1 3
      vertex -10.238947615559898 -9.1 24.517110277252378
      vertex -9.982361909794959 -9.1 24.568148347421864
    endloop
  endfacet
  facet normal 0 1 0
    outer loop
      vertex -7.75 -9.1 3
      vertex -9.982361909794959 -9.1 24.568148347421864
      vertex -9.73463313526982 -9.1 24.652240934977428
    endloop
  endfacet
  facet normal 0 1 0
    outer loop
      vertex -7.75 -9.1 3
      vertex -9.73463313526982 -9.1 24.652240934977428
      vertex -9.5 -9.1 24.76794919243112
    endloop
  endfacet
  facet normal 0 1 0
    outer loop
      vertex -7.75 -9.1 3
      vertex -10.761052384440102 -9.1 24.517110277252378
      vertex -10.5 -9.1 24.5
    endloop
  endfacet
  facet normal 0 1 0
    outer loop
      vertex -7.75 -9.1 3
      vertex -10.5 -9.1 24.5
      vertex -10.238947615559898 -9.1 24.517110277252378
    endloop
  endfacet
  facet normal 0 1 0
    outer loop
      vertex -7.75 -9.1 3
      vertex -9.28247714198256 -9.1 24.91329331941753
      vertex -9.085786437626904 -9.1 25.085786437626904
    endloop
  endfacet
  facet normal 0 1 0
    outer loop
      vertex -7.75 -9.1 3
      vertex -9.085786437626904 -9.1 25.085786437626904
      vertex -8.91329331941753 -9.1 25.282477141982557
    endloop
  endfacet
  facet normal 0 1 0
    outer loop
      vertex -7.75 -9.1 3
      vertex -8.91329331941753 -9.1 25.282477141982557
      vertex -8.767949192431123 -9.1 25.5
    endloop
  endfacet
  facet normal 0 1 0
    outer loop
      vertex -7.75 -9.1 3
      vertex -8.767949192431123 -9.1 25.5
      vertex -8.652240934977426 -9.1 25.73463313526982
    endloop
  endfacet
  facet normal 0 1 0
    outer loop
      vertex -7.75 -9.1 3
      vertex -8.652240934977426 -9.1 25.73463313526982
      vertex -8.568148347421863 -9.1 25.98236190979496
    endloop
  endfacet
  facet normal 0 1 0
    outer loop
      vertex -13.25 -9.1 3
      vertex -11.017638090205041 -9.1 24.568148347421864
      vertex -10.761052384440102 -9.1 24.517110277252378
    endloop
  endfacet
  facet normal 0 1 0
    outer loop
      vertex -13.25 -9.1 3
      vertex -11.26536686473018 -9.1 24.652240934977428
      vertex -11.017638090205041 -9.1 24.568148347421864
    endloop
  endfacet
  facet normal 0 1 0
    outer loop
      vertex -7.75 -9.1 3
      vertex -8.568148347421863 -9.1 25.98236190979496
      vertex -8.51711027725238 -9.1 26.238947615559898
    endloop
  endfacet
  facet normal 0 1 0
    outer loop
      vertex -7.75 -9.1 3
      vertex -8.51711027725238 -9.1 26.238947615559898
      vertex -8.5 -9.1 26.5
    endloop
  endfacet
  facet normal 0 1 0
    outer loop
      vertex -13.25 -9.1 3
      vertex -11.5 -9.1 24.76794919243112
      vertex -11.26536686473018 -9.1 24.652240934977428
    endloop
  endfacet
  facet normal 0 1 0
    outer loop
      vertex -13.25 -9.1 3
      vertex -11.71752285801744 -9.1 24.91329331941753
      vertex -11.5 -9.1 24.76794919243112
    endloop
  endfacet
  facet normal 0 1 0
    outer loop
      vertex -13.25 -9.1 3
      vertex -11.914213562373096 -9.1 25.085786437626904
      vertex -11.71752285801744 -9.1 24.91329331941753
    endloop
  endfacet
  facet normal 0 1 0
    outer loop
      vertex -13.25 -9.1 3
      vertex -12.08670668058247 -9.1 25.282477141982557
      vertex -11.914213562373096 -9.1 25.085786437626904
    endloop
  endfacet
  facet normal 0 1 0
    outer loop
      vertex -13.25 -9.1 3
      vertex -12.232050807568877 -9.1 25.5
      vertex -12.08670668058247 -9.1 25.282477141982557
    endloop
  endfacet
  facet normal 0 1 0
    outer loop
      vertex -13.25 -9.1 3
      vertex -12.347759065022574 -9.1 25.73463313526982
      vertex -12.232050807568877 -9.1 25.5
    endloop
  endfacet
  facet normal 0 1 0
    outer loop
      vertex -13.25 -9.1 3
      vertex -12.431851652578137 -9.1 25.98236190979496
      vertex -12.347759065022574 -9.1 25.73463313526982
    endloop
  endfacet
  facet normal 0 1 0
    outer loop
      vertex -13.25 -9.1 3
      vertex -12.48288972274762 -9.1 26.238947615559898
      vertex -12.431851652578137 -9.1 25.98236190979496
    endloop
  endfacet
  facet normal 0 1 0
    outer loop
      vertex -13.25 -9.1 3
      vertex -12.5 -9.1 26.5
      vertex -12.48288972274762 -9.1 26.238947615559898
    endloop
  endfacet
  facet normal 1 0 0
    outer loop
      vertex -7.75 -15 3
      vertex -7.75 -9.1 3
      vertex -7.75 -9.1 88
    endloop
  endfacet
  facet normal 0 1 0
    outer loop
      vertex -7.75 -9.1 3
      vertex -8.5 -9.1 26.5
      vertex -7.75 -9.1 88
    endloop
  endfacet
  facet normal 0 1 0
    outer loop
      vertex -13.25 -9.1 3
      vertex -10.761052384440102 -9.1 82.51711027725239
      vertex -12.5 -9.1 26.5
    endloop
  endfacet
  facet normal 1 0 0
    outer loop
      vertex -7.75 -15 3
      vertex -7.75 -9.1 88
      vertex -7.75 -15 88
    endloop
  endfacet
  facet normal 0 0 1
    outer loop
      vertex -7.75 -15 88
      vertex -7.75 -9.1 88
      vertex -13.25 -15 88
    endloop
  endfacet
  facet normal 0 1 0
    outer loop
      vertex -12.48288972274762 -9.1 26.761052384440102
      vertex -10.761052384440102 -9.1 82.51711027725239
      vertex -12.431851652578137 -9.1 27.01763809020504
    endloop
  endfacet
  facet normal 0 1 0
    outer loop
      vertex -8.5 -9.1 26.5
      vertex -8.51711027725238 -9.1 26.761052384440102
      vertex -7.75 -9.1 88
    endloop
  endfacet
  facet normal 0 1 0
    outer loop
      vertex -8.51711027725238 -9.1 26.761052384440102
      vertex -8.568148347421863 -9.1 27.01763809020504
      vertex -7.75 -9.1 88
    endloop
  endfacet
  facet normal 0 1 0
    outer loop
      vertex -8.568148347421863 -9.1 27.01763809020504
      vertex -8.652240934977426 -9.1 27.26536686473018
      vertex -7.75 -9.1 88
    endloop
  endfacet
  facet normal 0 1 0
    outer loop
      vertex -8.652240934977426 -9.1 27.26536686473018
      vertex -8.767949192431123 -9.1 27.5
      vertex -7.75 -9.1 88
    endloop
  endfacet
  facet normal 0 1 0
    outer loop
      vertex -8.767949192431123 -9.1 27.5
      vertex -8.91329331941753 -9.1 27.717522858017443
      vertex -7.75 -9.1 88
    endloop
  endfacet
  facet normal 0 1 0
    outer loop
      vertex -12.431851652578137 -9.1 27.01763809020504
      vertex -7.75 -9.1 88
      vertex -12.347759065022574 -9.1 27.26536686473018
    endloop
  endfacet
  facet normal 0 1 0
    outer loop
      vertex -12.347759065022574 -9.1 27.26536686473018
      vertex -7.75 -9.1 88
      vertex -12.232050807568877 -9.1 27.5
    endloop
  endfacet
  facet normal 0 1 0
    outer loop
      vertex -12.232050807568877 -9.1 27.5
      vertex -7.75 -9.1 88
      vertex -12.08670668058247 -9.1 27.717522858017443
    endloop
  endfacet
  facet normal 0 1 0
    outer loop
      vertex -12.5 -9.1 26.5
      vertex -10.761052384440102 -9.1 82.51711027725239
      vertex -12.48288972274762 -9.1 26.761052384440102
    endloop
  endfacet
  facet normal 0 1 0
    outer loop
      vertex -8.91329331941753 -9.1 27.717522858017443
      vertex -9.085786437626904 -9.1 27.914213562373096
      vertex -7.75 -9.1 88
    endloop
  endfacet
  facet normal 0 1 0
    outer loop
      vertex -9.085786437626904 -9.1 27.914213562373096
      vertex -9.28247714198256 -9.1 28.08670668058247
      vertex -7.75 -9.1 88
    endloop
  endfacet
  facet normal 0 1 0
    outer loop
      vertex -9.28247714198256 -9.1 28.08670668058247
      vertex -9.5 -9.1 28.23205080756888
      vertex -7.75 -9.1 88
    endloop
  endfacet
  facet normal 0 1 0
    outer loop
      vertex -9.5 -9.1 28.23205080756888
      vertex -9.73463313526982 -9.1 28.347759065022572
      vertex -7.75 -9.1 88
    endloop
  endfacet
  facet normal 0 1 0
    outer loop
      vertex -9.73463313526982 -9.1 28.347759065022572
      vertex -9.982361909794959 -9.1 28.431851652578136
      vertex -7.75 -9.1 88
    endloop
  endfacet
  facet normal 0 1 0
    outer loop
      vertex -9.982361909794959 -9.1 28.431851652578136
      vertex -10.238947615559898 -9.1 28.482889722747622
      vertex -7.75 -9.1 88
    endloop
  endfacet
  facet normal 0 1 0
    outer loop
      vertex -10.5 -9.1 28.5
      vertex -10.761052384440102 -9.1 28.482889722747622
      vertex -7.75 -9.1 88
    endloop
  endfacet
  facet normal 0 1 0
    outer loop
      vertex -10.238947615559898 -9.1 28.482889722747622
      vertex -10.5 -9.1 28.5
      vertex -7.75 -9.1 88
    endloop
  endfacet
  facet normal 0 1 0
    outer loop
      vertex -10.761052384440102 -9.1 28.482889722747622
      vertex -11.017638090205041 -9.1 28.431851652578136
      vertex -7.75 -9.1 88
    endloop
  endfacet
  facet normal 0 1 0
    outer loop
      vertex -11.71752285801744 -9.1 28.08670668058247
      vertex -7.75 -9.1 88
      vertex -11.5 -9.1 28.23205080756888
    endloop
  endfacet
  facet normal 0 1 0
    outer loop
      vertex -12.08670668058247 -9.1 27.717522858017443
      vertex -7.75 -9.1 88
      vertex -11.914213562373096 -9.1 27.914213562373096
    endloop
  endfacet
  facet normal 0 1 0
    outer loop
      vertex -11.71752285801744 -9.1 28.08670668058247
      vertex -11.914213562373096 -9.1 27.914213562373096
      vertex -7.75 -9.1 88
    endloop
  endfacet
  facet normal 0 1 0
    outer loop
      vertex -11.017638090205041 -9.1 28.431851652578136
      vertex -11.26536686473018 -9.1 28.347759065022572
      vertex -7.75 -9.1 88
    endloop
  endfacet
  facet normal 0 1 0
    outer loop
      vertex -11.26536686473018 -9.1 28.347759065022572
      vertex -11.5 -9.1 28.23205080756888
      vertex -7.75 -9.1 88
    endloop
  endfacet
  facet normal 0 1 0
    outer loop
      vertex -13.25 -9.1 3
      vertex -11.26536686473018 -9.1 82.65224093497743
      vertex -11.017638090205041 -9.1 82.56814834742187
    endloop
  endfacet
  facet normal 0 1 0
    outer loop
      vertex -13.25 -9.1 3
      vertex -11.017638090205041 -9.1 82.56814834742187
      vertex -10.761052384440102 -9.1 82.51711027725239
    endloop
  endfacet
  facet normal 0 1 0
    outer loop
      vertex -13.25 -9.1 3
      vertex -11.5 -9.1 82.76794919243112
      vertex -11.26536686473018 -9.1 82.65224093497743
    endloop
  endfacet
  facet normal 0 1 0
    outer loop
      vertex -13.25 -9.1 3
      vertex -11.71752285801744 -9.1 82.91329331941753
      vertex -11.5 -9.1 82.76794919243112
    endloop
  endfacet
  facet normal -1 0 0
    outer loop
      vertex -13.25 -9.1 3
      vertex -13.25 -15 88
      vertex -13.25 -9.1 88
    endloop
  endfacet
  facet normal 0 1 0
    outer loop
      vertex -13.25 -9.1 3
      vertex -11.914213562373096 -9.1 83.08578643762691
      vertex -11.71752285801744 -9.1 82.91329331941753
    endloop
  endfacet
  facet normal 0 1 0
    outer loop
      vertex -13.25 -9.1 3
      vertex -12.08670668058247 -9.1 83.28247714198255
      vertex -11.914213562373096 -9.1 83.08578643762691
    endloop
  endfacet
  facet normal 0 1 0
    outer loop
      vertex -13.25 -9.1 3
      vertex -12.232050807568877 -9.1 83.5
      vertex -12.08670668058247 -9.1 83.28247714198255
    endloop
  endfacet
  facet normal 0 1 0
    outer loop
      vertex -13.25 -9.1 3
      vertex -12.347759065022574 -9.1 83.73463313526982
      vertex -12.232050807568877 -9.1 83.5
    endloop
  endfacet
  facet normal 0 1 0
    outer loop
      vertex -13.25 -9.1 3
      vertex -12.431851652578137 -9.1 83.98236190979496
      vertex -12.347759065022574 -9.1 83.73463313526982
    endloop
  endfacet
  facet normal 0 1 0
    outer loop
      vertex -13.25 -9.1 3
      vertex -12.48288972274762 -9.1 84.2389476155599
      vertex -12.431851652578137 -9.1 83.98236190979496
    endloop
  endfacet
  facet normal 0 1 0
    outer loop
      vertex -13.25 -9.1 3
      vertex -12.5 -9.1 84.5
      vertex -12.48288972274762 -9.1 84.2389476155599
    endloop
  endfacet
  facet normal 0 1 0
    outer loop
      vertex -13.25 -9.1 3
      vertex -13.25 -9.1 88
      vertex -12.5 -9.1 84.5
    endloop
  endfacet
  facet normal 0 1 0
    outer loop
      vertex -12.431851652578137 -9.1 27.01763809020504
      vertex -9.5 -9.1 82.76794919243112
      vertex -9.28247714198256 -9.1 82.91329331941753
    endloop
  endfacet
  facet normal 0 1 0
    outer loop
      vertex -12.431851652578137 -9.1 27.01763809020504
      vertex -9.73463313526982 -9.1 82.65224093497743
      vertex -9.5 -9.1 82.76794919243112
    endloop
  endfacet
  facet normal 0 1 0
    outer loop
      vertex -12.431851652578137 -9.1 27.01763809020504
      vertex -10.238947615559898 -9.1 82.51711027725239
      vertex -9.982361909794959 -9.1 82.56814834742187
    endloop
  endfacet
  facet normal 0 1 0
    outer loop
      vertex -12.431851652578137 -9.1 27.01763809020504
      vertex -9.982361909794959 -9.1 82.56814834742187
      vertex -9.73463313526982 -9.1 82.65224093497743
    endloop
  endfacet
  facet normal 0 1 0
    outer loop
      vertex -12.431851652578137 -9.1 27.01763809020504
      vertex -9.085786437626904 -9.1 83.08578643762691
      vertex -8.91329331941753 -9.1 83.28247714198255
    endloop
  endfacet
  facet normal 0 1 0
    outer loop
      vertex -12.431851652578137 -9.1 27.01763809020504
      vertex -9.28247714198256 -9.1 82.91329331941753
      vertex -9.085786437626904 -9.1 83.08578643762691
    endloop
  endfacet
  facet normal 0 1 0
    outer loop
      vertex -12.431851652578137 -9.1 27.01763809020504
      vertex -8.91329331941753 -9.1 83.28247714198255
      vertex -8.767949192431123 -9.1 83.5
    endloop
  endfacet
  facet normal 0 1 0
    outer loop
      vertex -12.431851652578137 -9.1 27.01763809020504
      vertex -10.5 -9.1 82.5
      vertex -10.238947615559898 -9.1 82.51711027725239
    endloop
  endfacet
  facet normal 0 1 0
    outer loop
      vertex -12.431851652578137 -9.1 27.01763809020504
      vertex -10.761052384440102 -9.1 82.51711027725239
      vertex -10.5 -9.1 82.5
    endloop
  endfacet
  facet normal 0 1 0
    outer loop
      vertex -12.431851652578137 -9.1 27.01763809020504
      vertex -8.652240934977426 -9.1 83.73463313526982
      vertex -8.568148347421863 -9.1 83.98236190979496
    endloop
  endfacet
  facet normal 0 1 0
    outer loop
      vertex -12.431851652578137 -9.1 27.01763809020504
      vertex -8.568148347421863 -9.1 83.98236190979496
      vertex -8.51711027725238 -9.1 84.2389476155599
    endloop
  endfacet
  facet normal 0 1 0
    outer loop
      vertex -12.431851652578137 -9.1 27.01763809020504
      vertex -8.767949192431123 -9.1 83.5
      vertex -8.652240934977426 -9.1 83.73463313526982
    endloop
  endfacet
  facet normal 0 1 0
    outer loop
      vertex -12.431851652578137 -9.1 27.01763809020504
      vertex -8.51711027725238 -9.1 84.2389476155599
      vertex -7.75 -9.1 88
    endloop
  endfacet
  facet normal 0 0 1
    outer loop
      vertex -13.25 -15 88
      vertex -7.75 -9.1 88
      vertex -13.25 -9.1 88
    endloop
  endfacet
  facet normal 0 1 0
    outer loop
      vertex -8.51711027725238 -9.1 84.2389476155599
      vertex -8.5 -9.1 84.5
      vertex -7.75 -9.1 88
    endloop
  endfacet
  facet normal 0 1 0
    outer loop
      vertex -7.75 -9.1 88
      vertex -8.5 -9.1 84.5
      vertex -8.51711027725238 -9.1 84.7610523844401
    endloop
  endfacet
  facet normal 0 1 0
    outer loop
      vertex -7.75 -9.1 88
      vertex -8.51711027725238 -9.1 84.7610523844401
      vertex -8.568148347421863 -9.1 85.01763809020504
    endloop
  endfacet
  facet normal 0 1 0
    outer loop
      vertex -7.75 -9.1 88
      vertex -8.568148347421863 -9.1 85.01763809020504
      vertex -8.652240934977426 -9.1 85.26536686473018
    endloop
  endfacet
  facet normal 0 1 0
    outer loop
      vertex -7.75 -9.1 88
      vertex -8.652240934977426 -9.1 85.26536686473018
      vertex -8.767949192431123 -9.1 85.5
    endloop
  endfacet
  facet normal 0 1 0
    outer loop
      vertex -7.75 -9.1 88
      vertex -8.767949192431123 -9.1 85.5
      vertex -8.91329331941753 -9.1 85.71752285801745
    endloop
  endfacet
  facet normal 0 1 0
    outer loop
      vertex -7.75 -9.1 88
      vertex -8.91329331941753 -9.1 85.71752285801745
      vertex -9.085786437626904 -9.1 85.91421356237309
    endloop
  endfacet
  facet normal 0 1 0
    outer loop
      vertex -7.75 -9.1 88
      vertex -9.085786437626904 -9.1 85.91421356237309
      vertex -9.28247714198256 -9.1 86.08670668058247
    endloop
  endfacet
  facet normal 0 1 0
    outer loop
      vertex -7.75 -9.1 88
      vertex -9.28247714198256 -9.1 86.08670668058247
      vertex -9.5 -9.1 86.23205080756888
    endloop
  endfacet
  facet normal 0 1 0
    outer loop
      vertex -7.75 -9.1 88
      vertex -9.5 -9.1 86.23205080756888
      vertex -9.73463313526982 -9.1 86.34775906502257
    endloop
  endfacet
  facet normal 0 1 0
    outer loop
      vertex -7.75 -9.1 88
      vertex -9.73463313526982 -9.1 86.34775906502257
      vertex -9.982361909794959 -9.1 86.43185165257813
    endloop
  endfacet
  facet normal 0 1 0
    outer loop
      vertex -7.75 -9.1 88
      vertex -9.982361909794959 -9.1 86.43185165257813
      vertex -10.238947615559898 -9.1 86.48288972274761
    endloop
  endfacet
  facet normal 0 1 0
    outer loop
      vertex -7.75 -9.1 88
      vertex -10.238947615559898 -9.1 86.48288972274761
      vertex -10.5 -9.1 86.5
    endloop
  endfacet
  facet normal 0 1 0
    outer loop
      vertex -10.761052384440102 -9.1 86.48288972274761
      vertex -13.25 -9.1 88
      vertex -10.5 -9.1 86.5
    endloop
  endfacet
  facet normal 0 1 0
    outer loop
      vertex -10.761052384440102 -9.1 86.48288972274761
      vertex -11.017638090205041 -9.1 86.43185165257813
      vertex -13.25 -9.1 88
    endloop
  endfacet
  facet normal 0 1 0
    outer loop
      vertex -11.017638090205041 -9.1 86.43185165257813
      vertex -11.26536686473018 -9.1 86.34775906502257
      vertex -13.25 -9.1 88
    endloop
  endfacet
  facet normal 0 1 0
    outer loop
      vertex -12.5 -9.1 84.5
      vertex -13.25 -9.1 88
      vertex -12.48288972274762 -9.1 84.7610523844401
    endloop
  endfacet
  facet normal 0 1 0
    outer loop
      vertex -12.48288972274762 -9.1 84.7610523844401
      vertex -13.25 -9.1 88
      vertex -12.431851652578137 -9.1 85.01763809020504
    endloop
  endfacet
  facet normal 0 1 0
    outer loop
      vertex -12.431851652578137 -9.1 85.01763809020504
      vertex -13.25 -9.1 88
      vertex -12.347759065022574 -9.1 85.26536686473018
    endloop
  endfacet
  facet normal 0 1 0
    outer loop
      vertex -12.347759065022574 -9.1 85.26536686473018
      vertex -13.25 -9.1 88
      vertex -12.232050807568877 -9.1 85.5
    endloop
  endfacet
  facet normal 0 1 0
    outer loop
      vertex -12.232050807568877 -9.1 85.5
      vertex -13.25 -9.1 88
      vertex -12.08670668058247 -9.1 85.71752285801745
    endloop
  endfacet
  facet normal 0 1 0
    outer loop
      vertex -11.71752285801744 -9.1 86.08670668058247
      vertex -11.914213562373096 -9.1 85.91421356237309
      vertex -13.25 -9.1 88
    endloop
  endfacet
  facet normal 0 1 0
    outer loop
      vertex -11.71752285801744 -9.1 86.08670668058247
      vertex -13.25 -9.1 88
      vertex -11.5 -9.1 86.23205080756888
    endloop
  endfacet
  facet normal 0 1 0
    outer loop
      vertex -12.08670668058247 -9.1 85.71752285801745
      vertex -13.25 -9.1 88
      vertex -11.914213562373096 -9.1 85.91421356237309
    endloop
  endfacet
  facet normal 0 1 0
    outer loop
      vertex -11.26536686473018 -9.1 86.34775906502257
      vertex -11.5 -9.1 86.23205080756888
      vertex -13.25 -9.1 88
    endloop
  endfacet
  facet normal 0 1 0
    outer loop
      vertex -7.75 -9.1 88
      vertex -10.5 -9.1 86.5
      vertex -13.25 -9.1 88
    endloop
  endfacet
  facet normal -1 0 0
    outer loop
      vertex -62.25 -15 3
      vertex -62.25 -15 88
      vertex -62.25 -9.1 3
    endloop
  endfacet
  facet normal 0 1 0
    outer loop
      vertex -56.75 -9.1 3
      vertex -62.25 -9.1 3
      vertex -59.761052384440106 -9.1 24.517110277252378
    endloop
  endfacet
  facet normal 0 1 0
    outer loop
      vertex -56.75 -9.1 3
      vertex -57.91329331941753 -9.1 25.282477141982557
      vertex -57.767949192431125 -9.1 25.5
    endloop
  endfacet
  facet normal 0 1 0
    outer loop
      vertex -56.75 -9.1 3
      vertex -57.767949192431125 -9.1 25.5
      vertex -57.65224093497743 -9.1 25.73463313526982
    endloop
  endfacet
  facet normal 0 1 0
    outer loop
      vertex -56.75 -9.1 3
      vertex -57.65224093497743 -9.1 25.73463313526982
      vertex -57.56814834742186 -9.1 25.98236190979496
    endloop
  endfacet
  facet normal 0 1 0
    outer loop
      vertex -56.75 -9.1 3
      vertex -58.73463313526982 -9.1 24.652240934977428
      vertex -58.5 -9.1 24.76794919243112
    endloop
  endfacet
  facet normal 0 1 0
    outer loop
      vertex -56.75 -9.1 3
      vertex -58.5 -9.1 24.76794919243112
      vertex -58.28247714198256 -9.1 24.91329331941753
    endloop
  endfacet
  facet normal 0 1 0
    outer loop
      vertex -56.75 -9.1 3
      vertex -59.5 -9.1 24.5
      vertex -59.238947615559894 -9.1 24.517110277252378
    endloop
  endfacet
  facet normal 0 1 0
    outer loop
      vertex -56.75 -9.1 3
      vertex -59.238947615559894 -9.1 24.517110277252378
      vertex -58.98236190979496 -9.1 24.568148347421864
    endloop
  endfacet
  facet normal 0 1 0
    outer loop
      vertex -56.75 -9.1 3
      vertex -58.98236190979496 -9.1 24.568148347421864
      vertex -58.73463313526982 -9.1 24.652240934977428
    endloop
  endfacet
  facet normal 0 1 0
    outer loop
      vertex -56.75 -9.1 3
      vertex -59.761052384440106 -9.1 24.517110277252378
      vertex -59.5 -9.1 24.5
    endloop
  endfacet
  facet normal 0 1 0
    outer loop
      vertex -56.75 -9.1 3
      vertex -58.28247714198256 -9.1 24.91329331941753
      vertex -58.08578643762691 -9.1 25.085786437626904
    endloop
  endfacet
  facet normal 0 1 0
    outer loop
      vertex -56.75 -9.1 3
      vertex -58.08578643762691 -9.1 25.085786437626904
      vertex -57.91329331941753 -9.1 25.282477141982557
    endloop
  endfacet
  facet normal 0 1 0
    outer loop
      vertex -56.75 -9.1 3
      vertex -57.56814834742186 -9.1 25.98236190979496
      vertex -57.51711027725238 -9.1 26.238947615559898
    endloop
  endfacet
  facet normal 0 1 0
    outer loop
      vertex -56.75 -9.1 3
      vertex -57.51711027725238 -9.1 26.238947615559898
      vertex -57.5 -9.1 26.5
    endloop
  endfacet
  facet normal 0 1 0
    outer loop
      vertex -62.25 -9.1 3
      vertex -60.01763809020504 -9.1 24.568148347421864
      vertex -59.761052384440106 -9.1 24.517110277252378
    endloop
  endfacet
  facet normal 0 1 0
    outer loop
      vertex -62.25 -9.1 3
      vertex -60.5 -9.1 24.76794919243112
      vertex -60.26536686473018 -9.1 24.652240934977428
    endloop
  endfacet
  facet normal 0 1 0
    outer loop
      vertex -62.25 -9.1 3
      vertex -60.26536686473018 -9.1 24.652240934977428
      vertex -60.01763809020504 -9.1 24.568148347421864
    endloop
  endfacet
  facet normal 0 1 0
    outer loop
      vertex -62.25 -9.1 3
      vertex -60.71752285801744 -9.1 24.91329331941753
      vertex -60.5 -9.1 24.76794919243112
    endloop
  endfacet
  facet normal 0 1 0
    outer loop
      vertex -62.25 -9.1 3
      vertex -60.91421356237309 -9.1 25.085786437626904
      vertex -60.71752285801744 -9.1 24.91329331941753
    endloop
  endfacet
  facet normal 0 1 0
    outer loop
      vertex -62.25 -9.1 3
      vertex -61.08670668058247 -9.1 25.282477141982557
      vertex -60.91421356237309 -9.1 25.085786437626904
    endloop
  endfacet
  facet normal 0 1 0
    outer loop
      vertex -62.25 -9.1 3
      vertex -61.232050807568875 -9.1 25.5
      vertex -61.08670668058247 -9.1 25.282477141982557
    endloop
  endfacet
  facet normal 0 1 0
    outer loop
      vertex -62.25 -9.1 3
      vertex -61.34775906502257 -9.1 25.73463313526982
      vertex -61.232050807568875 -9.1 25.5
    endloop
  endfacet
  facet normal 0 1 0
    outer loop
      vertex -62.25 -9.1 3
      vertex -61.43185165257814 -9.1 25.98236190979496
      vertex -61.34775906502257 -9.1 25.73463313526982
    endloop
  endfacet
  facet normal 0 1 0
    outer loop
      vertex -62.25 -9.1 3
      vertex -61.48288972274762 -9.1 26.238947615559898
      vertex -61.43185165257814 -9.1 25.98236190979496
    endloop
  endfacet
  facet normal 0 1 0
    outer loop
      vertex -62.25 -9.1 3
      vertex -61.5 -9.1 26.5
      vertex -61.48288972274762 -9.1 26.238947615559898
    endloop
  endfacet
  facet normal 1 0 0
    outer loop
      vertex -56.75 -15 3
      vertex -56.75 -9.1 3
      vertex -56.75 -9.1 88
    endloop
  endfacet
  facet normal 0 1 0
    outer loop
      vertex -56.75 -9.1 3
      vertex -57.5 -9.1 26.5
      vertex -56.75 -9.1 88
    endloop
  endfacet
  facet normal 0 1 0
    outer loop
      vertex -62.25 -9.1 3
      vertex -59.761052384440106 -9.1 82.51711027725239
      vertex -61.5 -9.1 26.5
    endloop
  endfacet
  facet normal 1 0 0
    outer loop
      vertex -56.75 -15 3
      vertex -56.75 -9.1 88
      vertex -56.75 -15 88
    endloop
  endfacet
  facet normal 0 0 1
    outer loop
      vertex -56.75 -15 88
      vertex -56.75 -9.1 88
      vertex -62.25 -15 88
    endloop
  endfacet
  facet normal 0 1 0
    outer loop
      vertex -57.5 -9.1 26.5
      vertex -57.51711027725238 -9.1 26.761052384440102
      vertex -56.75 -9.1 88
    endloop
  endfacet
  facet normal 0 1 0
    outer loop
      vertex -57.51711027725238 -9.1 26.761052384440102
      vertex -57.56814834742186 -9.1 27.01763809020504
      vertex -56.75 -9.1 88
    endloop
  endfacet
  facet normal 0 1 0
    outer loop
      vertex -57.56814834742186 -9.1 27.01763809020504
      vertex -57.65224093497743 -9.1 27.26536686473018
      vertex -56.75 -9.1 88
    endloop
  endfacet
  facet normal 0 1 0
    outer loop
      vertex -57.65224093497743 -9.1 27.26536686473018
      vertex -57.767949192431125 -9.1 27.5
      vertex -56.75 -9.1 88
    endloop
  endfacet
  facet normal 0 1 0
    outer loop
      vertex -57.767949192431125 -9.1 27.5
      vertex -57.91329331941753 -9.1 27.717522858017443
      vertex -56.75 -9.1 88
    endloop
  endfacet
  facet normal 0 1 0
    outer loop
      vertex -61.5 -9.1 26.5
      vertex -59.761052384440106 -9.1 82.51711027725239
      vertex -61.48288972274762 -9.1 26.761052384440102
    endloop
  endfacet
  facet normal 0 1 0
    outer loop
      vertex -61.48288972274762 -9.1 26.761052384440102
      vertex -59.761052384440106 -9.1 82.51711027725239
      vertex -61.43185165257814 -9.1 27.01763809020504
    endloop
  endfacet
  facet normal 0 1 0
    outer loop
      vertex -61.43185165257814 -9.1 27.01763809020504
      vertex -56.75 -9.1 88
      vertex -61.34775906502257 -9.1 27.26536686473018
    endloop
  endfacet
  facet normal 0 1 0
    outer loop
      vertex -61.34775906502257 -9.1 27.26536686473018
      vertex -56.75 -9.1 88
      vertex -61.232050807568875 -9.1 27.5
    endloop
  endfacet
  facet normal 0 1 0
    outer loop
      vertex -61.232050807568875 -9.1 27.5
      vertex -56.75 -9.1 88
      vertex -61.08670668058247 -9.1 27.717522858017443
    endloop
  endfacet
  facet normal 0 1 0
    outer loop
      vertex -57.91329331941753 -9.1 27.717522858017443
      vertex -58.08578643762691 -9.1 27.914213562373096
      vertex -56.75 -9.1 88
    endloop
  endfacet
  facet normal 0 1 0
    outer loop
      vertex -58.08578643762691 -9.1 27.914213562373096
      vertex -58.28247714198256 -9.1 28.08670668058247
      vertex -56.75 -9.1 88
    endloop
  endfacet
  facet normal 0 1 0
    outer loop
      vertex -58.28247714198256 -9.1 28.08670668058247
      vertex -58.5 -9.1 28.23205080756888
      vertex -56.75 -9.1 88
    endloop
  endfacet
  facet normal 0 1 0
    outer loop
      vertex -58.5 -9.1 28.23205080756888
      vertex -58.73463313526982 -9.1 28.347759065022572
      vertex -56.75 -9.1 88
    endloop
  endfacet
  facet normal 0 1 0
    outer loop
      vertex -58.73463313526982 -9.1 28.347759065022572
      vertex -58.98236190979496 -9.1 28.431851652578136
      vertex -56.75 -9.1 88
    endloop
  endfacet
  facet normal 0 1 0
    outer loop
      vertex -59.238947615559894 -9.1 28.482889722747622
      vertex -59.5 -9.1 28.5
      vertex -56.75 -9.1 88
    endloop
  endfacet
  facet normal 0 1 0
    outer loop
      vertex -58.98236190979496 -9.1 28.431851652578136
      vertex -59.238947615559894 -9.1 28.482889722747622
      vertex -56.75 -9.1 88
    endloop
  endfacet
  facet normal 0 1 0
    outer loop
      vertex -60.91421356237309 -9.1 27.914213562373096
      vertex -56.75 -9.1 88
      vertex -60.71752285801744 -9.1 28.08670668058247
    endloop
  endfacet
  facet normal 0 1 0
    outer loop
      vertex -60.71752285801744 -9.1 28.08670668058247
      vertex -56.75 -9.1 88
      vertex -60.5 -9.1 28.23205080756888
    endloop
  endfacet
  facet normal 0 1 0
    outer loop
      vertex -59.5 -9.1 28.5
      vertex -59.761052384440106 -9.1 28.482889722747622
      vertex -56.75 -9.1 88
    endloop
  endfacet
  facet normal 0 1 0
    outer loop
      vertex -60.01763809020504 -9.1 28.431851652578136
      vertex -60.26536686473018 -9.1 28.347759065022572
      vertex -56.75 -9.1 88
    endloop
  endfacet
  facet normal 0 1 0
    outer loop
      vertex -60.01763809020504 -9.1 28.431851652578136
      vertex -56.75 -9.1 88
      vertex -59.761052384440106 -9.1 28.482889722747622
    endloop
  endfacet
  facet normal 0 1 0
    outer loop
      vertex -60.5 -9.1 28.23205080756888
      vertex -56.75 -9.1 88
      vertex -60.26536686473018 -9.1 28.347759065022572
    endloop
  endfacet
  facet normal 0 1 0
    outer loop
      vertex -61.08670668058247 -9.1 27.717522858017443
      vertex -56.75 -9.1 88
      vertex -60.91421356237309 -9.1 27.914213562373096
    endloop
  endfacet
  facet normal 0 1 0
    outer loop
      vertex -62.25 -9.1 3
      vertex -60.01763809020504 -9.1 82.56814834742187
      vertex -59.761052384440106 -9.1 82.51711027725239
    endloop
  endfacet
  facet normal 0 1 0
    outer loop
      vertex -62.25 -9.1 3
      vertex -60.26536686473018 -9.1 82.65224093497743
      vertex -60.01763809020504 -9.1 82.56814834742187
    endloop
  endfacet
  facet normal 0 1 0
    outer loop
      vertex -62.25 -9.1 3
      vertex -60.5 -9.1 82.76794919243112
      vertex -60.26536686473018 -9.1 82.65224093497743
    endloop
  endfacet
  facet normal 0 1 0
    outer loop
      vertex -62.25 -9.1 3
      vertex -60.71752285801744 -9.1 82.91329331941753
      vertex -60.5 -9.1 82.76794919243112
    endloop
  endfacet
  facet normal -1 0 0
    outer loop
      vertex -62.25 -9.1 3
      vertex -62.25 -15 88
      vertex -62.25 -9.1 88
    endloop
  endfacet
  facet normal 0 1 0
    outer loop
      vertex -62.25 -9.1 3
      vertex -60.91421356237309 -9.1 83.08578643762691
      vertex -60.71752285801744 -9.1 82.91329331941753
    endloop
  endfacet
  facet normal 0 1 0
    outer loop
      vertex -62.25 -9.1 3
      vertex -61.08670668058247 -9.1 83.28247714198255
      vertex -60.91421356237309 -9.1 83.08578643762691
    endloop
  endfacet
  facet normal 0 1 0
    outer loop
      vertex -62.25 -9.1 3
      vertex -61.232050807568875 -9.1 83.5
      vertex -61.08670668058247 -9.1 83.28247714198255
    endloop
  endfacet
  facet normal 0 1 0
    outer loop
      vertex -62.25 -9.1 3
      vertex -61.34775906502257 -9.1 83.73463313526982
      vertex -61.232050807568875 -9.1 83.5
    endloop
  endfacet
  facet normal 0 1 0
    outer loop
      vertex -62.25 -9.1 3
      vertex -61.43185165257814 -9.1 83.98236190979496
      vertex -61.34775906502257 -9.1 83.73463313526982
    endloop
  endfacet
  facet normal 0 1 0
    outer loop
      vertex -62.25 -9.1 3
      vertex -61.48288972274762 -9.1 84.2389476155599
      vertex -61.43185165257814 -9.1 83.98236190979496
    endloop
  endfacet
  facet normal 0 1 0
    outer loop
      vertex -62.25 -9.1 3
      vertex -61.5 -9.1 84.5
      vertex -61.48288972274762 -9.1 84.2389476155599
    endloop
  endfacet
  facet normal 0 1 0
    outer loop
      vertex -62.25 -9.1 3
      vertex -62.25 -9.1 88
      vertex -61.5 -9.1 84.5
    endloop
  endfacet
  facet normal 0 1 0
    outer loop
      vertex -61.43185165257814 -9.1 27.01763809020504
      vertex -58.5 -9.1 82.76794919243112
      vertex -58.28247714198256 -9.1 82.91329331941753
    endloop
  endfacet
  facet normal 0 1 0
    outer loop
      vertex -61.43185165257814 -9.1 27.01763809020504
      vertex -58.28247714198256 -9.1 82.91329331941753
      vertex -58.08578643762691 -9.1 83.08578643762691
    endloop
  endfacet
  facet normal 0 1 0
    outer loop
      vertex -61.43185165257814 -9.1 27.01763809020504
      vertex -58.08578643762691 -9.1 83.08578643762691
      vertex -57.91329331941753 -9.1 83.28247714198255
    endloop
  endfacet
  facet normal 0 1 0
    outer loop
      vertex -61.43185165257814 -9.1 27.01763809020504
      vertex -57.91329331941753 -9.1 83.28247714198255
      vertex -57.767949192431125 -9.1 83.5
    endloop
  endfacet
  facet normal 0 1 0
    outer loop
      vertex -61.43185165257814 -9.1 27.01763809020504
      vertex -58.73463313526982 -9.1 82.65224093497743
      vertex -58.5 -9.1 82.76794919243112
    endloop
  endfacet
  facet normal 0 1 0
    outer loop
      vertex -61.43185165257814 -9.1 27.01763809020504
      vertex -58.98236190979496 -9.1 82.56814834742187
      vertex -58.73463313526982 -9.1 82.65224093497743
    endloop
  endfacet
  facet normal 0 1 0
    outer loop
      vertex -61.43185165257814 -9.1 27.01763809020504
      vertex -59.238947615559894 -9.1 82.51711027725239
      vertex -58.98236190979496 -9.1 82.56814834742187
    endloop
  endfacet
  facet normal 0 1 0
    outer loop
      vertex -61.43185165257814 -9.1 27.01763809020504
      vertex -59.5 -9.1 82.5
      vertex -59.238947615559894 -9.1 82.51711027725239
    endloop
  endfacet
  facet normal 0 1 0
    outer loop
      vertex -61.43185165257814 -9.1 27.01763809020504
      vertex -59.761052384440106 -9.1 82.51711027725239
      vertex -59.5 -9.1 82.5
    endloop
  endfacet
  facet normal 0 1 0
    outer loop
      vertex -61.43185165257814 -9.1 27.01763809020504
      vertex -57.767949192431125 -9.1 83.5
      vertex -57.65224093497743 -9.1 83.73463313526982
    endloop
  endfacet
  facet normal 0 1 0
    outer loop
      vertex -61.43185165257814 -9.1 27.01763809020504
      vertex -57.65224093497743 -9.1 83.73463313526982
      vertex -57.56814834742186 -9.1 83.98236190979496
    endloop
  endfacet
  facet normal 0 1 0
    outer loop
      vertex -61.43185165257814 -9.1 27.01763809020504
      vertex -57.56814834742186 -9.1 83.98236190979496
      vertex -57.51711027725238 -9.1 84.2389476155599
    endloop
  endfacet
  facet normal 0 1 0
    outer loop
      vertex -61.43185165257814 -9.1 27.01763809020504
      vertex -57.51711027725238 -9.1 84.2389476155599
      vertex -56.75 -9.1 88
    endloop
  endfacet
  facet normal 0 0 1
    outer loop
      vertex -62.25 -15 88
      vertex -56.75 -9.1 88
      vertex -62.25 -9.1 88
    endloop
  endfacet
  facet normal 0 1 0
    outer loop
      vertex -57.51711027725238 -9.1 84.2389476155599
      vertex -57.5 -9.1 84.5
      vertex -56.75 -9.1 88
    endloop
  endfacet
  facet normal 0 1 0
    outer loop
      vertex -57.5 -9.1 84.5
      vertex -57.51711027725238 -9.1 84.7610523844401
      vertex -56.75 -9.1 88
    endloop
  endfacet
  facet normal 0 1 0
    outer loop
      vertex -57.51711027725238 -9.1 84.7610523844401
      vertex -57.56814834742186 -9.1 85.01763809020504
      vertex -56.75 -9.1 88
    endloop
  endfacet
  facet normal 0 1 0
    outer loop
      vertex -57.56814834742186 -9.1 85.01763809020504
      vertex -57.65224093497743 -9.1 85.26536686473018
      vertex -56.75 -9.1 88
    endloop
  endfacet
  facet normal 0 1 0
    outer loop
      vertex -57.65224093497743 -9.1 85.26536686473018
      vertex -57.767949192431125 -9.1 85.5
      vertex -56.75 -9.1 88
    endloop
  endfacet
  facet normal 0 1 0
    outer loop
      vertex -57.767949192431125 -9.1 85.5
      vertex -57.91329331941753 -9.1 85.71752285801745
      vertex -56.75 -9.1 88
    endloop
  endfacet
  facet normal 0 1 0
    outer loop
      vertex -57.91329331941753 -9.1 85.71752285801745
      vertex -58.08578643762691 -9.1 85.91421356237309
      vertex -56.75 -9.1 88
    endloop
  endfacet
  facet normal 0 1 0
    outer loop
      vertex -58.08578643762691 -9.1 85.91421356237309
      vertex -58.28247714198256 -9.1 86.08670668058247
      vertex -56.75 -9.1 88
    endloop
  endfacet
  facet normal 0 1 0
    outer loop
      vertex -58.28247714198256 -9.1 86.08670668058247
      vertex -58.5 -9.1 86.23205080756888
      vertex -56.75 -9.1 88
    endloop
  endfacet
  facet normal 0 1 0
    outer loop
      vertex -58.5 -9.1 86.23205080756888
      vertex -58.73463313526982 -9.1 86.34775906502257
      vertex -56.75 -9.1 88
    endloop
  endfacet
  facet normal 0 1 0
    outer loop
      vertex -58.73463313526982 -9.1 86.34775906502257
      vertex -58.98236190979496 -9.1 86.43185165257813
      vertex -56.75 -9.1 88
    endloop
  endfacet
  facet normal 0 1 0
    outer loop
      vertex -59.238947615559894 -9.1 86.48288972274761
      vertex -59.5 -9.1 86.5
      vertex -56.75 -9.1 88
    endloop
  endfacet
  facet normal 0 1 0
    outer loop
      vertex -58.98236190979496 -9.1 86.43185165257813
      vertex -59.238947615559894 -9.1 86.48288972274761
      vertex -56.75 -9.1 88
    endloop
  endfacet
  facet normal 0 1 0
    outer loop
      vertex -61.5 -9.1 84.5
      vertex -62.25 -9.1 88
      vertex -61.48288972274762 -9.1 84.7610523844401
    endloop
  endfacet
  facet normal 0 1 0
    outer loop
      vertex -59.5 -9.1 86.5
      vertex -59.761052384440106 -9.1 86.48288972274761
      vertex -62.25 -9.1 88
    endloop
  endfacet
  facet normal 0 1 0
    outer loop
      vertex -61.08670668058247 -9.1 85.71752285801745
      vertex -62.25 -9.1 88
      vertex -60.91421356237309 -9.1 85.91421356237309
    endloop
  endfacet
  facet normal 0 1 0
    outer loop
      vertex -60.5 -9.1 86.23205080756888
      vertex -60.71752285801744 -9.1 86.08670668058247
      vertex -62.25 -9.1 88
    endloop
  endfacet
  facet normal 0 1 0
    outer loop
      vertex -60.91421356237309 -9.1 85.91421356237309
      vertex -62.25 -9.1 88
      vertex -60.71752285801744 -9.1 86.08670668058247
    endloop
  endfacet
  facet normal 0 1 0
    outer loop
      vertex -59.761052384440106 -9.1 86.48288972274761
      vertex -60.01763809020504 -9.1 86.43185165257813
      vertex -62.25 -9.1 88
    endloop
  endfacet
  facet normal 0 1 0
    outer loop
      vertex -60.5 -9.1 86.23205080756888
      vertex -62.25 -9.1 88
      vertex -60.26536686473018 -9.1 86.34775906502257
    endloop
  endfacet
  facet normal 0 1 0
    outer loop
      vertex -60.01763809020504 -9.1 86.43185165257813
      vertex -60.26536686473018 -9.1 86.34775906502257
      vertex -62.25 -9.1 88
    endloop
  endfacet
  facet normal 0 1 0
    outer loop
      vertex -61.48288972274762 -9.1 84.7610523844401
      vertex -62.25 -9.1 88
      vertex -61.43185165257814 -9.1 85.01763809020504
    endloop
  endfacet
  facet normal 0 1 0
    outer loop
      vertex -61.43185165257814 -9.1 85.01763809020504
      vertex -62.25 -9.1 88
      vertex -61.34775906502257 -9.1 85.26536686473018
    endloop
  endfacet
  facet normal 0 1 0
    outer loop
      vertex -61.34775906502257 -9.1 85.26536686473018
      vertex -62.25 -9.1 88
      vertex -61.232050807568875 -9.1 85.5
    endloop
  endfacet
  facet normal 0 1 0
    outer loop
      vertex -61.232050807568875 -9.1 85.5
      vertex -62.25 -9.1 88
      vertex -61.08670668058247 -9.1 85.71752285801745
    endloop
  endfacet
  facet normal 0 1 0
    outer loop
      vertex -59.5 -9.1 86.5
      vertex -62.25 -9.1 88
      vertex -56.75 -9.1 88
    endloop
  endfacet
  facet normal 0 -0.9971993098884563 0.07478994824163422
    outer loop
      vertex -2 -21 3
      vertex -5 -18 43
      vertex -5 -21 3
    endloop
  endfacet
  facet normal 1 0 0
    outer loop
      vertex -2 -21 3
      vertex -2 -18 3
      vertex -2 -18 43
    endloop
  endfacet
  facet normal -1 0 0
    outer loop
      vertex -5 -21 3
      vertex -5 -18 43
      vertex -5 -18 3
    endloop
  endfacet
  facet normal 0 -0.9971993098884563 0.07478994824163422
    outer loop
      vertex -2 -21 3
      vertex -2 -18 43
      vertex -5 -18 43
    endloop
  endfacet
  facet normal 1 0 0
    outer loop
      vertex -62 -21 3
      vertex -62 -18 3
      vertex -62 -18 43
    endloop
  endfacet
  facet normal 0 -0.9971993098884563 0.07478994824163422
    outer loop
      vertex -62 -21 3
      vertex -62 -18 43
      vertex -65 -18 43
    endloop
  endfacet
  facet normal 0 -0.9971993098884563 0.07478994824163422
    outer loop
      vertex -62 -21 3
      vertex -65 -18 43
      vertex -65 -21 3
    endloop
  endfacet
  facet normal -1 0 0
    outer loop
      vertex -65 -21 3
      vertex -65 -18 43
      vertex -65 -18 3
    endloop
  endfacet
  facet normal 0 -1 0
    outer loop
      vertex -5 -18 3
      vertex -5 -18 43
      vertex -62 -18 3
    endloop
  endfacet
  facet normal 1 0 0
    outer loop
      vertex -2 -18 3
      vertex -2 -15 3
      vertex -2 -15 90
    endloop
  endfacet
  facet normal 0 1 0
    outer loop
      vertex -2 -15 3
      vertex -7.75 -15 3
      vertex -7.75 -15 88
    endloop
  endfacet
  facet normal 0 -1 0
    outer loop
      vertex -62 -18 3
      vertex -5 -18 43
      vertex -62 -18 43
    endloop
  endfacet
  facet normal 0 1 0
    outer loop
      vertex -13.25 -15 3
      vertex -56.75 -15 3
      vertex -56.75 -15 88
    endloop
  endfacet
  facet normal -1 0 0
    outer loop
      vertex -65 -18 3
      vertex -65 -18 43
      vertex -65 -15 3
    endloop
  endfacet
  facet normal 0 1 0
    outer loop
      vertex -62.25 -15 3
      vertex -65 -15 3
      vertex -65 -15 90
    endloop
  endfacet
  facet normal 1 0 0
    outer loop
      vertex -2 -18 3
      vertex -2 -15 90
      vertex -2 -18 43
    endloop
  endfacet
  facet normal 0 -1 0
    outer loop
      vertex -2 -18 43
      vertex -2 -18 90
      vertex -5 -18 43
    endloop
  endfacet
  facet normal 0 1 0
    outer loop
      vertex -2 -15 3
      vertex -7.75 -15 88
      vertex -2 -15 90
    endloop
  endfacet
  facet normal 0 1 0
    outer loop
      vertex -13.25 -15 3
      vertex -56.75 -15 88
      vertex -13.25 -15 88
    endloop
  endfacet
  facet normal 0 -1 0
    outer loop
      vertex -5 -18 43
      vertex -65 -18 90
      vertex -62 -18 43
    endloop
  endfacet
  facet normal 0 1 0
    outer loop
      vertex -62.25 -15 3
      vertex -65 -15 90
      vertex -62.25 -15 88
    endloop
  endfacet
  facet normal 1 0 0
    outer loop
      vertex -2 -18 43
      vertex -2 -15 90
      vertex -2 -18 90
    endloop
  endfacet
  facet normal 0 -1 0
    outer loop
      vertex -5 -18 43
      vertex -2 -18 90
      vertex -65 -18 90
    endloop
  endfacet
  facet normal 0 0 1
    outer loop
      vertex -2 -18 90
      vertex -2 -15 90
      vertex -65 -18 90
    endloop
  endfacet
  facet normal 0 1 0
    outer loop
      vertex -2 -15 90
      vertex -7.75 -15 88
      vertex -65 -15 90
    endloop
  endfacet
  facet normal 0 1 0
    outer loop
      vertex -7.75 -15 88
      vertex -13.25 -15 88
      vertex -65 -15 90
    endloop
  endfacet
  facet normal 0 0 1
    outer loop
      vertex -2 -15 90
      vertex -65 -15 90
      vertex -65 -18 90
    endloop
  endfacet
  facet normal 0 1 0
    outer loop
      vertex -13.25 -15 88
      vertex -56.75 -15 88
      vertex -65 -15 90
    endloop
  endfacet
  facet normal 0 1 0
    outer loop
      vertex -56.75 -15 88
      vertex -62.25 -15 88
      vertex -65 -15 90
    endloop
  endfacet
  facet normal -1 0 0
    outer loop
      vertex -65 -15 3
      vertex -65 -18 43
      vertex -65 -18 90
    endloop
  endfacet
  facet normal 0 -1 0
    outer loop
      vertex -62 -18 43
      vertex -65 -18 90
      vertex -65 -18 43
    endloop
  endfacet
  facet normal -1 0 0
    outer loop
      vertex -65 -15 3
      vertex -65 -18 90
      vertex -65 -15 90
    endloop
  endfacet
  facet normal 0 1 0
    outer loop
      vertex -9.830303993361094 -14.1 82.88321081810525
      vertex -10.047066671070588 -14.1 82.80962980399413
      vertex -11.169696006638906 -14.1 82.88321081810525
    endloop
  endfacet
  facet normal 0 1 0
    outer loop
      vertex -9.830303993361094 -14.1 82.88321081810525
      vertex -11.375 -14.1 82.98445554337724
      vertex -9.625 -14.1 82.98445554337724
    endloop
  endfacet
  facet normal 0 1 0
    outer loop
      vertex -10.27157916361491 -14.1 82.76497149259583
      vertex -10.5 -14.1 82.75
      vertex -10.72842083638509 -14.1 82.76497149259583
    endloop
  endfacet
  facet normal 0 1 0
    outer loop
      vertex -10.27157916361491 -14.1 82.76497149259583
      vertex -10.72842083638509 -14.1 82.76497149259583
      vertex -10.952933328929412 -14.1 82.80962980399413
    endloop
  endfacet
  facet normal 0 1 0
    outer loop
      vertex -10.27157916361491 -14.1 82.76497149259583
      vertex -10.952933328929412 -14.1 82.80962980399413
      vertex -10.047066671070588 -14.1 82.80962980399413
    endloop
  endfacet
  facet normal 0 1 0
    outer loop
      vertex -10.047066671070588 -14.1 82.80962980399413
      vertex -10.952933328929412 -14.1 82.80962980399413
      vertex -11.169696006638906 -14.1 82.88321081810525
    endloop
  endfacet
  facet normal 0 1 0
    outer loop
      vertex -9.830303993361094 -14.1 82.88321081810525
      vertex -11.169696006638906 -14.1 82.88321081810525
      vertex -11.375 -14.1 82.98445554337724
    endloop
  endfacet
  facet normal 0 1 0
    outer loop
      vertex -9.625 -14.1 82.98445554337724
      vertex -11.565332500765262 -14.1 83.11163165449034
      vertex -9.434667499234738 -14.1 83.11163165449034
    endloop
  endfacet
  facet normal 0 1 0
    outer loop
      vertex -9.262563132923542 -14.1 83.26256313292355
      vertex -9.434667499234738 -14.1 83.11163165449034
      vertex -11.737436867076458 -14.1 83.26256313292355
    endloop
  endfacet
  facet normal 0 1 0
    outer loop
      vertex -9.625 -14.1 82.98445554337724
      vertex -11.375 -14.1 82.98445554337724
      vertex -11.565332500765262 -14.1 83.11163165449034
    endloop
  endfacet
  facet normal 0 1 0
    outer loop
      vertex -9.434667499234738 -14.1 83.11163165449034
      vertex -11.565332500765262 -14.1 83.11163165449034
      vertex -11.737436867076458 -14.1 83.26256313292355
    endloop
  endfacet
  facet normal 0 1 0
    outer loop
      vertex -9.262563132923542 -14.1 83.26256313292355
      vertex -11.888368345509662 -14.1 83.43466749923473
      vertex -9.111631654490338 -14.1 83.43466749923473
    endloop
  endfacet
  facet normal 0 1 0
    outer loop
      vertex -9.111631654490338 -14.1 83.43466749923473
      vertex -12.015544456622768 -14.1 83.625
      vertex -8.984455543377232 -14.1 83.625
    endloop
  endfacet
  facet normal 0 1 0
    outer loop
      vertex -9.262563132923542 -14.1 83.26256313292355
      vertex -11.737436867076458 -14.1 83.26256313292355
      vertex -11.888368345509662 -14.1 83.43466749923473
    endloop
  endfacet
  facet normal 0 1 0
    outer loop
      vertex -9.111631654490338 -14.1 83.43466749923473
      vertex -11.888368345509662 -14.1 83.43466749923473
      vertex -12.015544456622768 -14.1 83.625
    endloop
  endfacet
  facet normal 0 1 0
    outer loop
      vertex -8.984455543377232 -14.1 83.625
      vertex -12.116789181894752 -14.1 83.8303039933611
      vertex -8.883210818105248 -14.1 83.8303039933611
    endloop
  endfacet
  facet normal 0 1 0
    outer loop
      vertex -8.883210818105248 -14.1 83.8303039933611
      vertex -12.190370196005869 -14.1 84.0470666710706
      vertex -8.809629803994131 -14.1 84.0470666710706
    endloop
  endfacet
  facet normal 0 1 0
    outer loop
      vertex -8.809629803994131 -14.1 84.0470666710706
      vertex -12.235028507404168 -14.1 84.27157916361492
      vertex -8.764971492595832 -14.1 84.27157916361492
    endloop
  endfacet
  facet normal 0 1 0
    outer loop
      vertex -8.984455543377232 -14.1 83.625
      vertex -12.015544456622768 -14.1 83.625
      vertex -12.116789181894752 -14.1 83.8303039933611
    endloop
  endfacet
  facet normal 0 1 0
    outer loop
      vertex -8.883210818105248 -14.1 83.8303039933611
      vertex -12.116789181894752 -14.1 83.8303039933611
      vertex -12.190370196005869 -14.1 84.0470666710706
    endloop
  endfacet
  facet normal 0 1 0
    outer loop
      vertex -8.809629803994131 -14.1 84.0470666710706
      vertex -12.190370196005869 -14.1 84.0470666710706
      vertex -12.235028507404168 -14.1 84.27157916361492
    endloop
  endfacet
  facet normal 0 1 0
    outer loop
      vertex -8.764971492595832 -14.1 84.27157916361492
      vertex -12.235028507404168 -14.1 84.27157916361492
      vertex -12.25 -14.1 84.5
    endloop
  endfacet
  facet normal 0 1 0
    outer loop
      vertex -8.764971492595832 -14.1 84.27157916361492
      vertex -12.25 -14.1 84.5
      vertex -8.75 -14.1 84.5
    endloop
  endfacet
  facet normal 0 1 0
    outer loop
      vertex -8.75 -14.1 84.5
      vertex -12.235028507404168 -14.1 84.72842083638508
      vertex -8.764971492595832 -14.1 84.72842083638508
    endloop
  endfacet
  facet normal 0 1 0
    outer loop
      vertex -8.764971492595832 -14.1 84.72842083638508
      vertex -12.190370196005869 -14.1 84.9529333289294
      vertex -8.809629803994131 -14.1 84.9529333289294
    endloop
  endfacet
  facet normal 0 1 0
    outer loop
      vertex -8.75 -14.1 84.5
      vertex -12.25 -14.1 84.5
      vertex -12.235028507404168 -14.1 84.72842083638508
    endloop
  endfacet
  facet normal 0 1 0
    outer loop
      vertex -8.764971492595832 -14.1 84.72842083638508
      vertex -12.235028507404168 -14.1 84.72842083638508
      vertex -12.190370196005869 -14.1 84.9529333289294
    endloop
  endfacet
  facet normal 0 1 0
    outer loop
      vertex -8.809629803994131 -14.1 84.9529333289294
      vertex -12.190370196005869 -14.1 84.9529333289294
      vertex -12.116789181894752 -14.1 85.1696960066389
    endloop
  endfacet
  facet normal 0 1 0
    outer loop
      vertex -8.809629803994131 -14.1 84.9529333289294
      vertex -12.116789181894752 -14.1 85.1696960066389
      vertex -8.883210818105248 -14.1 85.1696960066389
    endloop
  endfacet
  facet normal 0 1 0
    outer loop
      vertex -8.883210818105248 -14.1 85.1696960066389
      vertex -12.015544456622768 -14.1 85.375
      vertex -8.984455543377232 -14.1 85.375
    endloop
  endfacet
  facet normal 0 1 0
    outer loop
      vertex -8.984455543377232 -14.1 85.375
      vertex -11.888368345509662 -14.1 85.56533250076527
      vertex -9.111631654490338 -14.1 85.56533250076527
    endloop
  endfacet
  facet normal 0 1 0
    outer loop
      vertex -9.111631654490338 -14.1 85.56533250076527
      vertex -11.737436867076458 -14.1 85.73743686707645
      vertex -9.262563132923542 -14.1 85.73743686707645
    endloop
  endfacet
  facet normal 0 1 0
    outer loop
      vertex -9.111631654490338 -14.1 85.56533250076527
      vertex -11.888368345509662 -14.1 85.56533250076527
      vertex -11.737436867076458 -14.1 85.73743686707645
    endloop
  endfacet
  facet normal 0 1 0
    outer loop
      vertex -8.883210818105248 -14.1 85.1696960066389
      vertex -12.116789181894752 -14.1 85.1696960066389
      vertex -12.015544456622768 -14.1 85.375
    endloop
  endfacet
  facet normal 0 1 0
    outer loop
      vertex -8.984455543377232 -14.1 85.375
      vertex -12.015544456622768 -14.1 85.375
      vertex -11.888368345509662 -14.1 85.56533250076527
    endloop
  endfacet
  facet normal 0 1 0
    outer loop
      vertex -9.262563132923542 -14.1 85.73743686707645
      vertex -11.565332500765262 -14.1 85.88836834550966
      vertex -9.434667499234738 -14.1 85.88836834550966
    endloop
  endfacet
  facet normal 0 1 0
    outer loop
      vertex -9.434667499234738 -14.1 85.88836834550966
      vertex -11.375 -14.1 86.01554445662276
      vertex -9.625 -14.1 86.01554445662276
    endloop
  endfacet
  facet normal 0 1 0
    outer loop
      vertex -9.625 -14.1 86.01554445662276
      vertex -11.169696006638906 -14.1 86.11678918189475
      vertex -9.830303993361094 -14.1 86.11678918189475
    endloop
  endfacet
  facet normal 0 1 0
    outer loop
      vertex -9.262563132923542 -14.1 85.73743686707645
      vertex -11.737436867076458 -14.1 85.73743686707645
      vertex -11.565332500765262 -14.1 85.88836834550966
    endloop
  endfacet
  facet normal 0 1 0
    outer loop
      vertex -9.434667499234738 -14.1 85.88836834550966
      vertex -11.565332500765262 -14.1 85.88836834550966
      vertex -11.375 -14.1 86.01554445662276
    endloop
  endfacet
  facet normal 0 1 0
    outer loop
      vertex -9.625 -14.1 86.01554445662276
      vertex -11.375 -14.1 86.01554445662276
      vertex -11.169696006638906 -14.1 86.11678918189475
    endloop
  endfacet
  facet normal 0 1 0
    outer loop
      vertex -9.830303993361094 -14.1 86.11678918189475
      vertex -10.952933328929412 -14.1 86.19037019600587
      vertex -10.047066671070588 -14.1 86.19037019600587
    endloop
  endfacet
  facet normal 0 1 0
    outer loop
      vertex -10.047066671070588 -14.1 86.19037019600587
      vertex -10.72842083638509 -14.1 86.23502850740417
      vertex -10.27157916361491 -14.1 86.23502850740417
    endloop
  endfacet
  facet normal 0 1 0
    outer loop
      vertex -10.047066671070588 -14.1 86.19037019600587
      vertex -10.952933328929412 -14.1 86.19037019600587
      vertex -10.72842083638509 -14.1 86.23502850740417
    endloop
  endfacet
  facet normal 0 1 0
    outer loop
      vertex -9.830303993361094 -14.1 86.11678918189475
      vertex -11.169696006638906 -14.1 86.11678918189475
      vertex -10.952933328929412 -14.1 86.19037019600587
    endloop
  endfacet
  facet normal 0 1 0
    outer loop
      vertex -10.27157916361491 -14.1 86.23502850740417
      vertex -10.72842083638509 -14.1 86.23502850740417
      vertex -10.5 -14.1 86.25
    endloop
  endfacet
  facet normal -0.4422886902189936 0 0.896872741532692
    outer loop
      vertex -9.830303993361094 -14.1 82.88321081810525
      vertex -9.625 -14.1 82.98445554337724
      vertex -9.830303993361094 -9.4 82.88321081810525
    endloop
  endfacet
  facet normal -0.19509032201610832 0 0.9807852804032344
    outer loop
      vertex -10.27157916361491 -14.1 82.76497149259583
      vertex -10.047066671070588 -14.1 82.80962980399413
      vertex -10.27157916361491 -9.4 82.76497149259583
    endloop
  endfacet
  facet normal -0.32143946530320033 7.048200899416826e-19 0.9469301294950925
    outer loop
      vertex -9.830303993361094 -14.1 82.88321081810525
      vertex -10.047066671070588 -9.4 82.80962980399413
      vertex -10.047066671070588 -14.1 82.80962980399413
    endloop
  endfacet
  facet normal -0.06540312923015049 -2.4872738854594558e-20 0.997858923238603
    outer loop
      vertex -10.27157916361491 -14.1 82.76497149259583
      vertex -10.5 -9.4 82.75
      vertex -10.5 -14.1 82.75
    endloop
  endfacet
  facet normal 0.06540312923015049 2.4872738854594558e-20 0.997858923238603
    outer loop
      vertex -10.5 -14.1 82.75
      vertex -10.72842083638509 -9.4 82.76497149259583
      vertex -10.72842083638509 -14.1 82.76497149259583
    endloop
  endfacet
  facet normal 0.19509032201610832 -4.3875122259961975e-19 0.9807852804032344
    outer loop
      vertex -10.72842083638509 -14.1 82.76497149259583
      vertex -10.952933328929412 -9.4 82.80962980399413
      vertex -10.952933328929412 -14.1 82.80962980399413
    endloop
  endfacet
  facet normal 0.32143946530320033 -7.048200899416826e-19 0.9469301294950925
    outer loop
      vertex -10.952933328929412 -14.1 82.80962980399413
      vertex -11.169696006638906 -9.4 82.88321081810525
      vertex -11.169696006638906 -14.1 82.88321081810525
    endloop
  endfacet
  facet normal 0.4422886902189936 -1.2203820443037242e-18 0.896872741532692
    outer loop
      vertex -11.169696006638906 -14.1 82.88321081810525
      vertex -11.375 -9.4 82.98445554337724
      vertex -11.375 -14.1 82.98445554337724
    endloop
  endfacet
  facet normal -0.6593458151000825 8.700641598421715e-19 0.7518398074789655
    outer loop
      vertex -9.262563132923542 -14.1 83.26256313292355
      vertex -9.434667499234738 -9.4 83.11163165449034
      vertex -9.434667499234738 -14.1 83.11163165449034
    endloop
  endfacet
  facet normal -0.7518398074789597 0 0.6593458151000892
    outer loop
      vertex -9.262563132923542 -14.1 83.26256313292355
      vertex -9.111631654490338 -14.1 83.43466749923473
      vertex -9.262563132923542 -9.4 83.26256313292355
    endloop
  endfacet
  facet normal -0.5555702330195863 0 0.8314696123025558
    outer loop
      vertex -9.625 -14.1 82.98445554337724
      vertex -9.434667499234738 -14.1 83.11163165449034
      vertex -9.625 -9.4 82.98445554337724
    endloop
  endfacet
  facet normal -0.8314696123025498 0 0.5555702330195953
    outer loop
      vertex -9.111631654490338 -14.1 83.43466749923473
      vertex -8.984455543377232 -14.1 83.625
      vertex -9.111631654490338 -9.4 83.43466749923473
    endloop
  endfacet
  facet normal -0.9469301294951075 0 0.32143946530315626
    outer loop
      vertex -8.883210818105248 -14.1 83.8303039933611
      vertex -8.809629803994131 -14.1 84.0470666710706
      vertex -8.883210818105248 -9.4 83.8303039933611
    endloop
  endfacet
  facet normal -0.98078528040323 0 0.19509032201613072
    outer loop
      vertex -8.809629803994131 -14.1 84.0470666710706
      vertex -8.764971492595832 -14.1 84.27157916361492
      vertex -8.809629803994131 -9.4 84.0470666710706
    endloop
  endfacet
  facet normal -0.9978589232386034 0 0.06540312923014481
    outer loop
      vertex -8.764971492595832 -14.1 84.27157916361492
      vertex -8.75 -14.1 84.5
      vertex -8.764971492595832 -9.4 84.27157916361492
    endloop
  endfacet
  facet normal -0.8968727415326935 0 0.4422886902189906
    outer loop
      vertex -8.984455543377232 -14.1 83.625
      vertex -8.883210818105248 -14.1 83.8303039933611
      vertex -8.984455543377232 -9.4 83.625
    endloop
  endfacet
  facet normal 0.5555702330195863 1.5934155021869201e-18 0.8314696123025558
    outer loop
      vertex -11.375 -14.1 82.98445554337724
      vertex -11.565332500765262 -9.4 83.11163165449034
      vertex -11.565332500765262 -14.1 83.11163165449034
    endloop
  endfacet
  facet normal 0.6593458151000825 -8.700641598421715e-19 0.7518398074789655
    outer loop
      vertex -11.565332500765262 -14.1 83.11163165449034
      vertex -11.737436867076458 -9.4 83.26256313292355
      vertex -11.737436867076458 -14.1 83.26256313292355
    endloop
  endfacet
  facet normal 0.7518398074789597 2.34537682200529e-19 0.6593458151000892
    outer loop
      vertex -11.737436867076458 -14.1 83.26256313292355
      vertex -11.888368345509662 -9.4 83.43466749923473
      vertex -11.888368345509662 -14.1 83.43466749923473
    endloop
  endfacet
  facet normal 0.8314696123025498 -2.73903874958662e-19 0.5555702330195953
    outer loop
      vertex -11.888368345509662 -14.1 83.43466749923473
      vertex -12.015544456622768 -9.4 83.625
      vertex -12.015544456622768 -14.1 83.625
    endloop
  endfacet
  facet normal 0.8968727415326935 -1.9300739820907214e-20 0.4422886902189906
    outer loop
      vertex -12.015544456622768 -14.1 83.625
      vertex -12.116789181894752 -9.4 83.8303039933611
      vertex -12.116789181894752 -14.1 83.8303039933611
    endloop
  endfacet
  facet normal 0.9469301294951075 9.354268423896295e-21 0.32143946530315626
    outer loop
      vertex -12.116789181894752 -14.1 83.8303039933611
      vertex -12.190370196005869 -9.4 84.0470666710706
      vertex -12.190370196005869 -14.1 84.0470666710706
    endloop
  endfacet
  facet normal 0.98078528040323 4.1128252869833935e-20 0.19509032201613072
    outer loop
      vertex -12.190370196005869 -14.1 84.0470666710706
      vertex -12.235028507404168 -9.4 84.27157916361492
      vertex -12.235028507404168 -14.1 84.27157916361492
    endloop
  endfacet
  facet normal -0.9978589232386034 0 -0.06540312923014481
    outer loop
      vertex -8.75 -14.1 84.5
      vertex -8.764971492595832 -14.1 84.72842083638508
      vertex -8.75 -9.4 84.5
    endloop
  endfacet
  facet normal -0.98078528040323 0 -0.19509032201613072
    outer loop
      vertex -8.764971492595832 -14.1 84.72842083638508
      vertex -8.809629803994131 -14.1 84.9529333289294
      vertex -8.764971492595832 -9.4 84.72842083638508
    endloop
  endfacet
  facet normal -0.9469301294951075 0 -0.32143946530315626
    outer loop
      vertex -8.809629803994131 -14.1 84.9529333289294
      vertex -8.883210818105248 -14.1 85.1696960066389
      vertex -8.809629803994131 -9.4 84.9529333289294
    endloop
  endfacet
  facet normal -0.8968727415326935 0 -0.4422886902189906
    outer loop
      vertex -8.883210818105248 -14.1 85.1696960066389
      vertex -8.984455543377232 -14.1 85.375
      vertex -8.883210818105248 -9.4 85.1696960066389
    endloop
  endfacet
  facet normal -0.8314696123025498 0 -0.5555702330195953
    outer loop
      vertex -8.984455543377232 -14.1 85.375
      vertex -9.111631654490338 -14.1 85.56533250076527
      vertex -8.984455543377232 -9.4 85.375
    endloop
  endfacet
  facet normal -0.7518398074789597 0 -0.6593458151000892
    outer loop
      vertex -9.111631654490338 -14.1 85.56533250076527
      vertex -9.262563132923542 -14.1 85.73743686707645
      vertex -9.111631654490338 -9.4 85.56533250076527
    endloop
  endfacet
  facet normal 0.7518398074789597 -2.34537682200529e-19 -0.6593458151000892
    outer loop
      vertex -11.888368345509662 -14.1 85.56533250076527
      vertex -11.737436867076458 -9.4 85.73743686707645
      vertex -11.737436867076458 -14.1 85.73743686707645
    endloop
  endfacet
  facet normal -0.6593458151000825 0 -0.7518398074789655
    outer loop
      vertex -9.262563132923542 -14.1 85.73743686707645
      vertex -9.434667499234738 -14.1 85.88836834550966
      vertex -9.262563132923542 -9.4 85.73743686707645
    endloop
  endfacet
  facet normal -0.5555702330195863 0 -0.8314696123025558
    outer loop
      vertex -9.434667499234738 -14.1 85.88836834550966
      vertex -9.625 -14.1 86.01554445662276
      vertex -9.434667499234738 -9.4 85.88836834550966
    endloop
  endfacet
  facet normal -0.4422886902189936 0 -0.896872741532692
    outer loop
      vertex -9.625 -14.1 86.01554445662276
      vertex -9.830303993361094 -14.1 86.11678918189475
      vertex -9.625 -9.4 86.01554445662276
    endloop
  endfacet
  facet normal -0.32143946530320033 0 -0.9469301294950925
    outer loop
      vertex -9.830303993361094 -14.1 86.11678918189475
      vertex -10.047066671070588 -14.1 86.19037019600587
      vertex -9.830303993361094 -9.4 86.11678918189475
    endloop
  endfacet
  facet normal -0.19509032201610832 0 -0.9807852804032344
    outer loop
      vertex -10.047066671070588 -14.1 86.19037019600587
      vertex -10.27157916361491 -14.1 86.23502850740417
      vertex -10.047066671070588 -9.4 86.19037019600587
    endloop
  endfacet
  facet normal -0.06540312923015049 0 -0.997858923238603
    outer loop
      vertex -10.27157916361491 -14.1 86.23502850740417
      vertex -10.5 -14.1 86.25
      vertex -10.27157916361491 -9.4 86.23502850740417
    endloop
  endfacet
  facet normal 0.06540312923015049 0 -0.997858923238603
    outer loop
      vertex -10.5 -14.1 86.25
      vertex -10.72842083638509 -14.1 86.23502850740417
      vertex -10.5 -9.4 86.25
    endloop
  endfacet
  facet normal 0.19509032201610832 0 -0.9807852804032344
    outer loop
      vertex -10.72842083638509 -14.1 86.23502850740417
      vertex -10.952933328929412 -14.1 86.19037019600587
      vertex -10.72842083638509 -9.4 86.23502850740417
    endloop
  endfacet
  facet normal 0.4422886902189936 1.2203820443037242e-18 -0.896872741532692
    outer loop
      vertex -11.375 -14.1 86.01554445662276
      vertex -11.169696006638906 -9.4 86.11678918189475
      vertex -11.169696006638906 -14.1 86.11678918189475
    endloop
  endfacet
  facet normal 0.6593458151000825 8.700641598421715e-19 -0.7518398074789655
    outer loop
      vertex -11.737436867076458 -14.1 85.73743686707645
      vertex -11.565332500765262 -9.4 85.88836834550966
      vertex -11.565332500765262 -14.1 85.88836834550966
    endloop
  endfacet
  facet normal 0.5555702330195863 0 -0.8314696123025558
    outer loop
      vertex -11.375 -14.1 86.01554445662276
      vertex -11.565332500765262 -14.1 85.88836834550966
      vertex -11.375 -9.4 86.01554445662276
    endloop
  endfacet
  facet normal 0.32143946530320033 7.048200899416826e-19 -0.9469301294950925
    outer loop
      vertex -11.169696006638906 -14.1 86.11678918189475
      vertex -10.952933328929412 -9.4 86.19037019600587
      vertex -10.952933328929412 -14.1 86.19037019600587
    endloop
  endfacet
  facet normal 0.9978589232386034 -1.3549926053542192e-20 0.06540312923014481
    outer loop
      vertex -12.235028507404168 -14.1 84.27157916361492
      vertex -12.25 -9.4 84.5
      vertex -12.25 -14.1 84.5
    endloop
  endfacet
  facet normal 0.9978589232386034 1.3549926053542192e-20 -0.06540312923014481
    outer loop
      vertex -12.25 -14.1 84.5
      vertex -12.235028507404168 -9.4 84.72842083638508
      vertex -12.235028507404168 -14.1 84.72842083638508
    endloop
  endfacet
  facet normal 0.98078528040323 -4.1128252869833935e-20 -0.19509032201613072
    outer loop
      vertex -12.235028507404168 -14.1 84.72842083638508
      vertex -12.190370196005869 -9.4 84.9529333289294
      vertex -12.190370196005869 -14.1 84.9529333289294
    endloop
  endfacet
  facet normal 0.9469301294951075 -9.354268423896295e-21 -0.32143946530315626
    outer loop
      vertex -12.190370196005869 -14.1 84.9529333289294
      vertex -12.116789181894752 -9.4 85.1696960066389
      vertex -12.116789181894752 -14.1 85.1696960066389
    endloop
  endfacet
  facet normal 0.8968727415326935 1.9300739820907214e-20 -0.4422886902189906
    outer loop
      vertex -12.116789181894752 -14.1 85.1696960066389
      vertex -12.015544456622768 -9.4 85.375
      vertex -12.015544456622768 -14.1 85.375
    endloop
  endfacet
  facet normal 0.8314696123025498 0 -0.5555702330195953
    outer loop
      vertex -11.888368345509662 -14.1 85.56533250076527
      vertex -12.015544456622768 -14.1 85.375
      vertex -11.888368345509662 -9.4 85.56533250076527
    endloop
  endfacet
  facet normal -0.32143946530320033 0 0.9469301294950925
    outer loop
      vertex -9.830303993361094 -14.1 82.88321081810525
      vertex -9.830303993361094 -9.4 82.88321081810525
      vertex -10.047066671070588 -9.4 82.80962980399413
    endloop
  endfacet
  facet normal -0.4422886902189936 0 0.896872741532692
    outer loop
      vertex -9.625 -14.1 82.98445554337724
      vertex -9.625 -9.4 82.98445554337724
      vertex -9.830303993361094 -9.4 82.88321081810525
    endloop
  endfacet
  facet normal -0.06540312923015049 0 0.997858923238603
    outer loop
      vertex -10.27157916361491 -14.1 82.76497149259583
      vertex -10.27157916361491 -9.4 82.76497149259583
      vertex -10.5 -9.4 82.75
    endloop
  endfacet
  facet normal -0.19509032201610832 0 0.9807852804032344
    outer loop
      vertex -10.047066671070588 -14.1 82.80962980399413
      vertex -10.047066671070588 -9.4 82.80962980399413
      vertex -10.27157916361491 -9.4 82.76497149259583
    endloop
  endfacet
  facet normal 0.06540312923015049 0 0.997858923238603
    outer loop
      vertex -10.5 -14.1 82.75
      vertex -10.5 -9.4 82.75
      vertex -10.72842083638509 -9.4 82.76497149259583
    endloop
  endfacet
  facet normal 0.19509032201610832 0 0.9807852804032344
    outer loop
      vertex -10.72842083638509 -14.1 82.76497149259583
      vertex -10.72842083638509 -9.4 82.76497149259583
      vertex -10.952933328929412 -9.4 82.80962980399413
    endloop
  endfacet
  facet normal 0.32143946530320033 0 0.9469301294950925
    outer loop
      vertex -10.952933328929412 -14.1 82.80962980399413
      vertex -10.952933328929412 -9.4 82.80962980399413
      vertex -11.169696006638906 -9.4 82.88321081810525
    endloop
  endfacet
  facet normal 0.4422886902189936 0 0.896872741532692
    outer loop
      vertex -11.169696006638906 -14.1 82.88321081810525
      vertex -11.169696006638906 -9.4 82.88321081810525
      vertex -11.375 -9.4 82.98445554337724
    endloop
  endfacet
  facet normal -0.6593458151000825 0 0.7518398074789655
    outer loop
      vertex -9.262563132923542 -14.1 83.26256313292355
      vertex -9.262563132923542 -9.4 83.26256313292355
      vertex -9.434667499234738 -9.4 83.11163165449034
    endloop
  endfacet
  facet normal -0.5555702330195863 0 0.8314696123025558
    outer loop
      vertex -9.434667499234738 -14.1 83.11163165449034
      vertex -9.434667499234738 -9.4 83.11163165449034
      vertex -9.625 -9.4 82.98445554337724
    endloop
  endfacet
  facet normal -0.7518398074789597 0 0.6593458151000892
    outer loop
      vertex -9.111631654490338 -14.1 83.43466749923473
      vertex -9.111631654490338 -9.4 83.43466749923473
      vertex -9.262563132923542 -9.4 83.26256313292355
    endloop
  endfacet
  facet normal -0.8314696123025498 0 0.5555702330195953
    outer loop
      vertex -8.984455543377232 -14.1 83.625
      vertex -8.984455543377232 -9.4 83.625
      vertex -9.111631654490338 -9.4 83.43466749923473
    endloop
  endfacet
  facet normal -0.8968727415326935 0 0.4422886902189906
    outer loop
      vertex -8.883210818105248 -14.1 83.8303039933611
      vertex -8.883210818105248 -9.4 83.8303039933611
      vertex -8.984455543377232 -9.4 83.625
    endloop
  endfacet
  facet normal -0.9469301294951075 0 0.32143946530315626
    outer loop
      vertex -8.809629803994131 -14.1 84.0470666710706
      vertex -8.809629803994131 -9.4 84.0470666710706
      vertex -8.883210818105248 -9.4 83.8303039933611
    endloop
  endfacet
  facet normal -0.98078528040323 0 0.19509032201613072
    outer loop
      vertex -8.764971492595832 -14.1 84.27157916361492
      vertex -8.764971492595832 -9.4 84.27157916361492
      vertex -8.809629803994131 -9.4 84.0470666710706
    endloop
  endfacet
  facet normal 0.5555702330195863 0 0.8314696123025558
    outer loop
      vertex -11.375 -14.1 82.98445554337724
      vertex -11.375 -9.4 82.98445554337724
      vertex -11.565332500765262 -9.4 83.11163165449034
    endloop
  endfacet
  facet normal 0.6593458151000825 0 0.7518398074789655
    outer loop
      vertex -11.565332500765262 -14.1 83.11163165449034
      vertex -11.565332500765262 -9.4 83.11163165449034
      vertex -11.737436867076458 -9.4 83.26256313292355
    endloop
  endfacet
  facet normal 0.7518398074789597 0 0.6593458151000892
    outer loop
      vertex -11.737436867076458 -14.1 83.26256313292355
      vertex -11.737436867076458 -9.4 83.26256313292355
      vertex -11.888368345509662 -9.4 83.43466749923473
    endloop
  endfacet
  facet normal 0.8314696123025498 0 0.5555702330195953
    outer loop
      vertex -11.888368345509662 -14.1 83.43466749923473
      vertex -11.888368345509662 -9.4 83.43466749923473
      vertex -12.015544456622768 -9.4 83.625
    endloop
  endfacet
  facet normal 0.8968727415326935 0 0.4422886902189906
    outer loop
      vertex -12.015544456622768 -14.1 83.625
      vertex -12.015544456622768 -9.4 83.625
      vertex -12.116789181894752 -9.4 83.8303039933611
    endloop
  endfacet
  facet normal 0.9469301294951075 0 0.32143946530315626
    outer loop
      vertex -12.116789181894752 -14.1 83.8303039933611
      vertex -12.116789181894752 -9.4 83.8303039933611
      vertex -12.190370196005869 -9.4 84.0470666710706
    endloop
  endfacet
  facet normal 0.98078528040323 0 0.19509032201613072
    outer loop
      vertex -12.190370196005869 -14.1 84.0470666710706
      vertex -12.190370196005869 -9.4 84.0470666710706
      vertex -12.235028507404168 -9.4 84.27157916361492
    endloop
  endfacet
  facet normal 0.9978589232386034 0 0.06540312923014481
    outer loop
      vertex -12.235028507404168 -14.1 84.27157916361492
      vertex -12.235028507404168 -9.4 84.27157916361492
      vertex -12.25 -9.4 84.5
    endloop
  endfacet
  facet normal -0.9978589232386034 0 0.06540312923014481
    outer loop
      vertex -8.75 -14.1 84.5
      vertex -8.75 -9.4 84.5
      vertex -8.764971492595832 -9.4 84.27157916361492
    endloop
  endfacet
  facet normal -0.9978589232386034 0 -0.06540312923014481
    outer loop
      vertex -8.764971492595832 -14.1 84.72842083638508
      vertex -8.764971492595832 -9.4 84.72842083638508
      vertex -8.75 -9.4 84.5
    endloop
  endfacet
  facet normal -0.98078528040323 0 -0.19509032201613072
    outer loop
      vertex -8.809629803994131 -14.1 84.9529333289294
      vertex -8.809629803994131 -9.4 84.9529333289294
      vertex -8.764971492595832 -9.4 84.72842083638508
    endloop
  endfacet
  facet normal -0.9469301294951075 0 -0.32143946530315626
    outer loop
      vertex -8.883210818105248 -14.1 85.1696960066389
      vertex -8.883210818105248 -9.4 85.1696960066389
      vertex -8.809629803994131 -9.4 84.9529333289294
    endloop
  endfacet
  facet normal -0.8968727415326935 0 -0.4422886902189906
    outer loop
      vertex -8.984455543377232 -14.1 85.375
      vertex -8.984455543377232 -9.4 85.375
      vertex -8.883210818105248 -9.4 85.1696960066389
    endloop
  endfacet
  facet normal -0.8314696123025498 0 -0.5555702330195953
    outer loop
      vertex -9.111631654490338 -14.1 85.56533250076527
      vertex -9.111631654490338 -9.4 85.56533250076527
      vertex -8.984455543377232 -9.4 85.375
    endloop
  endfacet
  facet normal -0.7518398074789597 0 -0.6593458151000892
    outer loop
      vertex -9.262563132923542 -14.1 85.73743686707645
      vertex -9.262563132923542 -9.4 85.73743686707645
      vertex -9.111631654490338 -9.4 85.56533250076527
    endloop
  endfacet
  facet normal 0.7518398074789597 0 -0.6593458151000892
    outer loop
      vertex -11.888368345509662 -14.1 85.56533250076527
      vertex -11.888368345509662 -9.4 85.56533250076527
      vertex -11.737436867076458 -9.4 85.73743686707645
    endloop
  endfacet
  facet normal -0.6593458151000825 0 -0.7518398074789655
    outer loop
      vertex -9.434667499234738 -14.1 85.88836834550966
      vertex -9.434667499234738 -9.4 85.88836834550966
      vertex -9.262563132923542 -9.4 85.73743686707645
    endloop
  endfacet
  facet normal -0.5555702330195863 0 -0.8314696123025558
    outer loop
      vertex -9.625 -14.1 86.01554445662276
      vertex -9.625 -9.4 86.01554445662276
      vertex -9.434667499234738 -9.4 85.88836834550966
    endloop
  endfacet
  facet normal -0.4422886902189936 0 -0.896872741532692
    outer loop
      vertex -9.830303993361094 -14.1 86.11678918189475
      vertex -9.830303993361094 -9.4 86.11678918189475
      vertex -9.625 -9.4 86.01554445662276
    endloop
  endfacet
  facet normal -0.32143946530320033 0 -0.9469301294950925
    outer loop
      vertex -10.047066671070588 -14.1 86.19037019600587
      vertex -10.047066671070588 -9.4 86.19037019600587
      vertex -9.830303993361094 -9.4 86.11678918189475
    endloop
  endfacet
  facet normal -0.19509032201610832 0 -0.9807852804032344
    outer loop
      vertex -10.27157916361491 -14.1 86.23502850740417
      vertex -10.27157916361491 -9.4 86.23502850740417
      vertex -10.047066671070588 -9.4 86.19037019600587
    endloop
  endfacet
  facet normal -0.06540312923015049 0 -0.997858923238603
    outer loop
      vertex -10.5 -14.1 86.25
      vertex -10.5 -9.4 86.25
      vertex -10.27157916361491 -9.4 86.23502850740417
    endloop
  endfacet
  facet normal 0.06540312923015049 0 -0.997858923238603
    outer loop
      vertex -10.72842083638509 -14.1 86.23502850740417
      vertex -10.72842083638509 -9.4 86.23502850740417
      vertex -10.5 -9.4 86.25
    endloop
  endfacet
  facet normal 0.19509032201610832 0 -0.9807852804032344
    outer loop
      vertex -10.952933328929412 -14.1 86.19037019600587
      vertex -10.952933328929412 -9.4 86.19037019600587
      vertex -10.72842083638509 -9.4 86.23502850740417
    endloop
  endfacet
  facet normal 0.4422886902189936 0 -0.896872741532692
    outer loop
      vertex -11.375 -14.1 86.01554445662276
      vertex -11.375 -9.4 86.01554445662276
      vertex -11.169696006638906 -9.4 86.11678918189475
    endloop
  endfacet
  facet normal 0.5555702330195863 0 -0.8314696123025558
    outer loop
      vertex -11.565332500765262 -14.1 85.88836834550966
      vertex -11.565332500765262 -9.4 85.88836834550966
      vertex -11.375 -9.4 86.01554445662276
    endloop
  endfacet
  facet normal 0.6593458151000825 0 -0.7518398074789655
    outer loop
      vertex -11.737436867076458 -14.1 85.73743686707645
      vertex -11.737436867076458 -9.4 85.73743686707645
      vertex -11.565332500765262 -9.4 85.88836834550966
    endloop
  endfacet
  facet normal 0.32143946530320033 0 -0.9469301294950925
    outer loop
      vertex -11.169696006638906 -14.1 86.11678918189475
      vertex -11.169696006638906 -9.4 86.11678918189475
      vertex -10.952933328929412 -9.4 86.19037019600587
    endloop
  endfacet
  facet normal 0.9978589232386034 0 -0.06540312923014481
    outer loop
      vertex -12.25 -14.1 84.5
      vertex -12.25 -9.4 84.5
      vertex -12.235028507404168 -9.4 84.72842083638508
    endloop
  endfacet
  facet normal 0.98078528040323 0 -0.19509032201613072
    outer loop
      vertex -12.235028507404168 -14.1 84.72842083638508
      vertex -12.235028507404168 -9.4 84.72842083638508
      vertex -12.190370196005869 -9.4 84.9529333289294
    endloop
  endfacet
  facet normal 0.9469301294951075 0 -0.32143946530315626
    outer loop
      vertex -12.190370196005869 -14.1 84.9529333289294
      vertex -12.190370196005869 -9.4 84.9529333289294
      vertex -12.116789181894752 -9.4 85.1696960066389
    endloop
  endfacet
  facet normal 0.8968727415326935 0 -0.4422886902189906
    outer loop
      vertex -12.116789181894752 -14.1 85.1696960066389
      vertex -12.116789181894752 -9.4 85.1696960066389
      vertex -12.015544456622768 -9.4 85.375
    endloop
  endfacet
  facet normal 0.8314696123025498 0 -0.5555702330195953
    outer loop
      vertex -12.015544456622768 -14.1 85.375
      vertex -12.015544456622768 -9.4 85.375
      vertex -11.888368345509662 -9.4 85.56533250076527
    endloop
  endfacet
  facet normal 0 1 0
    outer loop
      vertex -9.5 -9.4 82.76794919243112
      vertex -9.73463313526982 -9.4 82.65224093497743
      vertex -10.27157916361491 -9.4 82.76497149259583
    endloop
  endfacet
  facet normal 0 1 0
    outer loop
      vertex -9.28247714198256 -9.4 82.91329331941753
      vertex -9.5 -9.4 82.76794919243112
      vertex -9.830303993361094 -9.4 82.88321081810525
    endloop
  endfacet
  facet normal 0 1 0
    outer loop
      vertex -9.28247714198256 -9.4 82.91329331941753
      vertex -9.830303993361094 -9.4 82.88321081810525
      vertex -9.625 -9.4 82.98445554337724
    endloop
  endfacet
  facet normal 0 1 0
    outer loop
      vertex -9.5 -9.4 82.76794919243112
      vertex -10.047066671070588 -9.4 82.80962980399413
      vertex -9.830303993361094 -9.4 82.88321081810525
    endloop
  endfacet
  facet normal -0.32143946530315076 -1.1731929177873221e-17 0.9469301294951095
    outer loop
      vertex -9.73463313526982 -9.4 82.65224093497743
      vertex -9.982361909794959 -9.1 82.56814834742187
      vertex -9.982361909794959 -9.4 82.56814834742187
    endloop
  endfacet
  facet normal -0.4422886902189819 -1.1709133210344258e-17 0.8968727415326978
    outer loop
      vertex -9.5 -9.4 82.76794919243112
      vertex -9.73463313526982 -9.1 82.65224093497743
      vertex -9.73463313526982 -9.4 82.65224093497743
    endloop
  endfacet
  facet normal -0.555570233019626 -2.7500412841516482e-17 0.8314696123025291
    outer loop
      vertex -9.28247714198256 -9.4 82.91329331941753
      vertex -9.5 -9.1 82.76794919243112
      vertex -9.5 -9.4 82.76794919243112
    endloop
  endfacet
  facet normal -0.555570233019626 0 0.8314696123025291
    outer loop
      vertex -9.28247714198256 -9.4 82.91329331941753
      vertex -9.28247714198256 -9.1 82.91329331941753
      vertex -9.5 -9.1 82.76794919243112
    endloop
  endfacet
  facet normal -0.4422886902189819 0 0.8968727415326978
    outer loop
      vertex -9.5 -9.4 82.76794919243112
      vertex -9.5 -9.1 82.76794919243112
      vertex -9.73463313526982 -9.1 82.65224093497743
    endloop
  endfacet
  facet normal -0.32143946530315076 0 0.9469301294951095
    outer loop
      vertex -9.73463313526982 -9.4 82.65224093497743
      vertex -9.73463313526982 -9.1 82.65224093497743
      vertex -9.982361909794959 -9.1 82.56814834742187
    endloop
  endfacet
  facet normal 0 1 0
    outer loop
      vertex -9.982361909794959 -9.4 82.56814834742187
      vertex -10.238947615559898 -9.4 82.51711027725239
      vertex -11.017638090205041 -9.4 82.56814834742187
    endloop
  endfacet
  facet normal 0 1 0
    outer loop
      vertex -10.238947615559898 -9.4 82.51711027725239
      vertex -10.5 -9.4 82.5
      vertex -10.761052384440102 -9.4 82.51711027725239
    endloop
  endfacet
  facet normal 0 1 0
    outer loop
      vertex -10.238947615559898 -9.4 82.51711027725239
      vertex -10.761052384440102 -9.4 82.51711027725239
      vertex -11.017638090205041 -9.4 82.56814834742187
    endloop
  endfacet
  facet normal 0 1 0
    outer loop
      vertex -9.982361909794959 -9.4 82.56814834742187
      vertex -11.017638090205041 -9.4 82.56814834742187
      vertex -11.26536686473018 -9.4 82.65224093497743
    endloop
  endfacet
  facet normal 0 1 0
    outer loop
      vertex -9.5 -9.4 82.76794919243112
      vertex -10.27157916361491 -9.4 82.76497149259583
      vertex -10.047066671070588 -9.4 82.80962980399413
    endloop
  endfacet
  facet normal 0 1 0
    outer loop
      vertex -9.73463313526982 -9.4 82.65224093497743
      vertex -10.5 -9.4 82.75
      vertex -10.27157916361491 -9.4 82.76497149259583
    endloop
  endfacet
  facet normal 0 1 0
    outer loop
      vertex -9.73463313526982 -9.4 82.65224093497743
      vertex -9.982361909794959 -9.4 82.56814834742187
      vertex -11.26536686473018 -9.4 82.65224093497743
    endloop
  endfacet
  facet normal 0 1 0
    outer loop
      vertex -9.73463313526982 -9.4 82.65224093497743
      vertex -10.72842083638509 -9.4 82.76497149259583
      vertex -10.5 -9.4 82.75
    endloop
  endfacet
  facet normal 0 1 0
    outer loop
      vertex -9.73463313526982 -9.4 82.65224093497743
      vertex -11.5 -9.4 82.76794919243112
      vertex -10.72842083638509 -9.4 82.76497149259583
    endloop
  endfacet
  facet normal 0 1 0
    outer loop
      vertex -9.73463313526982 -9.4 82.65224093497743
      vertex -11.26536686473018 -9.4 82.65224093497743
      vertex -11.5 -9.4 82.76794919243112
    endloop
  endfacet
  facet normal 0 1 0
    outer loop
      vertex -10.72842083638509 -9.4 82.76497149259583
      vertex -11.5 -9.4 82.76794919243112
      vertex -10.952933328929412 -9.4 82.80962980399413
    endloop
  endfacet
  facet normal 0 1 0
    outer loop
      vertex -10.952933328929412 -9.4 82.80962980399413
      vertex -11.5 -9.4 82.76794919243112
      vertex -11.169696006638906 -9.4 82.88321081810525
    endloop
  endfacet
  facet normal 0 1 0
    outer loop
      vertex -11.169696006638906 -9.4 82.88321081810525
      vertex -11.5 -9.4 82.76794919243112
      vertex -11.71752285801744 -9.4 82.91329331941753
    endloop
  endfacet
  facet normal 0 1 0
    outer loop
      vertex -11.169696006638906 -9.4 82.88321081810525
      vertex -11.71752285801744 -9.4 82.91329331941753
      vertex -11.375 -9.4 82.98445554337724
    endloop
  endfacet
  facet normal -0.19509032201612234 3.1220293925728016e-18 0.9807852804032317
    outer loop
      vertex -9.982361909794959 -9.4 82.56814834742187
      vertex -10.238947615559898 -9.1 82.51711027725239
      vertex -10.238947615559898 -9.4 82.51711027725239
    endloop
  endfacet
  facet normal -0.06540312923016632 -4.867257924561644e-18 0.9978589232386018
    outer loop
      vertex -10.238947615559898 -9.4 82.51711027725239
      vertex -10.5 -9.1 82.5
      vertex -10.5 -9.4 82.5
    endloop
  endfacet
  facet normal 0.06540312923016632 4.867257924561644e-18 0.9978589232386018
    outer loop
      vertex -10.5 -9.4 82.5
      vertex -10.761052384440102 -9.1 82.51711027725239
      vertex -10.761052384440102 -9.4 82.51711027725239
    endloop
  endfacet
  facet normal -0.19509032201612234 0 0.9807852804032317
    outer loop
      vertex -9.982361909794959 -9.4 82.56814834742187
      vertex -9.982361909794959 -9.1 82.56814834742187
      vertex -10.238947615559898 -9.1 82.51711027725239
    endloop
  endfacet
  facet normal -0.06540312923016632 0 0.9978589232386018
    outer loop
      vertex -10.238947615559898 -9.4 82.51711027725239
      vertex -10.238947615559898 -9.1 82.51711027725239
      vertex -10.5 -9.1 82.5
    endloop
  endfacet
  facet normal 0.06540312923016632 0 0.9978589232386018
    outer loop
      vertex -10.5 -9.4 82.5
      vertex -10.5 -9.1 82.5
      vertex -10.761052384440102 -9.1 82.51711027725239
    endloop
  endfacet
  facet normal 0.19509032201612234 0 0.9807852804032317
    outer loop
      vertex -10.761052384440102 -9.4 82.51711027725239
      vertex -10.761052384440102 -9.1 82.51711027725239
      vertex -11.017638090205041 -9.1 82.56814834742187
    endloop
  endfacet
  facet normal 0.19509032201612234 -3.1220293925728016e-18 0.9807852804032317
    outer loop
      vertex -10.761052384440102 -9.4 82.51711027725239
      vertex -11.017638090205041 -9.1 82.56814834742187
      vertex -11.017638090205041 -9.4 82.56814834742187
    endloop
  endfacet
  facet normal 0.32143946530315076 1.1731929177873221e-17 0.9469301294951095
    outer loop
      vertex -11.017638090205041 -9.4 82.56814834742187
      vertex -11.26536686473018 -9.1 82.65224093497743
      vertex -11.26536686473018 -9.4 82.65224093497743
    endloop
  endfacet
  facet normal 0.4422886902189819 1.1709133210344258e-17 0.8968727415326978
    outer loop
      vertex -11.26536686473018 -9.4 82.65224093497743
      vertex -11.5 -9.1 82.76794919243112
      vertex -11.5 -9.4 82.76794919243112
    endloop
  endfacet
  facet normal 0.555570233019626 2.7500412841516482e-17 0.8314696123025291
    outer loop
      vertex -11.5 -9.4 82.76794919243112
      vertex -11.71752285801744 -9.1 82.91329331941753
      vertex -11.71752285801744 -9.4 82.91329331941753
    endloop
  endfacet
  facet normal 0.32143946530315076 0 0.9469301294951095
    outer loop
      vertex -11.017638090205041 -9.4 82.56814834742187
      vertex -11.017638090205041 -9.1 82.56814834742187
      vertex -11.26536686473018 -9.1 82.65224093497743
    endloop
  endfacet
  facet normal 0.4422886902189819 0 0.8968727415326978
    outer loop
      vertex -11.26536686473018 -9.4 82.65224093497743
      vertex -11.26536686473018 -9.1 82.65224093497743
      vertex -11.5 -9.1 82.76794919243112
    endloop
  endfacet
  facet normal 0.555570233019626 0 0.8314696123025291
    outer loop
      vertex -11.5 -9.4 82.76794919243112
      vertex -11.5 -9.1 82.76794919243112
      vertex -11.71752285801744 -9.1 82.91329331941753
    endloop
  endfacet
  facet normal 0 1 0
    outer loop
      vertex -8.767949192431123 -9.4 83.5
      vertex -8.984455543377232 -9.4 83.625
      vertex -8.652240934977426 -9.4 83.73463313526982
    endloop
  endfacet
  facet normal 0 1 0
    outer loop
      vertex -9.28247714198256 -9.4 82.91329331941753
      vertex -9.625 -9.4 82.98445554337724
      vertex -9.085786437626904 -9.4 83.08578643762691
    endloop
  endfacet
  facet normal 0 1 0
    outer loop
      vertex -9.085786437626904 -9.4 83.08578643762691
      vertex -9.625 -9.4 82.98445554337724
      vertex -9.434667499234738 -9.4 83.11163165449034
    endloop
  endfacet
  facet normal 0 1 0
    outer loop
      vertex -8.91329331941753 -9.4 83.28247714198255
      vertex -9.085786437626904 -9.4 83.08578643762691
      vertex -9.262563132923542 -9.4 83.26256313292355
    endloop
  endfacet
  facet normal 0 1 0
    outer loop
      vertex -9.085786437626904 -9.4 83.08578643762691
      vertex -9.434667499234738 -9.4 83.11163165449034
      vertex -9.262563132923542 -9.4 83.26256313292355
    endloop
  endfacet
  facet normal 0 1 0
    outer loop
      vertex -8.91329331941753 -9.4 83.28247714198255
      vertex -9.262563132923542 -9.4 83.26256313292355
      vertex -9.111631654490338 -9.4 83.43466749923473
    endloop
  endfacet
  facet normal 0 1 0
    outer loop
      vertex -8.91329331941753 -9.4 83.28247714198255
      vertex -9.111631654490338 -9.4 83.43466749923473
      vertex -8.767949192431123 -9.4 83.5
    endloop
  endfacet
  facet normal 0 1 0
    outer loop
      vertex -8.767949192431123 -9.4 83.5
      vertex -9.111631654490338 -9.4 83.43466749923473
      vertex -8.984455543377232 -9.4 83.625
    endloop
  endfacet
  facet normal 0 1 0
    outer loop
      vertex -8.984455543377232 -9.4 83.625
      vertex -8.883210818105248 -9.4 83.8303039933611
      vertex -8.652240934977426 -9.4 83.73463313526982
    endloop
  endfacet
  facet normal 0 1 0
    outer loop
      vertex -8.652240934977426 -9.4 83.73463313526982
      vertex -8.883210818105248 -9.4 83.8303039933611
      vertex -8.568148347421863 -9.4 83.98236190979496
    endloop
  endfacet
  facet normal 0 1 0
    outer loop
      vertex -8.883210818105248 -9.4 83.8303039933611
      vertex -8.809629803994131 -9.4 84.0470666710706
      vertex -8.568148347421863 -9.4 83.98236190979496
    endloop
  endfacet
  facet normal 0 1 0
    outer loop
      vertex -8.568148347421863 -9.4 83.98236190979496
      vertex -8.809629803994131 -9.4 84.0470666710706
      vertex -8.51711027725238 -9.4 84.2389476155599
    endloop
  endfacet
  facet normal 0 1 0
    outer loop
      vertex -8.809629803994131 -9.4 84.0470666710706
      vertex -8.764971492595832 -9.4 84.27157916361492
      vertex -8.51711027725238 -9.4 84.2389476155599
    endloop
  endfacet
  facet normal 0 1 0
    outer loop
      vertex -8.51711027725238 -9.4 84.2389476155599
      vertex -8.764971492595832 -9.4 84.27157916361492
      vertex -8.5 -9.4 84.5
    endloop
  endfacet
  facet normal -0.8314696123025513 0 0.5555702330195933
    outer loop
      vertex -8.91329331941753 -9.4 83.28247714198255
      vertex -8.767949192431123 -9.4 83.5
      vertex -8.91329331941753 -9.1 83.28247714198255
    endloop
  endfacet
  facet normal -0.8968727415326844 0 0.44228869021900913
    outer loop
      vertex -8.767949192431123 -9.4 83.5
      vertex -8.652240934977426 -9.4 83.73463313526982
      vertex -8.767949192431123 -9.1 83.5
    endloop
  endfacet
  facet normal -0.8314696123025513 0 0.5555702330195933
    outer loop
      vertex -8.767949192431123 -9.4 83.5
      vertex -8.767949192431123 -9.1 83.5
      vertex -8.91329331941753 -9.1 83.28247714198255
    endloop
  endfacet
  facet normal -0.8968727415326844 0 0.44228869021900913
    outer loop
      vertex -8.652240934977426 -9.4 83.73463313526982
      vertex -8.652240934977426 -9.1 83.73463313526982
      vertex -8.767949192431123 -9.1 83.5
    endloop
  endfacet
  facet normal -0.6593458151000641 0 0.7518398074789816
    outer loop
      vertex -9.28247714198256 -9.4 82.91329331941753
      vertex -9.085786437626904 -9.4 83.08578643762691
      vertex -9.28247714198256 -9.1 82.91329331941753
    endloop
  endfacet
  facet normal -0.7518398074789668 2.3052086460759398e-17 0.6593458151000808
    outer loop
      vertex -8.91329331941753 -9.4 83.28247714198255
      vertex -9.085786437626904 -9.1 83.08578643762691
      vertex -9.085786437626904 -9.4 83.08578643762691
    endloop
  endfacet
  facet normal -0.6593458151000641 4.590923910577049e-18 0.7518398074789816
    outer loop
      vertex -9.28247714198256 -9.1 82.91329331941753
      vertex -9.085786437626904 -9.4 83.08578643762691
      vertex -9.085786437626904 -9.1 83.08578643762691
    endloop
  endfacet
  facet normal -0.7518398074789668 0 0.6593458151000808
    outer loop
      vertex -8.91329331941753 -9.4 83.28247714198255
      vertex -8.91329331941753 -9.1 83.28247714198255
      vertex -9.085786437626904 -9.1 83.08578643762691
    endloop
  endfacet
  facet normal -0.9469301294951074 0 0.3214394653031567
    outer loop
      vertex -8.652240934977426 -9.4 83.73463313526982
      vertex -8.568148347421863 -9.4 83.98236190979496
      vertex -8.652240934977426 -9.1 83.73463313526982
    endloop
  endfacet
  facet normal -0.9807852804032309 0 0.19509032201612622
    outer loop
      vertex -8.568148347421863 -9.4 83.98236190979496
      vertex -8.51711027725238 -9.4 84.2389476155599
      vertex -8.568148347421863 -9.1 83.98236190979496
    endloop
  endfacet
  facet normal -0.9978589232386033 0 0.06540312923014517
    outer loop
      vertex -8.51711027725238 -9.4 84.2389476155599
      vertex -8.5 -9.4 84.5
      vertex -8.51711027725238 -9.1 84.2389476155599
    endloop
  endfacet
  facet normal -0.9469301294951074 0 0.3214394653031567
    outer loop
      vertex -8.568148347421863 -9.4 83.98236190979496
      vertex -8.568148347421863 -9.1 83.98236190979496
      vertex -8.652240934977426 -9.1 83.73463313526982
    endloop
  endfacet
  facet normal -0.9807852804032309 0 0.19509032201612622
    outer loop
      vertex -8.51711027725238 -9.4 84.2389476155599
      vertex -8.51711027725238 -9.1 84.2389476155599
      vertex -8.568148347421863 -9.1 83.98236190979496
    endloop
  endfacet
  facet normal 0 1 0
    outer loop
      vertex -11.71752285801744 -9.4 82.91329331941753
      vertex -11.565332500765262 -9.4 83.11163165449034
      vertex -11.375 -9.4 82.98445554337724
    endloop
  endfacet
  facet normal 0 1 0
    outer loop
      vertex -11.71752285801744 -9.4 82.91329331941753
      vertex -11.914213562373096 -9.4 83.08578643762691
      vertex -11.565332500765262 -9.4 83.11163165449034
    endloop
  endfacet
  facet normal 0 1 0
    outer loop
      vertex -11.565332500765262 -9.4 83.11163165449034
      vertex -11.914213562373096 -9.4 83.08578643762691
      vertex -11.737436867076458 -9.4 83.26256313292355
    endloop
  endfacet
  facet normal 0 1 0
    outer loop
      vertex -11.737436867076458 -9.4 83.26256313292355
      vertex -12.08670668058247 -9.4 83.28247714198255
      vertex -11.888368345509662 -9.4 83.43466749923473
    endloop
  endfacet
  facet normal 0.6593458151000641 -4.590923910577049e-18 0.7518398074789816
    outer loop
      vertex -11.71752285801744 -9.4 82.91329331941753
      vertex -11.914213562373096 -9.1 83.08578643762691
      vertex -11.914213562373096 -9.4 83.08578643762691
    endloop
  endfacet
  facet normal 0.6593458151000641 0 0.7518398074789816
    outer loop
      vertex -11.71752285801744 -9.4 82.91329331941753
      vertex -11.71752285801744 -9.1 82.91329331941753
      vertex -11.914213562373096 -9.1 83.08578643762691
    endloop
  endfacet
  facet normal 0 1 0
    outer loop
      vertex -11.737436867076458 -9.4 83.26256313292355
      vertex -11.914213562373096 -9.4 83.08578643762691
      vertex -12.08670668058247 -9.4 83.28247714198255
    endloop
  endfacet
  facet normal 0 1 0
    outer loop
      vertex -11.888368345509662 -9.4 83.43466749923473
      vertex -12.08670668058247 -9.4 83.28247714198255
      vertex -12.015544456622768 -9.4 83.625
    endloop
  endfacet
  facet normal 0 1 0
    outer loop
      vertex -12.08670668058247 -9.4 83.28247714198255
      vertex -12.232050807568877 -9.4 83.5
      vertex -12.015544456622768 -9.4 83.625
    endloop
  endfacet
  facet normal 0 1 0
    outer loop
      vertex -12.015544456622768 -9.4 83.625
      vertex -12.232050807568877 -9.4 83.5
      vertex -12.116789181894752 -9.4 83.8303039933611
    endloop
  endfacet
  facet normal 0 1 0
    outer loop
      vertex -12.232050807568877 -9.4 83.5
      vertex -12.347759065022574 -9.4 83.73463313526982
      vertex -12.116789181894752 -9.4 83.8303039933611
    endloop
  endfacet
  facet normal 0 1 0
    outer loop
      vertex -12.116789181894752 -9.4 83.8303039933611
      vertex -12.347759065022574 -9.4 83.73463313526982
      vertex -12.190370196005869 -9.4 84.0470666710706
    endloop
  endfacet
  facet normal 0 1 0
    outer loop
      vertex -12.347759065022574 -9.4 83.73463313526982
      vertex -12.431851652578137 -9.4 83.98236190979496
      vertex -12.190370196005869 -9.4 84.0470666710706
    endloop
  endfacet
  facet normal 0 1 0
    outer loop
      vertex -12.431851652578137 -9.4 83.98236190979496
      vertex -12.235028507404168 -9.4 84.27157916361492
      vertex -12.190370196005869 -9.4 84.0470666710706
    endloop
  endfacet
  facet normal 0 1 0
    outer loop
      vertex -12.431851652578137 -9.4 83.98236190979496
      vertex -12.48288972274762 -9.4 84.2389476155599
      vertex -12.235028507404168 -9.4 84.27157916361492
    endloop
  endfacet
  facet normal 0 1 0
    outer loop
      vertex -12.235028507404168 -9.4 84.27157916361492
      vertex -12.48288972274762 -9.4 84.2389476155599
      vertex -12.25 -9.4 84.5
    endloop
  endfacet
  facet normal 0.7518398074789668 -2.3052086460759398e-17 0.6593458151000808
    outer loop
      vertex -11.914213562373096 -9.4 83.08578643762691
      vertex -12.08670668058247 -9.1 83.28247714198255
      vertex -12.08670668058247 -9.4 83.28247714198255
    endloop
  endfacet
  facet normal 0.8314696123025513 1.0257338243120227e-17 0.5555702330195933
    outer loop
      vertex -12.08670668058247 -9.4 83.28247714198255
      vertex -12.232050807568877 -9.1 83.5
      vertex -12.232050807568877 -9.4 83.5
    endloop
  endfacet
  facet normal 0.8968727415326844 9.790357374420396e-18 0.44228869021900913
    outer loop
      vertex -12.232050807568877 -9.4 83.5
      vertex -12.347759065022574 -9.1 83.73463313526982
      vertex -12.347759065022574 -9.4 83.73463313526982
    endloop
  endfacet
  facet normal 0.7518398074789668 0 0.6593458151000808
    outer loop
      vertex -11.914213562373096 -9.4 83.08578643762691
      vertex -11.914213562373096 -9.1 83.08578643762691
      vertex -12.08670668058247 -9.1 83.28247714198255
    endloop
  endfacet
  facet normal 0.8314696123025513 0 0.5555702330195933
    outer loop
      vertex -12.08670668058247 -9.4 83.28247714198255
      vertex -12.08670668058247 -9.1 83.28247714198255
      vertex -12.232050807568877 -9.1 83.5
    endloop
  endfacet
  facet normal 0.8968727415326844 0 0.44228869021900913
    outer loop
      vertex -12.232050807568877 -9.4 83.5
      vertex -12.232050807568877 -9.1 83.5
      vertex -12.347759065022574 -9.1 83.73463313526982
    endloop
  endfacet
  facet normal 0.9469301294951074 1.8783675978048046e-17 0.3214394653031567
    outer loop
      vertex -12.347759065022574 -9.4 83.73463313526982
      vertex -12.431851652578137 -9.1 83.98236190979496
      vertex -12.431851652578137 -9.4 83.98236190979496
    endloop
  endfacet
  facet normal 0.9807852804032309 -7.786825081200874e-18 0.19509032201612622
    outer loop
      vertex -12.431851652578137 -9.4 83.98236190979496
      vertex -12.48288972274762 -9.1 84.2389476155599
      vertex -12.48288972274762 -9.4 84.2389476155599
    endloop
  endfacet
  facet normal 0.9469301294951074 0 0.3214394653031567
    outer loop
      vertex -12.347759065022574 -9.4 83.73463313526982
      vertex -12.347759065022574 -9.1 83.73463313526982
      vertex -12.431851652578137 -9.1 83.98236190979496
    endloop
  endfacet
  facet normal 0.9807852804032309 0 0.19509032201612622
    outer loop
      vertex -12.431851652578137 -9.4 83.98236190979496
      vertex -12.431851652578137 -9.1 83.98236190979496
      vertex -12.48288972274762 -9.1 84.2389476155599
    endloop
  endfacet
  facet normal 0.9978589232386033 0 0.06540312923014517
    outer loop
      vertex -12.48288972274762 -9.4 84.2389476155599
      vertex -12.48288972274762 -9.1 84.2389476155599
      vertex -12.5 -9.1 84.5
    endloop
  endfacet
  facet normal 0 1 0
    outer loop
      vertex -8.764971492595832 -9.4 84.27157916361492
      vertex -8.75 -9.4 84.5
      vertex -8.5 -9.4 84.5
    endloop
  endfacet
  facet normal 0 1 0
    outer loop
      vertex -8.5 -9.4 84.5
      vertex -8.75 -9.4 84.5
      vertex -8.51711027725238 -9.4 84.7610523844401
    endloop
  endfacet
  facet normal 0 1 0
    outer loop
      vertex -8.75 -9.4 84.5
      vertex -8.764971492595832 -9.4 84.72842083638508
      vertex -8.51711027725238 -9.4 84.7610523844401
    endloop
  endfacet
  facet normal 0 1 0
    outer loop
      vertex -8.51711027725238 -9.4 84.7610523844401
      vertex -8.764971492595832 -9.4 84.72842083638508
      vertex -8.568148347421863 -9.4 85.01763809020504
    endloop
  endfacet
  facet normal 0 1 0
    outer loop
      vertex -8.764971492595832 -9.4 84.72842083638508
      vertex -8.809629803994131 -9.4 84.9529333289294
      vertex -8.568148347421863 -9.4 85.01763809020504
    endloop
  endfacet
  facet normal 0 1 0
    outer loop
      vertex -8.568148347421863 -9.4 85.01763809020504
      vertex -8.809629803994131 -9.4 84.9529333289294
      vertex -8.652240934977426 -9.4 85.26536686473018
    endloop
  endfacet
  facet normal 0 1 0
    outer loop
      vertex -8.809629803994131 -9.4 84.9529333289294
      vertex -8.883210818105248 -9.4 85.1696960066389
      vertex -8.652240934977426 -9.4 85.26536686473018
    endloop
  endfacet
  facet normal 0 1 0
    outer loop
      vertex -8.883210818105248 -9.4 85.1696960066389
      vertex -8.767949192431123 -9.4 85.5
      vertex -8.652240934977426 -9.4 85.26536686473018
    endloop
  endfacet
  facet normal 0 1 0
    outer loop
      vertex -8.883210818105248 -9.4 85.1696960066389
      vertex -8.984455543377232 -9.4 85.375
      vertex -8.767949192431123 -9.4 85.5
    endloop
  endfacet
  facet normal 0 1 0
    outer loop
      vertex -8.767949192431123 -9.4 85.5
      vertex -8.984455543377232 -9.4 85.375
      vertex -8.91329331941753 -9.4 85.71752285801745
    endloop
  endfacet
  facet normal 0 1 0
    outer loop
      vertex -8.91329331941753 -9.4 85.71752285801745
      vertex -8.984455543377232 -9.4 85.375
      vertex -9.111631654490338 -9.4 85.56533250076527
    endloop
  endfacet
  facet normal 0 1 0
    outer loop
      vertex -8.91329331941753 -9.4 85.71752285801745
      vertex -9.111631654490338 -9.4 85.56533250076527
      vertex -9.262563132923542 -9.4 85.73743686707645
    endloop
  endfacet
  facet normal -0.9978589232386033 0 -0.06540312923014517
    outer loop
      vertex -8.5 -9.4 84.5
      vertex -8.51711027725238 -9.4 84.7610523844401
      vertex -8.5 -9.1 84.5
    endloop
  endfacet
  facet normal -0.9807852804032309 0 -0.19509032201612622
    outer loop
      vertex -8.51711027725238 -9.4 84.7610523844401
      vertex -8.568148347421863 -9.4 85.01763809020504
      vertex -8.51711027725238 -9.1 84.7610523844401
    endloop
  endfacet
  facet normal -0.9978589232386033 -2.9018003479848534e-18 0.06540312923014517
    outer loop
      vertex -8.51711027725238 -9.1 84.2389476155599
      vertex -8.5 -9.4 84.5
      vertex -8.5 -9.1 84.5
    endloop
  endfacet
  facet normal -0.9978589232386033 0 -0.06540312923014517
    outer loop
      vertex -8.51711027725238 -9.4 84.7610523844401
      vertex -8.51711027725238 -9.1 84.7610523844401
      vertex -8.5 -9.1 84.5
    endloop
  endfacet
  facet normal -0.9807852804032309 0 -0.19509032201612622
    outer loop
      vertex -8.568148347421863 -9.4 85.01763809020504
      vertex -8.568148347421863 -9.1 85.01763809020504
      vertex -8.51711027725238 -9.1 84.7610523844401
    endloop
  endfacet
  facet normal -0.9469301294951074 0 -0.3214394653031567
    outer loop
      vertex -8.568148347421863 -9.4 85.01763809020504
      vertex -8.652240934977426 -9.4 85.26536686473018
      vertex -8.568148347421863 -9.1 85.01763809020504
    endloop
  endfacet
  facet normal -0.8968727415326844 0 -0.44228869021900913
    outer loop
      vertex -8.652240934977426 -9.4 85.26536686473018
      vertex -8.767949192431123 -9.4 85.5
      vertex -8.652240934977426 -9.1 85.26536686473018
    endloop
  endfacet
  facet normal -0.8314696123025513 0 -0.5555702330195933
    outer loop
      vertex -8.767949192431123 -9.4 85.5
      vertex -8.91329331941753 -9.4 85.71752285801745
      vertex -8.767949192431123 -9.1 85.5
    endloop
  endfacet
  facet normal -0.9469301294951074 0 -0.3214394653031567
    outer loop
      vertex -8.652240934977426 -9.4 85.26536686473018
      vertex -8.652240934977426 -9.1 85.26536686473018
      vertex -8.568148347421863 -9.1 85.01763809020504
    endloop
  endfacet
  facet normal -0.8968727415326844 0 -0.44228869021900913
    outer loop
      vertex -8.767949192431123 -9.4 85.5
      vertex -8.767949192431123 -9.1 85.5
      vertex -8.652240934977426 -9.1 85.26536686473018
    endloop
  endfacet
  facet normal -0.8314696123025513 0 -0.5555702330195933
    outer loop
      vertex -8.91329331941753 -9.4 85.71752285801745
      vertex -8.91329331941753 -9.1 85.71752285801745
      vertex -8.767949192431123 -9.1 85.5
    endloop
  endfacet
  facet normal 0 1 0
    outer loop
      vertex -11.888368345509662 -9.4 85.56533250076527
      vertex -12.08670668058247 -9.4 85.71752285801745
      vertex -11.737436867076458 -9.4 85.73743686707645
    endloop
  endfacet
  facet normal 0 1 0
    outer loop
      vertex -8.91329331941753 -9.4 85.71752285801745
      vertex -9.262563132923542 -9.4 85.73743686707645
      vertex -9.085786437626904 -9.4 85.91421356237309
    endloop
  endfacet
  facet normal 0 1 0
    outer loop
      vertex -9.262563132923542 -9.4 85.73743686707645
      vertex -9.434667499234738 -9.4 85.88836834550966
      vertex -9.085786437626904 -9.4 85.91421356237309
    endloop
  endfacet
  facet normal 0 1 0
    outer loop
      vertex -9.085786437626904 -9.4 85.91421356237309
      vertex -9.434667499234738 -9.4 85.88836834550966
      vertex -9.28247714198256 -9.4 86.08670668058247
    endloop
  endfacet
  facet normal 0 1 0
    outer loop
      vertex -9.28247714198256 -9.4 86.08670668058247
      vertex -9.434667499234738 -9.4 85.88836834550966
      vertex -9.625 -9.4 86.01554445662276
    endloop
  endfacet
  facet normal 0 1 0
    outer loop
      vertex -9.28247714198256 -9.4 86.08670668058247
      vertex -9.625 -9.4 86.01554445662276
      vertex -9.830303993361094 -9.4 86.11678918189475
    endloop
  endfacet
  facet normal 0 1 0
    outer loop
      vertex -9.28247714198256 -9.4 86.08670668058247
      vertex -9.830303993361094 -9.4 86.11678918189475
      vertex -9.5 -9.4 86.23205080756888
    endloop
  endfacet
  facet normal 0 1 0
    outer loop
      vertex -9.830303993361094 -9.4 86.11678918189475
      vertex -10.047066671070588 -9.4 86.19037019600587
      vertex -9.5 -9.4 86.23205080756888
    endloop
  endfacet
  facet normal -0.7518398074789668 0 -0.6593458151000808
    outer loop
      vertex -8.91329331941753 -9.4 85.71752285801745
      vertex -9.085786437626904 -9.4 85.91421356237309
      vertex -8.91329331941753 -9.1 85.71752285801745
    endloop
  endfacet
  facet normal -0.6593458151000641 0 -0.7518398074789816
    outer loop
      vertex -9.085786437626904 -9.4 85.91421356237309
      vertex -9.28247714198256 -9.4 86.08670668058247
      vertex -9.085786437626904 -9.1 85.91421356237309
    endloop
  endfacet
  facet normal -0.555570233019626 0 -0.8314696123025291
    outer loop
      vertex -9.28247714198256 -9.4 86.08670668058247
      vertex -9.5 -9.4 86.23205080756888
      vertex -9.28247714198256 -9.1 86.08670668058247
    endloop
  endfacet
  facet normal -0.4422886902189819 0 -0.8968727415326978
    outer loop
      vertex -9.5 -9.4 86.23205080756888
      vertex -9.73463313526982 -9.4 86.34775906502257
      vertex -9.5 -9.1 86.23205080756888
    endloop
  endfacet
  facet normal -0.32143946530315076 0 -0.9469301294951095
    outer loop
      vertex -9.73463313526982 -9.4 86.34775906502257
      vertex -9.982361909794959 -9.4 86.43185165257813
      vertex -9.73463313526982 -9.1 86.34775906502257
    endloop
  endfacet
  facet normal -0.7518398074789668 -2.3052086460759398e-17 -0.6593458151000808
    outer loop
      vertex -8.91329331941753 -9.1 85.71752285801745
      vertex -9.085786437626904 -9.4 85.91421356237309
      vertex -9.085786437626904 -9.1 85.91421356237309
    endloop
  endfacet
  facet normal -0.6593458151000641 0 -0.7518398074789816
    outer loop
      vertex -9.28247714198256 -9.4 86.08670668058247
      vertex -9.28247714198256 -9.1 86.08670668058247
      vertex -9.085786437626904 -9.1 85.91421356237309
    endloop
  endfacet
  facet normal -0.555570233019626 0 -0.8314696123025291
    outer loop
      vertex -9.5 -9.4 86.23205080756888
      vertex -9.5 -9.1 86.23205080756888
      vertex -9.28247714198256 -9.1 86.08670668058247
    endloop
  endfacet
  facet normal -0.4422886902189819 0 -0.8968727415326978
    outer loop
      vertex -9.73463313526982 -9.4 86.34775906502257
      vertex -9.73463313526982 -9.1 86.34775906502257
      vertex -9.5 -9.1 86.23205080756888
    endloop
  endfacet
  facet normal -0.32143946530315076 1.1731929177873221e-17 -0.9469301294951095
    outer loop
      vertex -9.73463313526982 -9.1 86.34775906502257
      vertex -9.982361909794959 -9.4 86.43185165257813
      vertex -9.982361909794959 -9.1 86.43185165257813
    endloop
  endfacet
  facet normal 0 1 0
    outer loop
      vertex -9.5 -9.4 86.23205080756888
      vertex -10.047066671070588 -9.4 86.19037019600587
      vertex -10.27157916361491 -9.4 86.23502850740417
    endloop
  endfacet
  facet normal 0 1 0
    outer loop
      vertex -9.5 -9.4 86.23205080756888
      vertex -10.27157916361491 -9.4 86.23502850740417
      vertex -11.26536686473018 -9.4 86.34775906502257
    endloop
  endfacet
  facet normal 0 1 0
    outer loop
      vertex -9.5 -9.4 86.23205080756888
      vertex -11.26536686473018 -9.4 86.34775906502257
      vertex -9.73463313526982 -9.4 86.34775906502257
    endloop
  endfacet
  facet normal 0 1 0
    outer loop
      vertex -9.73463313526982 -9.4 86.34775906502257
      vertex -11.017638090205041 -9.4 86.43185165257813
      vertex -9.982361909794959 -9.4 86.43185165257813
    endloop
  endfacet
  facet normal 0 1 0
    outer loop
      vertex -9.982361909794959 -9.4 86.43185165257813
      vertex -10.761052384440102 -9.4 86.48288972274761
      vertex -10.238947615559898 -9.4 86.48288972274761
    endloop
  endfacet
  facet normal 0 1 0
    outer loop
      vertex -10.27157916361491 -9.4 86.23502850740417
      vertex -10.5 -9.4 86.25
      vertex -11.26536686473018 -9.4 86.34775906502257
    endloop
  endfacet
  facet normal 0 1 0
    outer loop
      vertex -10.5 -9.4 86.25
      vertex -10.72842083638509 -9.4 86.23502850740417
      vertex -11.26536686473018 -9.4 86.34775906502257
    endloop
  endfacet
  facet normal 0 1 0
    outer loop
      vertex -9.982361909794959 -9.4 86.43185165257813
      vertex -11.017638090205041 -9.4 86.43185165257813
      vertex -10.761052384440102 -9.4 86.48288972274761
    endloop
  endfacet
  facet normal 0 1 0
    outer loop
      vertex -9.73463313526982 -9.4 86.34775906502257
      vertex -11.26536686473018 -9.4 86.34775906502257
      vertex -11.017638090205041 -9.4 86.43185165257813
    endloop
  endfacet
  facet normal 0 1 0
    outer loop
      vertex -11.375 -9.4 86.01554445662276
      vertex -11.565332500765262 -9.4 85.88836834550966
      vertex -11.914213562373096 -9.4 85.91421356237309
    endloop
  endfacet
  facet normal 0 1 0
    outer loop
      vertex -11.737436867076458 -9.4 85.73743686707645
      vertex -11.914213562373096 -9.4 85.91421356237309
      vertex -11.565332500765262 -9.4 85.88836834550966
    endloop
  endfacet
  facet normal 0 1 0
    outer loop
      vertex -11.375 -9.4 86.01554445662276
      vertex -11.71752285801744 -9.4 86.08670668058247
      vertex -11.169696006638906 -9.4 86.11678918189475
    endloop
  endfacet
  facet normal 0 1 0
    outer loop
      vertex -11.375 -9.4 86.01554445662276
      vertex -11.914213562373096 -9.4 85.91421356237309
      vertex -11.71752285801744 -9.4 86.08670668058247
    endloop
  endfacet
  facet normal 0 1 0
    outer loop
      vertex -10.72842083638509 -9.4 86.23502850740417
      vertex -10.952933328929412 -9.4 86.19037019600587
      vertex -11.5 -9.4 86.23205080756888
    endloop
  endfacet
  facet normal 0 1 0
    outer loop
      vertex -11.169696006638906 -9.4 86.11678918189475
      vertex -11.5 -9.4 86.23205080756888
      vertex -10.952933328929412 -9.4 86.19037019600587
    endloop
  endfacet
  facet normal 0 1 0
    outer loop
      vertex -10.72842083638509 -9.4 86.23502850740417
      vertex -11.5 -9.4 86.23205080756888
      vertex -11.26536686473018 -9.4 86.34775906502257
    endloop
  endfacet
  facet normal 0 1 0
    outer loop
      vertex -11.169696006638906 -9.4 86.11678918189475
      vertex -11.71752285801744 -9.4 86.08670668058247
      vertex -11.5 -9.4 86.23205080756888
    endloop
  endfacet
  facet normal 0 1 0
    outer loop
      vertex -10.238947615559898 -9.4 86.48288972274761
      vertex -10.761052384440102 -9.4 86.48288972274761
      vertex -10.5 -9.4 86.5
    endloop
  endfacet
  facet normal -0.19509032201612234 0 -0.9807852804032317
    outer loop
      vertex -9.982361909794959 -9.4 86.43185165257813
      vertex -10.238947615559898 -9.4 86.48288972274761
      vertex -9.982361909794959 -9.1 86.43185165257813
    endloop
  endfacet
  facet normal 0.19509032201612234 0 -0.9807852804032317
    outer loop
      vertex -10.761052384440102 -9.4 86.48288972274761
      vertex -11.017638090205041 -9.4 86.43185165257813
      vertex -10.761052384440102 -9.1 86.48288972274761
    endloop
  endfacet
  facet normal -0.19509032201612234 0 -0.9807852804032317
    outer loop
      vertex -10.238947615559898 -9.4 86.48288972274761
      vertex -10.238947615559898 -9.1 86.48288972274761
      vertex -9.982361909794959 -9.1 86.43185165257813
    endloop
  endfacet
  facet normal 0.6593458151000641 0 -0.7518398074789816
    outer loop
      vertex -11.71752285801744 -9.4 86.08670668058247
      vertex -11.914213562373096 -9.4 85.91421356237309
      vertex -11.71752285801744 -9.1 86.08670668058247
    endloop
  endfacet
  facet normal 0.32143946530315076 0 -0.9469301294951095
    outer loop
      vertex -11.017638090205041 -9.4 86.43185165257813
      vertex -11.26536686473018 -9.4 86.34775906502257
      vertex -11.017638090205041 -9.1 86.43185165257813
    endloop
  endfacet
  facet normal 0.4422886902189819 0 -0.8968727415326978
    outer loop
      vertex -11.26536686473018 -9.4 86.34775906502257
      vertex -11.5 -9.4 86.23205080756888
      vertex -11.26536686473018 -9.1 86.34775906502257
    endloop
  endfacet
  facet normal 0.555570233019626 -2.7500412841516482e-17 -0.8314696123025291
    outer loop
      vertex -11.71752285801744 -9.4 86.08670668058247
      vertex -11.5 -9.1 86.23205080756888
      vertex -11.5 -9.4 86.23205080756888
    endloop
  endfacet
  facet normal 0.6593458151000641 4.590923910577049e-18 -0.7518398074789816
    outer loop
      vertex -11.71752285801744 -9.1 86.08670668058247
      vertex -11.914213562373096 -9.4 85.91421356237309
      vertex -11.914213562373096 -9.1 85.91421356237309
    endloop
  endfacet
  facet normal 0.19509032201612234 0 -0.9807852804032317
    outer loop
      vertex -11.017638090205041 -9.4 86.43185165257813
      vertex -11.017638090205041 -9.1 86.43185165257813
      vertex -10.761052384440102 -9.1 86.48288972274761
    endloop
  endfacet
  facet normal 0.32143946530315076 0 -0.9469301294951095
    outer loop
      vertex -11.26536686473018 -9.4 86.34775906502257
      vertex -11.26536686473018 -9.1 86.34775906502257
      vertex -11.017638090205041 -9.1 86.43185165257813
    endloop
  endfacet
  facet normal 0.555570233019626 0 -0.8314696123025291
    outer loop
      vertex -11.71752285801744 -9.4 86.08670668058247
      vertex -11.71752285801744 -9.1 86.08670668058247
      vertex -11.5 -9.1 86.23205080756888
    endloop
  endfacet
  facet normal 0.4422886902189819 0 -0.8968727415326978
    outer loop
      vertex -11.5 -9.4 86.23205080756888
      vertex -11.5 -9.1 86.23205080756888
      vertex -11.26536686473018 -9.1 86.34775906502257
    endloop
  endfacet
  facet normal -0.06540312923016632 0 -0.9978589232386018
    outer loop
      vertex -10.238947615559898 -9.4 86.48288972274761
      vertex -10.5 -9.4 86.5
      vertex -10.238947615559898 -9.1 86.48288972274761
    endloop
  endfacet
  facet normal 0.06540312923016632 -4.867257924561644e-18 -0.9978589232386018
    outer loop
      vertex -10.761052384440102 -9.4 86.48288972274761
      vertex -10.5 -9.1 86.5
      vertex -10.5 -9.4 86.5
    endloop
  endfacet
  facet normal -0.06540312923016632 0 -0.9978589232386018
    outer loop
      vertex -10.5 -9.4 86.5
      vertex -10.5 -9.1 86.5
      vertex -10.238947615559898 -9.1 86.48288972274761
    endloop
  endfacet
  facet normal 0.06540312923016632 0 -0.9978589232386018
    outer loop
      vertex -10.761052384440102 -9.4 86.48288972274761
      vertex -10.761052384440102 -9.1 86.48288972274761
      vertex -10.5 -9.1 86.5
    endloop
  endfacet
  facet normal 0 1 0
    outer loop
      vertex -12.25 -9.4 84.5
      vertex -12.5 -9.4 84.5
      vertex -12.235028507404168 -9.4 84.72842083638508
    endloop
  endfacet
  facet normal 0 1 0
    outer loop
      vertex -12.48288972274762 -9.4 84.2389476155599
      vertex -12.5 -9.4 84.5
      vertex -12.25 -9.4 84.5
    endloop
  endfacet
  facet normal 0 1 0
    outer loop
      vertex -12.5 -9.4 84.5
      vertex -12.48288972274762 -9.4 84.7610523844401
      vertex -12.235028507404168 -9.4 84.72842083638508
    endloop
  endfacet
  facet normal 0 1 0
    outer loop
      vertex -12.235028507404168 -9.4 84.72842083638508
      vertex -12.48288972274762 -9.4 84.7610523844401
      vertex -12.190370196005869 -9.4 84.9529333289294
    endloop
  endfacet
  facet normal 0 1 0
    outer loop
      vertex -12.190370196005869 -9.4 84.9529333289294
      vertex -12.48288972274762 -9.4 84.7610523844401
      vertex -12.431851652578137 -9.4 85.01763809020504
    endloop
  endfacet
  facet normal 0 1 0
    outer loop
      vertex -12.190370196005869 -9.4 84.9529333289294
      vertex -12.431851652578137 -9.4 85.01763809020504
      vertex -12.116789181894752 -9.4 85.1696960066389
    endloop
  endfacet
  facet normal 0 1 0
    outer loop
      vertex -12.431851652578137 -9.4 85.01763809020504
      vertex -12.347759065022574 -9.4 85.26536686473018
      vertex -12.116789181894752 -9.4 85.1696960066389
    endloop
  endfacet
  facet normal 0 1 0
    outer loop
      vertex -12.116789181894752 -9.4 85.1696960066389
      vertex -12.347759065022574 -9.4 85.26536686473018
      vertex -12.015544456622768 -9.4 85.375
    endloop
  endfacet
  facet normal 0 1 0
    outer loop
      vertex -12.015544456622768 -9.4 85.375
      vertex -12.347759065022574 -9.4 85.26536686473018
      vertex -12.232050807568877 -9.4 85.5
    endloop
  endfacet
  facet normal 0 1 0
    outer loop
      vertex -11.888368345509662 -9.4 85.56533250076527
      vertex -12.015544456622768 -9.4 85.375
      vertex -12.232050807568877 -9.4 85.5
    endloop
  endfacet
  facet normal 0 1 0
    outer loop
      vertex -11.888368345509662 -9.4 85.56533250076527
      vertex -12.232050807568877 -9.4 85.5
      vertex -12.08670668058247 -9.4 85.71752285801745
    endloop
  endfacet
  facet normal 0.9978589232386033 2.9018003479848534e-18 0.06540312923014517
    outer loop
      vertex -12.48288972274762 -9.4 84.2389476155599
      vertex -12.5 -9.1 84.5
      vertex -12.5 -9.4 84.5
    endloop
  endfacet
  facet normal 0.9978589232386033 -2.9018003479848534e-18 -0.06540312923014517
    outer loop
      vertex -12.5 -9.4 84.5
      vertex -12.48288972274762 -9.1 84.7610523844401
      vertex -12.48288972274762 -9.4 84.7610523844401
    endloop
  endfacet
  facet normal 0.9807852804032309 7.786825081200874e-18 -0.19509032201612622
    outer loop
      vertex -12.48288972274762 -9.4 84.7610523844401
      vertex -12.431851652578137 -9.1 85.01763809020504
      vertex -12.431851652578137 -9.4 85.01763809020504
    endloop
  endfacet
  facet normal 0.9978589232386033 0 -0.06540312923014517
    outer loop
      vertex -12.5 -9.4 84.5
      vertex -12.5 -9.1 84.5
      vertex -12.48288972274762 -9.1 84.7610523844401
    endloop
  endfacet
  facet normal 0.9807852804032309 0 -0.19509032201612622
    outer loop
      vertex -12.48288972274762 -9.4 84.7610523844401
      vertex -12.48288972274762 -9.1 84.7610523844401
      vertex -12.431851652578137 -9.1 85.01763809020504
    endloop
  endfacet
  facet normal 0.9469301294951074 -1.8783675978048046e-17 -0.3214394653031567
    outer loop
      vertex -12.431851652578137 -9.4 85.01763809020504
      vertex -12.347759065022574 -9.1 85.26536686473018
      vertex -12.347759065022574 -9.4 85.26536686473018
    endloop
  endfacet
  facet normal 0.8968727415326844 -9.790357374420396e-18 -0.44228869021900913
    outer loop
      vertex -12.347759065022574 -9.4 85.26536686473018
      vertex -12.232050807568877 -9.1 85.5
      vertex -12.232050807568877 -9.4 85.5
    endloop
  endfacet
  facet normal 0.8314696123025513 -1.0257338243120227e-17 -0.5555702330195933
    outer loop
      vertex -12.232050807568877 -9.4 85.5
      vertex -12.08670668058247 -9.1 85.71752285801745
      vertex -12.08670668058247 -9.4 85.71752285801745
    endloop
  endfacet
  facet normal 0.8968727415326844 0 -0.44228869021900913
    outer loop
      vertex -12.347759065022574 -9.4 85.26536686473018
      vertex -12.347759065022574 -9.1 85.26536686473018
      vertex -12.232050807568877 -9.1 85.5
    endloop
  endfacet
  facet normal 0.9469301294951074 0 -0.3214394653031567
    outer loop
      vertex -12.431851652578137 -9.4 85.01763809020504
      vertex -12.431851652578137 -9.1 85.01763809020504
      vertex -12.347759065022574 -9.1 85.26536686473018
    endloop
  endfacet
  facet normal 0.8314696123025513 0 -0.5555702330195933
    outer loop
      vertex -12.232050807568877 -9.4 85.5
      vertex -12.232050807568877 -9.1 85.5
      vertex -12.08670668058247 -9.1 85.71752285801745
    endloop
  endfacet
  facet normal 0 1 0
    outer loop
      vertex -11.737436867076458 -9.4 85.73743686707645
      vertex -12.08670668058247 -9.4 85.71752285801745
      vertex -11.914213562373096 -9.4 85.91421356237309
    endloop
  endfacet
  facet normal 0.7518398074789668 2.3052086460759398e-17 -0.6593458151000808
    outer loop
      vertex -12.08670668058247 -9.4 85.71752285801745
      vertex -11.914213562373096 -9.1 85.91421356237309
      vertex -11.914213562373096 -9.4 85.91421356237309
    endloop
  endfacet
  facet normal 0.7518398074789668 0 -0.6593458151000808
    outer loop
      vertex -12.08670668058247 -9.4 85.71752285801745
      vertex -12.08670668058247 -9.1 85.71752285801745
      vertex -11.914213562373096 -9.1 85.91421356237309
    endloop
  endfacet
  facet normal 0 1 0
    outer loop
      vertex -9.830303993361094 -14.1 24.883210818105248
      vertex -10.047066671070588 -14.1 24.80962980399413
      vertex -11.169696006638906 -14.1 24.883210818105248
    endloop
  endfacet
  facet normal 0 1 0
    outer loop
      vertex -9.830303993361094 -14.1 24.883210818105248
      vertex -11.375 -14.1 24.984455543377234
      vertex -9.625 -14.1 24.984455543377234
    endloop
  endfacet
  facet normal 0 1 0
    outer loop
      vertex -10.27157916361491 -14.1 24.764971492595834
      vertex -10.5 -14.1 24.75
      vertex -10.72842083638509 -14.1 24.764971492595834
    endloop
  endfacet
  facet normal 0 1 0
    outer loop
      vertex -10.27157916361491 -14.1 24.764971492595834
      vertex -10.72842083638509 -14.1 24.764971492595834
      vertex -10.952933328929412 -14.1 24.80962980399413
    endloop
  endfacet
  facet normal 0 1 0
    outer loop
      vertex -10.27157916361491 -14.1 24.764971492595834
      vertex -10.952933328929412 -14.1 24.80962980399413
      vertex -10.047066671070588 -14.1 24.80962980399413
    endloop
  endfacet
  facet normal 0 1 0
    outer loop
      vertex -10.047066671070588 -14.1 24.80962980399413
      vertex -10.952933328929412 -14.1 24.80962980399413
      vertex -11.169696006638906 -14.1 24.883210818105248
    endloop
  endfacet
  facet normal 0 1 0
    outer loop
      vertex -9.830303993361094 -14.1 24.883210818105248
      vertex -11.169696006638906 -14.1 24.883210818105248
      vertex -11.375 -14.1 24.984455543377234
    endloop
  endfacet
  facet normal 0 1 0
    outer loop
      vertex -9.625 -14.1 24.984455543377234
      vertex -11.565332500765262 -14.1 25.11163165449034
      vertex -9.434667499234738 -14.1 25.11163165449034
    endloop
  endfacet
  facet normal 0 1 0
    outer loop
      vertex -9.262563132923542 -14.1 25.262563132923542
      vertex -9.434667499234738 -14.1 25.11163165449034
      vertex -11.737436867076458 -14.1 25.262563132923542
    endloop
  endfacet
  facet normal 0 1 0
    outer loop
      vertex -9.625 -14.1 24.984455543377234
      vertex -11.375 -14.1 24.984455543377234
      vertex -11.565332500765262 -14.1 25.11163165449034
    endloop
  endfacet
  facet normal 0 1 0
    outer loop
      vertex -9.434667499234738 -14.1 25.11163165449034
      vertex -11.565332500765262 -14.1 25.11163165449034
      vertex -11.737436867076458 -14.1 25.262563132923542
    endloop
  endfacet
  facet normal 0 1 0
    outer loop
      vertex -8.764971492595832 -14.1 26.27157916361491
      vertex -12.25 -14.1 26.5
      vertex -8.75 -14.1 26.5
    endloop
  endfacet
  facet normal 0 1 0
    outer loop
      vertex -8.75 -14.1 26.5
      vertex -12.235028507404168 -14.1 26.72842083638509
      vertex -8.764971492595832 -14.1 26.72842083638509
    endloop
  endfacet
  facet normal 0 1 0
    outer loop
      vertex -9.262563132923542 -14.1 25.262563132923542
      vertex -11.888368345509662 -14.1 25.434667499234738
      vertex -9.111631654490338 -14.1 25.434667499234738
    endloop
  endfacet
  facet normal 0 1 0
    outer loop
      vertex -9.111631654490338 -14.1 25.434667499234738
      vertex -12.015544456622768 -14.1 25.625
      vertex -8.984455543377232 -14.1 25.625
    endloop
  endfacet
  facet normal 0 1 0
    outer loop
      vertex -8.883210818105248 -14.1 25.830303993361092
      vertex -8.984455543377232 -14.1 25.625
      vertex -12.116789181894752 -14.1 25.830303993361092
    endloop
  endfacet
  facet normal 0 1 0
    outer loop
      vertex -8.883210818105248 -14.1 25.830303993361092
      vertex -12.190370196005869 -14.1 26.04706667107059
      vertex -8.809629803994131 -14.1 26.04706667107059
    endloop
  endfacet
  facet normal 0 1 0
    outer loop
      vertex -9.262563132923542 -14.1 25.262563132923542
      vertex -11.737436867076458 -14.1 25.262563132923542
      vertex -11.888368345509662 -14.1 25.434667499234738
    endloop
  endfacet
  facet normal 0 1 0
    outer loop
      vertex -9.111631654490338 -14.1 25.434667499234738
      vertex -11.888368345509662 -14.1 25.434667499234738
      vertex -12.015544456622768 -14.1 25.625
    endloop
  endfacet
  facet normal 0 1 0
    outer loop
      vertex -8.984455543377232 -14.1 25.625
      vertex -12.015544456622768 -14.1 25.625
      vertex -12.116789181894752 -14.1 25.830303993361092
    endloop
  endfacet
  facet normal 0 1 0
    outer loop
      vertex -8.883210818105248 -14.1 25.830303993361092
      vertex -12.116789181894752 -14.1 25.830303993361092
      vertex -12.190370196005869 -14.1 26.04706667107059
    endloop
  endfacet
  facet normal 0 1 0
    outer loop
      vertex -8.809629803994131 -14.1 26.04706667107059
      vertex -12.235028507404168 -14.1 26.27157916361491
      vertex -8.764971492595832 -14.1 26.27157916361491
    endloop
  endfacet
  facet normal 0 1 0
    outer loop
      vertex -8.809629803994131 -14.1 26.04706667107059
      vertex -12.190370196005869 -14.1 26.04706667107059
      vertex -12.235028507404168 -14.1 26.27157916361491
    endloop
  endfacet
  facet normal 0 1 0
    outer loop
      vertex -8.764971492595832 -14.1 26.27157916361491
      vertex -12.235028507404168 -14.1 26.27157916361491
      vertex -12.25 -14.1 26.5
    endloop
  endfacet
  facet normal 0 1 0
    outer loop
      vertex -8.75 -14.1 26.5
      vertex -12.25 -14.1 26.5
      vertex -12.235028507404168 -14.1 26.72842083638509
    endloop
  endfacet
  facet normal 0 1 0
    outer loop
      vertex -8.764971492595832 -14.1 26.72842083638509
      vertex -12.190370196005869 -14.1 26.95293332892941
      vertex -8.809629803994131 -14.1 26.95293332892941
    endloop
  endfacet
  facet normal 0 1 0
    outer loop
      vertex -8.809629803994131 -14.1 26.95293332892941
      vertex -12.116789181894752 -14.1 27.169696006638908
      vertex -8.883210818105248 -14.1 27.169696006638908
    endloop
  endfacet
  facet normal 0 1 0
    outer loop
      vertex -8.883210818105248 -14.1 27.169696006638908
      vertex -12.015544456622768 -14.1 27.375
      vertex -8.984455543377232 -14.1 27.375
    endloop
  endfacet
  facet normal 0 1 0
    outer loop
      vertex -8.764971492595832 -14.1 26.72842083638509
      vertex -12.235028507404168 -14.1 26.72842083638509
      vertex -12.190370196005869 -14.1 26.95293332892941
    endloop
  endfacet
  facet normal 0 1 0
    outer loop
      vertex -8.809629803994131 -14.1 26.95293332892941
      vertex -12.190370196005869 -14.1 26.95293332892941
      vertex -12.116789181894752 -14.1 27.169696006638908
    endloop
  endfacet
  facet normal 0 1 0
    outer loop
      vertex -8.883210818105248 -14.1 27.169696006638908
      vertex -12.116789181894752 -14.1 27.169696006638908
      vertex -12.015544456622768 -14.1 27.375
    endloop
  endfacet
  facet normal 0 1 0
    outer loop
      vertex -8.984455543377232 -14.1 27.375
      vertex -11.888368345509662 -14.1 27.565332500765262
      vertex -9.111631654490338 -14.1 27.565332500765262
    endloop
  endfacet
  facet normal 0 1 0
    outer loop
      vertex -9.111631654490338 -14.1 27.565332500765262
      vertex -11.737436867076458 -14.1 27.737436867076458
      vertex -9.262563132923542 -14.1 27.737436867076458
    endloop
  endfacet
  facet normal 0 1 0
    outer loop
      vertex -9.111631654490338 -14.1 27.565332500765262
      vertex -11.888368345509662 -14.1 27.565332500765262
      vertex -11.737436867076458 -14.1 27.737436867076458
    endloop
  endfacet
  facet normal 0 1 0
    outer loop
      vertex -9.262563132923542 -14.1 27.737436867076458
      vertex -11.565332500765262 -14.1 27.88836834550966
      vertex -9.434667499234738 -14.1 27.88836834550966
    endloop
  endfacet
  facet normal 0 1 0
    outer loop
      vertex -9.434667499234738 -14.1 27.88836834550966
      vertex -11.375 -14.1 28.015544456622766
      vertex -9.625 -14.1 28.015544456622766
    endloop
  endfacet
  facet normal 0 1 0
    outer loop
      vertex -9.625 -14.1 28.015544456622766
      vertex -11.169696006638906 -14.1 28.116789181894752
      vertex -9.830303993361094 -14.1 28.116789181894752
    endloop
  endfacet
  facet normal 0 1 0
    outer loop
      vertex -9.262563132923542 -14.1 27.737436867076458
      vertex -11.737436867076458 -14.1 27.737436867076458
      vertex -11.565332500765262 -14.1 27.88836834550966
    endloop
  endfacet
  facet normal 0 1 0
    outer loop
      vertex -9.434667499234738 -14.1 27.88836834550966
      vertex -11.565332500765262 -14.1 27.88836834550966
      vertex -11.375 -14.1 28.015544456622766
    endloop
  endfacet
  facet normal 0 1 0
    outer loop
      vertex -9.625 -14.1 28.015544456622766
      vertex -11.375 -14.1 28.015544456622766
      vertex -11.169696006638906 -14.1 28.116789181894752
    endloop
  endfacet
  facet normal 0 1 0
    outer loop
      vertex -8.984455543377232 -14.1 27.375
      vertex -12.015544456622768 -14.1 27.375
      vertex -11.888368345509662 -14.1 27.565332500765262
    endloop
  endfacet
  facet normal 0 1 0
    outer loop
      vertex -9.830303993361094 -14.1 28.116789181894752
      vertex -10.952933328929412 -14.1 28.19037019600587
      vertex -10.047066671070588 -14.1 28.19037019600587
    endloop
  endfacet
  facet normal 0 1 0
    outer loop
      vertex -10.047066671070588 -14.1 28.19037019600587
      vertex -10.72842083638509 -14.1 28.235028507404166
      vertex -10.27157916361491 -14.1 28.235028507404166
    endloop
  endfacet
  facet normal 0 1 0
    outer loop
      vertex -10.047066671070588 -14.1 28.19037019600587
      vertex -10.952933328929412 -14.1 28.19037019600587
      vertex -10.72842083638509 -14.1 28.235028507404166
    endloop
  endfacet
  facet normal 0 1 0
    outer loop
      vertex -9.830303993361094 -14.1 28.116789181894752
      vertex -11.169696006638906 -14.1 28.116789181894752
      vertex -10.952933328929412 -14.1 28.19037019600587
    endloop
  endfacet
  facet normal 0 1 0
    outer loop
      vertex -10.27157916361491 -14.1 28.235028507404166
      vertex -10.72842083638509 -14.1 28.235028507404166
      vertex -10.5 -14.1 28.25
    endloop
  endfacet
  facet normal -0.3214394653031586 0 0.9469301294951067
    outer loop
      vertex -9.830303993361094 -14.1 24.883210818105248
      vertex -9.830303993361094 -9.4 24.883210818105248
      vertex -10.047066671070588 -14.1 24.80962980399413
    endloop
  endfacet
  facet normal -0.4422886902190061 -1.25851678961854e-18 0.8968727415326859
    outer loop
      vertex -9.830303993361094 -14.1 24.883210818105248
      vertex -9.625 -14.1 24.984455543377234
      vertex -9.625 -9.4 24.984455543377234
    endloop
  endfacet
  facet normal -0.6593458151000736 0 0.751839807478973
    outer loop
      vertex -9.262563132923542 -14.1 25.262563132923542
      vertex -9.262563132923542 -9.4 25.262563132923542
      vertex -9.434667499234738 -14.1 25.11163165449034
    endloop
  endfacet
  facet normal -0.5555702330195971 1.3104083670960289e-18 0.8314696123025487
    outer loop
      vertex -9.625 -14.1 24.984455543377234
      vertex -9.434667499234738 -14.1 25.11163165449034
      vertex -9.434667499234738 -9.4 25.11163165449034
    endloop
  endfacet
  facet normal -0.06540312923015049 0 0.997858923238603
    outer loop
      vertex -10.27157916361491 -14.1 24.764971492595834
      vertex -10.27157916361491 -9.4 24.764971492595834
      vertex -10.5 -14.1 24.75
    endloop
  endfacet
  facet normal -0.19509032201612325 1.1883157228665013e-19 0.9807852804032314
    outer loop
      vertex -10.27157916361491 -14.1 24.764971492595834
      vertex -10.047066671070588 -14.1 24.80962980399413
      vertex -10.047066671070588 -9.4 24.80962980399413
    endloop
  endfacet
  facet normal 0.06540312923015049 0 0.997858923238603
    outer loop
      vertex -10.5 -14.1 24.75
      vertex -10.5 -9.4 24.75
      vertex -10.72842083638509 -14.1 24.764971492595834
    endloop
  endfacet
  facet normal 0.19509032201612325 0 0.9807852804032314
    outer loop
      vertex -10.72842083638509 -14.1 24.764971492595834
      vertex -10.72842083638509 -9.4 24.764971492595834
      vertex -10.952933328929412 -14.1 24.80962980399413
    endloop
  endfacet
  facet normal 0.3214394653031586 0 0.9469301294951067
    outer loop
      vertex -10.952933328929412 -14.1 24.80962980399413
      vertex -10.952933328929412 -9.4 24.80962980399413
      vertex -11.169696006638906 -14.1 24.883210818105248
    endloop
  endfacet
  facet normal 0.4422886902190061 0 0.8968727415326859
    outer loop
      vertex -11.169696006638906 -14.1 24.883210818105248
      vertex -11.169696006638906 -9.4 24.883210818105248
      vertex -11.375 -14.1 24.984455543377234
    endloop
  endfacet
  facet normal 0.5555702330195971 0 0.8314696123025487
    outer loop
      vertex -11.375 -14.1 24.984455543377234
      vertex -11.375 -9.4 24.984455543377234
      vertex -11.565332500765262 -14.1 25.11163165449034
    endloop
  endfacet
  facet normal 0.6593458151000736 0 0.751839807478973
    outer loop
      vertex -11.565332500765262 -14.1 25.11163165449034
      vertex -11.565332500765262 -9.4 25.11163165449034
      vertex -11.737436867076458 -14.1 25.262563132923542
    endloop
  endfacet
  facet normal -0.8968727415326875 0 0.4422886902190029
    outer loop
      vertex -8.883210818105248 -14.1 25.830303993361092
      vertex -8.883210818105248 -9.4 25.830303993361092
      vertex -8.984455543377232 -14.1 25.625
    endloop
  endfacet
  facet normal -0.9469301294951075 -9.354268423896295e-21 0.32143946530315626
    outer loop
      vertex -8.883210818105248 -14.1 25.830303993361092
      vertex -8.809629803994131 -14.1 26.04706667107059
      vertex -8.809629803994131 -9.4 26.04706667107059
    endloop
  endfacet
  facet normal -0.751839807478973 1.1266397260718205e-19 0.6593458151000736
    outer loop
      vertex -9.262563132923542 -14.1 25.262563132923542
      vertex -9.111631654490338 -14.1 25.434667499234738
      vertex -9.111631654490338 -9.4 25.434667499234738
    endloop
  endfacet
  facet normal -0.8314696123025451 -4.6242799059479425e-19 0.5555702330196025
    outer loop
      vertex -9.111631654490338 -14.1 25.434667499234738
      vertex -8.984455543377232 -14.1 25.625
      vertex -8.984455543377232 -9.4 25.625
    endloop
  endfacet
  facet normal -0.98078528040323 -4.1128252869833935e-20 0.19509032201613072
    outer loop
      vertex -8.809629803994131 -14.1 26.04706667107059
      vertex -8.764971492595832 -14.1 26.27157916361491
      vertex -8.764971492595832 -9.4 26.27157916361491
    endloop
  endfacet
  facet normal -0.9978589232386036 1.3163000626461574e-19 0.06540312923014278
    outer loop
      vertex -8.764971492595832 -14.1 26.27157916361491
      vertex -8.75 -14.1 26.5
      vertex -8.75 -9.4 26.5
    endloop
  endfacet
  facet normal -0.9978589232386036 -1.3163000626461574e-19 -0.06540312923014278
    outer loop
      vertex -8.75 -14.1 26.5
      vertex -8.764971492595832 -14.1 26.72842083638509
      vertex -8.764971492595832 -9.4 26.72842083638509
    endloop
  endfacet
  facet normal 0.751839807478973 0 0.6593458151000736
    outer loop
      vertex -11.737436867076458 -14.1 25.262563132923542
      vertex -11.737436867076458 -9.4 25.262563132923542
      vertex -11.888368345509662 -14.1 25.434667499234738
    endloop
  endfacet
  facet normal -0.98078528040323 4.1128252869833935e-20 -0.19509032201613072
    outer loop
      vertex -8.764971492595832 -14.1 26.72842083638509
      vertex -8.809629803994131 -14.1 26.95293332892941
      vertex -8.809629803994131 -9.4 26.95293332892941
    endloop
  endfacet
  facet normal -0.9469301294951075 9.354268423896295e-21 -0.32143946530315626
    outer loop
      vertex -8.809629803994131 -14.1 26.95293332892941
      vertex -8.883210818105248 -14.1 27.169696006638908
      vertex -8.883210818105248 -9.4 27.169696006638908
    endloop
  endfacet
  facet normal -0.8968727415326875 1.1067728409276208e-18 -0.4422886902190029
    outer loop
      vertex -8.883210818105248 -14.1 27.169696006638908
      vertex -8.984455543377232 -14.1 27.375
      vertex -8.984455543377232 -9.4 27.375
    endloop
  endfacet
  facet normal -0.8314696123025451 4.6242799059479425e-19 -0.5555702330196025
    outer loop
      vertex -8.984455543377232 -14.1 27.375
      vertex -9.111631654490338 -14.1 27.565332500765262
      vertex -9.111631654490338 -9.4 27.565332500765262
    endloop
  endfacet
  facet normal -0.751839807478973 -1.1266397260718205e-19 -0.6593458151000736
    outer loop
      vertex -9.111631654490338 -14.1 27.565332500765262
      vertex -9.262563132923542 -14.1 27.737436867076458
      vertex -9.262563132923542 -9.4 27.737436867076458
    endloop
  endfacet
  facet normal -0.6593458151000736 -1.1266397260718205e-19 -0.751839807478973
    outer loop
      vertex -9.262563132923542 -14.1 27.737436867076458
      vertex -9.434667499234738 -14.1 27.88836834550966
      vertex -9.434667499234738 -9.4 27.88836834550966
    endloop
  endfacet
  facet normal -0.5555702330195971 -1.3104083670960289e-18 -0.8314696123025487
    outer loop
      vertex -9.434667499234738 -14.1 27.88836834550966
      vertex -9.625 -14.1 28.015544456622766
      vertex -9.625 -9.4 28.015544456622766
    endloop
  endfacet
  facet normal -0.4422886902190061 1.25851678961854e-18 -0.8968727415326859
    outer loop
      vertex -9.625 -14.1 28.015544456622766
      vertex -9.830303993361094 -14.1 28.116789181894752
      vertex -9.830303993361094 -9.4 28.116789181894752
    endloop
  endfacet
  facet normal 0.751839807478973 0 -0.6593458151000736
    outer loop
      vertex -11.888368345509662 -14.1 27.565332500765262
      vertex -11.888368345509662 -9.4 27.565332500765262
      vertex -11.737436867076458 -14.1 27.737436867076458
    endloop
  endfacet
  facet normal 0.4422886902190061 0 -0.8968727415326859
    outer loop
      vertex -11.375 -14.1 28.015544456622766
      vertex -11.375 -9.4 28.015544456622766
      vertex -11.169696006638906 -14.1 28.116789181894752
    endloop
  endfacet
  facet normal 0.5555702330195971 1.3104083670960289e-18 -0.8314696123025487
    outer loop
      vertex -11.375 -14.1 28.015544456622766
      vertex -11.565332500765262 -14.1 27.88836834550966
      vertex -11.565332500765262 -9.4 27.88836834550966
    endloop
  endfacet
  facet normal 0.6593458151000736 0 -0.751839807478973
    outer loop
      vertex -11.737436867076458 -14.1 27.737436867076458
      vertex -11.737436867076458 -9.4 27.737436867076458
      vertex -11.565332500765262 -14.1 27.88836834550966
    endloop
  endfacet
  facet normal 0.8314696123025451 0 0.5555702330196025
    outer loop
      vertex -11.888368345509662 -14.1 25.434667499234738
      vertex -11.888368345509662 -9.4 25.434667499234738
      vertex -12.015544456622768 -14.1 25.625
    endloop
  endfacet
  facet normal 0.8968727415326875 0 0.4422886902190029
    outer loop
      vertex -12.015544456622768 -14.1 25.625
      vertex -12.015544456622768 -9.4 25.625
      vertex -12.116789181894752 -14.1 25.830303993361092
    endloop
  endfacet
  facet normal 0.9469301294951075 0 0.32143946530315626
    outer loop
      vertex -12.116789181894752 -14.1 25.830303993361092
      vertex -12.116789181894752 -9.4 25.830303993361092
      vertex -12.190370196005869 -14.1 26.04706667107059
    endloop
  endfacet
  facet normal 0.98078528040323 0 0.19509032201613072
    outer loop
      vertex -12.190370196005869 -14.1 26.04706667107059
      vertex -12.190370196005869 -9.4 26.04706667107059
      vertex -12.235028507404168 -14.1 26.27157916361491
    endloop
  endfacet
  facet normal 0.9978589232386036 0 0.06540312923014278
    outer loop
      vertex -12.235028507404168 -14.1 26.27157916361491
      vertex -12.235028507404168 -9.4 26.27157916361491
      vertex -12.25 -14.1 26.5
    endloop
  endfacet
  facet normal 0.9978589232386036 0 -0.06540312923014278
    outer loop
      vertex -12.25 -14.1 26.5
      vertex -12.25 -9.4 26.5
      vertex -12.235028507404168 -14.1 26.72842083638509
    endloop
  endfacet
  facet normal 0.98078528040323 0 -0.19509032201613072
    outer loop
      vertex -12.235028507404168 -14.1 26.72842083638509
      vertex -12.235028507404168 -9.4 26.72842083638509
      vertex -12.190370196005869 -14.1 26.95293332892941
    endloop
  endfacet
  facet normal 0.9469301294951075 0 -0.32143946530315626
    outer loop
      vertex -12.190370196005869 -14.1 26.95293332892941
      vertex -12.190370196005869 -9.4 26.95293332892941
      vertex -12.116789181894752 -14.1 27.169696006638908
    endloop
  endfacet
  facet normal 0.8968727415326875 0 -0.4422886902190029
    outer loop
      vertex -12.116789181894752 -14.1 27.169696006638908
      vertex -12.116789181894752 -9.4 27.169696006638908
      vertex -12.015544456622768 -14.1 27.375
    endloop
  endfacet
  facet normal 0.8314696123025451 -4.6242799059479425e-19 -0.5555702330196025
    outer loop
      vertex -11.888368345509662 -14.1 27.565332500765262
      vertex -12.015544456622768 -14.1 27.375
      vertex -12.015544456622768 -9.4 27.375
    endloop
  endfacet
  facet normal -0.3214394653031586 -1.043593043517592e-18 -0.9469301294951067
    outer loop
      vertex -9.830303993361094 -14.1 28.116789181894752
      vertex -10.047066671070588 -14.1 28.19037019600587
      vertex -10.047066671070588 -9.4 28.19037019600587
    endloop
  endfacet
  facet normal -0.19509032201612325 -1.1883157228665013e-19 -0.9807852804032314
    outer loop
      vertex -10.047066671070588 -14.1 28.19037019600587
      vertex -10.27157916361491 -14.1 28.235028507404166
      vertex -10.27157916361491 -9.4 28.235028507404166
    endloop
  endfacet
  facet normal -0.06540312923015049 2.4872738854594558e-20 -0.997858923238603
    outer loop
      vertex -10.27157916361491 -14.1 28.235028507404166
      vertex -10.5 -14.1 28.25
      vertex -10.5 -9.4 28.25
    endloop
  endfacet
  facet normal 0.06540312923015049 -2.4872738854594558e-20 -0.997858923238603
    outer loop
      vertex -10.5 -14.1 28.25
      vertex -10.72842083638509 -14.1 28.235028507404166
      vertex -10.72842083638509 -9.4 28.235028507404166
    endloop
  endfacet
  facet normal 0.19509032201612325 1.1883157228665013e-19 -0.9807852804032314
    outer loop
      vertex -10.72842083638509 -14.1 28.235028507404166
      vertex -10.952933328929412 -14.1 28.19037019600587
      vertex -10.952933328929412 -9.4 28.19037019600587
    endloop
  endfacet
  facet normal 0.3214394653031586 0 -0.9469301294951067
    outer loop
      vertex -11.169696006638906 -14.1 28.116789181894752
      vertex -11.169696006638906 -9.4 28.116789181894752
      vertex -10.952933328929412 -14.1 28.19037019600587
    endloop
  endfacet
  facet normal -0.4422886902190061 0 0.8968727415326859
    outer loop
      vertex -9.830303993361094 -14.1 24.883210818105248
      vertex -9.625 -9.4 24.984455543377234
      vertex -9.830303993361094 -9.4 24.883210818105248
    endloop
  endfacet
  facet normal -0.6593458151000736 0 0.751839807478973
    outer loop
      vertex -9.434667499234738 -14.1 25.11163165449034
      vertex -9.262563132923542 -9.4 25.262563132923542
      vertex -9.434667499234738 -9.4 25.11163165449034
    endloop
  endfacet
  facet normal -0.5555702330195971 0 0.8314696123025487
    outer loop
      vertex -9.625 -14.1 24.984455543377234
      vertex -9.434667499234738 -9.4 25.11163165449034
      vertex -9.625 -9.4 24.984455543377234
    endloop
  endfacet
  facet normal -0.19509032201612325 0 0.9807852804032314
    outer loop
      vertex -10.27157916361491 -14.1 24.764971492595834
      vertex -10.047066671070588 -9.4 24.80962980399413
      vertex -10.27157916361491 -9.4 24.764971492595834
    endloop
  endfacet
  facet normal -0.3214394653031586 0 0.9469301294951067
    outer loop
      vertex -10.047066671070588 -14.1 24.80962980399413
      vertex -9.830303993361094 -9.4 24.883210818105248
      vertex -10.047066671070588 -9.4 24.80962980399413
    endloop
  endfacet
  facet normal -0.06540312923015049 0 0.997858923238603
    outer loop
      vertex -10.5 -14.1 24.75
      vertex -10.27157916361491 -9.4 24.764971492595834
      vertex -10.5 -9.4 24.75
    endloop
  endfacet
  facet normal 0.06540312923015049 0 0.997858923238603
    outer loop
      vertex -10.72842083638509 -14.1 24.764971492595834
      vertex -10.5 -9.4 24.75
      vertex -10.72842083638509 -9.4 24.764971492595834
    endloop
  endfacet
  facet normal 0.19509032201612325 0 0.9807852804032314
    outer loop
      vertex -10.952933328929412 -14.1 24.80962980399413
      vertex -10.72842083638509 -9.4 24.764971492595834
      vertex -10.952933328929412 -9.4 24.80962980399413
    endloop
  endfacet
  facet normal 0.3214394653031586 0 0.9469301294951067
    outer loop
      vertex -11.169696006638906 -14.1 24.883210818105248
      vertex -10.952933328929412 -9.4 24.80962980399413
      vertex -11.169696006638906 -9.4 24.883210818105248
    endloop
  endfacet
  facet normal 0.4422886902190061 0 0.8968727415326859
    outer loop
      vertex -11.375 -14.1 24.984455543377234
      vertex -11.169696006638906 -9.4 24.883210818105248
      vertex -11.375 -9.4 24.984455543377234
    endloop
  endfacet
  facet normal 0.5555702330195971 0 0.8314696123025487
    outer loop
      vertex -11.565332500765262 -14.1 25.11163165449034
      vertex -11.375 -9.4 24.984455543377234
      vertex -11.565332500765262 -9.4 25.11163165449034
    endloop
  endfacet
  facet normal 0.6593458151000736 0 0.751839807478973
    outer loop
      vertex -11.737436867076458 -14.1 25.262563132923542
      vertex -11.565332500765262 -9.4 25.11163165449034
      vertex -11.737436867076458 -9.4 25.262563132923542
    endloop
  endfacet
  facet normal -0.9469301294951075 0 0.32143946530315626
    outer loop
      vertex -8.883210818105248 -14.1 25.830303993361092
      vertex -8.809629803994131 -9.4 26.04706667107059
      vertex -8.883210818105248 -9.4 25.830303993361092
    endloop
  endfacet
  facet normal -0.751839807478973 0 0.6593458151000736
    outer loop
      vertex -9.262563132923542 -14.1 25.262563132923542
      vertex -9.111631654490338 -9.4 25.434667499234738
      vertex -9.262563132923542 -9.4 25.262563132923542
    endloop
  endfacet
  facet normal -0.8314696123025451 0 0.5555702330196025
    outer loop
      vertex -9.111631654490338 -14.1 25.434667499234738
      vertex -8.984455543377232 -9.4 25.625
      vertex -9.111631654490338 -9.4 25.434667499234738
    endloop
  endfacet
  facet normal -0.8968727415326875 0 0.4422886902190029
    outer loop
      vertex -8.984455543377232 -14.1 25.625
      vertex -8.883210818105248 -9.4 25.830303993361092
      vertex -8.984455543377232 -9.4 25.625
    endloop
  endfacet
  facet normal -0.98078528040323 0 0.19509032201613072
    outer loop
      vertex -8.809629803994131 -14.1 26.04706667107059
      vertex -8.764971492595832 -9.4 26.27157916361491
      vertex -8.809629803994131 -9.4 26.04706667107059
    endloop
  endfacet
  facet normal -0.9978589232386036 0 0.06540312923014278
    outer loop
      vertex -8.764971492595832 -14.1 26.27157916361491
      vertex -8.75 -9.4 26.5
      vertex -8.764971492595832 -9.4 26.27157916361491
    endloop
  endfacet
  facet normal -0.9978589232386036 0 -0.06540312923014278
    outer loop
      vertex -8.75 -14.1 26.5
      vertex -8.764971492595832 -9.4 26.72842083638509
      vertex -8.75 -9.4 26.5
    endloop
  endfacet
  facet normal 0.751839807478973 0 0.6593458151000736
    outer loop
      vertex -11.888368345509662 -14.1 25.434667499234738
      vertex -11.737436867076458 -9.4 25.262563132923542
      vertex -11.888368345509662 -9.4 25.434667499234738
    endloop
  endfacet
  facet normal -0.98078528040323 0 -0.19509032201613072
    outer loop
      vertex -8.764971492595832 -14.1 26.72842083638509
      vertex -8.809629803994131 -9.4 26.95293332892941
      vertex -8.764971492595832 -9.4 26.72842083638509
    endloop
  endfacet
  facet normal -0.9469301294951075 0 -0.32143946530315626
    outer loop
      vertex -8.809629803994131 -14.1 26.95293332892941
      vertex -8.883210818105248 -9.4 27.169696006638908
      vertex -8.809629803994131 -9.4 26.95293332892941
    endloop
  endfacet
  facet normal -0.8968727415326875 0 -0.4422886902190029
    outer loop
      vertex -8.883210818105248 -14.1 27.169696006638908
      vertex -8.984455543377232 -9.4 27.375
      vertex -8.883210818105248 -9.4 27.169696006638908
    endloop
  endfacet
  facet normal -0.8314696123025451 0 -0.5555702330196025
    outer loop
      vertex -8.984455543377232 -14.1 27.375
      vertex -9.111631654490338 -9.4 27.565332500765262
      vertex -8.984455543377232 -9.4 27.375
    endloop
  endfacet
  facet normal -0.751839807478973 0 -0.6593458151000736
    outer loop
      vertex -9.111631654490338 -14.1 27.565332500765262
      vertex -9.262563132923542 -9.4 27.737436867076458
      vertex -9.111631654490338 -9.4 27.565332500765262
    endloop
  endfacet
  facet normal -0.6593458151000736 0 -0.751839807478973
    outer loop
      vertex -9.262563132923542 -14.1 27.737436867076458
      vertex -9.434667499234738 -9.4 27.88836834550966
      vertex -9.262563132923542 -9.4 27.737436867076458
    endloop
  endfacet
  facet normal -0.5555702330195971 0 -0.8314696123025487
    outer loop
      vertex -9.434667499234738 -14.1 27.88836834550966
      vertex -9.625 -9.4 28.015544456622766
      vertex -9.434667499234738 -9.4 27.88836834550966
    endloop
  endfacet
  facet normal -0.4422886902190061 0 -0.8968727415326859
    outer loop
      vertex -9.625 -14.1 28.015544456622766
      vertex -9.830303993361094 -9.4 28.116789181894752
      vertex -9.625 -9.4 28.015544456622766
    endloop
  endfacet
  facet normal 0.751839807478973 0 -0.6593458151000736
    outer loop
      vertex -11.737436867076458 -14.1 27.737436867076458
      vertex -11.888368345509662 -9.4 27.565332500765262
      vertex -11.737436867076458 -9.4 27.737436867076458
    endloop
  endfacet
  facet normal 0.4422886902190061 0 -0.8968727415326859
    outer loop
      vertex -11.169696006638906 -14.1 28.116789181894752
      vertex -11.375 -9.4 28.015544456622766
      vertex -11.169696006638906 -9.4 28.116789181894752
    endloop
  endfacet
  facet normal 0.6593458151000736 0 -0.751839807478973
    outer loop
      vertex -11.565332500765262 -14.1 27.88836834550966
      vertex -11.737436867076458 -9.4 27.737436867076458
      vertex -11.565332500765262 -9.4 27.88836834550966
    endloop
  endfacet
  facet normal 0.5555702330195971 0 -0.8314696123025487
    outer loop
      vertex -11.375 -14.1 28.015544456622766
      vertex -11.565332500765262 -9.4 27.88836834550966
      vertex -11.375 -9.4 28.015544456622766
    endloop
  endfacet
  facet normal 0.8314696123025451 0 0.5555702330196025
    outer loop
      vertex -12.015544456622768 -14.1 25.625
      vertex -11.888368345509662 -9.4 25.434667499234738
      vertex -12.015544456622768 -9.4 25.625
    endloop
  endfacet
  facet normal 0.8968727415326875 0 0.4422886902190029
    outer loop
      vertex -12.116789181894752 -14.1 25.830303993361092
      vertex -12.015544456622768 -9.4 25.625
      vertex -12.116789181894752 -9.4 25.830303993361092
    endloop
  endfacet
  facet normal 0.9469301294951075 0 0.32143946530315626
    outer loop
      vertex -12.190370196005869 -14.1 26.04706667107059
      vertex -12.116789181894752 -9.4 25.830303993361092
      vertex -12.190370196005869 -9.4 26.04706667107059
    endloop
  endfacet
  facet normal 0.98078528040323 0 0.19509032201613072
    outer loop
      vertex -12.235028507404168 -14.1 26.27157916361491
      vertex -12.190370196005869 -9.4 26.04706667107059
      vertex -12.235028507404168 -9.4 26.27157916361491
    endloop
  endfacet
  facet normal 0.9978589232386036 0 0.06540312923014278
    outer loop
      vertex -12.25 -14.1 26.5
      vertex -12.235028507404168 -9.4 26.27157916361491
      vertex -12.25 -9.4 26.5
    endloop
  endfacet
  facet normal 0.9978589232386036 0 -0.06540312923014278
    outer loop
      vertex -12.235028507404168 -14.1 26.72842083638509
      vertex -12.25 -9.4 26.5
      vertex -12.235028507404168 -9.4 26.72842083638509
    endloop
  endfacet
  facet normal 0.98078528040323 0 -0.19509032201613072
    outer loop
      vertex -12.190370196005869 -14.1 26.95293332892941
      vertex -12.235028507404168 -9.4 26.72842083638509
      vertex -12.190370196005869 -9.4 26.95293332892941
    endloop
  endfacet
  facet normal 0.9469301294951075 0 -0.32143946530315626
    outer loop
      vertex -12.116789181894752 -14.1 27.169696006638908
      vertex -12.190370196005869 -9.4 26.95293332892941
      vertex -12.116789181894752 -9.4 27.169696006638908
    endloop
  endfacet
  facet normal 0.8968727415326875 0 -0.4422886902190029
    outer loop
      vertex -12.015544456622768 -14.1 27.375
      vertex -12.116789181894752 -9.4 27.169696006638908
      vertex -12.015544456622768 -9.4 27.375
    endloop
  endfacet
  facet normal 0.8314696123025451 0 -0.5555702330196025
    outer loop
      vertex -11.888368345509662 -14.1 27.565332500765262
      vertex -12.015544456622768 -9.4 27.375
      vertex -11.888368345509662 -9.4 27.565332500765262
    endloop
  endfacet
  facet normal -0.3214394653031586 0 -0.9469301294951067
    outer loop
      vertex -9.830303993361094 -14.1 28.116789181894752
      vertex -10.047066671070588 -9.4 28.19037019600587
      vertex -9.830303993361094 -9.4 28.116789181894752
    endloop
  endfacet
  facet normal -0.19509032201612325 0 -0.9807852804032314
    outer loop
      vertex -10.047066671070588 -14.1 28.19037019600587
      vertex -10.27157916361491 -9.4 28.235028507404166
      vertex -10.047066671070588 -9.4 28.19037019600587
    endloop
  endfacet
  facet normal -0.06540312923015049 0 -0.997858923238603
    outer loop
      vertex -10.27157916361491 -14.1 28.235028507404166
      vertex -10.5 -9.4 28.25
      vertex -10.27157916361491 -9.4 28.235028507404166
    endloop
  endfacet
  facet normal 0.06540312923015049 0 -0.997858923238603
    outer loop
      vertex -10.5 -14.1 28.25
      vertex -10.72842083638509 -9.4 28.235028507404166
      vertex -10.5 -9.4 28.25
    endloop
  endfacet
  facet normal 0.19509032201612325 0 -0.9807852804032314
    outer loop
      vertex -10.72842083638509 -14.1 28.235028507404166
      vertex -10.952933328929412 -9.4 28.19037019600587
      vertex -10.72842083638509 -9.4 28.235028507404166
    endloop
  endfacet
  facet normal 0.3214394653031586 0 -0.9469301294951067
    outer loop
      vertex -10.952933328929412 -14.1 28.19037019600587
      vertex -11.169696006638906 -9.4 28.116789181894752
      vertex -10.952933328929412 -9.4 28.19037019600587
    endloop
  endfacet
  facet normal 0 1 0
    outer loop
      vertex -9.5 -9.4 24.76794919243112
      vertex -9.73463313526982 -9.4 24.652240934977428
      vertex -10.047066671070588 -9.4 24.80962980399413
    endloop
  endfacet
  facet normal 0 1 0
    outer loop
      vertex -9.28247714198256 -9.4 24.91329331941753
      vertex -9.5 -9.4 24.76794919243112
      vertex -9.625 -9.4 24.984455543377234
    endloop
  endfacet
  facet normal 0 1 0
    outer loop
      vertex -9.5 -9.4 24.76794919243112
      vertex -9.830303993361094 -9.4 24.883210818105248
      vertex -9.625 -9.4 24.984455543377234
    endloop
  endfacet
  facet normal 0 1 0
    outer loop
      vertex -9.5 -9.4 24.76794919243112
      vertex -10.047066671070588 -9.4 24.80962980399413
      vertex -9.830303993361094 -9.4 24.883210818105248
    endloop
  endfacet
  facet normal 0 1 0
    outer loop
      vertex -9.28247714198256 -9.4 24.91329331941753
      vertex -9.434667499234738 -9.4 25.11163165449034
      vertex -9.085786437626904 -9.4 25.085786437626904
    endloop
  endfacet
  facet normal 0 1 0
    outer loop
      vertex -8.91329331941753 -9.4 25.282477141982557
      vertex -9.085786437626904 -9.4 25.085786437626904
      vertex -9.111631654490338 -9.4 25.434667499234738
    endloop
  endfacet
  facet normal 0 1 0
    outer loop
      vertex -9.085786437626904 -9.4 25.085786437626904
      vertex -9.262563132923542 -9.4 25.262563132923542
      vertex -9.111631654490338 -9.4 25.434667499234738
    endloop
  endfacet
  facet normal 0 1 0
    outer loop
      vertex -9.085786437626904 -9.4 25.085786437626904
      vertex -9.434667499234738 -9.4 25.11163165449034
      vertex -9.262563132923542 -9.4 25.262563132923542
    endloop
  endfacet
  facet normal 0 1 0
    outer loop
      vertex -9.28247714198256 -9.4 24.91329331941753
      vertex -9.625 -9.4 24.984455543377234
      vertex -9.434667499234738 -9.4 25.11163165449034
    endloop
  endfacet
  facet normal -0.3214394653031629 1.807458353812969e-17 0.9469301294951052
    outer loop
      vertex -9.73463313526982 -9.4 24.652240934977428
      vertex -9.982361909794959 -9.1 24.568148347421864
      vertex -9.982361909794959 -9.4 24.568148347421864
    endloop
  endfacet
  facet normal -0.44228869021899275 -2.4158361943488988e-20 0.8968727415326925
    outer loop
      vertex -9.5 -9.4 24.76794919243112
      vertex -9.73463313526982 -9.1 24.652240934977428
      vertex -9.73463313526982 -9.4 24.652240934977428
    endloop
  endfacet
  facet normal -0.5555702330196074 -4.814516774220799e-18 0.8314696123025418
    outer loop
      vertex -9.28247714198256 -9.4 24.91329331941753
      vertex -9.5 -9.1 24.76794919243112
      vertex -9.5 -9.4 24.76794919243112
    endloop
  endfacet
  facet normal -0.6593458151000641 0 0.7518398074789816
    outer loop
      vertex -9.28247714198256 -9.4 24.91329331941753
      vertex -9.085786437626904 -9.4 25.085786437626904
      vertex -9.28247714198256 -9.1 24.91329331941753
    endloop
  endfacet
  facet normal -0.7518398074789787 -9.399213382341999e-18 0.6593458151000674
    outer loop
      vertex -8.91329331941753 -9.4 25.282477141982557
      vertex -9.085786437626904 -9.1 25.085786437626904
      vertex -9.085786437626904 -9.4 25.085786437626904
    endloop
  endfacet
  facet normal -0.5555702330196074 0 0.8314696123025418
    outer loop
      vertex -9.28247714198256 -9.4 24.91329331941753
      vertex -9.28247714198256 -9.1 24.91329331941753
      vertex -9.5 -9.1 24.76794919243112
    endloop
  endfacet
  facet normal -0.44228869021899275 0 0.8968727415326925
    outer loop
      vertex -9.5 -9.4 24.76794919243112
      vertex -9.5 -9.1 24.76794919243112
      vertex -9.73463313526982 -9.1 24.652240934977428
    endloop
  endfacet
  facet normal -0.3214394653031629 0 0.9469301294951052
    outer loop
      vertex -9.73463313526982 -9.4 24.652240934977428
      vertex -9.73463313526982 -9.1 24.652240934977428
      vertex -9.982361909794959 -9.1 24.568148347421864
    endloop
  endfacet
  facet normal -0.6593458151000641 0 0.7518398074789816
    outer loop
      vertex -9.085786437626904 -9.4 25.085786437626904
      vertex -9.085786437626904 -9.1 25.085786437626904
      vertex -9.28247714198256 -9.1 24.91329331941753
    endloop
  endfacet
  facet normal -0.7518398074789787 0 0.6593458151000674
    outer loop
      vertex -8.91329331941753 -9.4 25.282477141982557
      vertex -8.91329331941753 -9.1 25.282477141982557
      vertex -9.085786437626904 -9.1 25.085786437626904
    endloop
  endfacet
  facet normal 0 1 0
    outer loop
      vertex -9.982361909794959 -9.4 24.568148347421864
      vertex -10.238947615559898 -9.4 24.517110277252378
      vertex -11.017638090205041 -9.4 24.568148347421864
    endloop
  endfacet
  facet normal 0 1 0
    outer loop
      vertex -10.238947615559898 -9.4 24.517110277252378
      vertex -10.5 -9.4 24.5
      vertex -10.761052384440102 -9.4 24.517110277252378
    endloop
  endfacet
  facet normal 0 1 0
    outer loop
      vertex -10.238947615559898 -9.4 24.517110277252378
      vertex -10.761052384440102 -9.4 24.517110277252378
      vertex -11.017638090205041 -9.4 24.568148347421864
    endloop
  endfacet
  facet normal 0 1 0
    outer loop
      vertex -9.982361909794959 -9.4 24.568148347421864
      vertex -11.017638090205041 -9.4 24.568148347421864
      vertex -11.26536686473018 -9.4 24.652240934977428
    endloop
  endfacet
  facet normal 0 1 0
    outer loop
      vertex -9.73463313526982 -9.4 24.652240934977428
      vertex -10.27157916361491 -9.4 24.764971492595834
      vertex -10.047066671070588 -9.4 24.80962980399413
    endloop
  endfacet
  facet normal 0 1 0
    outer loop
      vertex -9.73463313526982 -9.4 24.652240934977428
      vertex -10.5 -9.4 24.75
      vertex -10.27157916361491 -9.4 24.764971492595834
    endloop
  endfacet
  facet normal 0 1 0
    outer loop
      vertex -9.73463313526982 -9.4 24.652240934977428
      vertex -9.982361909794959 -9.4 24.568148347421864
      vertex -11.26536686473018 -9.4 24.652240934977428
    endloop
  endfacet
  facet normal 0 1 0
    outer loop
      vertex -9.73463313526982 -9.4 24.652240934977428
      vertex -10.72842083638509 -9.4 24.764971492595834
      vertex -10.5 -9.4 24.75
    endloop
  endfacet
  facet normal 0 1 0
    outer loop
      vertex -9.73463313526982 -9.4 24.652240934977428
      vertex -11.5 -9.4 24.76794919243112
      vertex -10.72842083638509 -9.4 24.764971492595834
    endloop
  endfacet
  facet normal 0 1 0
    outer loop
      vertex -9.73463313526982 -9.4 24.652240934977428
      vertex -11.26536686473018 -9.4 24.652240934977428
      vertex -11.5 -9.4 24.76794919243112
    endloop
  endfacet
  facet normal 0 1 0
    outer loop
      vertex -10.72842083638509 -9.4 24.764971492595834
      vertex -11.5 -9.4 24.76794919243112
      vertex -10.952933328929412 -9.4 24.80962980399413
    endloop
  endfacet
  facet normal 0 1 0
    outer loop
      vertex -10.952933328929412 -9.4 24.80962980399413
      vertex -11.71752285801744 -9.4 24.91329331941753
      vertex -11.169696006638906 -9.4 24.883210818105248
    endloop
  endfacet
  facet normal 0 1 0
    outer loop
      vertex -10.952933328929412 -9.4 24.80962980399413
      vertex -11.5 -9.4 24.76794919243112
      vertex -11.71752285801744 -9.4 24.91329331941753
    endloop
  endfacet
  facet normal 0 1 0
    outer loop
      vertex -11.169696006638906 -9.4 24.883210818105248
      vertex -11.71752285801744 -9.4 24.91329331941753
      vertex -11.375 -9.4 24.984455543377234
    endloop
  endfacet
  facet normal 0 1 0
    outer loop
      vertex -11.375 -9.4 24.984455543377234
      vertex -11.914213562373096 -9.4 25.085786437626904
      vertex -11.565332500765262 -9.4 25.11163165449034
    endloop
  endfacet
  facet normal 0 1 0
    outer loop
      vertex -11.71752285801744 -9.4 24.91329331941753
      vertex -11.914213562373096 -9.4 25.085786437626904
      vertex -11.375 -9.4 24.984455543377234
    endloop
  endfacet
  facet normal 0 1 0
    outer loop
      vertex -11.565332500765262 -9.4 25.11163165449034
      vertex -12.08670668058247 -9.4 25.282477141982557
      vertex -11.737436867076458 -9.4 25.262563132923542
    endloop
  endfacet
  facet normal 0 1 0
    outer loop
      vertex -11.565332500765262 -9.4 25.11163165449034
      vertex -11.914213562373096 -9.4 25.085786437626904
      vertex -12.08670668058247 -9.4 25.282477141982557
    endloop
  endfacet
  facet normal -0.19509032201613538 -8.205177201423582e-18 0.980785280403229
    outer loop
      vertex -9.982361909794959 -9.4 24.568148347421864
      vertex -10.238947615559898 -9.1 24.517110277252378
      vertex -10.238947615559898 -9.4 24.517110277252378
    endloop
  endfacet
  facet normal -0.06540312923013929 2.0389838201701371e-19 0.9978589232386036
    outer loop
      vertex -10.238947615559898 -9.4 24.517110277252378
      vertex -10.5 -9.1 24.5
      vertex -10.5 -9.4 24.5
    endloop
  endfacet
  facet normal 0.06540312923013929 -2.0389838201701371e-19 0.9978589232386036
    outer loop
      vertex -10.5 -9.4 24.5
      vertex -10.761052384440102 -9.1 24.517110277252378
      vertex -10.761052384440102 -9.4 24.517110277252378
    endloop
  endfacet
  facet normal -0.19509032201613538 0 0.980785280403229
    outer loop
      vertex -9.982361909794959 -9.4 24.568148347421864
      vertex -9.982361909794959 -9.1 24.568148347421864
      vertex -10.238947615559898 -9.1 24.517110277252378
    endloop
  endfacet
  facet normal -0.06540312923013929 0 0.9978589232386036
    outer loop
      vertex -10.238947615559898 -9.4 24.517110277252378
      vertex -10.238947615559898 -9.1 24.517110277252378
      vertex -10.5 -9.1 24.5
    endloop
  endfacet
  facet normal 0.06540312923013929 0 0.9978589232386036
    outer loop
      vertex -10.5 -9.4 24.5
      vertex -10.5 -9.1 24.5
      vertex -10.761052384440102 -9.1 24.517110277252378
    endloop
  endfacet
  facet normal 0.19509032201613538 0 0.980785280403229
    outer loop
      vertex -10.761052384440102 -9.4 24.517110277252378
      vertex -10.761052384440102 -9.1 24.517110277252378
      vertex -11.017638090205041 -9.1 24.568148347421864
    endloop
  endfacet
  facet normal 0.19509032201613538 8.205177201423582e-18 0.980785280403229
    outer loop
      vertex -10.761052384440102 -9.4 24.517110277252378
      vertex -11.017638090205041 -9.1 24.568148347421864
      vertex -11.017638090205041 -9.4 24.568148347421864
    endloop
  endfacet
  facet normal 0.3214394653031629 0 0.9469301294951052
    outer loop
      vertex -11.017638090205041 -9.4 24.568148347421864
      vertex -11.017638090205041 -9.1 24.568148347421864
      vertex -11.26536686473018 -9.1 24.652240934977428
    endloop
  endfacet
  facet normal 0.3214394653031629 -1.807458353812969e-17 0.9469301294951052
    outer loop
      vertex -11.017638090205041 -9.4 24.568148347421864
      vertex -11.26536686473018 -9.1 24.652240934977428
      vertex -11.26536686473018 -9.4 24.652240934977428
    endloop
  endfacet
  facet normal 0.44228869021899275 2.4158361943488988e-20 0.8968727415326925
    outer loop
      vertex -11.26536686473018 -9.4 24.652240934977428
      vertex -11.5 -9.1 24.76794919243112
      vertex -11.5 -9.4 24.76794919243112
    endloop
  endfacet
  facet normal 0.5555702330196074 4.814516774220799e-18 0.8314696123025418
    outer loop
      vertex -11.5 -9.4 24.76794919243112
      vertex -11.71752285801744 -9.1 24.91329331941753
      vertex -11.71752285801744 -9.4 24.91329331941753
    endloop
  endfacet
  facet normal 0.6593458151000641 -4.590923910577049e-18 0.7518398074789816
    outer loop
      vertex -11.71752285801744 -9.4 24.91329331941753
      vertex -11.914213562373096 -9.1 25.085786437626904
      vertex -11.914213562373096 -9.4 25.085786437626904
    endloop
  endfacet
  facet normal 0.44228869021899275 0 0.8968727415326925
    outer loop
      vertex -11.26536686473018 -9.4 24.652240934977428
      vertex -11.26536686473018 -9.1 24.652240934977428
      vertex -11.5 -9.1 24.76794919243112
    endloop
  endfacet
  facet normal 0.5555702330196074 0 0.8314696123025418
    outer loop
      vertex -11.5 -9.4 24.76794919243112
      vertex -11.5 -9.1 24.76794919243112
      vertex -11.71752285801744 -9.1 24.91329331941753
    endloop
  endfacet
  facet normal 0.6593458151000641 0 0.7518398074789816
    outer loop
      vertex -11.71752285801744 -9.4 24.91329331941753
      vertex -11.71752285801744 -9.1 24.91329331941753
      vertex -11.914213562373096 -9.1 25.085786437626904
    endloop
  endfacet
  facet normal 0.7518398074789787 9.399213382341999e-18 0.6593458151000674
    outer loop
      vertex -11.914213562373096 -9.4 25.085786437626904
      vertex -12.08670668058247 -9.1 25.282477141982557
      vertex -12.08670668058247 -9.4 25.282477141982557
    endloop
  endfacet
  facet normal 0.7518398074789787 0 0.6593458151000674
    outer loop
      vertex -11.914213562373096 -9.4 25.085786437626904
      vertex -11.914213562373096 -9.1 25.085786437626904
      vertex -12.08670668058247 -9.1 25.282477141982557
    endloop
  endfacet
  facet normal 0 1 0
    outer loop
      vertex -8.91329331941753 -9.4 25.282477141982557
      vertex -8.984455543377232 -9.4 25.625
      vertex -8.767949192431123 -9.4 25.5
    endloop
  endfacet
  facet normal 0 1 0
    outer loop
      vertex -8.767949192431123 -9.4 25.5
      vertex -8.984455543377232 -9.4 25.625
      vertex -8.883210818105248 -9.4 25.830303993361092
    endloop
  endfacet
  facet normal 0 1 0
    outer loop
      vertex -8.767949192431123 -9.4 25.5
      vertex -8.883210818105248 -9.4 25.830303993361092
      vertex -8.652240934977426 -9.4 25.73463313526982
    endloop
  endfacet
  facet normal 0 1 0
    outer loop
      vertex -8.652240934977426 -9.4 25.73463313526982
      vertex -8.809629803994131 -9.4 26.04706667107059
      vertex -8.568148347421863 -9.4 25.98236190979496
    endloop
  endfacet
  facet normal 0 1 0
    outer loop
      vertex -8.652240934977426 -9.4 25.73463313526982
      vertex -8.883210818105248 -9.4 25.830303993361092
      vertex -8.809629803994131 -9.4 26.04706667107059
    endloop
  endfacet
  facet normal 0 1 0
    outer loop
      vertex -8.91329331941753 -9.4 25.282477141982557
      vertex -9.111631654490338 -9.4 25.434667499234738
      vertex -8.984455543377232 -9.4 25.625
    endloop
  endfacet
  facet normal 0 1 0
    outer loop
      vertex -8.568148347421863 -9.4 25.98236190979496
      vertex -8.764971492595832 -9.4 26.27157916361491
      vertex -8.51711027725238 -9.4 26.238947615559898
    endloop
  endfacet
  facet normal 0 1 0
    outer loop
      vertex -8.568148347421863 -9.4 25.98236190979496
      vertex -8.809629803994131 -9.4 26.04706667107059
      vertex -8.764971492595832 -9.4 26.27157916361491
    endloop
  endfacet
  facet normal 0 1 0
    outer loop
      vertex -8.51711027725238 -9.4 26.238947615559898
      vertex -8.764971492595832 -9.4 26.27157916361491
      vertex -8.75 -9.4 26.5
    endloop
  endfacet
  facet normal 0 1 0
    outer loop
      vertex -8.51711027725238 -9.4 26.238947615559898
      vertex -8.75 -9.4 26.5
      vertex -8.5 -9.4 26.5
    endloop
  endfacet
  facet normal 0 1 0
    outer loop
      vertex -8.5 -9.4 26.5
      vertex -8.75 -9.4 26.5
      vertex -8.764971492595832 -9.4 26.72842083638509
    endloop
  endfacet
  facet normal 0 1 0
    outer loop
      vertex -8.5 -9.4 26.5
      vertex -8.764971492595832 -9.4 26.72842083638509
      vertex -8.51711027725238 -9.4 26.761052384440102
    endloop
  endfacet
  facet normal -0.8314696123025471 0 0.5555702330195996
    outer loop
      vertex -8.91329331941753 -9.4 25.282477141982557
      vertex -8.767949192431123 -9.4 25.5
      vertex -8.91329331941753 -9.1 25.282477141982557
    endloop
  endfacet
  facet normal -0.896872741532687 0 0.4422886902190037
    outer loop
      vertex -8.767949192431123 -9.4 25.5
      vertex -8.652240934977426 -9.4 25.73463313526982
      vertex -8.767949192431123 -9.1 25.5
    endloop
  endfacet
  facet normal -0.9469301294951059 0 0.32143946530316087
    outer loop
      vertex -8.652240934977426 -9.4 25.73463313526982
      vertex -8.568148347421863 -9.4 25.98236190979496
      vertex -8.652240934977426 -9.1 25.73463313526982
    endloop
  endfacet
  facet normal -0.8314696123025471 4.1358116588083587e-17 0.5555702330195996
    outer loop
      vertex -8.91329331941753 -9.1 25.282477141982557
      vertex -8.767949192431123 -9.4 25.5
      vertex -8.767949192431123 -9.1 25.5
    endloop
  endfacet
  facet normal -0.896872741532687 0 0.4422886902190037
    outer loop
      vertex -8.652240934977426 -9.4 25.73463313526982
      vertex -8.652240934977426 -9.1 25.73463313526982
      vertex -8.767949192431123 -9.1 25.5
    endloop
  endfacet
  facet normal -0.9469301294951059 0 0.32143946530316087
    outer loop
      vertex -8.568148347421863 -9.4 25.98236190979496
      vertex -8.568148347421863 -9.1 25.98236190979496
      vertex -8.652240934977426 -9.1 25.73463313526982
    endloop
  endfacet
  facet normal -0.9807852804032313 0 0.1950903220161236
    outer loop
      vertex -8.568148347421863 -9.4 25.98236190979496
      vertex -8.51711027725238 -9.4 26.238947615559898
      vertex -8.568148347421863 -9.1 25.98236190979496
    endloop
  endfacet
  facet normal -0.9978589232386033 0 0.06540312923014605
    outer loop
      vertex -8.51711027725238 -9.4 26.238947615559898
      vertex -8.5 -9.4 26.5
      vertex -8.51711027725238 -9.1 26.238947615559898
    endloop
  endfacet
  facet normal -0.9978589232386033 0 -0.06540312923014605
    outer loop
      vertex -8.5 -9.4 26.5
      vertex -8.51711027725238 -9.4 26.761052384440102
      vertex -8.5 -9.1 26.5
    endloop
  endfacet
  facet normal -0.9807852804032313 0 0.1950903220161236
    outer loop
      vertex -8.51711027725238 -9.4 26.238947615559898
      vertex -8.51711027725238 -9.1 26.238947615559898
      vertex -8.568148347421863 -9.1 25.98236190979496
    endloop
  endfacet
  facet normal -0.9978589232386033 0 0.06540312923014605
    outer loop
      vertex -8.5 -9.4 26.5
      vertex -8.5 -9.1 26.5
      vertex -8.51711027725238 -9.1 26.238947615559898
    endloop
  endfacet
  facet normal -0.9978589232386033 3.826760976339436e-18 -0.06540312923014605
    outer loop
      vertex -8.5 -9.1 26.5
      vertex -8.51711027725238 -9.4 26.761052384440102
      vertex -8.51711027725238 -9.1 26.761052384440102
    endloop
  endfacet
  facet normal 0 1 0
    outer loop
      vertex -11.737436867076458 -9.4 25.262563132923542
      vertex -12.08670668058247 -9.4 25.282477141982557
      vertex -11.888368345509662 -9.4 25.434667499234738
    endloop
  endfacet
  facet normal 0 1 0
    outer loop
      vertex -8.51711027725238 -9.4 26.761052384440102
      vertex -8.764971492595832 -9.4 26.72842083638509
      vertex -8.809629803994131 -9.4 26.95293332892941
    endloop
  endfacet
  facet normal 0 1 0
    outer loop
      vertex -8.51711027725238 -9.4 26.761052384440102
      vertex -8.809629803994131 -9.4 26.95293332892941
      vertex -8.568148347421863 -9.4 27.01763809020504
    endloop
  endfacet
  facet normal 0 1 0
    outer loop
      vertex -8.568148347421863 -9.4 27.01763809020504
      vertex -8.809629803994131 -9.4 26.95293332892941
      vertex -8.883210818105248 -9.4 27.169696006638908
    endloop
  endfacet
  facet normal 0 1 0
    outer loop
      vertex -8.568148347421863 -9.4 27.01763809020504
      vertex -8.883210818105248 -9.4 27.169696006638908
      vertex -8.652240934977426 -9.4 27.26536686473018
    endloop
  endfacet
  facet normal 0 1 0
    outer loop
      vertex -8.883210818105248 -9.4 27.169696006638908
      vertex -8.984455543377232 -9.4 27.375
      vertex -8.652240934977426 -9.4 27.26536686473018
    endloop
  endfacet
  facet normal 0 1 0
    outer loop
      vertex -8.652240934977426 -9.4 27.26536686473018
      vertex -8.984455543377232 -9.4 27.375
      vertex -8.767949192431123 -9.4 27.5
    endloop
  endfacet
  facet normal 0 1 0
    outer loop
      vertex -8.984455543377232 -9.4 27.375
      vertex -9.111631654490338 -9.4 27.565332500765262
      vertex -8.767949192431123 -9.4 27.5
    endloop
  endfacet
  facet normal 0 1 0
    outer loop
      vertex -8.767949192431123 -9.4 27.5
      vertex -9.111631654490338 -9.4 27.565332500765262
      vertex -8.91329331941753 -9.4 27.717522858017443
    endloop
  endfacet
  facet normal 0 1 0
    outer loop
      vertex -8.91329331941753 -9.4 27.717522858017443
      vertex -9.111631654490338 -9.4 27.565332500765262
      vertex -9.262563132923542 -9.4 27.737436867076458
    endloop
  endfacet
  facet normal 0 1 0
    outer loop
      vertex -8.91329331941753 -9.4 27.717522858017443
      vertex -9.434667499234738 -9.4 27.88836834550966
      vertex -9.085786437626904 -9.4 27.914213562373096
    endloop
  endfacet
  facet normal 0 1 0
    outer loop
      vertex -8.91329331941753 -9.4 27.717522858017443
      vertex -9.262563132923542 -9.4 27.737436867076458
      vertex -9.434667499234738 -9.4 27.88836834550966
    endloop
  endfacet
  facet normal 0 1 0
    outer loop
      vertex -9.085786437626904 -9.4 27.914213562373096
      vertex -9.434667499234738 -9.4 27.88836834550966
      vertex -9.625 -9.4 28.015544456622766
    endloop
  endfacet
  facet normal 0 1 0
    outer loop
      vertex -9.085786437626904 -9.4 27.914213562373096
      vertex -9.625 -9.4 28.015544456622766
      vertex -9.28247714198256 -9.4 28.08670668058247
    endloop
  endfacet
  facet normal 0 1 0
    outer loop
      vertex -9.28247714198256 -9.4 28.08670668058247
      vertex -9.625 -9.4 28.015544456622766
      vertex -9.830303993361094 -9.4 28.116789181894752
    endloop
  endfacet
  facet normal -0.9807852804032313 0 -0.1950903220161236
    outer loop
      vertex -8.51711027725238 -9.4 26.761052384440102
      vertex -8.568148347421863 -9.4 27.01763809020504
      vertex -8.51711027725238 -9.1 26.761052384440102
    endloop
  endfacet
  facet normal -0.9469301294951059 0 -0.32143946530316087
    outer loop
      vertex -8.568148347421863 -9.4 27.01763809020504
      vertex -8.652240934977426 -9.4 27.26536686473018
      vertex -8.568148347421863 -9.1 27.01763809020504
    endloop
  endfacet
  facet normal -0.896872741532687 0 -0.4422886902190037
    outer loop
      vertex -8.652240934977426 -9.4 27.26536686473018
      vertex -8.767949192431123 -9.4 27.5
      vertex -8.652240934977426 -9.1 27.26536686473018
    endloop
  endfacet
  facet normal -0.9807852804032313 0 -0.1950903220161236
    outer loop
      vertex -8.568148347421863 -9.4 27.01763809020504
      vertex -8.568148347421863 -9.1 27.01763809020504
      vertex -8.51711027725238 -9.1 26.761052384440102
    endloop
  endfacet
  facet normal -0.9469301294951059 0 -0.32143946530316087
    outer loop
      vertex -8.652240934977426 -9.4 27.26536686473018
      vertex -8.652240934977426 -9.1 27.26536686473018
      vertex -8.568148347421863 -9.1 27.01763809020504
    endloop
  endfacet
  facet normal -0.896872741532687 0 -0.4422886902190037
    outer loop
      vertex -8.767949192431123 -9.4 27.5
      vertex -8.767949192431123 -9.1 27.5
      vertex -8.652240934977426 -9.1 27.26536686473018
    endloop
  endfacet
  facet normal -0.8314696123025471 0 -0.5555702330195996
    outer loop
      vertex -8.767949192431123 -9.4 27.5
      vertex -8.91329331941753 -9.4 27.717522858017443
      vertex -8.767949192431123 -9.1 27.5
    endloop
  endfacet
  facet normal -0.8314696123025471 0 -0.5555702330195996
    outer loop
      vertex -8.91329331941753 -9.4 27.717522858017443
      vertex -8.91329331941753 -9.1 27.717522858017443
      vertex -8.767949192431123 -9.1 27.5
    endloop
  endfacet
  facet normal -0.7518398074789787 0 -0.6593458151000674
    outer loop
      vertex -8.91329331941753 -9.4 27.717522858017443
      vertex -9.085786437626904 -9.4 27.914213562373096
      vertex -8.91329331941753 -9.1 27.717522858017443
    endloop
  endfacet
  facet normal -0.6593458151000641 0 -0.7518398074789816
    outer loop
      vertex -9.085786437626904 -9.4 27.914213562373096
      vertex -9.28247714198256 -9.4 28.08670668058247
      vertex -9.085786437626904 -9.1 27.914213562373096
    endloop
  endfacet
  facet normal -0.7518398074789787 0 -0.6593458151000674
    outer loop
      vertex -9.085786437626904 -9.4 27.914213562373096
      vertex -9.085786437626904 -9.1 27.914213562373096
      vertex -8.91329331941753 -9.1 27.717522858017443
    endloop
  endfacet
  facet normal -0.6593458151000641 0 -0.7518398074789816
    outer loop
      vertex -9.28247714198256 -9.4 28.08670668058247
      vertex -9.28247714198256 -9.1 28.08670668058247
      vertex -9.085786437626904 -9.1 27.914213562373096
    endloop
  endfacet
  facet normal 0 1 0
    outer loop
      vertex -11.888368345509662 -9.4 27.565332500765262
      vertex -11.914213562373096 -9.4 27.914213562373096
      vertex -11.737436867076458 -9.4 27.737436867076458
    endloop
  endfacet
  facet normal 0 1 0
    outer loop
      vertex -11.375 -9.4 28.015544456622766
      vertex -11.5 -9.4 28.23205080756888
      vertex -11.169696006638906 -9.4 28.116789181894752
    endloop
  endfacet
  facet normal 0 1 0
    outer loop
      vertex -11.737436867076458 -9.4 27.737436867076458
      vertex -11.914213562373096 -9.4 27.914213562373096
      vertex -11.565332500765262 -9.4 27.88836834550966
    endloop
  endfacet
  facet normal 0 1 0
    outer loop
      vertex -11.375 -9.4 28.015544456622766
      vertex -11.565332500765262 -9.4 27.88836834550966
      vertex -11.71752285801744 -9.4 28.08670668058247
    endloop
  endfacet
  facet normal 0 1 0
    outer loop
      vertex -11.375 -9.4 28.015544456622766
      vertex -11.71752285801744 -9.4 28.08670668058247
      vertex -11.5 -9.4 28.23205080756888
    endloop
  endfacet
  facet normal 0 1 0
    outer loop
      vertex -11.565332500765262 -9.4 27.88836834550966
      vertex -11.914213562373096 -9.4 27.914213562373096
      vertex -11.71752285801744 -9.4 28.08670668058247
    endloop
  endfacet
  facet normal 0.6593458151000641 0 -0.7518398074789816
    outer loop
      vertex -11.71752285801744 -9.4 28.08670668058247
      vertex -11.914213562373096 -9.4 27.914213562373096
      vertex -11.71752285801744 -9.1 28.08670668058247
    endloop
  endfacet
  facet normal 0.6593458151000641 4.590923910577049e-18 -0.7518398074789816
    outer loop
      vertex -11.71752285801744 -9.1 28.08670668058247
      vertex -11.914213562373096 -9.4 27.914213562373096
      vertex -11.914213562373096 -9.1 27.914213562373096
    endloop
  endfacet
  facet normal 0 1 0
    outer loop
      vertex -12.08670668058247 -9.4 25.282477141982557
      vertex -12.232050807568877 -9.4 25.5
      vertex -11.888368345509662 -9.4 25.434667499234738
    endloop
  endfacet
  facet normal 0 1 0
    outer loop
      vertex -11.888368345509662 -9.4 25.434667499234738
      vertex -12.232050807568877 -9.4 25.5
      vertex -12.015544456622768 -9.4 25.625
    endloop
  endfacet
  facet normal 0 1 0
    outer loop
      vertex -12.015544456622768 -9.4 25.625
      vertex -12.232050807568877 -9.4 25.5
      vertex -12.347759065022574 -9.4 25.73463313526982
    endloop
  endfacet
  facet normal 0 1 0
    outer loop
      vertex -12.015544456622768 -9.4 25.625
      vertex -12.347759065022574 -9.4 25.73463313526982
      vertex -12.116789181894752 -9.4 25.830303993361092
    endloop
  endfacet
  facet normal 0 1 0
    outer loop
      vertex -12.116789181894752 -9.4 25.830303993361092
      vertex -12.347759065022574 -9.4 25.73463313526982
      vertex -12.431851652578137 -9.4 25.98236190979496
    endloop
  endfacet
  facet normal 0 1 0
    outer loop
      vertex -12.116789181894752 -9.4 25.830303993361092
      vertex -12.431851652578137 -9.4 25.98236190979496
      vertex -12.190370196005869 -9.4 26.04706667107059
    endloop
  endfacet
  facet normal 0 1 0
    outer loop
      vertex -12.431851652578137 -9.4 25.98236190979496
      vertex -12.48288972274762 -9.4 26.238947615559898
      vertex -12.190370196005869 -9.4 26.04706667107059
    endloop
  endfacet
  facet normal 0 1 0
    outer loop
      vertex -12.190370196005869 -9.4 26.04706667107059
      vertex -12.48288972274762 -9.4 26.238947615559898
      vertex -12.235028507404168 -9.4 26.27157916361491
    endloop
  endfacet
  facet normal 0 1 0
    outer loop
      vertex -12.235028507404168 -9.4 26.27157916361491
      vertex -12.48288972274762 -9.4 26.238947615559898
      vertex -12.5 -9.4 26.5
    endloop
  endfacet
  facet normal 0 1 0
    outer loop
      vertex -12.235028507404168 -9.4 26.27157916361491
      vertex -12.5 -9.4 26.5
      vertex -12.25 -9.4 26.5
    endloop
  endfacet
  facet normal 0 1 0
    outer loop
      vertex -12.25 -9.4 26.5
      vertex -12.48288972274762 -9.4 26.761052384440102
      vertex -12.235028507404168 -9.4 26.72842083638509
    endloop
  endfacet
  facet normal 0 1 0
    outer loop
      vertex -12.25 -9.4 26.5
      vertex -12.5 -9.4 26.5
      vertex -12.48288972274762 -9.4 26.761052384440102
    endloop
  endfacet
  facet normal 0.8314696123025471 -4.1358116588083587e-17 0.5555702330195996
    outer loop
      vertex -12.08670668058247 -9.4 25.282477141982557
      vertex -12.232050807568877 -9.1 25.5
      vertex -12.232050807568877 -9.4 25.5
    endloop
  endfacet
  facet normal 0.896872741532687 -1.166081648645714e-17 0.4422886902190037
    outer loop
      vertex -12.232050807568877 -9.4 25.5
      vertex -12.347759065022574 -9.1 25.73463313526982
      vertex -12.347759065022574 -9.4 25.73463313526982
    endloop
  endfacet
  facet normal 0.9469301294951059 -2.0523805201866332e-17 0.32143946530316087
    outer loop
      vertex -12.347759065022574 -9.4 25.73463313526982
      vertex -12.431851652578137 -9.1 25.98236190979496
      vertex -12.431851652578137 -9.4 25.98236190979496
    endloop
  endfacet
  facet normal 0.8314696123025471 0 0.5555702330195996
    outer loop
      vertex -12.08670668058247 -9.4 25.282477141982557
      vertex -12.08670668058247 -9.1 25.282477141982557
      vertex -12.232050807568877 -9.1 25.5
    endloop
  endfacet
  facet normal 0.896872741532687 0 0.4422886902190037
    outer loop
      vertex -12.232050807568877 -9.4 25.5
      vertex -12.232050807568877 -9.1 25.5
      vertex -12.347759065022574 -9.1 25.73463313526982
    endloop
  endfacet
  facet normal 0.9469301294951059 0 0.32143946530316087
    outer loop
      vertex -12.347759065022574 -9.4 25.73463313526982
      vertex -12.347759065022574 -9.1 25.73463313526982
      vertex -12.431851652578137 -9.1 25.98236190979496
    endloop
  endfacet
  facet normal 0.9807852804032313 2.690692795782626e-18 0.1950903220161236
    outer loop
      vertex -12.431851652578137 -9.4 25.98236190979496
      vertex -12.48288972274762 -9.1 26.238947615559898
      vertex -12.48288972274762 -9.4 26.238947615559898
    endloop
  endfacet
  facet normal 0.9978589232386033 3.826760976339436e-18 0.06540312923014605
    outer loop
      vertex -12.48288972274762 -9.4 26.238947615559898
      vertex -12.5 -9.1 26.5
      vertex -12.5 -9.4 26.5
    endloop
  endfacet
  facet normal 0.9978589232386033 -3.826760976339436e-18 -0.06540312923014605
    outer loop
      vertex -12.5 -9.4 26.5
      vertex -12.48288972274762 -9.1 26.761052384440102
      vertex -12.48288972274762 -9.4 26.761052384440102
    endloop
  endfacet
  facet normal 0.9807852804032313 0 0.1950903220161236
    outer loop
      vertex -12.431851652578137 -9.4 25.98236190979496
      vertex -12.431851652578137 -9.1 25.98236190979496
      vertex -12.48288972274762 -9.1 26.238947615559898
    endloop
  endfacet
  facet normal 0.9978589232386033 0 0.06540312923014605
    outer loop
      vertex -12.48288972274762 -9.4 26.238947615559898
      vertex -12.48288972274762 -9.1 26.238947615559898
      vertex -12.5 -9.1 26.5
    endloop
  endfacet
  facet normal 0.9978589232386033 0 -0.06540312923014605
    outer loop
      vertex -12.5 -9.4 26.5
      vertex -12.5 -9.1 26.5
      vertex -12.48288972274762 -9.1 26.761052384440102
    endloop
  endfacet
  facet normal 0 1 0
    outer loop
      vertex -12.235028507404168 -9.4 26.72842083638509
      vertex -12.48288972274762 -9.4 26.761052384440102
      vertex -12.431851652578137 -9.4 27.01763809020504
    endloop
  endfacet
  facet normal 0 1 0
    outer loop
      vertex -12.235028507404168 -9.4 26.72842083638509
      vertex -12.431851652578137 -9.4 27.01763809020504
      vertex -12.190370196005869 -9.4 26.95293332892941
    endloop
  endfacet
  facet normal 0 1 0
    outer loop
      vertex -12.190370196005869 -9.4 26.95293332892941
      vertex -12.347759065022574 -9.4 27.26536686473018
      vertex -12.116789181894752 -9.4 27.169696006638908
    endloop
  endfacet
  facet normal 0 1 0
    outer loop
      vertex -12.190370196005869 -9.4 26.95293332892941
      vertex -12.431851652578137 -9.4 27.01763809020504
      vertex -12.347759065022574 -9.4 27.26536686473018
    endloop
  endfacet
  facet normal 0 1 0
    outer loop
      vertex -12.116789181894752 -9.4 27.169696006638908
      vertex -12.232050807568877 -9.4 27.5
      vertex -12.015544456622768 -9.4 27.375
    endloop
  endfacet
  facet normal 0 1 0
    outer loop
      vertex -12.116789181894752 -9.4 27.169696006638908
      vertex -12.347759065022574 -9.4 27.26536686473018
      vertex -12.232050807568877 -9.4 27.5
    endloop
  endfacet
  facet normal 0 1 0
    outer loop
      vertex -11.888368345509662 -9.4 27.565332500765262
      vertex -12.015544456622768 -9.4 27.375
      vertex -12.08670668058247 -9.4 27.717522858017443
    endloop
  endfacet
  facet normal 0 1 0
    outer loop
      vertex -12.015544456622768 -9.4 27.375
      vertex -12.232050807568877 -9.4 27.5
      vertex -12.08670668058247 -9.4 27.717522858017443
    endloop
  endfacet
  facet normal 0 1 0
    outer loop
      vertex -11.888368345509662 -9.4 27.565332500765262
      vertex -12.08670668058247 -9.4 27.717522858017443
      vertex -11.914213562373096 -9.4 27.914213562373096
    endloop
  endfacet
  facet normal 0.9807852804032313 -2.690692795782626e-18 -0.1950903220161236
    outer loop
      vertex -12.48288972274762 -9.4 26.761052384440102
      vertex -12.431851652578137 -9.1 27.01763809020504
      vertex -12.431851652578137 -9.4 27.01763809020504
    endloop
  endfacet
  facet normal 0.9469301294951059 2.0523805201866332e-17 -0.32143946530316087
    outer loop
      vertex -12.431851652578137 -9.4 27.01763809020504
      vertex -12.347759065022574 -9.1 27.26536686473018
      vertex -12.347759065022574 -9.4 27.26536686473018
    endloop
  endfacet
  facet normal 0.896872741532687 1.166081648645714e-17 -0.4422886902190037
    outer loop
      vertex -12.347759065022574 -9.4 27.26536686473018
      vertex -12.232050807568877 -9.1 27.5
      vertex -12.232050807568877 -9.4 27.5
    endloop
  endfacet
  facet normal 0.9807852804032313 0 -0.1950903220161236
    outer loop
      vertex -12.48288972274762 -9.4 26.761052384440102
      vertex -12.48288972274762 -9.1 26.761052384440102
      vertex -12.431851652578137 -9.1 27.01763809020504
    endloop
  endfacet
  facet normal 0.896872741532687 0 -0.4422886902190037
    outer loop
      vertex -12.347759065022574 -9.4 27.26536686473018
      vertex -12.347759065022574 -9.1 27.26536686473018
      vertex -12.232050807568877 -9.1 27.5
    endloop
  endfacet
  facet normal 0.9469301294951059 0 -0.32143946530316087
    outer loop
      vertex -12.431851652578137 -9.4 27.01763809020504
      vertex -12.431851652578137 -9.1 27.01763809020504
      vertex -12.347759065022574 -9.1 27.26536686473018
    endloop
  endfacet
  facet normal 0.8314696123025471 4.1358116588083587e-17 -0.5555702330195996
    outer loop
      vertex -12.232050807568877 -9.4 27.5
      vertex -12.08670668058247 -9.1 27.717522858017443
      vertex -12.08670668058247 -9.4 27.717522858017443
    endloop
  endfacet
  facet normal 0.7518398074789787 -9.399213382341999e-18 -0.6593458151000674
    outer loop
      vertex -12.08670668058247 -9.4 27.717522858017443
      vertex -11.914213562373096 -9.1 27.914213562373096
      vertex -11.914213562373096 -9.4 27.914213562373096
    endloop
  endfacet
  facet normal 0.8314696123025471 0 -0.5555702330195996
    outer loop
      vertex -12.232050807568877 -9.4 27.5
      vertex -12.232050807568877 -9.1 27.5
      vertex -12.08670668058247 -9.1 27.717522858017443
    endloop
  endfacet
  facet normal 0.7518398074789787 0 -0.6593458151000674
    outer loop
      vertex -12.08670668058247 -9.4 27.717522858017443
      vertex -12.08670668058247 -9.1 27.717522858017443
      vertex -11.914213562373096 -9.1 27.914213562373096
    endloop
  endfacet
  facet normal 0 1 0
    outer loop
      vertex -9.28247714198256 -9.4 28.08670668058247
      vertex -10.047066671070588 -9.4 28.19037019600587
      vertex -9.5 -9.4 28.23205080756888
    endloop
  endfacet
  facet normal 0 1 0
    outer loop
      vertex -9.28247714198256 -9.4 28.08670668058247
      vertex -9.830303993361094 -9.4 28.116789181894752
      vertex -10.047066671070588 -9.4 28.19037019600587
    endloop
  endfacet
  facet normal -0.5555702330196074 0 -0.8314696123025418
    outer loop
      vertex -9.28247714198256 -9.4 28.08670668058247
      vertex -9.5 -9.4 28.23205080756888
      vertex -9.28247714198256 -9.1 28.08670668058247
    endloop
  endfacet
  facet normal -0.44228869021899275 0 -0.8968727415326925
    outer loop
      vertex -9.5 -9.4 28.23205080756888
      vertex -9.73463313526982 -9.4 28.347759065022572
      vertex -9.5 -9.1 28.23205080756888
    endloop
  endfacet
  facet normal -0.3214394653031629 0 -0.9469301294951052
    outer loop
      vertex -9.73463313526982 -9.4 28.347759065022572
      vertex -9.982361909794959 -9.4 28.431851652578136
      vertex -9.73463313526982 -9.1 28.347759065022572
    endloop
  endfacet
  facet normal -0.5555702330196074 4.814516774220799e-18 -0.8314696123025418
    outer loop
      vertex -9.28247714198256 -9.1 28.08670668058247
      vertex -9.5 -9.4 28.23205080756888
      vertex -9.5 -9.1 28.23205080756888
    endloop
  endfacet
  facet normal -0.44228869021899275 0 -0.8968727415326925
    outer loop
      vertex -9.73463313526982 -9.4 28.347759065022572
      vertex -9.73463313526982 -9.1 28.347759065022572
      vertex -9.5 -9.1 28.23205080756888
    endloop
  endfacet
  facet normal -0.3214394653031629 -1.807458353812969e-17 -0.9469301294951052
    outer loop
      vertex -9.73463313526982 -9.1 28.347759065022572
      vertex -9.982361909794959 -9.4 28.431851652578136
      vertex -9.982361909794959 -9.1 28.431851652578136
    endloop
  endfacet
  facet normal 0 1 0
    outer loop
      vertex -9.5 -9.4 28.23205080756888
      vertex -10.047066671070588 -9.4 28.19037019600587
      vertex -10.27157916361491 -9.4 28.235028507404166
    endloop
  endfacet
  facet normal 0 1 0
    outer loop
      vertex -9.5 -9.4 28.23205080756888
      vertex -10.27157916361491 -9.4 28.235028507404166
      vertex -11.26536686473018 -9.4 28.347759065022572
    endloop
  endfacet
  facet normal 0 1 0
    outer loop
      vertex -9.5 -9.4 28.23205080756888
      vertex -11.26536686473018 -9.4 28.347759065022572
      vertex -9.73463313526982 -9.4 28.347759065022572
    endloop
  endfacet
  facet normal 0 1 0
    outer loop
      vertex -9.73463313526982 -9.4 28.347759065022572
      vertex -11.017638090205041 -9.4 28.431851652578136
      vertex -9.982361909794959 -9.4 28.431851652578136
    endloop
  endfacet
  facet normal 0 1 0
    outer loop
      vertex -9.982361909794959 -9.4 28.431851652578136
      vertex -10.761052384440102 -9.4 28.482889722747622
      vertex -10.238947615559898 -9.4 28.482889722747622
    endloop
  endfacet
  facet normal 0 1 0
    outer loop
      vertex -10.27157916361491 -9.4 28.235028507404166
      vertex -10.5 -9.4 28.25
      vertex -11.26536686473018 -9.4 28.347759065022572
    endloop
  endfacet
  facet normal 0 1 0
    outer loop
      vertex -10.5 -9.4 28.25
      vertex -10.72842083638509 -9.4 28.235028507404166
      vertex -11.26536686473018 -9.4 28.347759065022572
    endloop
  endfacet
  facet normal 0 1 0
    outer loop
      vertex -9.982361909794959 -9.4 28.431851652578136
      vertex -11.017638090205041 -9.4 28.431851652578136
      vertex -10.761052384440102 -9.4 28.482889722747622
    endloop
  endfacet
  facet normal 0 1 0
    outer loop
      vertex -9.73463313526982 -9.4 28.347759065022572
      vertex -11.26536686473018 -9.4 28.347759065022572
      vertex -11.017638090205041 -9.4 28.431851652578136
    endloop
  endfacet
  facet normal 0 1 0
    outer loop
      vertex -10.238947615559898 -9.4 28.482889722747622
      vertex -10.761052384440102 -9.4 28.482889722747622
      vertex -10.5 -9.4 28.5
    endloop
  endfacet
  facet normal 0 1 0
    outer loop
      vertex -10.72842083638509 -9.4 28.235028507404166
      vertex -10.952933328929412 -9.4 28.19037019600587
      vertex -11.26536686473018 -9.4 28.347759065022572
    endloop
  endfacet
  facet normal 0 1 0
    outer loop
      vertex -11.169696006638906 -9.4 28.116789181894752
      vertex -11.5 -9.4 28.23205080756888
      vertex -10.952933328929412 -9.4 28.19037019600587
    endloop
  endfacet
  facet normal 0 1 0
    outer loop
      vertex -10.952933328929412 -9.4 28.19037019600587
      vertex -11.5 -9.4 28.23205080756888
      vertex -11.26536686473018 -9.4 28.347759065022572
    endloop
  endfacet
  facet normal -0.19509032201613538 0 -0.980785280403229
    outer loop
      vertex -9.982361909794959 -9.4 28.431851652578136
      vertex -10.238947615559898 -9.4 28.482889722747622
      vertex -9.982361909794959 -9.1 28.431851652578136
    endloop
  endfacet
  facet normal 0.19509032201613538 0 -0.980785280403229
    outer loop
      vertex -10.761052384440102 -9.4 28.482889722747622
      vertex -11.017638090205041 -9.4 28.431851652578136
      vertex -10.761052384440102 -9.1 28.482889722747622
    endloop
  endfacet
  facet normal -0.06540312923013929 0 -0.9978589232386036
    outer loop
      vertex -10.238947615559898 -9.4 28.482889722747622
      vertex -10.5 -9.4 28.5
      vertex -10.238947615559898 -9.1 28.482889722747622
    endloop
  endfacet
  facet normal 0.06540312923013929 0 -0.9978589232386036
    outer loop
      vertex -10.5 -9.4 28.5
      vertex -10.761052384440102 -9.4 28.482889722747622
      vertex -10.5 -9.1 28.5
    endloop
  endfacet
  facet normal -0.19509032201613538 0 -0.980785280403229
    outer loop
      vertex -10.238947615559898 -9.4 28.482889722747622
      vertex -10.238947615559898 -9.1 28.482889722747622
      vertex -9.982361909794959 -9.1 28.431851652578136
    endloop
  endfacet
  facet normal -0.06540312923013929 0 -0.9978589232386036
    outer loop
      vertex -10.5 -9.4 28.5
      vertex -10.5 -9.1 28.5
      vertex -10.238947615559898 -9.1 28.482889722747622
    endloop
  endfacet
  facet normal 0.06540312923013929 0 -0.9978589232386036
    outer loop
      vertex -10.761052384440102 -9.4 28.482889722747622
      vertex -10.761052384440102 -9.1 28.482889722747622
      vertex -10.5 -9.1 28.5
    endloop
  endfacet
  facet normal 0.3214394653031629 0 -0.9469301294951052
    outer loop
      vertex -11.017638090205041 -9.4 28.431851652578136
      vertex -11.26536686473018 -9.4 28.347759065022572
      vertex -11.017638090205041 -9.1 28.431851652578136
    endloop
  endfacet
  facet normal 0.44228869021899275 0 -0.8968727415326925
    outer loop
      vertex -11.26536686473018 -9.4 28.347759065022572
      vertex -11.5 -9.4 28.23205080756888
      vertex -11.26536686473018 -9.1 28.347759065022572
    endloop
  endfacet
  facet normal 0.5555702330196074 -4.814516774220799e-18 -0.8314696123025418
    outer loop
      vertex -11.71752285801744 -9.4 28.08670668058247
      vertex -11.5 -9.1 28.23205080756888
      vertex -11.5 -9.4 28.23205080756888
    endloop
  endfacet
  facet normal 0.19509032201613538 0 -0.980785280403229
    outer loop
      vertex -11.017638090205041 -9.4 28.431851652578136
      vertex -11.017638090205041 -9.1 28.431851652578136
      vertex -10.761052384440102 -9.1 28.482889722747622
    endloop
  endfacet
  facet normal 0.3214394653031629 0 -0.9469301294951052
    outer loop
      vertex -11.26536686473018 -9.4 28.347759065022572
      vertex -11.26536686473018 -9.1 28.347759065022572
      vertex -11.017638090205041 -9.1 28.431851652578136
    endloop
  endfacet
  facet normal 0.5555702330196074 0 -0.8314696123025418
    outer loop
      vertex -11.71752285801744 -9.4 28.08670668058247
      vertex -11.71752285801744 -9.1 28.08670668058247
      vertex -11.5 -9.1 28.23205080756888
    endloop
  endfacet
  facet normal 0.44228869021899275 0 -0.8968727415326925
    outer loop
      vertex -11.5 -9.4 28.23205080756888
      vertex -11.5 -9.1 28.23205080756888
      vertex -11.26536686473018 -9.1 28.347759065022572
    endloop
  endfacet
  facet normal 0 1 0
    outer loop
      vertex -59.27157916361491 -14.1 82.76497149259583
      vertex -59.5 -14.1 82.75
      vertex -59.72842083638509 -14.1 82.76497149259583
    endloop
  endfacet
  facet normal 0 1 0
    outer loop
      vertex -58.83030399336109 -14.1 82.88321081810525
      vertex -60.375 -14.1 82.98445554337724
      vertex -58.625 -14.1 82.98445554337724
    endloop
  endfacet
  facet normal 0 1 0
    outer loop
      vertex -58.83030399336109 -14.1 82.88321081810525
      vertex -59.04706667107059 -14.1 82.80962980399413
      vertex -60.16969600663891 -14.1 82.88321081810525
    endloop
  endfacet
  facet normal 0 1 0
    outer loop
      vertex -59.27157916361491 -14.1 82.76497149259583
      vertex -59.95293332892941 -14.1 82.80962980399413
      vertex -59.04706667107059 -14.1 82.80962980399413
    endloop
  endfacet
  facet normal 0 1 0
    outer loop
      vertex -58.43466749923474 -14.1 83.11163165449034
      vertex -58.625 -14.1 82.98445554337724
      vertex -60.56533250076526 -14.1 83.11163165449034
    endloop
  endfacet
  facet normal 0 1 0
    outer loop
      vertex -58.43466749923474 -14.1 83.11163165449034
      vertex -60.73743686707646 -14.1 83.26256313292355
      vertex -58.26256313292354 -14.1 83.26256313292355
    endloop
  endfacet
  facet normal 0 1 0
    outer loop
      vertex -58.26256313292354 -14.1 83.26256313292355
      vertex -60.88836834550966 -14.1 83.43466749923473
      vertex -58.11163165449034 -14.1 83.43466749923473
    endloop
  endfacet
  facet normal 0 1 0
    outer loop
      vertex -57.98445554337723 -14.1 83.625
      vertex -58.11163165449034 -14.1 83.43466749923473
      vertex -61.01554445662277 -14.1 83.625
    endloop
  endfacet
  facet normal 0 1 0
    outer loop
      vertex -57.98445554337723 -14.1 83.625
      vertex -61.11678918189475 -14.1 83.8303039933611
      vertex -57.88321081810525 -14.1 83.8303039933611
    endloop
  endfacet
  facet normal 0 1 0
    outer loop
      vertex -57.88321081810525 -14.1 83.8303039933611
      vertex -61.19037019600587 -14.1 84.0470666710706
      vertex -57.80962980399413 -14.1 84.0470666710706
    endloop
  endfacet
  facet normal 0 1 0
    outer loop
      vertex -57.80962980399413 -14.1 84.0470666710706
      vertex -61.23502850740417 -14.1 84.27157916361492
      vertex -57.76497149259583 -14.1 84.27157916361492
    endloop
  endfacet
  facet normal 0 1 0
    outer loop
      vertex -59.27157916361491 -14.1 82.76497149259583
      vertex -59.72842083638509 -14.1 82.76497149259583
      vertex -59.95293332892941 -14.1 82.80962980399413
    endloop
  endfacet
  facet normal 0 1 0
    outer loop
      vertex -59.04706667107059 -14.1 82.80962980399413
      vertex -59.95293332892941 -14.1 82.80962980399413
      vertex -60.16969600663891 -14.1 82.88321081810525
    endloop
  endfacet
  facet normal 0 1 0
    outer loop
      vertex -58.83030399336109 -14.1 82.88321081810525
      vertex -60.16969600663891 -14.1 82.88321081810525
      vertex -60.375 -14.1 82.98445554337724
    endloop
  endfacet
  facet normal 0 1 0
    outer loop
      vertex -58.625 -14.1 82.98445554337724
      vertex -60.375 -14.1 82.98445554337724
      vertex -60.56533250076526 -14.1 83.11163165449034
    endloop
  endfacet
  facet normal 0 1 0
    outer loop
      vertex -58.43466749923474 -14.1 83.11163165449034
      vertex -60.56533250076526 -14.1 83.11163165449034
      vertex -60.73743686707646 -14.1 83.26256313292355
    endloop
  endfacet
  facet normal 0 1 0
    outer loop
      vertex -58.26256313292354 -14.1 83.26256313292355
      vertex -60.73743686707646 -14.1 83.26256313292355
      vertex -60.88836834550966 -14.1 83.43466749923473
    endloop
  endfacet
  facet normal 0 1 0
    outer loop
      vertex -58.11163165449034 -14.1 83.43466749923473
      vertex -60.88836834550966 -14.1 83.43466749923473
      vertex -61.01554445662277 -14.1 83.625
    endloop
  endfacet
  facet normal 0 1 0
    outer loop
      vertex -57.98445554337723 -14.1 83.625
      vertex -61.01554445662277 -14.1 83.625
      vertex -61.11678918189475 -14.1 83.8303039933611
    endloop
  endfacet
  facet normal 0 1 0
    outer loop
      vertex -57.88321081810525 -14.1 83.8303039933611
      vertex -61.11678918189475 -14.1 83.8303039933611
      vertex -61.19037019600587 -14.1 84.0470666710706
    endloop
  endfacet
  facet normal 0 1 0
    outer loop
      vertex -57.80962980399413 -14.1 84.0470666710706
      vertex -61.19037019600587 -14.1 84.0470666710706
      vertex -61.23502850740417 -14.1 84.27157916361492
    endloop
  endfacet
  facet normal 0 1 0
    outer loop
      vertex -57.76497149259583 -14.1 84.27157916361492
      vertex -61.23502850740417 -14.1 84.27157916361492
      vertex -61.25 -14.1 84.5
    endloop
  endfacet
  facet normal 0 1 0
    outer loop
      vertex -57.76497149259583 -14.1 84.27157916361492
      vertex -61.25 -14.1 84.5
      vertex -57.75 -14.1 84.5
    endloop
  endfacet
  facet normal 0 1 0
    outer loop
      vertex -57.75 -14.1 84.5
      vertex -61.23502850740417 -14.1 84.72842083638508
      vertex -57.76497149259583 -14.1 84.72842083638508
    endloop
  endfacet
  facet normal 0 1 0
    outer loop
      vertex -57.76497149259583 -14.1 84.72842083638508
      vertex -61.19037019600587 -14.1 84.9529333289294
      vertex -57.80962980399413 -14.1 84.9529333289294
    endloop
  endfacet
  facet normal 0 1 0
    outer loop
      vertex -57.80962980399413 -14.1 84.9529333289294
      vertex -61.11678918189475 -14.1 85.1696960066389
      vertex -57.88321081810525 -14.1 85.1696960066389
    endloop
  endfacet
  facet normal 0 1 0
    outer loop
      vertex -57.88321081810525 -14.1 85.1696960066389
      vertex -61.01554445662277 -14.1 85.375
      vertex -57.98445554337723 -14.1 85.375
    endloop
  endfacet
  facet normal 0 1 0
    outer loop
      vertex -57.98445554337723 -14.1 85.375
      vertex -60.88836834550966 -14.1 85.56533250076527
      vertex -58.11163165449034 -14.1 85.56533250076527
    endloop
  endfacet
  facet normal 0 1 0
    outer loop
      vertex -58.11163165449034 -14.1 85.56533250076527
      vertex -60.73743686707646 -14.1 85.73743686707645
      vertex -58.26256313292354 -14.1 85.73743686707645
    endloop
  endfacet
  facet normal 0 1 0
    outer loop
      vertex -58.26256313292354 -14.1 85.73743686707645
      vertex -60.56533250076526 -14.1 85.88836834550966
      vertex -58.43466749923474 -14.1 85.88836834550966
    endloop
  endfacet
  facet normal 0 1 0
    outer loop
      vertex -58.43466749923474 -14.1 85.88836834550966
      vertex -60.375 -14.1 86.01554445662276
      vertex -58.625 -14.1 86.01554445662276
    endloop
  endfacet
  facet normal 0 1 0
    outer loop
      vertex -58.625 -14.1 86.01554445662276
      vertex -60.16969600663891 -14.1 86.11678918189475
      vertex -58.83030399336109 -14.1 86.11678918189475
    endloop
  endfacet
  facet normal 0 1 0
    outer loop
      vertex -58.83030399336109 -14.1 86.11678918189475
      vertex -59.95293332892941 -14.1 86.19037019600587
      vertex -59.04706667107059 -14.1 86.19037019600587
    endloop
  endfacet
  facet normal 0 1 0
    outer loop
      vertex -59.04706667107059 -14.1 86.19037019600587
      vertex -59.72842083638509 -14.1 86.23502850740417
      vertex -59.27157916361491 -14.1 86.23502850740417
    endloop
  endfacet
  facet normal 0 1 0
    outer loop
      vertex -59.27157916361491 -14.1 86.23502850740417
      vertex -59.72842083638509 -14.1 86.23502850740417
      vertex -59.5 -14.1 86.25
    endloop
  endfacet
  facet normal 0 1 0
    outer loop
      vertex -57.75 -14.1 84.5
      vertex -61.25 -14.1 84.5
      vertex -61.23502850740417 -14.1 84.72842083638508
    endloop
  endfacet
  facet normal 0 1 0
    outer loop
      vertex -57.76497149259583 -14.1 84.72842083638508
      vertex -61.23502850740417 -14.1 84.72842083638508
      vertex -61.19037019600587 -14.1 84.9529333289294
    endloop
  endfacet
  facet normal 0 1 0
    outer loop
      vertex -57.80962980399413 -14.1 84.9529333289294
      vertex -61.19037019600587 -14.1 84.9529333289294
      vertex -61.11678918189475 -14.1 85.1696960066389
    endloop
  endfacet
  facet normal 0 1 0
    outer loop
      vertex -57.88321081810525 -14.1 85.1696960066389
      vertex -61.11678918189475 -14.1 85.1696960066389
      vertex -61.01554445662277 -14.1 85.375
    endloop
  endfacet
  facet normal 0 1 0
    outer loop
      vertex -57.98445554337723 -14.1 85.375
      vertex -61.01554445662277 -14.1 85.375
      vertex -60.88836834550966 -14.1 85.56533250076527
    endloop
  endfacet
  facet normal 0 1 0
    outer loop
      vertex -58.11163165449034 -14.1 85.56533250076527
      vertex -60.88836834550966 -14.1 85.56533250076527
      vertex -60.73743686707646 -14.1 85.73743686707645
    endloop
  endfacet
  facet normal 0 1 0
    outer loop
      vertex -58.26256313292354 -14.1 85.73743686707645
      vertex -60.73743686707646 -14.1 85.73743686707645
      vertex -60.56533250076526 -14.1 85.88836834550966
    endloop
  endfacet
  facet normal 0 1 0
    outer loop
      vertex -58.43466749923474 -14.1 85.88836834550966
      vertex -60.56533250076526 -14.1 85.88836834550966
      vertex -60.375 -14.1 86.01554445662276
    endloop
  endfacet
  facet normal 0 1 0
    outer loop
      vertex -58.625 -14.1 86.01554445662276
      vertex -60.375 -14.1 86.01554445662276
      vertex -60.16969600663891 -14.1 86.11678918189475
    endloop
  endfacet
  facet normal 0 1 0
    outer loop
      vertex -59.04706667107059 -14.1 86.19037019600587
      vertex -59.95293332892941 -14.1 86.19037019600587
      vertex -59.72842083638509 -14.1 86.23502850740417
    endloop
  endfacet
  facet normal 0 1 0
    outer loop
      vertex -58.83030399336109 -14.1 86.11678918189475
      vertex -60.16969600663891 -14.1 86.11678918189475
      vertex -59.95293332892941 -14.1 86.19037019600587
    endloop
  endfacet
  facet normal -0.4422886902189967 -1.4796975701297052e-18 0.8968727415326906
    outer loop
      vertex -58.83030399336109 -14.1 82.88321081810525
      vertex -58.625 -14.1 82.98445554337724
      vertex -58.625 -9.4 82.98445554337724
    endloop
  endfacet
  facet normal -0.321439465303198 0 0.9469301294950933
    outer loop
      vertex -58.83030399336109 -14.1 82.88321081810525
      vertex -58.83030399336109 -9.4 82.88321081810525
      vertex -59.04706667107059 -14.1 82.80962980399413
    endloop
  endfacet
  facet normal -0.06540312923015049 0 0.997858923238603
    outer loop
      vertex -59.27157916361491 -14.1 82.76497149259583
      vertex -59.27157916361491 -9.4 82.76497149259583
      vertex -59.5 -14.1 82.75
    endloop
  endfacet
  facet normal -0.19509032201610832 4.3875122259961975e-19 0.9807852804032344
    outer loop
      vertex -59.27157916361491 -14.1 82.76497149259583
      vertex -59.04706667107059 -14.1 82.80962980399413
      vertex -59.04706667107059 -9.4 82.80962980399413
    endloop
  endfacet
  facet normal -0.5555702330195935 0 0.8314696123025511
    outer loop
      vertex -58.43466749923474 -14.1 83.11163165449034
      vertex -58.43466749923474 -9.4 83.11163165449034
      vertex -58.625 -14.1 82.98445554337724
    endloop
  endfacet
  facet normal -0.6593458151000672 1.2172658146733082e-18 0.7518398074789789
    outer loop
      vertex -58.43466749923474 -14.1 83.11163165449034
      vertex -58.26256313292354 -14.1 83.26256313292355
      vertex -58.26256313292354 -9.4 83.26256313292355
    endloop
  endfacet
  facet normal -0.8314696123025463 0 0.5555702330196007
    outer loop
      vertex -57.98445554337723 -14.1 83.625
      vertex -57.98445554337723 -9.4 83.625
      vertex -58.11163165449034 -14.1 83.43466749923473
    endloop
  endfacet
  facet normal -0.7518398074789673 -9.91937869412092e-19 0.6593458151000803
    outer loop
      vertex -58.26256313292354 -14.1 83.26256313292355
      vertex -58.11163165449034 -14.1 83.43466749923473
      vertex -58.11163165449034 -9.4 83.43466749923473
    endloop
  endfacet
  facet normal -0.8968727415326967 -3.5362398939289444e-19 0.44228869021898437
    outer loop
      vertex -57.98445554337723 -14.1 83.625
      vertex -57.88321081810525 -14.1 83.8303039933611
      vertex -57.88321081810525 -9.4 83.8303039933611
    endloop
  endfacet
  facet normal -0.9469301294951028 -1.2227858627666205e-19 0.3214394653031702
    outer loop
      vertex -57.88321081810525 -14.1 83.8303039933611
      vertex -57.80962980399413 -14.1 84.0470666710706
      vertex -57.80962980399413 -9.4 84.0470666710706
    endloop
  endfacet
  facet normal -0.9807852804032344 4.3875122259961975e-19 0.19509032201610832
    outer loop
      vertex -57.80962980399413 -14.1 84.0470666710706
      vertex -57.76497149259583 -14.1 84.27157916361492
      vertex -57.76497149259583 -9.4 84.27157916361492
    endloop
  endfacet
  facet normal 0.06540312923015049 0 0.997858923238603
    outer loop
      vertex -59.5 -14.1 82.75
      vertex -59.5 -9.4 82.75
      vertex -59.72842083638509 -14.1 82.76497149259583
    endloop
  endfacet
  facet normal 0.19509032201610832 0 0.9807852804032344
    outer loop
      vertex -59.72842083638509 -14.1 82.76497149259583
      vertex -59.72842083638509 -9.4 82.76497149259583
      vertex -59.95293332892941 -14.1 82.80962980399413
    endloop
  endfacet
  facet normal 0.321439465303198 0 0.9469301294950933
    outer loop
      vertex -59.95293332892941 -14.1 82.80962980399413
      vertex -59.95293332892941 -9.4 82.80962980399413
      vertex -60.16969600663891 -14.1 82.88321081810525
    endloop
  endfacet
  facet normal 0.4422886902189967 0 0.8968727415326906
    outer loop
      vertex -60.16969600663891 -14.1 82.88321081810525
      vertex -60.16969600663891 -9.4 82.88321081810525
      vertex -60.375 -14.1 82.98445554337724
    endloop
  endfacet
  facet normal 0.5555702330195935 0 0.8314696123025511
    outer loop
      vertex -60.375 -14.1 82.98445554337724
      vertex -60.375 -9.4 82.98445554337724
      vertex -60.56533250076526 -14.1 83.11163165449034
    endloop
  endfacet
  facet normal 0.6593458151000672 0 0.7518398074789789
    outer loop
      vertex -60.56533250076526 -14.1 83.11163165449034
      vertex -60.56533250076526 -9.4 83.11163165449034
      vertex -60.73743686707646 -14.1 83.26256313292355
    endloop
  endfacet
  facet normal 0.7518398074789673 0 0.6593458151000803
    outer loop
      vertex -60.73743686707646 -14.1 83.26256313292355
      vertex -60.73743686707646 -9.4 83.26256313292355
      vertex -60.88836834550966 -14.1 83.43466749923473
    endloop
  endfacet
  facet normal 0.8314696123025463 0 0.5555702330196007
    outer loop
      vertex -60.88836834550966 -14.1 83.43466749923473
      vertex -60.88836834550966 -9.4 83.43466749923473
      vertex -61.01554445662277 -14.1 83.625
    endloop
  endfacet
  facet normal 0.8968727415326967 0 0.44228869021898437
    outer loop
      vertex -61.01554445662277 -14.1 83.625
      vertex -61.01554445662277 -9.4 83.625
      vertex -61.11678918189475 -14.1 83.8303039933611
    endloop
  endfacet
  facet normal 0.9469301294951028 0 0.3214394653031702
    outer loop
      vertex -61.11678918189475 -14.1 83.8303039933611
      vertex -61.11678918189475 -9.4 83.8303039933611
      vertex -61.19037019600587 -14.1 84.0470666710706
    endloop
  endfacet
  facet normal 0.9807852804032344 0 0.19509032201610832
    outer loop
      vertex -61.19037019600587 -14.1 84.0470666710706
      vertex -61.19037019600587 -9.4 84.0470666710706
      vertex -61.23502850740417 -14.1 84.27157916361492
    endloop
  endfacet
  facet normal 0.9978589232386029 0 0.06540312923015253
    outer loop
      vertex -61.23502850740417 -14.1 84.27157916361492
      vertex -61.23502850740417 -9.4 84.27157916361492
      vertex -61.25 -14.1 84.5
    endloop
  endfacet
  facet normal -0.9978589232386029 -1.4295281907740448e-19 0.06540312923015253
    outer loop
      vertex -57.76497149259583 -14.1 84.27157916361492
      vertex -57.75 -14.1 84.5
      vertex -57.75 -9.4 84.5
    endloop
  endfacet
  facet normal -0.9978589232386029 1.4295281907740448e-19 -0.06540312923015253
    outer loop
      vertex -57.75 -14.1 84.5
      vertex -57.76497149259583 -14.1 84.72842083638508
      vertex -57.76497149259583 -9.4 84.72842083638508
    endloop
  endfacet
  facet normal -0.9807852804032344 -4.3875122259961975e-19 -0.19509032201610832
    outer loop
      vertex -57.76497149259583 -14.1 84.72842083638508
      vertex -57.80962980399413 -14.1 84.9529333289294
      vertex -57.80962980399413 -9.4 84.9529333289294
    endloop
  endfacet
  facet normal -0.9469301294951028 1.2227858627666205e-19 -0.3214394653031702
    outer loop
      vertex -57.80962980399413 -14.1 84.9529333289294
      vertex -57.88321081810525 -14.1 85.1696960066389
      vertex -57.88321081810525 -9.4 85.1696960066389
    endloop
  endfacet
  facet normal -0.8968727415326967 3.5362398939289444e-19 -0.44228869021898437
    outer loop
      vertex -57.88321081810525 -14.1 85.1696960066389
      vertex -57.98445554337723 -14.1 85.375
      vertex -57.98445554337723 -9.4 85.375
    endloop
  endfacet
  facet normal -0.8314696123025463 1.4989324827262605e-18 -0.5555702330196007
    outer loop
      vertex -57.98445554337723 -14.1 85.375
      vertex -58.11163165449034 -14.1 85.56533250076527
      vertex -58.11163165449034 -9.4 85.56533250076527
    endloop
  endfacet
  facet normal -0.7518398074789673 9.91937869412092e-19 -0.6593458151000803
    outer loop
      vertex -58.11163165449034 -14.1 85.56533250076527
      vertex -58.26256313292354 -14.1 85.73743686707645
      vertex -58.26256313292354 -9.4 85.73743686707645
    endloop
  endfacet
  facet normal -0.6593458151000672 -1.2172658146733082e-18 -0.7518398074789789
    outer loop
      vertex -58.26256313292354 -14.1 85.73743686707645
      vertex -58.43466749923474 -14.1 85.88836834550966
      vertex -58.43466749923474 -9.4 85.88836834550966
    endloop
  endfacet
  facet normal -0.5555702330195935 -8.950009246095399e-19 -0.8314696123025511
    outer loop
      vertex -58.43466749923474 -14.1 85.88836834550966
      vertex -58.625 -14.1 86.01554445662276
      vertex -58.625 -9.4 86.01554445662276
    endloop
  endfacet
  facet normal -0.4422886902189967 1.4796975701297052e-18 -0.8968727415326906
    outer loop
      vertex -58.625 -14.1 86.01554445662276
      vertex -58.83030399336109 -14.1 86.11678918189475
      vertex -58.83030399336109 -9.4 86.11678918189475
    endloop
  endfacet
  facet normal -0.321439465303198 3.4812722198219015e-19 -0.9469301294950933
    outer loop
      vertex -58.83030399336109 -14.1 86.11678918189475
      vertex -59.04706667107059 -14.1 86.19037019600587
      vertex -59.04706667107059 -9.4 86.19037019600587
    endloop
  endfacet
  facet normal -0.19509032201610832 -4.3875122259961975e-19 -0.9807852804032344
    outer loop
      vertex -59.04706667107059 -14.1 86.19037019600587
      vertex -59.27157916361491 -14.1 86.23502850740417
      vertex -59.27157916361491 -9.4 86.23502850740417
    endloop
  endfacet
  facet normal -0.06540312923015049 2.4872738854594558e-20 -0.997858923238603
    outer loop
      vertex -59.27157916361491 -14.1 86.23502850740417
      vertex -59.5 -14.1 86.25
      vertex -59.5 -9.4 86.25
    endloop
  endfacet
  facet normal 0.9978589232386029 0 -0.06540312923015253
    outer loop
      vertex -61.25 -14.1 84.5
      vertex -61.25 -9.4 84.5
      vertex -61.23502850740417 -14.1 84.72842083638508
    endloop
  endfacet
  facet normal 0.9807852804032344 0 -0.19509032201610832
    outer loop
      vertex -61.23502850740417 -14.1 84.72842083638508
      vertex -61.23502850740417 -9.4 84.72842083638508
      vertex -61.19037019600587 -14.1 84.9529333289294
    endloop
  endfacet
  facet normal 0.9469301294951028 0 -0.3214394653031702
    outer loop
      vertex -61.19037019600587 -14.1 84.9529333289294
      vertex -61.19037019600587 -9.4 84.9529333289294
      vertex -61.11678918189475 -14.1 85.1696960066389
    endloop
  endfacet
  facet normal 0.8968727415326967 -3.5362398939289444e-19 -0.44228869021898437
    outer loop
      vertex -61.01554445662277 -14.1 85.375
      vertex -61.11678918189475 -14.1 85.1696960066389
      vertex -61.11678918189475 -9.4 85.1696960066389
    endloop
  endfacet
  facet normal 0.8314696123025463 0 -0.5555702330196007
    outer loop
      vertex -61.01554445662277 -14.1 85.375
      vertex -61.01554445662277 -9.4 85.375
      vertex -60.88836834550966 -14.1 85.56533250076527
    endloop
  endfacet
  facet normal 0.7518398074789673 0 -0.6593458151000803
    outer loop
      vertex -60.88836834550966 -14.1 85.56533250076527
      vertex -60.88836834550966 -9.4 85.56533250076527
      vertex -60.73743686707646 -14.1 85.73743686707645
    endloop
  endfacet
  facet normal 0.5555702330195935 8.950009246095399e-19 -0.8314696123025511
    outer loop
      vertex -60.375 -14.1 86.01554445662276
      vertex -60.56533250076526 -14.1 85.88836834550966
      vertex -60.56533250076526 -9.4 85.88836834550966
    endloop
  endfacet
  facet normal 0.4422886902189967 -1.4796975701297052e-18 -0.8968727415326906
    outer loop
      vertex -60.16969600663891 -14.1 86.11678918189475
      vertex -60.375 -14.1 86.01554445662276
      vertex -60.375 -9.4 86.01554445662276
    endloop
  endfacet
  facet normal 0.06540312923015049 -2.4872738854594558e-20 -0.997858923238603
    outer loop
      vertex -59.5 -14.1 86.25
      vertex -59.72842083638509 -14.1 86.23502850740417
      vertex -59.72842083638509 -9.4 86.23502850740417
    endloop
  endfacet
  facet normal 0.19509032201610832 4.3875122259961975e-19 -0.9807852804032344
    outer loop
      vertex -59.72842083638509 -14.1 86.23502850740417
      vertex -59.95293332892941 -14.1 86.19037019600587
      vertex -59.95293332892941 -9.4 86.19037019600587
    endloop
  endfacet
  facet normal 0.321439465303198 0 -0.9469301294950933
    outer loop
      vertex -60.16969600663891 -14.1 86.11678918189475
      vertex -60.16969600663891 -9.4 86.11678918189475
      vertex -59.95293332892941 -14.1 86.19037019600587
    endloop
  endfacet
  facet normal 0.6593458151000672 0 -0.7518398074789789
    outer loop
      vertex -60.73743686707646 -14.1 85.73743686707645
      vertex -60.73743686707646 -9.4 85.73743686707645
      vertex -60.56533250076526 -14.1 85.88836834550966
    endloop
  endfacet
  facet normal -0.4422886902189967 0 0.8968727415326906
    outer loop
      vertex -58.83030399336109 -14.1 82.88321081810525
      vertex -58.625 -9.4 82.98445554337724
      vertex -58.83030399336109 -9.4 82.88321081810525
    endloop
  endfacet
  facet normal -0.321439465303198 0 0.9469301294950933
    outer loop
      vertex -59.04706667107059 -14.1 82.80962980399413
      vertex -58.83030399336109 -9.4 82.88321081810525
      vertex -59.04706667107059 -9.4 82.80962980399413
    endloop
  endfacet
  facet normal -0.19509032201610832 0 0.9807852804032344
    outer loop
      vertex -59.27157916361491 -14.1 82.76497149259583
      vertex -59.04706667107059 -9.4 82.80962980399413
      vertex -59.27157916361491 -9.4 82.76497149259583
    endloop
  endfacet
  facet normal -0.06540312923015049 0 0.997858923238603
    outer loop
      vertex -59.5 -14.1 82.75
      vertex -59.27157916361491 -9.4 82.76497149259583
      vertex -59.5 -9.4 82.75
    endloop
  endfacet
  facet normal -0.7518398074789673 0 0.6593458151000803
    outer loop
      vertex -58.26256313292354 -14.1 83.26256313292355
      vertex -58.11163165449034 -9.4 83.43466749923473
      vertex -58.26256313292354 -9.4 83.26256313292355
    endloop
  endfacet
  facet normal -0.6593458151000672 0 0.7518398074789789
    outer loop
      vertex -58.43466749923474 -14.1 83.11163165449034
      vertex -58.26256313292354 -9.4 83.26256313292355
      vertex -58.43466749923474 -9.4 83.11163165449034
    endloop
  endfacet
  facet normal -0.8314696123025463 0 0.5555702330196007
    outer loop
      vertex -58.11163165449034 -14.1 83.43466749923473
      vertex -57.98445554337723 -9.4 83.625
      vertex -58.11163165449034 -9.4 83.43466749923473
    endloop
  endfacet
  facet normal -0.5555702330195935 0 0.8314696123025511
    outer loop
      vertex -58.625 -14.1 82.98445554337724
      vertex -58.43466749923474 -9.4 83.11163165449034
      vertex -58.625 -9.4 82.98445554337724
    endloop
  endfacet
  facet normal -0.8968727415326967 0 0.44228869021898437
    outer loop
      vertex -57.98445554337723 -14.1 83.625
      vertex -57.88321081810525 -9.4 83.8303039933611
      vertex -57.98445554337723 -9.4 83.625
    endloop
  endfacet
  facet normal -0.9469301294951028 0 0.3214394653031702
    outer loop
      vertex -57.88321081810525 -14.1 83.8303039933611
      vertex -57.80962980399413 -9.4 84.0470666710706
      vertex -57.88321081810525 -9.4 83.8303039933611
    endloop
  endfacet
  facet normal -0.9807852804032344 0 0.19509032201610832
    outer loop
      vertex -57.80962980399413 -14.1 84.0470666710706
      vertex -57.76497149259583 -9.4 84.27157916361492
      vertex -57.80962980399413 -9.4 84.0470666710706
    endloop
  endfacet
  facet normal -0.9978589232386029 0 0.06540312923015253
    outer loop
      vertex -57.76497149259583 -14.1 84.27157916361492
      vertex -57.75 -9.4 84.5
      vertex -57.76497149259583 -9.4 84.27157916361492
    endloop
  endfacet
  facet normal 0.06540312923015049 0 0.997858923238603
    outer loop
      vertex -59.72842083638509 -14.1 82.76497149259583
      vertex -59.5 -9.4 82.75
      vertex -59.72842083638509 -9.4 82.76497149259583
    endloop
  endfacet
  facet normal 0.19509032201610832 0 0.9807852804032344
    outer loop
      vertex -59.95293332892941 -14.1 82.80962980399413
      vertex -59.72842083638509 -9.4 82.76497149259583
      vertex -59.95293332892941 -9.4 82.80962980399413
    endloop
  endfacet
  facet normal 0.321439465303198 0 0.9469301294950933
    outer loop
      vertex -60.16969600663891 -14.1 82.88321081810525
      vertex -59.95293332892941 -9.4 82.80962980399413
      vertex -60.16969600663891 -9.4 82.88321081810525
    endloop
  endfacet
  facet normal 0.4422886902189967 0 0.8968727415326906
    outer loop
      vertex -60.375 -14.1 82.98445554337724
      vertex -60.16969600663891 -9.4 82.88321081810525
      vertex -60.375 -9.4 82.98445554337724
    endloop
  endfacet
  facet normal 0.5555702330195935 0 0.8314696123025511
    outer loop
      vertex -60.56533250076526 -14.1 83.11163165449034
      vertex -60.375 -9.4 82.98445554337724
      vertex -60.56533250076526 -9.4 83.11163165449034
    endloop
  endfacet
  facet normal 0.6593458151000672 0 0.7518398074789789
    outer loop
      vertex -60.73743686707646 -14.1 83.26256313292355
      vertex -60.56533250076526 -9.4 83.11163165449034
      vertex -60.73743686707646 -9.4 83.26256313292355
    endloop
  endfacet
  facet normal 0.7518398074789673 0 0.6593458151000803
    outer loop
      vertex -60.88836834550966 -14.1 83.43466749923473
      vertex -60.73743686707646 -9.4 83.26256313292355
      vertex -60.88836834550966 -9.4 83.43466749923473
    endloop
  endfacet
  facet normal 0.8314696123025463 0 0.5555702330196007
    outer loop
      vertex -61.01554445662277 -14.1 83.625
      vertex -60.88836834550966 -9.4 83.43466749923473
      vertex -61.01554445662277 -9.4 83.625
    endloop
  endfacet
  facet normal 0.8968727415326967 0 0.44228869021898437
    outer loop
      vertex -61.11678918189475 -14.1 83.8303039933611
      vertex -61.01554445662277 -9.4 83.625
      vertex -61.11678918189475 -9.4 83.8303039933611
    endloop
  endfacet
  facet normal 0.9469301294951028 0 0.3214394653031702
    outer loop
      vertex -61.19037019600587 -14.1 84.0470666710706
      vertex -61.11678918189475 -9.4 83.8303039933611
      vertex -61.19037019600587 -9.4 84.0470666710706
    endloop
  endfacet
  facet normal 0.9807852804032344 0 0.19509032201610832
    outer loop
      vertex -61.23502850740417 -14.1 84.27157916361492
      vertex -61.19037019600587 -9.4 84.0470666710706
      vertex -61.23502850740417 -9.4 84.27157916361492
    endloop
  endfacet
  facet normal -0.9978589232386029 0 -0.06540312923015253
    outer loop
      vertex -57.75 -14.1 84.5
      vertex -57.76497149259583 -9.4 84.72842083638508
      vertex -57.75 -9.4 84.5
    endloop
  endfacet
  facet normal -0.9807852804032344 0 -0.19509032201610832
    outer loop
      vertex -57.76497149259583 -14.1 84.72842083638508
      vertex -57.80962980399413 -9.4 84.9529333289294
      vertex -57.76497149259583 -9.4 84.72842083638508
    endloop
  endfacet
  facet normal -0.9469301294951028 0 -0.3214394653031702
    outer loop
      vertex -57.80962980399413 -14.1 84.9529333289294
      vertex -57.88321081810525 -9.4 85.1696960066389
      vertex -57.80962980399413 -9.4 84.9529333289294
    endloop
  endfacet
  facet normal -0.8968727415326967 0 -0.44228869021898437
    outer loop
      vertex -57.88321081810525 -14.1 85.1696960066389
      vertex -57.98445554337723 -9.4 85.375
      vertex -57.88321081810525 -9.4 85.1696960066389
    endloop
  endfacet
  facet normal -0.8314696123025463 0 -0.5555702330196007
    outer loop
      vertex -57.98445554337723 -14.1 85.375
      vertex -58.11163165449034 -9.4 85.56533250076527
      vertex -57.98445554337723 -9.4 85.375
    endloop
  endfacet
  facet normal -0.7518398074789673 0 -0.6593458151000803
    outer loop
      vertex -58.11163165449034 -14.1 85.56533250076527
      vertex -58.26256313292354 -9.4 85.73743686707645
      vertex -58.11163165449034 -9.4 85.56533250076527
    endloop
  endfacet
  facet normal -0.6593458151000672 0 -0.7518398074789789
    outer loop
      vertex -58.26256313292354 -14.1 85.73743686707645
      vertex -58.43466749923474 -9.4 85.88836834550966
      vertex -58.26256313292354 -9.4 85.73743686707645
    endloop
  endfacet
  facet normal -0.5555702330195935 0 -0.8314696123025511
    outer loop
      vertex -58.43466749923474 -14.1 85.88836834550966
      vertex -58.625 -9.4 86.01554445662276
      vertex -58.43466749923474 -9.4 85.88836834550966
    endloop
  endfacet
  facet normal -0.4422886902189967 0 -0.8968727415326906
    outer loop
      vertex -58.625 -14.1 86.01554445662276
      vertex -58.83030399336109 -9.4 86.11678918189475
      vertex -58.625 -9.4 86.01554445662276
    endloop
  endfacet
  facet normal -0.321439465303198 0 -0.9469301294950933
    outer loop
      vertex -58.83030399336109 -14.1 86.11678918189475
      vertex -59.04706667107059 -9.4 86.19037019600587
      vertex -58.83030399336109 -9.4 86.11678918189475
    endloop
  endfacet
  facet normal -0.19509032201610832 0 -0.9807852804032344
    outer loop
      vertex -59.04706667107059 -14.1 86.19037019600587
      vertex -59.27157916361491 -9.4 86.23502850740417
      vertex -59.04706667107059 -9.4 86.19037019600587
    endloop
  endfacet
  facet normal -0.06540312923015049 0 -0.997858923238603
    outer loop
      vertex -59.27157916361491 -14.1 86.23502850740417
      vertex -59.5 -9.4 86.25
      vertex -59.27157916361491 -9.4 86.23502850740417
    endloop
  endfacet
  facet normal 0.9978589232386029 0 0.06540312923015253
    outer loop
      vertex -61.25 -14.1 84.5
      vertex -61.23502850740417 -9.4 84.27157916361492
      vertex -61.25 -9.4 84.5
    endloop
  endfacet
  facet normal 0.9978589232386029 0 -0.06540312923015253
    outer loop
      vertex -61.23502850740417 -14.1 84.72842083638508
      vertex -61.25 -9.4 84.5
      vertex -61.23502850740417 -9.4 84.72842083638508
    endloop
  endfacet
  facet normal 0.9807852804032344 0 -0.19509032201610832
    outer loop
      vertex -61.19037019600587 -14.1 84.9529333289294
      vertex -61.23502850740417 -9.4 84.72842083638508
      vertex -61.19037019600587 -9.4 84.9529333289294
    endloop
  endfacet
  facet normal 0.9469301294951028 0 -0.3214394653031702
    outer loop
      vertex -61.11678918189475 -14.1 85.1696960066389
      vertex -61.19037019600587 -9.4 84.9529333289294
      vertex -61.11678918189475 -9.4 85.1696960066389
    endloop
  endfacet
  facet normal 0.8968727415326967 0 -0.44228869021898437
    outer loop
      vertex -61.01554445662277 -14.1 85.375
      vertex -61.11678918189475 -9.4 85.1696960066389
      vertex -61.01554445662277 -9.4 85.375
    endloop
  endfacet
  facet normal 0.8314696123025463 0 -0.5555702330196007
    outer loop
      vertex -60.88836834550966 -14.1 85.56533250076527
      vertex -61.01554445662277 -9.4 85.375
      vertex -60.88836834550966 -9.4 85.56533250076527
    endloop
  endfacet
  facet normal 0.7518398074789673 0 -0.6593458151000803
    outer loop
      vertex -60.73743686707646 -14.1 85.73743686707645
      vertex -60.88836834550966 -9.4 85.56533250076527
      vertex -60.73743686707646 -9.4 85.73743686707645
    endloop
  endfacet
  facet normal 0.4422886902189967 0 -0.8968727415326906
    outer loop
      vertex -60.16969600663891 -14.1 86.11678918189475
      vertex -60.375 -9.4 86.01554445662276
      vertex -60.16969600663891 -9.4 86.11678918189475
    endloop
  endfacet
  facet normal 0.5555702330195935 0 -0.8314696123025511
    outer loop
      vertex -60.375 -14.1 86.01554445662276
      vertex -60.56533250076526 -9.4 85.88836834550966
      vertex -60.375 -9.4 86.01554445662276
    endloop
  endfacet
  facet normal 0.06540312923015049 0 -0.997858923238603
    outer loop
      vertex -59.5 -14.1 86.25
      vertex -59.72842083638509 -9.4 86.23502850740417
      vertex -59.5 -9.4 86.25
    endloop
  endfacet
  facet normal 0.19509032201610832 0 -0.9807852804032344
    outer loop
      vertex -59.72842083638509 -14.1 86.23502850740417
      vertex -59.95293332892941 -9.4 86.19037019600587
      vertex -59.72842083638509 -9.4 86.23502850740417
    endloop
  endfacet
  facet normal 0.321439465303198 0 -0.9469301294950933
    outer loop
      vertex -59.95293332892941 -14.1 86.19037019600587
      vertex -60.16969600663891 -9.4 86.11678918189475
      vertex -59.95293332892941 -9.4 86.19037019600587
    endloop
  endfacet
  facet normal 0.6593458151000672 0 -0.7518398074789789
    outer loop
      vertex -60.56533250076526 -14.1 85.88836834550966
      vertex -60.73743686707646 -9.4 85.73743686707645
      vertex -60.56533250076526 -9.4 85.88836834550966
    endloop
  endfacet
  facet normal 0 1 0
    outer loop
      vertex -58.5 -9.4 82.76794919243112
      vertex -58.625 -9.4 82.98445554337724
      vertex -58.28247714198256 -9.4 82.91329331941753
    endloop
  endfacet
  facet normal 0 1 0
    outer loop
      vertex -59.238947615559894 -9.4 82.51711027725239
      vertex -59.5 -9.4 82.5
      vertex -59.761052384440106 -9.4 82.51711027725239
    endloop
  endfacet
  facet normal 0 1 0
    outer loop
      vertex -58.98236190979496 -9.4 82.56814834742187
      vertex -59.238947615559894 -9.4 82.51711027725239
      vertex -60.01763809020504 -9.4 82.56814834742187
    endloop
  endfacet
  facet normal 0 1 0
    outer loop
      vertex -58.5 -9.4 82.76794919243112
      vertex -58.73463313526982 -9.4 82.65224093497743
      vertex -59.04706667107059 -9.4 82.80962980399413
    endloop
  endfacet
  facet normal 0 1 0
    outer loop
      vertex -58.73463313526982 -9.4 82.65224093497743
      vertex -59.27157916361491 -9.4 82.76497149259583
      vertex -59.04706667107059 -9.4 82.80962980399413
    endloop
  endfacet
  facet normal 0 1 0
    outer loop
      vertex -58.5 -9.4 82.76794919243112
      vertex -58.83030399336109 -9.4 82.88321081810525
      vertex -58.625 -9.4 82.98445554337724
    endloop
  endfacet
  facet normal 0 1 0
    outer loop
      vertex -58.5 -9.4 82.76794919243112
      vertex -59.04706667107059 -9.4 82.80962980399413
      vertex -58.83030399336109 -9.4 82.88321081810525
    endloop
  endfacet
  facet normal 0 1 0
    outer loop
      vertex -58.73463313526982 -9.4 82.65224093497743
      vertex -59.5 -9.4 82.75
      vertex -59.27157916361491 -9.4 82.76497149259583
    endloop
  endfacet
  facet normal 0 1 0
    outer loop
      vertex -58.98236190979496 -9.4 82.56814834742187
      vertex -60.26536686473018 -9.4 82.65224093497743
      vertex -58.73463313526982 -9.4 82.65224093497743
    endloop
  endfacet
  facet normal 0 1 0
    outer loop
      vertex -58.73463313526982 -9.4 82.65224093497743
      vertex -59.72842083638509 -9.4 82.76497149259583
      vertex -59.5 -9.4 82.75
    endloop
  endfacet
  facet normal -0.5555702330196293 0 0.8314696123025271
    outer loop
      vertex -58.5 -9.4 82.76794919243112
      vertex -58.28247714198256 -9.4 82.91329331941753
      vertex -58.5 -9.1 82.76794919243112
    endloop
  endfacet
  facet normal -0.5555702330196293 0 0.8314696123025271
    outer loop
      vertex -58.28247714198256 -9.4 82.91329331941753
      vertex -58.28247714198256 -9.1 82.91329331941753
      vertex -58.5 -9.1 82.76794919243112
    endloop
  endfacet
  facet normal -0.3214394653031446 0 0.9469301294951115
    outer loop
      vertex -58.98236190979496 -9.4 82.56814834742187
      vertex -58.73463313526982 -9.4 82.65224093497743
      vertex -58.98236190979496 -9.1 82.56814834742187
    endloop
  endfacet
  facet normal -0.19509032201612622 7.786825081200874e-18 0.9807852804032309
    outer loop
      vertex -58.98236190979496 -9.4 82.56814834742187
      vertex -59.238947615559894 -9.1 82.51711027725239
      vertex -59.238947615559894 -9.4 82.51711027725239
    endloop
  endfacet
  facet normal -0.06540312923016545 -3.942297295965818e-18 0.997858923238602
    outer loop
      vertex -59.238947615559894 -9.4 82.51711027725239
      vertex -59.5 -9.1 82.5
      vertex -59.5 -9.4 82.5
    endloop
  endfacet
  facet normal -0.44228869021898726 1.1045617436488646e-17 0.8968727415326951
    outer loop
      vertex -58.5 -9.4 82.76794919243112
      vertex -58.73463313526982 -9.1 82.65224093497743
      vertex -58.73463313526982 -9.4 82.65224093497743
    endloop
  endfacet
  facet normal -0.19509032201612622 0 0.9807852804032309
    outer loop
      vertex -58.98236190979496 -9.4 82.56814834742187
      vertex -58.98236190979496 -9.1 82.56814834742187
      vertex -59.238947615559894 -9.1 82.51711027725239
    endloop
  endfacet
  facet normal -0.06540312923016545 0 0.997858923238602
    outer loop
      vertex -59.238947615559894 -9.4 82.51711027725239
      vertex -59.238947615559894 -9.1 82.51711027725239
      vertex -59.5 -9.1 82.5
    endloop
  endfacet
  facet normal -0.44228869021898726 0 0.8968727415326951
    outer loop
      vertex -58.5 -9.4 82.76794919243112
      vertex -58.5 -9.1 82.76794919243112
      vertex -58.73463313526982 -9.1 82.65224093497743
    endloop
  endfacet
  facet normal -0.3214394653031446 0 0.9469301294951115
    outer loop
      vertex -58.73463313526982 -9.4 82.65224093497743
      vertex -58.73463313526982 -9.1 82.65224093497743
      vertex -58.98236190979496 -9.1 82.56814834742187
    endloop
  endfacet
  facet normal -0.9978589232386038 0 0.06540312923013841
    outer loop
      vertex -57.51711027725238 -9.4 84.2389476155599
      vertex -57.5 -9.4 84.5
      vertex -57.51711027725238 -9.1 84.2389476155599
    endloop
  endfacet
  facet normal -0.9807852804032309 0 0.19509032201612622
    outer loop
      vertex -57.51711027725238 -9.4 84.2389476155599
      vertex -57.51711027725238 -9.1 84.2389476155599
      vertex -57.56814834742186 -9.1 83.98236190979496
    endloop
  endfacet
  facet normal 0 1 0
    outer loop
      vertex -57.91329331941753 -9.4 83.28247714198255
      vertex -58.08578643762691 -9.4 83.08578643762691
      vertex -58.11163165449034 -9.4 83.43466749923473
    endloop
  endfacet
  facet normal 0 1 0
    outer loop
      vertex -58.28247714198256 -9.4 82.91329331941753
      vertex -58.43466749923474 -9.4 83.11163165449034
      vertex -58.08578643762691 -9.4 83.08578643762691
    endloop
  endfacet
  facet normal 0 1 0
    outer loop
      vertex -58.28247714198256 -9.4 82.91329331941753
      vertex -58.625 -9.4 82.98445554337724
      vertex -58.43466749923474 -9.4 83.11163165449034
    endloop
  endfacet
  facet normal 0 1 0
    outer loop
      vertex -58.08578643762691 -9.4 83.08578643762691
      vertex -58.43466749923474 -9.4 83.11163165449034
      vertex -58.26256313292354 -9.4 83.26256313292355
    endloop
  endfacet
  facet normal 0 1 0
    outer loop
      vertex -58.08578643762691 -9.4 83.08578643762691
      vertex -58.26256313292354 -9.4 83.26256313292355
      vertex -58.11163165449034 -9.4 83.43466749923473
    endloop
  endfacet
  facet normal 0 1 0
    outer loop
      vertex -57.91329331941753 -9.4 83.28247714198255
      vertex -57.98445554337723 -9.4 83.625
      vertex -57.767949192431125 -9.4 83.5
    endloop
  endfacet
  facet normal 0 1 0
    outer loop
      vertex -57.91329331941753 -9.4 83.28247714198255
      vertex -58.11163165449034 -9.4 83.43466749923473
      vertex -57.98445554337723 -9.4 83.625
    endloop
  endfacet
  facet normal 0 1 0
    outer loop
      vertex -57.767949192431125 -9.4 83.5
      vertex -57.98445554337723 -9.4 83.625
      vertex -57.88321081810525 -9.4 83.8303039933611
    endloop
  endfacet
  facet normal 0 1 0
    outer loop
      vertex -57.767949192431125 -9.4 83.5
      vertex -57.88321081810525 -9.4 83.8303039933611
      vertex -57.65224093497743 -9.4 83.73463313526982
    endloop
  endfacet
  facet normal 0 1 0
    outer loop
      vertex -57.65224093497743 -9.4 83.73463313526982
      vertex -57.80962980399413 -9.4 84.0470666710706
      vertex -57.56814834742186 -9.4 83.98236190979496
    endloop
  endfacet
  facet normal 0 1 0
    outer loop
      vertex -57.65224093497743 -9.4 83.73463313526982
      vertex -57.88321081810525 -9.4 83.8303039933611
      vertex -57.80962980399413 -9.4 84.0470666710706
    endloop
  endfacet
  facet normal 0 1 0
    outer loop
      vertex -57.56814834742186 -9.4 83.98236190979496
      vertex -57.80962980399413 -9.4 84.0470666710706
      vertex -57.76497149259583 -9.4 84.27157916361492
    endloop
  endfacet
  facet normal 0 1 0
    outer loop
      vertex -57.51711027725238 -9.4 84.2389476155599
      vertex -57.56814834742186 -9.4 83.98236190979496
      vertex -57.76497149259583 -9.4 84.27157916361492
    endloop
  endfacet
  facet normal 0 1 0
    outer loop
      vertex -57.51711027725238 -9.4 84.2389476155599
      vertex -57.76497149259583 -9.4 84.27157916361492
      vertex -57.75 -9.4 84.5
    endloop
  endfacet
  facet normal -0.7518398074789534 -2.8997625876238294e-17 0.6593458151000963
    outer loop
      vertex -57.91329331941753 -9.4 83.28247714198255
      vertex -58.08578643762691 -9.1 83.08578643762691
      vertex -58.08578643762691 -9.4 83.08578643762691
    endloop
  endfacet
  facet normal -0.6593458151000674 0 0.7518398074789787
    outer loop
      vertex -58.28247714198256 -9.4 82.91329331941753
      vertex -58.08578643762691 -9.4 83.08578643762691
      vertex -58.28247714198256 -9.1 82.91329331941753
    endloop
  endfacet
  facet normal -0.8314696123025607 0 0.5555702330195793
    outer loop
      vertex -57.91329331941753 -9.4 83.28247714198255
      vertex -57.767949192431125 -9.4 83.5
      vertex -57.91329331941753 -9.1 83.28247714198255
    endloop
  endfacet
  facet normal -0.8968727415326844 0 0.44228869021900913
    outer loop
      vertex -57.767949192431125 -9.4 83.5
      vertex -57.65224093497743 -9.4 83.73463313526982
      vertex -57.767949192431125 -9.1 83.5
    endloop
  endfacet
  facet normal -0.7518398074789534 0 0.6593458151000963
    outer loop
      vertex -57.91329331941753 -9.4 83.28247714198255
      vertex -57.91329331941753 -9.1 83.28247714198255
      vertex -58.08578643762691 -9.1 83.08578643762691
    endloop
  endfacet
  facet normal -0.6593458151000674 -9.399213382341999e-18 0.7518398074789787
    outer loop
      vertex -58.28247714198256 -9.1 82.91329331941753
      vertex -58.08578643762691 -9.4 83.08578643762691
      vertex -58.08578643762691 -9.1 83.08578643762691
    endloop
  endfacet
  facet normal -0.8314696123025607 0 0.5555702330195793
    outer loop
      vertex -57.767949192431125 -9.4 83.5
      vertex -57.767949192431125 -9.1 83.5
      vertex -57.91329331941753 -9.1 83.28247714198255
    endloop
  endfacet
  facet normal -0.8968727415326844 0 0.44228869021900913
    outer loop
      vertex -57.65224093497743 -9.4 83.73463313526982
      vertex -57.65224093497743 -9.1 83.73463313526982
      vertex -57.767949192431125 -9.1 83.5
    endloop
  endfacet
  facet normal -0.9469301294951031 0 0.3214394653031689
    outer loop
      vertex -57.65224093497743 -9.4 83.73463313526982
      vertex -57.56814834742186 -9.4 83.98236190979496
      vertex -57.65224093497743 -9.1 83.73463313526982
    endloop
  endfacet
  facet normal -0.9807852804032309 7.786825081200874e-18 0.19509032201612622
    outer loop
      vertex -57.51711027725238 -9.4 84.2389476155599
      vertex -57.56814834742186 -9.1 83.98236190979496
      vertex -57.56814834742186 -9.4 83.98236190979496
    endloop
  endfacet
  facet normal -0.9469301294951031 0 0.3214394653031689
    outer loop
      vertex -57.56814834742186 -9.4 83.98236190979496
      vertex -57.56814834742186 -9.1 83.98236190979496
      vertex -57.65224093497743 -9.1 83.73463313526982
    endloop
  endfacet
  facet normal 0 1 0
    outer loop
      vertex -59.238947615559894 -9.4 82.51711027725239
      vertex -59.761052384440106 -9.4 82.51711027725239
      vertex -60.01763809020504 -9.4 82.56814834742187
    endloop
  endfacet
  facet normal 0 1 0
    outer loop
      vertex -58.98236190979496 -9.4 82.56814834742187
      vertex -60.01763809020504 -9.4 82.56814834742187
      vertex -60.26536686473018 -9.4 82.65224093497743
    endloop
  endfacet
  facet normal 0 1 0
    outer loop
      vertex -58.73463313526982 -9.4 82.65224093497743
      vertex -60.5 -9.4 82.76794919243112
      vertex -59.72842083638509 -9.4 82.76497149259583
    endloop
  endfacet
  facet normal 0 1 0
    outer loop
      vertex -58.73463313526982 -9.4 82.65224093497743
      vertex -60.26536686473018 -9.4 82.65224093497743
      vertex -60.5 -9.4 82.76794919243112
    endloop
  endfacet
  facet normal 0 1 0
    outer loop
      vertex -59.72842083638509 -9.4 82.76497149259583
      vertex -60.5 -9.4 82.76794919243112
      vertex -59.95293332892941 -9.4 82.80962980399413
    endloop
  endfacet
  facet normal 0 1 0
    outer loop
      vertex -59.95293332892941 -9.4 82.80962980399413
      vertex -60.5 -9.4 82.76794919243112
      vertex -60.71752285801744 -9.4 82.91329331941753
    endloop
  endfacet
  facet normal 0 1 0
    outer loop
      vertex -59.95293332892941 -9.4 82.80962980399413
      vertex -60.71752285801744 -9.4 82.91329331941753
      vertex -60.16969600663891 -9.4 82.88321081810525
    endloop
  endfacet
  facet normal 0 1 0
    outer loop
      vertex -60.16969600663891 -9.4 82.88321081810525
      vertex -60.71752285801744 -9.4 82.91329331941753
      vertex -60.375 -9.4 82.98445554337724
    endloop
  endfacet
  facet normal 0.06540312923016545 3.942297295965818e-18 0.997858923238602
    outer loop
      vertex -59.5 -9.4 82.5
      vertex -59.761052384440106 -9.1 82.51711027725239
      vertex -59.761052384440106 -9.4 82.51711027725239
    endloop
  endfacet
  facet normal 0.19509032201612622 -7.786825081200874e-18 0.9807852804032309
    outer loop
      vertex -59.761052384440106 -9.4 82.51711027725239
      vertex -60.01763809020504 -9.1 82.56814834742187
      vertex -60.01763809020504 -9.4 82.56814834742187
    endloop
  endfacet
  facet normal 0.3214394653031446 4.384264186904011e-18 0.9469301294951115
    outer loop
      vertex -60.01763809020504 -9.4 82.56814834742187
      vertex -60.26536686473018 -9.1 82.65224093497743
      vertex -60.26536686473018 -9.4 82.65224093497743
    endloop
  endfacet
  facet normal 0.44228869021898726 -1.1045617436488646e-17 0.8968727415326951
    outer loop
      vertex -60.26536686473018 -9.4 82.65224093497743
      vertex -60.5 -9.1 82.76794919243112
      vertex -60.5 -9.4 82.76794919243112
    endloop
  endfacet
  facet normal 0.06540312923016545 0 0.997858923238602
    outer loop
      vertex -59.5 -9.4 82.5
      vertex -59.5 -9.1 82.5
      vertex -59.761052384440106 -9.1 82.51711027725239
    endloop
  endfacet
  facet normal 0.19509032201612622 0 0.9807852804032309
    outer loop
      vertex -59.761052384440106 -9.4 82.51711027725239
      vertex -59.761052384440106 -9.1 82.51711027725239
      vertex -60.01763809020504 -9.1 82.56814834742187
    endloop
  endfacet
  facet normal 0.3214394653031446 0 0.9469301294951115
    outer loop
      vertex -60.01763809020504 -9.4 82.56814834742187
      vertex -60.01763809020504 -9.1 82.56814834742187
      vertex -60.26536686473018 -9.1 82.65224093497743
    endloop
  endfacet
  facet normal 0.44228869021898726 0 0.8968727415326951
    outer loop
      vertex -60.26536686473018 -9.4 82.65224093497743
      vertex -60.26536686473018 -9.1 82.65224093497743
      vertex -60.5 -9.1 82.76794919243112
    endloop
  endfacet
  facet normal 0.5555702330196293 -4.251323908127198e-17 0.8314696123025271
    outer loop
      vertex -60.5 -9.4 82.76794919243112
      vertex -60.71752285801744 -9.1 82.91329331941753
      vertex -60.71752285801744 -9.4 82.91329331941753
    endloop
  endfacet
  facet normal 0.5555702330196293 0 0.8314696123025271
    outer loop
      vertex -60.5 -9.4 82.76794919243112
      vertex -60.5 -9.1 82.76794919243112
      vertex -60.71752285801744 -9.1 82.91329331941753
    endloop
  endfacet
  facet normal 0 1 0
    outer loop
      vertex -60.71752285801744 -9.4 82.91329331941753
      vertex -60.91421356237309 -9.4 83.08578643762691
      vertex -60.375 -9.4 82.98445554337724
    endloop
  endfacet
  facet normal 0 1 0
    outer loop
      vertex -60.375 -9.4 82.98445554337724
      vertex -60.91421356237309 -9.4 83.08578643762691
      vertex -60.56533250076526 -9.4 83.11163165449034
    endloop
  endfacet
  facet normal 0 1 0
    outer loop
      vertex -60.56533250076526 -9.4 83.11163165449034
      vertex -61.08670668058247 -9.4 83.28247714198255
      vertex -60.73743686707646 -9.4 83.26256313292355
    endloop
  endfacet
  facet normal 0 1 0
    outer loop
      vertex -60.56533250076526 -9.4 83.11163165449034
      vertex -60.91421356237309 -9.4 83.08578643762691
      vertex -61.08670668058247 -9.4 83.28247714198255
    endloop
  endfacet
  facet normal 0 1 0
    outer loop
      vertex -60.73743686707646 -9.4 83.26256313292355
      vertex -61.08670668058247 -9.4 83.28247714198255
      vertex -60.88836834550966 -9.4 83.43466749923473
    endloop
  endfacet
  facet normal 0 1 0
    outer loop
      vertex -61.08670668058247 -9.4 83.28247714198255
      vertex -61.232050807568875 -9.4 83.5
      vertex -60.88836834550966 -9.4 83.43466749923473
    endloop
  endfacet
  facet normal 0 1 0
    outer loop
      vertex -60.88836834550966 -9.4 83.43466749923473
      vertex -61.232050807568875 -9.4 83.5
      vertex -61.01554445662277 -9.4 83.625
    endloop
  endfacet
  facet normal 0 1 0
    outer loop
      vertex -61.01554445662277 -9.4 83.625
      vertex -61.232050807568875 -9.4 83.5
      vertex -61.34775906502257 -9.4 83.73463313526982
    endloop
  endfacet
  facet normal 0 1 0
    outer loop
      vertex -61.01554445662277 -9.4 83.625
      vertex -61.34775906502257 -9.4 83.73463313526982
      vertex -61.11678918189475 -9.4 83.8303039933611
    endloop
  endfacet
  facet normal 0 1 0
    outer loop
      vertex -61.11678918189475 -9.4 83.8303039933611
      vertex -61.43185165257814 -9.4 83.98236190979496
      vertex -61.19037019600587 -9.4 84.0470666710706
    endloop
  endfacet
  facet normal 0 1 0
    outer loop
      vertex -61.11678918189475 -9.4 83.8303039933611
      vertex -61.34775906502257 -9.4 83.73463313526982
      vertex -61.43185165257814 -9.4 83.98236190979496
    endloop
  endfacet
  facet normal 0 1 0
    outer loop
      vertex -61.43185165257814 -9.4 83.98236190979496
      vertex -61.48288972274762 -9.4 84.2389476155599
      vertex -61.19037019600587 -9.4 84.0470666710706
    endloop
  endfacet
  facet normal 0 1 0
    outer loop
      vertex -61.19037019600587 -9.4 84.0470666710706
      vertex -61.48288972274762 -9.4 84.2389476155599
      vertex -61.23502850740417 -9.4 84.27157916361492
    endloop
  endfacet
  facet normal 0 1 0
    outer loop
      vertex -61.23502850740417 -9.4 84.27157916361492
      vertex -61.48288972274762 -9.4 84.2389476155599
      vertex -61.5 -9.4 84.5
    endloop
  endfacet
  facet normal 0.6593458151000674 9.399213382341999e-18 0.7518398074789787
    outer loop
      vertex -60.71752285801744 -9.4 82.91329331941753
      vertex -60.91421356237309 -9.1 83.08578643762691
      vertex -60.91421356237309 -9.4 83.08578643762691
    endloop
  endfacet
  facet normal 0.7518398074789534 2.8997625876238294e-17 0.6593458151000963
    outer loop
      vertex -60.91421356237309 -9.4 83.08578643762691
      vertex -61.08670668058247 -9.1 83.28247714198255
      vertex -61.08670668058247 -9.4 83.28247714198255
    endloop
  endfacet
  facet normal 0.8314696123025607 1.534587844670425e-17 0.5555702330195793
    outer loop
      vertex -61.08670668058247 -9.4 83.28247714198255
      vertex -61.232050807568875 -9.1 83.5
      vertex -61.232050807568875 -9.4 83.5
    endloop
  endfacet
  facet normal 0.8968727415326844 9.790357374420396e-18 0.44228869021900913
    outer loop
      vertex -61.232050807568875 -9.4 83.5
      vertex -61.34775906502257 -9.1 83.73463313526982
      vertex -61.34775906502257 -9.4 83.73463313526982
    endloop
  endfacet
  facet normal 0.6593458151000674 0 0.7518398074789787
    outer loop
      vertex -60.71752285801744 -9.4 82.91329331941753
      vertex -60.71752285801744 -9.1 82.91329331941753
      vertex -60.91421356237309 -9.1 83.08578643762691
    endloop
  endfacet
  facet normal 0.7518398074789534 0 0.6593458151000963
    outer loop
      vertex -60.91421356237309 -9.4 83.08578643762691
      vertex -60.91421356237309 -9.1 83.08578643762691
      vertex -61.08670668058247 -9.1 83.28247714198255
    endloop
  endfacet
  facet normal 0.8314696123025607 0 0.5555702330195793
    outer loop
      vertex -61.08670668058247 -9.4 83.28247714198255
      vertex -61.08670668058247 -9.1 83.28247714198255
      vertex -61.232050807568875 -9.1 83.5
    endloop
  endfacet
  facet normal 0.8968727415326844 0 0.44228869021900913
    outer loop
      vertex -61.232050807568875 -9.4 83.5
      vertex -61.232050807568875 -9.1 83.5
      vertex -61.34775906502257 -9.1 83.73463313526982
    endloop
  endfacet
  facet normal 0.9469301294951031 -1.1022836738195417e-17 0.3214394653031689
    outer loop
      vertex -61.34775906502257 -9.4 83.73463313526982
      vertex -61.43185165257814 -9.1 83.98236190979496
      vertex -61.43185165257814 -9.4 83.98236190979496
    endloop
  endfacet
  facet normal 0.9807852804032309 -7.786825081200874e-18 0.19509032201612622
    outer loop
      vertex -61.43185165257814 -9.4 83.98236190979496
      vertex -61.48288972274762 -9.1 84.2389476155599
      vertex -61.48288972274762 -9.4 84.2389476155599
    endloop
  endfacet
  facet normal 0.9469301294951031 0 0.3214394653031689
    outer loop
      vertex -61.34775906502257 -9.4 83.73463313526982
      vertex -61.34775906502257 -9.1 83.73463313526982
      vertex -61.43185165257814 -9.1 83.98236190979496
    endloop
  endfacet
  facet normal 0.9807852804032309 0 0.19509032201612622
    outer loop
      vertex -61.43185165257814 -9.4 83.98236190979496
      vertex -61.43185165257814 -9.1 83.98236190979496
      vertex -61.48288972274762 -9.1 84.2389476155599
    endloop
  endfacet
  facet normal 0.9978589232386038 0 0.06540312923013841
    outer loop
      vertex -61.48288972274762 -9.4 84.2389476155599
      vertex -61.48288972274762 -9.1 84.2389476155599
      vertex -61.5 -9.1 84.5
    endloop
  endfacet
  facet normal -0.9978589232386038 0 -0.06540312923013841
    outer loop
      vertex -57.5 -9.4 84.5
      vertex -57.51711027725238 -9.4 84.7610523844401
      vertex -57.5 -9.1 84.5
    endloop
  endfacet
  facet normal -0.9807852804032309 0 -0.19509032201612622
    outer loop
      vertex -57.51711027725238 -9.4 84.7610523844401
      vertex -57.56814834742186 -9.4 85.01763809020504
      vertex -57.51711027725238 -9.1 84.7610523844401
    endloop
  endfacet
  facet normal -0.9978589232386038 1.1288590102911327e-18 0.06540312923013841
    outer loop
      vertex -57.51711027725238 -9.1 84.2389476155599
      vertex -57.5 -9.4 84.5
      vertex -57.5 -9.1 84.5
    endloop
  endfacet
  facet normal -0.9978589232386038 0 -0.06540312923013841
    outer loop
      vertex -57.51711027725238 -9.4 84.7610523844401
      vertex -57.51711027725238 -9.1 84.7610523844401
      vertex -57.5 -9.1 84.5
    endloop
  endfacet
  facet normal 0 1 0
    outer loop
      vertex -57.51711027725238 -9.4 84.2389476155599
      vertex -57.75 -9.4 84.5
      vertex -57.5 -9.4 84.5
    endloop
  endfacet
  facet normal 0 1 0
    outer loop
      vertex -57.5 -9.4 84.5
      vertex -57.75 -9.4 84.5
      vertex -57.76497149259583 -9.4 84.72842083638508
    endloop
  endfacet
  facet normal 0 1 0
    outer loop
      vertex -57.5 -9.4 84.5
      vertex -57.76497149259583 -9.4 84.72842083638508
      vertex -57.51711027725238 -9.4 84.7610523844401
    endloop
  endfacet
  facet normal 0 1 0
    outer loop
      vertex -57.51711027725238 -9.4 84.7610523844401
      vertex -57.76497149259583 -9.4 84.72842083638508
      vertex -57.80962980399413 -9.4 84.9529333289294
    endloop
  endfacet
  facet normal 0 1 0
    outer loop
      vertex -57.51711027725238 -9.4 84.7610523844401
      vertex -57.80962980399413 -9.4 84.9529333289294
      vertex -57.56814834742186 -9.4 85.01763809020504
    endloop
  endfacet
  facet normal 0 1 0
    outer loop
      vertex -57.56814834742186 -9.4 85.01763809020504
      vertex -57.80962980399413 -9.4 84.9529333289294
      vertex -57.88321081810525 -9.4 85.1696960066389
    endloop
  endfacet
  facet normal 0 1 0
    outer loop
      vertex -57.56814834742186 -9.4 85.01763809020504
      vertex -57.88321081810525 -9.4 85.1696960066389
      vertex -57.65224093497743 -9.4 85.26536686473018
    endloop
  endfacet
  facet normal 0 1 0
    outer loop
      vertex -57.88321081810525 -9.4 85.1696960066389
      vertex -57.98445554337723 -9.4 85.375
      vertex -57.65224093497743 -9.4 85.26536686473018
    endloop
  endfacet
  facet normal 0 1 0
    outer loop
      vertex -57.65224093497743 -9.4 85.26536686473018
      vertex -57.98445554337723 -9.4 85.375
      vertex -57.767949192431125 -9.4 85.5
    endloop
  endfacet
  facet normal 0 1 0
    outer loop
      vertex -57.98445554337723 -9.4 85.375
      vertex -58.11163165449034 -9.4 85.56533250076527
      vertex -57.767949192431125 -9.4 85.5
    endloop
  endfacet
  facet normal 0 1 0
    outer loop
      vertex -57.767949192431125 -9.4 85.5
      vertex -58.11163165449034 -9.4 85.56533250076527
      vertex -57.91329331941753 -9.4 85.71752285801745
    endloop
  endfacet
  facet normal 0 1 0
    outer loop
      vertex -57.91329331941753 -9.4 85.71752285801745
      vertex -58.11163165449034 -9.4 85.56533250076527
      vertex -58.26256313292354 -9.4 85.73743686707645
    endloop
  endfacet
  facet normal 0 1 0
    outer loop
      vertex -57.91329331941753 -9.4 85.71752285801745
      vertex -58.26256313292354 -9.4 85.73743686707645
      vertex -58.43466749923474 -9.4 85.88836834550966
    endloop
  endfacet
  facet normal -0.9807852804032309 -7.786825081200874e-18 -0.19509032201612622
    outer loop
      vertex -57.51711027725238 -9.1 84.7610523844401
      vertex -57.56814834742186 -9.4 85.01763809020504
      vertex -57.56814834742186 -9.1 85.01763809020504
    endloop
  endfacet
  facet normal -0.9469301294951031 0 -0.3214394653031689
    outer loop
      vertex -57.56814834742186 -9.4 85.01763809020504
      vertex -57.65224093497743 -9.4 85.26536686473018
      vertex -57.56814834742186 -9.1 85.01763809020504
    endloop
  endfacet
  facet normal -0.8968727415326844 0 -0.44228869021900913
    outer loop
      vertex -57.65224093497743 -9.4 85.26536686473018
      vertex -57.767949192431125 -9.4 85.5
      vertex -57.65224093497743 -9.1 85.26536686473018
    endloop
  endfacet
  facet normal -0.8314696123025607 0 -0.5555702330195793
    outer loop
      vertex -57.767949192431125 -9.4 85.5
      vertex -57.91329331941753 -9.4 85.71752285801745
      vertex -57.767949192431125 -9.1 85.5
    endloop
  endfacet
  facet normal -0.9469301294951031 0 -0.3214394653031689
    outer loop
      vertex -57.65224093497743 -9.4 85.26536686473018
      vertex -57.65224093497743 -9.1 85.26536686473018
      vertex -57.56814834742186 -9.1 85.01763809020504
    endloop
  endfacet
  facet normal -0.8968727415326844 0 -0.44228869021900913
    outer loop
      vertex -57.767949192431125 -9.4 85.5
      vertex -57.767949192431125 -9.1 85.5
      vertex -57.65224093497743 -9.1 85.26536686473018
    endloop
  endfacet
  facet normal -0.8314696123025607 0 -0.5555702330195793
    outer loop
      vertex -57.91329331941753 -9.4 85.71752285801745
      vertex -57.91329331941753 -9.1 85.71752285801745
      vertex -57.767949192431125 -9.1 85.5
    endloop
  endfacet
  facet normal 0 1 0
    outer loop
      vertex -57.91329331941753 -9.4 85.71752285801745
      vertex -58.43466749923474 -9.4 85.88836834550966
      vertex -58.08578643762691 -9.4 85.91421356237309
    endloop
  endfacet
  facet normal 0 1 0
    outer loop
      vertex -58.08578643762691 -9.4 85.91421356237309
      vertex -58.43466749923474 -9.4 85.88836834550966
      vertex -58.625 -9.4 86.01554445662276
    endloop
  endfacet
  facet normal 0 1 0
    outer loop
      vertex -58.08578643762691 -9.4 85.91421356237309
      vertex -58.625 -9.4 86.01554445662276
      vertex -58.28247714198256 -9.4 86.08670668058247
    endloop
  endfacet
  facet normal 0 1 0
    outer loop
      vertex -58.28247714198256 -9.4 86.08670668058247
      vertex -58.625 -9.4 86.01554445662276
      vertex -58.83030399336109 -9.4 86.11678918189475
    endloop
  endfacet
  facet normal 0 1 0
    outer loop
      vertex -58.28247714198256 -9.4 86.08670668058247
      vertex -58.83030399336109 -9.4 86.11678918189475
      vertex -59.04706667107059 -9.4 86.19037019600587
    endloop
  endfacet
  facet normal 0 1 0
    outer loop
      vertex -58.28247714198256 -9.4 86.08670668058247
      vertex -59.04706667107059 -9.4 86.19037019600587
      vertex -58.5 -9.4 86.23205080756888
    endloop
  endfacet
  facet normal 0 1 0
    outer loop
      vertex -58.5 -9.4 86.23205080756888
      vertex -59.04706667107059 -9.4 86.19037019600587
      vertex -59.27157916361491 -9.4 86.23502850740417
    endloop
  endfacet
  facet normal 0 1 0
    outer loop
      vertex -58.5 -9.4 86.23205080756888
      vertex -59.27157916361491 -9.4 86.23502850740417
      vertex -60.26536686473018 -9.4 86.34775906502257
    endloop
  endfacet
  facet normal 0 1 0
    outer loop
      vertex -58.5 -9.4 86.23205080756888
      vertex -60.26536686473018 -9.4 86.34775906502257
      vertex -58.73463313526982 -9.4 86.34775906502257
    endloop
  endfacet
  facet normal 0 1 0
    outer loop
      vertex -58.73463313526982 -9.4 86.34775906502257
      vertex -60.01763809020504 -9.4 86.43185165257813
      vertex -58.98236190979496 -9.4 86.43185165257813
    endloop
  endfacet
  facet normal 0 1 0
    outer loop
      vertex -58.98236190979496 -9.4 86.43185165257813
      vertex -59.761052384440106 -9.4 86.48288972274761
      vertex -59.238947615559894 -9.4 86.48288972274761
    endloop
  endfacet
  facet normal 0 1 0
    outer loop
      vertex -59.238947615559894 -9.4 86.48288972274761
      vertex -59.761052384440106 -9.4 86.48288972274761
      vertex -59.5 -9.4 86.5
    endloop
  endfacet
  facet normal -0.7518398074789534 0 -0.6593458151000963
    outer loop
      vertex -57.91329331941753 -9.4 85.71752285801745
      vertex -58.08578643762691 -9.4 85.91421356237309
      vertex -57.91329331941753 -9.1 85.71752285801745
    endloop
  endfacet
  facet normal -0.6593458151000674 0 -0.7518398074789787
    outer loop
      vertex -58.08578643762691 -9.4 85.91421356237309
      vertex -58.28247714198256 -9.4 86.08670668058247
      vertex -58.08578643762691 -9.1 85.91421356237309
    endloop
  endfacet
  facet normal -0.5555702330196293 0 -0.8314696123025271
    outer loop
      vertex -58.28247714198256 -9.4 86.08670668058247
      vertex -58.5 -9.4 86.23205080756888
      vertex -58.28247714198256 -9.1 86.08670668058247
    endloop
  endfacet
  facet normal -0.7518398074789534 2.8997625876238294e-17 -0.6593458151000963
    outer loop
      vertex -57.91329331941753 -9.1 85.71752285801745
      vertex -58.08578643762691 -9.4 85.91421356237309
      vertex -58.08578643762691 -9.1 85.91421356237309
    endloop
  endfacet
  facet normal -0.6593458151000674 0 -0.7518398074789787
    outer loop
      vertex -58.28247714198256 -9.4 86.08670668058247
      vertex -58.28247714198256 -9.1 86.08670668058247
      vertex -58.08578643762691 -9.1 85.91421356237309
    endloop
  endfacet
  facet normal -0.5555702330196293 0 -0.8314696123025271
    outer loop
      vertex -58.5 -9.4 86.23205080756888
      vertex -58.5 -9.1 86.23205080756888
      vertex -58.28247714198256 -9.1 86.08670668058247
    endloop
  endfacet
  facet normal -0.44228869021898726 0 -0.8968727415326951
    outer loop
      vertex -58.5 -9.4 86.23205080756888
      vertex -58.73463313526982 -9.4 86.34775906502257
      vertex -58.5 -9.1 86.23205080756888
    endloop
  endfacet
  facet normal -0.3214394653031446 0 -0.9469301294951115
    outer loop
      vertex -58.73463313526982 -9.4 86.34775906502257
      vertex -58.98236190979496 -9.4 86.43185165257813
      vertex -58.73463313526982 -9.1 86.34775906502257
    endloop
  endfacet
  facet normal -0.19509032201612622 0 -0.9807852804032309
    outer loop
      vertex -58.98236190979496 -9.4 86.43185165257813
      vertex -59.238947615559894 -9.4 86.48288972274761
      vertex -58.98236190979496 -9.1 86.43185165257813
    endloop
  endfacet
  facet normal -0.44228869021898726 0 -0.8968727415326951
    outer loop
      vertex -58.73463313526982 -9.4 86.34775906502257
      vertex -58.73463313526982 -9.1 86.34775906502257
      vertex -58.5 -9.1 86.23205080756888
    endloop
  endfacet
  facet normal -0.3214394653031446 0 -0.9469301294951115
    outer loop
      vertex -58.98236190979496 -9.4 86.43185165257813
      vertex -58.98236190979496 -9.1 86.43185165257813
      vertex -58.73463313526982 -9.1 86.34775906502257
    endloop
  endfacet
  facet normal -0.19509032201612622 0 -0.9807852804032309
    outer loop
      vertex -59.238947615559894 -9.4 86.48288972274761
      vertex -59.238947615559894 -9.1 86.48288972274761
      vertex -58.98236190979496 -9.1 86.43185165257813
    endloop
  endfacet
  facet normal -0.06540312923016545 0 -0.997858923238602
    outer loop
      vertex -59.238947615559894 -9.4 86.48288972274761
      vertex -59.5 -9.4 86.5
      vertex -59.238947615559894 -9.1 86.48288972274761
    endloop
  endfacet
  facet normal -0.06540312923016545 0 -0.997858923238602
    outer loop
      vertex -59.5 -9.4 86.5
      vertex -59.5 -9.1 86.5
      vertex -59.238947615559894 -9.1 86.48288972274761
    endloop
  endfacet
  facet normal 0 1 0
    outer loop
      vertex -61.23502850740417 -9.4 84.27157916361492
      vertex -61.5 -9.4 84.5
      vertex -61.25 -9.4 84.5
    endloop
  endfacet
  facet normal 0 1 0
    outer loop
      vertex -61.25 -9.4 84.5
      vertex -61.5 -9.4 84.5
      vertex -61.48288972274762 -9.4 84.7610523844401
    endloop
  endfacet
  facet normal 0 1 0
    outer loop
      vertex -61.25 -9.4 84.5
      vertex -61.48288972274762 -9.4 84.7610523844401
      vertex -61.23502850740417 -9.4 84.72842083638508
    endloop
  endfacet
  facet normal 0 1 0
    outer loop
      vertex -61.23502850740417 -9.4 84.72842083638508
      vertex -61.43185165257814 -9.4 85.01763809020504
      vertex -61.19037019600587 -9.4 84.9529333289294
    endloop
  endfacet
  facet normal 0 1 0
    outer loop
      vertex -61.23502850740417 -9.4 84.72842083638508
      vertex -61.48288972274762 -9.4 84.7610523844401
      vertex -61.43185165257814 -9.4 85.01763809020504
    endloop
  endfacet
  facet normal 0 1 0
    outer loop
      vertex -61.19037019600587 -9.4 84.9529333289294
      vertex -61.34775906502257 -9.4 85.26536686473018
      vertex -61.11678918189475 -9.4 85.1696960066389
    endloop
  endfacet
  facet normal 0 1 0
    outer loop
      vertex -61.19037019600587 -9.4 84.9529333289294
      vertex -61.43185165257814 -9.4 85.01763809020504
      vertex -61.34775906502257 -9.4 85.26536686473018
    endloop
  endfacet
  facet normal 0 1 0
    outer loop
      vertex -61.11678918189475 -9.4 85.1696960066389
      vertex -61.34775906502257 -9.4 85.26536686473018
      vertex -61.232050807568875 -9.4 85.5
    endloop
  endfacet
  facet normal 0 1 0
    outer loop
      vertex -61.01554445662277 -9.4 85.375
      vertex -61.11678918189475 -9.4 85.1696960066389
      vertex -61.232050807568875 -9.4 85.5
    endloop
  endfacet
  facet normal 0 1 0
    outer loop
      vertex -61.01554445662277 -9.4 85.375
      vertex -61.08670668058247 -9.4 85.71752285801745
      vertex -60.88836834550966 -9.4 85.56533250076527
    endloop
  endfacet
  facet normal 0 1 0
    outer loop
      vertex -60.88836834550966 -9.4 85.56533250076527
      vertex -60.91421356237309 -9.4 85.91421356237309
      vertex -60.73743686707646 -9.4 85.73743686707645
    endloop
  endfacet
  facet normal 0 1 0
    outer loop
      vertex -60.88836834550966 -9.4 85.56533250076527
      vertex -61.08670668058247 -9.4 85.71752285801745
      vertex -60.91421356237309 -9.4 85.91421356237309
    endloop
  endfacet
  facet normal 0 1 0
    outer loop
      vertex -61.01554445662277 -9.4 85.375
      vertex -61.232050807568875 -9.4 85.5
      vertex -61.08670668058247 -9.4 85.71752285801745
    endloop
  endfacet
  facet normal 0.9978589232386038 -1.1288590102911327e-18 0.06540312923013841
    outer loop
      vertex -61.48288972274762 -9.4 84.2389476155599
      vertex -61.5 -9.1 84.5
      vertex -61.5 -9.4 84.5
    endloop
  endfacet
  facet normal 0.9978589232386038 1.1288590102911327e-18 -0.06540312923013841
    outer loop
      vertex -61.5 -9.4 84.5
      vertex -61.48288972274762 -9.1 84.7610523844401
      vertex -61.48288972274762 -9.4 84.7610523844401
    endloop
  endfacet
  facet normal 0.9807852804032309 7.786825081200874e-18 -0.19509032201612622
    outer loop
      vertex -61.48288972274762 -9.4 84.7610523844401
      vertex -61.43185165257814 -9.1 85.01763809020504
      vertex -61.43185165257814 -9.4 85.01763809020504
    endloop
  endfacet
  facet normal 0.9978589232386038 0 -0.06540312923013841
    outer loop
      vertex -61.5 -9.4 84.5
      vertex -61.5 -9.1 84.5
      vertex -61.48288972274762 -9.1 84.7610523844401
    endloop
  endfacet
  facet normal 0.9807852804032309 0 -0.19509032201612622
    outer loop
      vertex -61.48288972274762 -9.4 84.7610523844401
      vertex -61.48288972274762 -9.1 84.7610523844401
      vertex -61.43185165257814 -9.1 85.01763809020504
    endloop
  endfacet
  facet normal 0.9469301294951031 1.1022836738195417e-17 -0.3214394653031689
    outer loop
      vertex -61.43185165257814 -9.4 85.01763809020504
      vertex -61.34775906502257 -9.1 85.26536686473018
      vertex -61.34775906502257 -9.4 85.26536686473018
    endloop
  endfacet
  facet normal 0.8968727415326844 -9.790357374420396e-18 -0.44228869021900913
    outer loop
      vertex -61.34775906502257 -9.4 85.26536686473018
      vertex -61.232050807568875 -9.1 85.5
      vertex -61.232050807568875 -9.4 85.5
    endloop
  endfacet
  facet normal 0.8314696123025607 -1.534587844670425e-17 -0.5555702330195793
    outer loop
      vertex -61.232050807568875 -9.4 85.5
      vertex -61.08670668058247 -9.1 85.71752285801745
      vertex -61.08670668058247 -9.4 85.71752285801745
    endloop
  endfacet
  facet normal 0.9469301294951031 0 -0.3214394653031689
    outer loop
      vertex -61.43185165257814 -9.4 85.01763809020504
      vertex -61.43185165257814 -9.1 85.01763809020504
      vertex -61.34775906502257 -9.1 85.26536686473018
    endloop
  endfacet
  facet normal 0.8968727415326844 0 -0.44228869021900913
    outer loop
      vertex -61.34775906502257 -9.4 85.26536686473018
      vertex -61.34775906502257 -9.1 85.26536686473018
      vertex -61.232050807568875 -9.1 85.5
    endloop
  endfacet
  facet normal 0.8314696123025607 0 -0.5555702330195793
    outer loop
      vertex -61.232050807568875 -9.4 85.5
      vertex -61.232050807568875 -9.1 85.5
      vertex -61.08670668058247 -9.1 85.71752285801745
    endloop
  endfacet
  facet normal 0 1 0
    outer loop
      vertex -60.16969600663891 -9.4 86.11678918189475
      vertex -60.375 -9.4 86.01554445662276
      vertex -60.5 -9.4 86.23205080756888
    endloop
  endfacet
  facet normal 0 1 0
    outer loop
      vertex -59.27157916361491 -9.4 86.23502850740417
      vertex -59.5 -9.4 86.25
      vertex -60.26536686473018 -9.4 86.34775906502257
    endloop
  endfacet
  facet normal 0 1 0
    outer loop
      vertex -59.5 -9.4 86.25
      vertex -59.72842083638509 -9.4 86.23502850740417
      vertex -60.26536686473018 -9.4 86.34775906502257
    endloop
  endfacet
  facet normal 0 1 0
    outer loop
      vertex -59.72842083638509 -9.4 86.23502850740417
      vertex -59.95293332892941 -9.4 86.19037019600587
      vertex -60.26536686473018 -9.4 86.34775906502257
    endloop
  endfacet
  facet normal 0 1 0
    outer loop
      vertex -58.73463313526982 -9.4 86.34775906502257
      vertex -60.26536686473018 -9.4 86.34775906502257
      vertex -60.01763809020504 -9.4 86.43185165257813
    endloop
  endfacet
  facet normal 0 1 0
    outer loop
      vertex -58.98236190979496 -9.4 86.43185165257813
      vertex -60.01763809020504 -9.4 86.43185165257813
      vertex -59.761052384440106 -9.4 86.48288972274761
    endloop
  endfacet
  facet normal 0 1 0
    outer loop
      vertex -60.16969600663891 -9.4 86.11678918189475
      vertex -60.5 -9.4 86.23205080756888
      vertex -59.95293332892941 -9.4 86.19037019600587
    endloop
  endfacet
  facet normal 0 1 0
    outer loop
      vertex -59.95293332892941 -9.4 86.19037019600587
      vertex -60.5 -9.4 86.23205080756888
      vertex -60.26536686473018 -9.4 86.34775906502257
    endloop
  endfacet
  facet normal 0 1 0
    outer loop
      vertex -60.73743686707646 -9.4 85.73743686707645
      vertex -60.91421356237309 -9.4 85.91421356237309
      vertex -60.56533250076526 -9.4 85.88836834550966
    endloop
  endfacet
  facet normal 0 1 0
    outer loop
      vertex -60.375 -9.4 86.01554445662276
      vertex -60.56533250076526 -9.4 85.88836834550966
      vertex -60.71752285801744 -9.4 86.08670668058247
    endloop
  endfacet
  facet normal 0 1 0
    outer loop
      vertex -60.56533250076526 -9.4 85.88836834550966
      vertex -60.91421356237309 -9.4 85.91421356237309
      vertex -60.71752285801744 -9.4 86.08670668058247
    endloop
  endfacet
  facet normal 0 1 0
    outer loop
      vertex -60.375 -9.4 86.01554445662276
      vertex -60.71752285801744 -9.4 86.08670668058247
      vertex -60.5 -9.4 86.23205080756888
    endloop
  endfacet
  facet normal 0.19509032201612622 0 -0.9807852804032309
    outer loop
      vertex -59.761052384440106 -9.4 86.48288972274761
      vertex -60.01763809020504 -9.4 86.43185165257813
      vertex -59.761052384440106 -9.1 86.48288972274761
    endloop
  endfacet
  facet normal 0.3214394653031446 0 -0.9469301294951115
    outer loop
      vertex -60.01763809020504 -9.4 86.43185165257813
      vertex -60.26536686473018 -9.4 86.34775906502257
      vertex -60.01763809020504 -9.1 86.43185165257813
    endloop
  endfacet
  facet normal 0.44228869021898726 1.1045617436488646e-17 -0.8968727415326951
    outer loop
      vertex -60.5 -9.4 86.23205080756888
      vertex -60.26536686473018 -9.1 86.34775906502257
      vertex -60.26536686473018 -9.4 86.34775906502257
    endloop
  endfacet
  facet normal 0.19509032201612622 0 -0.9807852804032309
    outer loop
      vertex -60.01763809020504 -9.4 86.43185165257813
      vertex -60.01763809020504 -9.1 86.43185165257813
      vertex -59.761052384440106 -9.1 86.48288972274761
    endloop
  endfacet
  facet normal 0.44228869021898726 0 -0.8968727415326951
    outer loop
      vertex -60.5 -9.4 86.23205080756888
      vertex -60.5 -9.1 86.23205080756888
      vertex -60.26536686473018 -9.1 86.34775906502257
    endloop
  endfacet
  facet normal 0.3214394653031446 0 -0.9469301294951115
    outer loop
      vertex -60.26536686473018 -9.4 86.34775906502257
      vertex -60.26536686473018 -9.1 86.34775906502257
      vertex -60.01763809020504 -9.1 86.43185165257813
    endloop
  endfacet
  facet normal 0.7518398074789534 -2.8997625876238294e-17 -0.6593458151000963
    outer loop
      vertex -61.08670668058247 -9.4 85.71752285801745
      vertex -60.91421356237309 -9.1 85.91421356237309
      vertex -60.91421356237309 -9.4 85.91421356237309
    endloop
  endfacet
  facet normal 0.6593458151000674 -9.399213382341999e-18 -0.7518398074789787
    outer loop
      vertex -60.91421356237309 -9.4 85.91421356237309
      vertex -60.71752285801744 -9.1 86.08670668058247
      vertex -60.71752285801744 -9.4 86.08670668058247
    endloop
  endfacet
  facet normal 0.5555702330196293 0 -0.8314696123025271
    outer loop
      vertex -60.5 -9.4 86.23205080756888
      vertex -60.71752285801744 -9.4 86.08670668058247
      vertex -60.5 -9.1 86.23205080756888
    endloop
  endfacet
  facet normal 0.6593458151000674 0 -0.7518398074789787
    outer loop
      vertex -60.91421356237309 -9.4 85.91421356237309
      vertex -60.91421356237309 -9.1 85.91421356237309
      vertex -60.71752285801744 -9.1 86.08670668058247
    endloop
  endfacet
  facet normal 0.7518398074789534 0 -0.6593458151000963
    outer loop
      vertex -61.08670668058247 -9.4 85.71752285801745
      vertex -61.08670668058247 -9.1 85.71752285801745
      vertex -60.91421356237309 -9.1 85.91421356237309
    endloop
  endfacet
  facet normal 0.5555702330196293 0 -0.8314696123025271
    outer loop
      vertex -60.71752285801744 -9.4 86.08670668058247
      vertex -60.71752285801744 -9.1 86.08670668058247
      vertex -60.5 -9.1 86.23205080756888
    endloop
  endfacet
  facet normal 0.06540312923016545 0 -0.997858923238602
    outer loop
      vertex -59.5 -9.4 86.5
      vertex -59.761052384440106 -9.4 86.48288972274761
      vertex -59.5 -9.1 86.5
    endloop
  endfacet
  facet normal 0.06540312923016545 -3.942297295965818e-18 -0.997858923238602
    outer loop
      vertex -59.5 -9.1 86.5
      vertex -59.761052384440106 -9.4 86.48288972274761
      vertex -59.761052384440106 -9.1 86.48288972274761
    endloop
  endfacet
  facet normal 0 1 0
    outer loop
      vertex -59.27157916361491 -14.1 24.764971492595834
      vertex -59.5 -14.1 24.75
      vertex -59.72842083638509 -14.1 24.764971492595834
    endloop
  endfacet
  facet normal 0 1 0
    outer loop
      vertex -58.83030399336109 -14.1 24.883210818105248
      vertex -60.375 -14.1 24.984455543377234
      vertex -58.625 -14.1 24.984455543377234
    endloop
  endfacet
  facet normal 0 1 0
    outer loop
      vertex -58.83030399336109 -14.1 24.883210818105248
      vertex -59.04706667107059 -14.1 24.80962980399413
      vertex -60.16969600663891 -14.1 24.883210818105248
    endloop
  endfacet
  facet normal 0 1 0
    outer loop
      vertex -59.27157916361491 -14.1 24.764971492595834
      vertex -59.95293332892941 -14.1 24.80962980399413
      vertex -59.04706667107059 -14.1 24.80962980399413
    endloop
  endfacet
  facet normal 0 1 0
    outer loop
      vertex -58.43466749923474 -14.1 25.11163165449034
      vertex -58.625 -14.1 24.984455543377234
      vertex -60.56533250076526 -14.1 25.11163165449034
    endloop
  endfacet
  facet normal 0 1 0
    outer loop
      vertex -58.43466749923474 -14.1 25.11163165449034
      vertex -60.73743686707646 -14.1 25.262563132923542
      vertex -58.26256313292354 -14.1 25.262563132923542
    endloop
  endfacet
  facet normal 0 1 0
    outer loop
      vertex -59.27157916361491 -14.1 24.764971492595834
      vertex -59.72842083638509 -14.1 24.764971492595834
      vertex -59.95293332892941 -14.1 24.80962980399413
    endloop
  endfacet
  facet normal 0 1 0
    outer loop
      vertex -59.04706667107059 -14.1 24.80962980399413
      vertex -59.95293332892941 -14.1 24.80962980399413
      vertex -60.16969600663891 -14.1 24.883210818105248
    endloop
  endfacet
  facet normal 0 1 0
    outer loop
      vertex -58.83030399336109 -14.1 24.883210818105248
      vertex -60.16969600663891 -14.1 24.883210818105248
      vertex -60.375 -14.1 24.984455543377234
    endloop
  endfacet
  facet normal 0 1 0
    outer loop
      vertex -58.625 -14.1 24.984455543377234
      vertex -60.375 -14.1 24.984455543377234
      vertex -60.56533250076526 -14.1 25.11163165449034
    endloop
  endfacet
  facet normal 0 1 0
    outer loop
      vertex -58.43466749923474 -14.1 25.11163165449034
      vertex -60.56533250076526 -14.1 25.11163165449034
      vertex -60.73743686707646 -14.1 25.262563132923542
    endloop
  endfacet
  facet normal 0 1 0
    outer loop
      vertex -58.26256313292354 -14.1 25.262563132923542
      vertex -60.88836834550966 -14.1 25.434667499234738
      vertex -58.11163165449034 -14.1 25.434667499234738
    endloop
  endfacet
  facet normal 0 1 0
    outer loop
      vertex -57.98445554337723 -14.1 25.625
      vertex -58.11163165449034 -14.1 25.434667499234738
      vertex -61.01554445662277 -14.1 25.625
    endloop
  endfacet
  facet normal 0 1 0
    outer loop
      vertex -57.98445554337723 -14.1 25.625
      vertex -61.11678918189475 -14.1 25.830303993361092
      vertex -57.88321081810525 -14.1 25.830303993361092
    endloop
  endfacet
  facet normal 0 1 0
    outer loop
      vertex -57.88321081810525 -14.1 25.830303993361092
      vertex -61.19037019600587 -14.1 26.04706667107059
      vertex -57.80962980399413 -14.1 26.04706667107059
    endloop
  endfacet
  facet normal 0 1 0
    outer loop
      vertex -57.80962980399413 -14.1 26.04706667107059
      vertex -61.23502850740417 -14.1 26.27157916361491
      vertex -57.76497149259583 -14.1 26.27157916361491
    endloop
  endfacet
  facet normal 0 1 0
    outer loop
      vertex -57.76497149259583 -14.1 26.27157916361491
      vertex -61.25 -14.1 26.5
      vertex -57.75 -14.1 26.5
    endloop
  endfacet
  facet normal 0 1 0
    outer loop
      vertex -57.75 -14.1 26.5
      vertex -61.23502850740417 -14.1 26.72842083638509
      vertex -57.76497149259583 -14.1 26.72842083638509
    endloop
  endfacet
  facet normal 0 1 0
    outer loop
      vertex -57.76497149259583 -14.1 26.72842083638509
      vertex -61.19037019600587 -14.1 26.95293332892941
      vertex -57.80962980399413 -14.1 26.95293332892941
    endloop
  endfacet
  facet normal 0 1 0
    outer loop
      vertex -57.80962980399413 -14.1 26.95293332892941
      vertex -61.11678918189475 -14.1 27.169696006638908
      vertex -57.88321081810525 -14.1 27.169696006638908
    endloop
  endfacet
  facet normal 0 1 0
    outer loop
      vertex -57.88321081810525 -14.1 27.169696006638908
      vertex -61.01554445662277 -14.1 27.375
      vertex -57.98445554337723 -14.1 27.375
    endloop
  endfacet
  facet normal 0 1 0
    outer loop
      vertex -57.98445554337723 -14.1 27.375
      vertex -60.88836834550966 -14.1 27.565332500765262
      vertex -58.11163165449034 -14.1 27.565332500765262
    endloop
  endfacet
  facet normal 0 1 0
    outer loop
      vertex -58.11163165449034 -14.1 27.565332500765262
      vertex -60.73743686707646 -14.1 27.737436867076458
      vertex -58.26256313292354 -14.1 27.737436867076458
    endloop
  endfacet
  facet normal 0 1 0
    outer loop
      vertex -58.26256313292354 -14.1 27.737436867076458
      vertex -60.56533250076526 -14.1 27.88836834550966
      vertex -58.43466749923474 -14.1 27.88836834550966
    endloop
  endfacet
  facet normal 0 1 0
    outer loop
      vertex -58.43466749923474 -14.1 27.88836834550966
      vertex -60.375 -14.1 28.015544456622766
      vertex -58.625 -14.1 28.015544456622766
    endloop
  endfacet
  facet normal 0 1 0
    outer loop
      vertex -58.625 -14.1 28.015544456622766
      vertex -60.16969600663891 -14.1 28.116789181894752
      vertex -58.83030399336109 -14.1 28.116789181894752
    endloop
  endfacet
  facet normal 0 1 0
    outer loop
      vertex -58.26256313292354 -14.1 25.262563132923542
      vertex -60.73743686707646 -14.1 25.262563132923542
      vertex -60.88836834550966 -14.1 25.434667499234738
    endloop
  endfacet
  facet normal 0 1 0
    outer loop
      vertex -58.11163165449034 -14.1 25.434667499234738
      vertex -60.88836834550966 -14.1 25.434667499234738
      vertex -61.01554445662277 -14.1 25.625
    endloop
  endfacet
  facet normal 0 1 0
    outer loop
      vertex -57.98445554337723 -14.1 25.625
      vertex -61.01554445662277 -14.1 25.625
      vertex -61.11678918189475 -14.1 25.830303993361092
    endloop
  endfacet
  facet normal 0 1 0
    outer loop
      vertex -57.88321081810525 -14.1 25.830303993361092
      vertex -61.11678918189475 -14.1 25.830303993361092
      vertex -61.19037019600587 -14.1 26.04706667107059
    endloop
  endfacet
  facet normal 0 1 0
    outer loop
      vertex -57.80962980399413 -14.1 26.04706667107059
      vertex -61.19037019600587 -14.1 26.04706667107059
      vertex -61.23502850740417 -14.1 26.27157916361491
    endloop
  endfacet
  facet normal 0 1 0
    outer loop
      vertex -57.76497149259583 -14.1 26.27157916361491
      vertex -61.23502850740417 -14.1 26.27157916361491
      vertex -61.25 -14.1 26.5
    endloop
  endfacet
  facet normal 0 1 0
    outer loop
      vertex -57.75 -14.1 26.5
      vertex -61.25 -14.1 26.5
      vertex -61.23502850740417 -14.1 26.72842083638509
    endloop
  endfacet
  facet normal 0 1 0
    outer loop
      vertex -57.76497149259583 -14.1 26.72842083638509
      vertex -61.23502850740417 -14.1 26.72842083638509
      vertex -61.19037019600587 -14.1 26.95293332892941
    endloop
  endfacet
  facet normal 0 1 0
    outer loop
      vertex -57.80962980399413 -14.1 26.95293332892941
      vertex -61.19037019600587 -14.1 26.95293332892941
      vertex -61.11678918189475 -14.1 27.169696006638908
    endloop
  endfacet
  facet normal 0 1 0
    outer loop
      vertex -57.88321081810525 -14.1 27.169696006638908
      vertex -61.11678918189475 -14.1 27.169696006638908
      vertex -61.01554445662277 -14.1 27.375
    endloop
  endfacet
  facet normal 0 1 0
    outer loop
      vertex -57.98445554337723 -14.1 27.375
      vertex -61.01554445662277 -14.1 27.375
      vertex -60.88836834550966 -14.1 27.565332500765262
    endloop
  endfacet
  facet normal 0 1 0
    outer loop
      vertex -58.11163165449034 -14.1 27.565332500765262
      vertex -60.88836834550966 -14.1 27.565332500765262
      vertex -60.73743686707646 -14.1 27.737436867076458
    endloop
  endfacet
  facet normal 0 1 0
    outer loop
      vertex -58.26256313292354 -14.1 27.737436867076458
      vertex -60.73743686707646 -14.1 27.737436867076458
      vertex -60.56533250076526 -14.1 27.88836834550966
    endloop
  endfacet
  facet normal 0 1 0
    outer loop
      vertex -58.43466749923474 -14.1 27.88836834550966
      vertex -60.56533250076526 -14.1 27.88836834550966
      vertex -60.375 -14.1 28.015544456622766
    endloop
  endfacet
  facet normal 0 1 0
    outer loop
      vertex -58.625 -14.1 28.015544456622766
      vertex -60.375 -14.1 28.015544456622766
      vertex -60.16969600663891 -14.1 28.116789181894752
    endloop
  endfacet
  facet normal 0 1 0
    outer loop
      vertex -58.83030399336109 -14.1 28.116789181894752
      vertex -59.95293332892941 -14.1 28.19037019600587
      vertex -59.04706667107059 -14.1 28.19037019600587
    endloop
  endfacet
  facet normal 0 1 0
    outer loop
      vertex -59.04706667107059 -14.1 28.19037019600587
      vertex -59.72842083638509 -14.1 28.235028507404166
      vertex -59.27157916361491 -14.1 28.235028507404166
    endloop
  endfacet
  facet normal 0 1 0
    outer loop
      vertex -59.27157916361491 -14.1 28.235028507404166
      vertex -59.72842083638509 -14.1 28.235028507404166
      vertex -59.5 -14.1 28.25
    endloop
  endfacet
  facet normal 0 1 0
    outer loop
      vertex -59.04706667107059 -14.1 28.19037019600587
      vertex -59.95293332892941 -14.1 28.19037019600587
      vertex -59.72842083638509 -14.1 28.235028507404166
    endloop
  endfacet
  facet normal 0 1 0
    outer loop
      vertex -58.83030399336109 -14.1 28.116789181894752
      vertex -60.16969600663891 -14.1 28.116789181894752
      vertex -59.95293332892941 -14.1 28.19037019600587
    endloop
  endfacet
  facet normal -0.5555702330196042 0 0.8314696123025439
    outer loop
      vertex -58.43466749923474 -14.1 25.11163165449034
      vertex -58.43466749923474 -9.4 25.11163165449034
      vertex -58.625 -14.1 24.984455543377234
    endloop
  endfacet
  facet normal -0.6593458151000583 4.598656274148768e-19 0.7518398074789866
    outer loop
      vertex -58.43466749923474 -14.1 25.11163165449034
      vertex -58.26256313292354 -14.1 25.262563132923542
      vertex -58.26256313292354 -9.4 25.262563132923542
    endloop
  endfacet
  facet normal -0.4422886902190092 -7.338481117255391e-19 0.8968727415326845
    outer loop
      vertex -58.83030399336109 -14.1 24.883210818105248
      vertex -58.625 -14.1 24.984455543377234
      vertex -58.625 -9.4 24.984455543377234
    endloop
  endfacet
  facet normal -0.32143946530315626 0 0.9469301294951075
    outer loop
      vertex -58.83030399336109 -14.1 24.883210818105248
      vertex -58.83030399336109 -9.4 24.883210818105248
      vertex -59.04706667107059 -14.1 24.80962980399413
    endloop
  endfacet
  facet normal -0.06540312923015049 0 0.997858923238603
    outer loop
      vertex -59.27157916361491 -14.1 24.764971492595834
      vertex -59.27157916361491 -9.4 24.764971492595834
      vertex -59.5 -14.1 24.75
    endloop
  endfacet
  facet normal -0.19509032201612325 1.1883157228665013e-19 0.9807852804032314
    outer loop
      vertex -59.27157916361491 -14.1 24.764971492595834
      vertex -59.04706667107059 -14.1 24.80962980399413
      vertex -59.04706667107059 -9.4 24.80962980399413
    endloop
  endfacet
  facet normal 0.06540312923015049 0 0.997858923238603
    outer loop
      vertex -59.5 -14.1 24.75
      vertex -59.5 -9.4 24.75
      vertex -59.72842083638509 -14.1 24.764971492595834
    endloop
  endfacet
  facet normal 0.19509032201612325 0 0.9807852804032314
    outer loop
      vertex -59.72842083638509 -14.1 24.764971492595834
      vertex -59.72842083638509 -9.4 24.764971492595834
      vertex -59.95293332892941 -14.1 24.80962980399413
    endloop
  endfacet
  facet normal 0.32143946530315626 0 0.9469301294951075
    outer loop
      vertex -59.95293332892941 -14.1 24.80962980399413
      vertex -59.95293332892941 -9.4 24.80962980399413
      vertex -60.16969600663891 -14.1 24.883210818105248
    endloop
  endfacet
  facet normal 0.4422886902190092 0 0.8968727415326845
    outer loop
      vertex -60.16969600663891 -14.1 24.883210818105248
      vertex -60.16969600663891 -9.4 24.883210818105248
      vertex -60.375 -14.1 24.984455543377234
    endloop
  endfacet
  facet normal 0.5555702330196042 0 0.8314696123025439
    outer loop
      vertex -60.375 -14.1 24.984455543377234
      vertex -60.375 -9.4 24.984455543377234
      vertex -60.56533250076526 -14.1 25.11163165449034
    endloop
  endfacet
  facet normal 0.6593458151000583 0 0.7518398074789866
    outer loop
      vertex -60.56533250076526 -14.1 25.11163165449034
      vertex -60.56533250076526 -9.4 25.11163165449034
      vertex -60.73743686707646 -14.1 25.262563132923542
    endloop
  endfacet
  facet normal -0.8314696123025415 0 0.5555702330196078
    outer loop
      vertex -57.98445554337723 -14.1 25.625
      vertex -57.98445554337723 -9.4 25.625
      vertex -58.11163165449034 -14.1 25.434667499234738
    endloop
  endfacet
  facet normal -0.7518398074789808 -6.447362146278228e-19 0.659345815100065
    outer loop
      vertex -58.26256313292354 -14.1 25.262563132923542
      vertex -58.11163165449034 -14.1 25.434667499234738
      vertex -58.11163165449034 -9.4 25.434667499234738
    endloop
  endfacet
  facet normal -0.8968727415326906 -1.4796975701297052e-18 0.4422886902189967
    outer loop
      vertex -57.98445554337723 -14.1 25.625
      vertex -57.88321081810525 -14.1 25.830303993361092
      vertex -57.88321081810525 -9.4 25.830303993361092
    endloop
  endfacet
  facet normal -0.9469301294951028 -1.2227858627666205e-19 0.3214394653031702
    outer loop
      vertex -57.88321081810525 -14.1 25.830303993361092
      vertex -57.80962980399413 -14.1 26.04706667107059
      vertex -57.80962980399413 -9.4 26.04706667107059
    endloop
  endfacet
  facet normal -0.9807852804032344 4.3875122259961975e-19 0.19509032201610832
    outer loop
      vertex -57.80962980399413 -14.1 26.04706667107059
      vertex -57.76497149259583 -14.1 26.27157916361491
      vertex -57.76497149259583 -9.4 26.27157916361491
    endloop
  endfacet
  facet normal -0.997858923238603 -2.4872738854594558e-20 0.06540312923015049
    outer loop
      vertex -57.76497149259583 -14.1 26.27157916361491
      vertex -57.75 -14.1 26.5
      vertex -57.75 -9.4 26.5
    endloop
  endfacet
  facet normal -0.997858923238603 2.4872738854594558e-20 -0.06540312923015049
    outer loop
      vertex -57.75 -14.1 26.5
      vertex -57.76497149259583 -14.1 26.72842083638509
      vertex -57.76497149259583 -9.4 26.72842083638509
    endloop
  endfacet
  facet normal -0.9807852804032344 -4.3875122259961975e-19 -0.19509032201610832
    outer loop
      vertex -57.76497149259583 -14.1 26.72842083638509
      vertex -57.80962980399413 -14.1 26.95293332892941
      vertex -57.80962980399413 -9.4 26.95293332892941
    endloop
  endfacet
  facet normal -0.9469301294951028 1.2227858627666205e-19 -0.3214394653031702
    outer loop
      vertex -57.80962980399413 -14.1 26.95293332892941
      vertex -57.88321081810525 -14.1 27.169696006638908
      vertex -57.88321081810525 -9.4 27.169696006638908
    endloop
  endfacet
  facet normal -0.8968727415326906 1.4796975701297052e-18 -0.4422886902189967
    outer loop
      vertex -57.88321081810525 -14.1 27.169696006638908
      vertex -57.98445554337723 -14.1 27.375
      vertex -57.98445554337723 -9.4 27.375
    endloop
  endfacet
  facet normal -0.8314696123025415 -9.89483944046663e-19 -0.5555702330196078
    outer loop
      vertex -57.98445554337723 -14.1 27.375
      vertex -58.11163165449034 -14.1 27.565332500765262
      vertex -58.11163165449034 -9.4 27.565332500765262
    endloop
  endfacet
  facet normal -0.7518398074789808 6.447362146278228e-19 -0.659345815100065
    outer loop
      vertex -58.11163165449034 -14.1 27.565332500765262
      vertex -58.26256313292354 -14.1 27.737436867076458
      vertex -58.26256313292354 -9.4 27.737436867076458
    endloop
  endfacet
  facet normal -0.6593458151000583 -4.598656274148768e-19 -0.7518398074789866
    outer loop
      vertex -58.26256313292354 -14.1 27.737436867076458
      vertex -58.43466749923474 -14.1 27.88836834550966
      vertex -58.43466749923474 -9.4 27.88836834550966
    endloop
  endfacet
  facet normal -0.5555702330196042 -5.74076501548439e-19 -0.8314696123025439
    outer loop
      vertex -58.43466749923474 -14.1 27.88836834550966
      vertex -58.625 -14.1 28.015544456622766
      vertex -58.625 -9.4 28.015544456622766
    endloop
  endfacet
  facet normal -0.4422886902190092 7.338481117255391e-19 -0.8968727415326845
    outer loop
      vertex -58.625 -14.1 28.015544456622766
      vertex -58.83030399336109 -14.1 28.116789181894752
      vertex -58.83030399336109 -9.4 28.116789181894752
    endloop
  endfacet
  facet normal 0.7518398074789808 0 0.659345815100065
    outer loop
      vertex -60.73743686707646 -14.1 25.262563132923542
      vertex -60.73743686707646 -9.4 25.262563132923542
      vertex -60.88836834550966 -14.1 25.434667499234738
    endloop
  endfacet
  facet normal 0.8314696123025415 0 0.5555702330196078
    outer loop
      vertex -60.88836834550966 -14.1 25.434667499234738
      vertex -60.88836834550966 -9.4 25.434667499234738
      vertex -61.01554445662277 -14.1 25.625
    endloop
  endfacet
  facet normal 0.8968727415326906 0 0.4422886902189967
    outer loop
      vertex -61.01554445662277 -14.1 25.625
      vertex -61.01554445662277 -9.4 25.625
      vertex -61.11678918189475 -14.1 25.830303993361092
    endloop
  endfacet
  facet normal 0.9469301294951028 0 0.3214394653031702
    outer loop
      vertex -61.11678918189475 -14.1 25.830303993361092
      vertex -61.11678918189475 -9.4 25.830303993361092
      vertex -61.19037019600587 -14.1 26.04706667107059
    endloop
  endfacet
  facet normal 0.9807852804032344 0 0.19509032201610832
    outer loop
      vertex -61.19037019600587 -14.1 26.04706667107059
      vertex -61.19037019600587 -9.4 26.04706667107059
      vertex -61.23502850740417 -14.1 26.27157916361491
    endloop
  endfacet
  facet normal 0.997858923238603 0 0.06540312923015049
    outer loop
      vertex -61.23502850740417 -14.1 26.27157916361491
      vertex -61.23502850740417 -9.4 26.27157916361491
      vertex -61.25 -14.1 26.5
    endloop
  endfacet
  facet normal 0.997858923238603 0 -0.06540312923015049
    outer loop
      vertex -61.25 -14.1 26.5
      vertex -61.25 -9.4 26.5
      vertex -61.23502850740417 -14.1 26.72842083638509
    endloop
  endfacet
  facet normal 0.9807852804032344 0 -0.19509032201610832
    outer loop
      vertex -61.23502850740417 -14.1 26.72842083638509
      vertex -61.23502850740417 -9.4 26.72842083638509
      vertex -61.19037019600587 -14.1 26.95293332892941
    endloop
  endfacet
  facet normal 0.9469301294951028 0 -0.3214394653031702
    outer loop
      vertex -61.19037019600587 -14.1 26.95293332892941
      vertex -61.19037019600587 -9.4 26.95293332892941
      vertex -61.11678918189475 -14.1 27.169696006638908
    endloop
  endfacet
  facet normal 0.8968727415326906 -1.4796975701297052e-18 -0.4422886902189967
    outer loop
      vertex -61.01554445662277 -14.1 27.375
      vertex -61.11678918189475 -14.1 27.169696006638908
      vertex -61.11678918189475 -9.4 27.169696006638908
    endloop
  endfacet
  facet normal 0.5555702330196042 5.74076501548439e-19 -0.8314696123025439
    outer loop
      vertex -60.375 -14.1 28.015544456622766
      vertex -60.56533250076526 -14.1 27.88836834550966
      vertex -60.56533250076526 -9.4 27.88836834550966
    endloop
  endfacet
  facet normal 0.4422886902190092 -7.338481117255391e-19 -0.8968727415326845
    outer loop
      vertex -60.16969600663891 -14.1 28.116789181894752
      vertex -60.375 -14.1 28.015544456622766
      vertex -60.375 -9.4 28.015544456622766
    endloop
  endfacet
  facet normal 0.8314696123025415 0 -0.5555702330196078
    outer loop
      vertex -61.01554445662277 -14.1 27.375
      vertex -61.01554445662277 -9.4 27.375
      vertex -60.88836834550966 -14.1 27.565332500765262
    endloop
  endfacet
  facet normal 0.7518398074789808 0 -0.659345815100065
    outer loop
      vertex -60.88836834550966 -14.1 27.565332500765262
      vertex -60.88836834550966 -9.4 27.565332500765262
      vertex -60.73743686707646 -14.1 27.737436867076458
    endloop
  endfacet
  facet normal 0.6593458151000583 0 -0.7518398074789866
    outer loop
      vertex -60.73743686707646 -14.1 27.737436867076458
      vertex -60.73743686707646 -9.4 27.737436867076458
      vertex -60.56533250076526 -14.1 27.88836834550966
    endloop
  endfacet
  facet normal -0.32143946530315626 9.354268423896295e-21 -0.9469301294951075
    outer loop
      vertex -58.83030399336109 -14.1 28.116789181894752
      vertex -59.04706667107059 -14.1 28.19037019600587
      vertex -59.04706667107059 -9.4 28.19037019600587
    endloop
  endfacet
  facet normal -0.19509032201612325 -1.1883157228665013e-19 -0.9807852804032314
    outer loop
      vertex -59.04706667107059 -14.1 28.19037019600587
      vertex -59.27157916361491 -14.1 28.235028507404166
      vertex -59.27157916361491 -9.4 28.235028507404166
    endloop
  endfacet
  facet normal -0.06540312923015049 2.4872738854594558e-20 -0.997858923238603
    outer loop
      vertex -59.27157916361491 -14.1 28.235028507404166
      vertex -59.5 -14.1 28.25
      vertex -59.5 -9.4 28.25
    endloop
  endfacet
  facet normal 0.06540312923015049 -2.4872738854594558e-20 -0.997858923238603
    outer loop
      vertex -59.5 -14.1 28.25
      vertex -59.72842083638509 -14.1 28.235028507404166
      vertex -59.72842083638509 -9.4 28.235028507404166
    endloop
  endfacet
  facet normal 0.19509032201612325 1.1883157228665013e-19 -0.9807852804032314
    outer loop
      vertex -59.72842083638509 -14.1 28.235028507404166
      vertex -59.95293332892941 -14.1 28.19037019600587
      vertex -59.95293332892941 -9.4 28.19037019600587
    endloop
  endfacet
  facet normal 0.32143946530315626 0 -0.9469301294951075
    outer loop
      vertex -60.16969600663891 -14.1 28.116789181894752
      vertex -60.16969600663891 -9.4 28.116789181894752
      vertex -59.95293332892941 -14.1 28.19037019600587
    endloop
  endfacet
  facet normal -0.6593458151000583 0 0.7518398074789866
    outer loop
      vertex -58.43466749923474 -14.1 25.11163165449034
      vertex -58.26256313292354 -9.4 25.262563132923542
      vertex -58.43466749923474 -9.4 25.11163165449034
    endloop
  endfacet
  facet normal -0.4422886902190092 0 0.8968727415326845
    outer loop
      vertex -58.83030399336109 -14.1 24.883210818105248
      vertex -58.625 -9.4 24.984455543377234
      vertex -58.83030399336109 -9.4 24.883210818105248
    endloop
  endfacet
  facet normal -0.32143946530315626 0 0.9469301294951075
    outer loop
      vertex -59.04706667107059 -14.1 24.80962980399413
      vertex -58.83030399336109 -9.4 24.883210818105248
      vertex -59.04706667107059 -9.4 24.80962980399413
    endloop
  endfacet
  facet normal -0.19509032201612325 0 0.9807852804032314
    outer loop
      vertex -59.27157916361491 -14.1 24.764971492595834
      vertex -59.04706667107059 -9.4 24.80962980399413
      vertex -59.27157916361491 -9.4 24.764971492595834
    endloop
  endfacet
  facet normal -0.06540312923015049 0 0.997858923238603
    outer loop
      vertex -59.5 -14.1 24.75
      vertex -59.27157916361491 -9.4 24.764971492595834
      vertex -59.5 -9.4 24.75
    endloop
  endfacet
  facet normal -0.5555702330196042 0 0.8314696123025439
    outer loop
      vertex -58.625 -14.1 24.984455543377234
      vertex -58.43466749923474 -9.4 25.11163165449034
      vertex -58.625 -9.4 24.984455543377234
    endloop
  endfacet
  facet normal 0.06540312923015049 0 0.997858923238603
    outer loop
      vertex -59.72842083638509 -14.1 24.764971492595834
      vertex -59.5 -9.4 24.75
      vertex -59.72842083638509 -9.4 24.764971492595834
    endloop
  endfacet
  facet normal 0.19509032201612325 0 0.9807852804032314
    outer loop
      vertex -59.95293332892941 -14.1 24.80962980399413
      vertex -59.72842083638509 -9.4 24.764971492595834
      vertex -59.95293332892941 -9.4 24.80962980399413
    endloop
  endfacet
  facet normal 0.32143946530315626 0 0.9469301294951075
    outer loop
      vertex -60.16969600663891 -14.1 24.883210818105248
      vertex -59.95293332892941 -9.4 24.80962980399413
      vertex -60.16969600663891 -9.4 24.883210818105248
    endloop
  endfacet
  facet normal 0.4422886902190092 0 0.8968727415326845
    outer loop
      vertex -60.375 -14.1 24.984455543377234
      vertex -60.16969600663891 -9.4 24.883210818105248
      vertex -60.375 -9.4 24.984455543377234
    endloop
  endfacet
  facet normal 0.5555702330196042 0 0.8314696123025439
    outer loop
      vertex -60.56533250076526 -14.1 25.11163165449034
      vertex -60.375 -9.4 24.984455543377234
      vertex -60.56533250076526 -9.4 25.11163165449034
    endloop
  endfacet
  facet normal 0.6593458151000583 0 0.7518398074789866
    outer loop
      vertex -60.73743686707646 -14.1 25.262563132923542
      vertex -60.56533250076526 -9.4 25.11163165449034
      vertex -60.73743686707646 -9.4 25.262563132923542
    endloop
  endfacet
  facet normal -0.7518398074789808 0 0.659345815100065
    outer loop
      vertex -58.26256313292354 -14.1 25.262563132923542
      vertex -58.11163165449034 -9.4 25.434667499234738
      vertex -58.26256313292354 -9.4 25.262563132923542
    endloop
  endfacet
  facet normal -0.8314696123025415 0 0.5555702330196078
    outer loop
      vertex -58.11163165449034 -14.1 25.434667499234738
      vertex -57.98445554337723 -9.4 25.625
      vertex -58.11163165449034 -9.4 25.434667499234738
    endloop
  endfacet
  facet normal -0.8968727415326906 0 0.4422886902189967
    outer loop
      vertex -57.98445554337723 -14.1 25.625
      vertex -57.88321081810525 -9.4 25.830303993361092
      vertex -57.98445554337723 -9.4 25.625
    endloop
  endfacet
  facet normal -0.9469301294951028 0 0.3214394653031702
    outer loop
      vertex -57.88321081810525 -14.1 25.830303993361092
      vertex -57.80962980399413 -9.4 26.04706667107059
      vertex -57.88321081810525 -9.4 25.830303993361092
    endloop
  endfacet
  facet normal -0.9807852804032344 0 0.19509032201610832
    outer loop
      vertex -57.80962980399413 -14.1 26.04706667107059
      vertex -57.76497149259583 -9.4 26.27157916361491
      vertex -57.80962980399413 -9.4 26.04706667107059
    endloop
  endfacet
  facet normal -0.997858923238603 0 0.06540312923015049
    outer loop
      vertex -57.76497149259583 -14.1 26.27157916361491
      vertex -57.75 -9.4 26.5
      vertex -57.76497149259583 -9.4 26.27157916361491
    endloop
  endfacet
  facet normal -0.997858923238603 0 -0.06540312923015049
    outer loop
      vertex -57.75 -14.1 26.5
      vertex -57.76497149259583 -9.4 26.72842083638509
      vertex -57.75 -9.4 26.5
    endloop
  endfacet
  facet normal -0.9807852804032344 0 -0.19509032201610832
    outer loop
      vertex -57.76497149259583 -14.1 26.72842083638509
      vertex -57.80962980399413 -9.4 26.95293332892941
      vertex -57.76497149259583 -9.4 26.72842083638509
    endloop
  endfacet
  facet normal -0.9469301294951028 0 -0.3214394653031702
    outer loop
      vertex -57.80962980399413 -14.1 26.95293332892941
      vertex -57.88321081810525 -9.4 27.169696006638908
      vertex -57.80962980399413 -9.4 26.95293332892941
    endloop
  endfacet
  facet normal -0.8968727415326906 0 -0.4422886902189967
    outer loop
      vertex -57.88321081810525 -14.1 27.169696006638908
      vertex -57.98445554337723 -9.4 27.375
      vertex -57.88321081810525 -9.4 27.169696006638908
    endloop
  endfacet
  facet normal -0.8314696123025415 0 -0.5555702330196078
    outer loop
      vertex -57.98445554337723 -14.1 27.375
      vertex -58.11163165449034 -9.4 27.565332500765262
      vertex -57.98445554337723 -9.4 27.375
    endloop
  endfacet
  facet normal -0.7518398074789808 0 -0.659345815100065
    outer loop
      vertex -58.11163165449034 -14.1 27.565332500765262
      vertex -58.26256313292354 -9.4 27.737436867076458
      vertex -58.11163165449034 -9.4 27.565332500765262
    endloop
  endfacet
  facet normal -0.6593458151000583 0 -0.7518398074789866
    outer loop
      vertex -58.26256313292354 -14.1 27.737436867076458
      vertex -58.43466749923474 -9.4 27.88836834550966
      vertex -58.26256313292354 -9.4 27.737436867076458
    endloop
  endfacet
  facet normal -0.5555702330196042 0 -0.8314696123025439
    outer loop
      vertex -58.43466749923474 -14.1 27.88836834550966
      vertex -58.625 -9.4 28.015544456622766
      vertex -58.43466749923474 -9.4 27.88836834550966
    endloop
  endfacet
  facet normal -0.4422886902190092 0 -0.8968727415326845
    outer loop
      vertex -58.625 -14.1 28.015544456622766
      vertex -58.83030399336109 -9.4 28.116789181894752
      vertex -58.625 -9.4 28.015544456622766
    endloop
  endfacet
  facet normal 0.7518398074789808 0 0.659345815100065
    outer loop
      vertex -60.88836834550966 -14.1 25.434667499234738
      vertex -60.73743686707646 -9.4 25.262563132923542
      vertex -60.88836834550966 -9.4 25.434667499234738
    endloop
  endfacet
  facet normal 0.8314696123025415 0 0.5555702330196078
    outer loop
      vertex -61.01554445662277 -14.1 25.625
      vertex -60.88836834550966 -9.4 25.434667499234738
      vertex -61.01554445662277 -9.4 25.625
    endloop
  endfacet
  facet normal 0.8968727415326906 0 0.4422886902189967
    outer loop
      vertex -61.11678918189475 -14.1 25.830303993361092
      vertex -61.01554445662277 -9.4 25.625
      vertex -61.11678918189475 -9.4 25.830303993361092
    endloop
  endfacet
  facet normal 0.9469301294951028 0 0.3214394653031702
    outer loop
      vertex -61.19037019600587 -14.1 26.04706667107059
      vertex -61.11678918189475 -9.4 25.830303993361092
      vertex -61.19037019600587 -9.4 26.04706667107059
    endloop
  endfacet
  facet normal 0.9807852804032344 0 0.19509032201610832
    outer loop
      vertex -61.23502850740417 -14.1 26.27157916361491
      vertex -61.19037019600587 -9.4 26.04706667107059
      vertex -61.23502850740417 -9.4 26.27157916361491
    endloop
  endfacet
  facet normal 0.997858923238603 0 0.06540312923015049
    outer loop
      vertex -61.25 -14.1 26.5
      vertex -61.23502850740417 -9.4 26.27157916361491
      vertex -61.25 -9.4 26.5
    endloop
  endfacet
  facet normal 0.997858923238603 0 -0.06540312923015049
    outer loop
      vertex -61.23502850740417 -14.1 26.72842083638509
      vertex -61.25 -9.4 26.5
      vertex -61.23502850740417 -9.4 26.72842083638509
    endloop
  endfacet
  facet normal 0.9807852804032344 0 -0.19509032201610832
    outer loop
      vertex -61.19037019600587 -14.1 26.95293332892941
      vertex -61.23502850740417 -9.4 26.72842083638509
      vertex -61.19037019600587 -9.4 26.95293332892941
    endloop
  endfacet
  facet normal 0.9469301294951028 0 -0.3214394653031702
    outer loop
      vertex -61.11678918189475 -14.1 27.169696006638908
      vertex -61.19037019600587 -9.4 26.95293332892941
      vertex -61.11678918189475 -9.4 27.169696006638908
    endloop
  endfacet
  facet normal 0.8968727415326906 0 -0.4422886902189967
    outer loop
      vertex -61.01554445662277 -14.1 27.375
      vertex -61.11678918189475 -9.4 27.169696006638908
      vertex -61.01554445662277 -9.4 27.375
    endloop
  endfacet
  facet normal 0.4422886902190092 0 -0.8968727415326845
    outer loop
      vertex -60.16969600663891 -14.1 28.116789181894752
      vertex -60.375 -9.4 28.015544456622766
      vertex -60.16969600663891 -9.4 28.116789181894752
    endloop
  endfacet
  facet normal 0.5555702330196042 0 -0.8314696123025439
    outer loop
      vertex -60.375 -14.1 28.015544456622766
      vertex -60.56533250076526 -9.4 27.88836834550966
      vertex -60.375 -9.4 28.015544456622766
    endloop
  endfacet
  facet normal 0.8314696123025415 0 -0.5555702330196078
    outer loop
      vertex -60.88836834550966 -14.1 27.565332500765262
      vertex -61.01554445662277 -9.4 27.375
      vertex -60.88836834550966 -9.4 27.565332500765262
    endloop
  endfacet
  facet normal 0.7518398074789808 0 -0.659345815100065
    outer loop
      vertex -60.73743686707646 -14.1 27.737436867076458
      vertex -60.88836834550966 -9.4 27.565332500765262
      vertex -60.73743686707646 -9.4 27.737436867076458
    endloop
  endfacet
  facet normal 0.6593458151000583 0 -0.7518398074789866
    outer loop
      vertex -60.56533250076526 -14.1 27.88836834550966
      vertex -60.73743686707646 -9.4 27.737436867076458
      vertex -60.56533250076526 -9.4 27.88836834550966
    endloop
  endfacet
  facet normal -0.32143946530315626 0 -0.9469301294951075
    outer loop
      vertex -58.83030399336109 -14.1 28.116789181894752
      vertex -59.04706667107059 -9.4 28.19037019600587
      vertex -58.83030399336109 -9.4 28.116789181894752
    endloop
  endfacet
  facet normal -0.19509032201612325 0 -0.9807852804032314
    outer loop
      vertex -59.04706667107059 -14.1 28.19037019600587
      vertex -59.27157916361491 -9.4 28.235028507404166
      vertex -59.04706667107059 -9.4 28.19037019600587
    endloop
  endfacet
  facet normal -0.06540312923015049 0 -0.997858923238603
    outer loop
      vertex -59.27157916361491 -14.1 28.235028507404166
      vertex -59.5 -9.4 28.25
      vertex -59.27157916361491 -9.4 28.235028507404166
    endloop
  endfacet
  facet normal 0.06540312923015049 0 -0.997858923238603
    outer loop
      vertex -59.5 -14.1 28.25
      vertex -59.72842083638509 -9.4 28.235028507404166
      vertex -59.5 -9.4 28.25
    endloop
  endfacet
  facet normal 0.32143946530315626 0 -0.9469301294951075
    outer loop
      vertex -59.95293332892941 -14.1 28.19037019600587
      vertex -60.16969600663891 -9.4 28.116789181894752
      vertex -59.95293332892941 -9.4 28.19037019600587
    endloop
  endfacet
  facet normal 0.19509032201612325 0 -0.9807852804032314
    outer loop
      vertex -59.72842083638509 -14.1 28.235028507404166
      vertex -59.95293332892941 -9.4 28.19037019600587
      vertex -59.72842083638509 -9.4 28.235028507404166
    endloop
  endfacet
  facet normal 0 1 0
    outer loop
      vertex -59.238947615559894 -9.4 24.517110277252378
      vertex -59.5 -9.4 24.5
      vertex -59.761052384440106 -9.4 24.517110277252378
    endloop
  endfacet
  facet normal 0 1 0
    outer loop
      vertex -58.98236190979496 -9.4 24.568148347421864
      vertex -59.238947615559894 -9.4 24.517110277252378
      vertex -60.01763809020504 -9.4 24.568148347421864
    endloop
  endfacet
  facet normal 0 1 0
    outer loop
      vertex -58.5 -9.4 24.76794919243112
      vertex -58.625 -9.4 24.984455543377234
      vertex -58.28247714198256 -9.4 24.91329331941753
    endloop
  endfacet
  facet normal 0 1 0
    outer loop
      vertex -57.91329331941753 -9.4 25.282477141982557
      vertex -58.08578643762691 -9.4 25.085786437626904
      vertex -58.11163165449034 -9.4 25.434667499234738
    endloop
  endfacet
  facet normal 0 1 0
    outer loop
      vertex -58.28247714198256 -9.4 24.91329331941753
      vertex -58.43466749923474 -9.4 25.11163165449034
      vertex -58.08578643762691 -9.4 25.085786437626904
    endloop
  endfacet
  facet normal 0 1 0
    outer loop
      vertex -58.28247714198256 -9.4 24.91329331941753
      vertex -58.625 -9.4 24.984455543377234
      vertex -58.43466749923474 -9.4 25.11163165449034
    endloop
  endfacet
  facet normal 0 1 0
    outer loop
      vertex -58.08578643762691 -9.4 25.085786437626904
      vertex -58.43466749923474 -9.4 25.11163165449034
      vertex -58.26256313292354 -9.4 25.262563132923542
    endloop
  endfacet
  facet normal 0 1 0
    outer loop
      vertex -58.08578643762691 -9.4 25.085786437626904
      vertex -58.26256313292354 -9.4 25.262563132923542
      vertex -58.11163165449034 -9.4 25.434667499234738
    endloop
  endfacet
  facet normal 0 1 0
    outer loop
      vertex -58.5 -9.4 24.76794919243112
      vertex -58.73463313526982 -9.4 24.652240934977428
      vertex -59.04706667107059 -9.4 24.80962980399413
    endloop
  endfacet
  facet normal 0 1 0
    outer loop
      vertex -58.73463313526982 -9.4 24.652240934977428
      vertex -59.27157916361491 -9.4 24.764971492595834
      vertex -59.04706667107059 -9.4 24.80962980399413
    endloop
  endfacet
  facet normal 0 1 0
    outer loop
      vertex -58.5 -9.4 24.76794919243112
      vertex -58.83030399336109 -9.4 24.883210818105248
      vertex -58.625 -9.4 24.984455543377234
    endloop
  endfacet
  facet normal 0 1 0
    outer loop
      vertex -58.5 -9.4 24.76794919243112
      vertex -59.04706667107059 -9.4 24.80962980399413
      vertex -58.83030399336109 -9.4 24.883210818105248
    endloop
  endfacet
  facet normal 0 1 0
    outer loop
      vertex -58.73463313526982 -9.4 24.652240934977428
      vertex -59.5 -9.4 24.75
      vertex -59.27157916361491 -9.4 24.764971492595834
    endloop
  endfacet
  facet normal 0 1 0
    outer loop
      vertex -58.98236190979496 -9.4 24.568148347421864
      vertex -60.26536686473018 -9.4 24.652240934977428
      vertex -58.73463313526982 -9.4 24.652240934977428
    endloop
  endfacet
  facet normal 0 1 0
    outer loop
      vertex -58.73463313526982 -9.4 24.652240934977428
      vertex -59.72842083638509 -9.4 24.764971492595834
      vertex -59.5 -9.4 24.75
    endloop
  endfacet
  facet normal -0.3214394653031567 0 0.9469301294951074
    outer loop
      vertex -58.98236190979496 -9.4 24.568148347421864
      vertex -58.73463313526982 -9.4 24.652240934977428
      vertex -58.98236190979496 -9.1 24.568148347421864
    endloop
  endfacet
  facet normal -0.19509032201613927 -3.540381513036979e-18 0.9807852804032283
    outer loop
      vertex -58.98236190979496 -9.4 24.568148347421864
      vertex -59.238947615559894 -9.1 24.517110277252378
      vertex -59.238947615559894 -9.4 24.517110277252378
    endloop
  endfacet
  facet normal -0.06540312923013841 1.1288590102911327e-18 0.9978589232386038
    outer loop
      vertex -59.238947615559894 -9.4 24.517110277252378
      vertex -59.5 -9.1 24.5
      vertex -59.5 -9.4 24.5
    endloop
  endfacet
  facet normal -0.19509032201613927 0 0.9807852804032283
    outer loop
      vertex -58.98236190979496 -9.4 24.568148347421864
      vertex -58.98236190979496 -9.1 24.568148347421864
      vertex -59.238947615559894 -9.1 24.517110277252378
    endloop
  endfacet
  facet normal -0.06540312923013841 0 0.9978589232386038
    outer loop
      vertex -59.238947615559894 -9.4 24.517110277252378
      vertex -59.238947615559894 -9.1 24.517110277252378
      vertex -59.5 -9.1 24.5
    endloop
  endfacet
  facet normal -0.5555702330196105 0 0.8314696123025397
    outer loop
      vertex -58.5 -9.4 24.76794919243112
      vertex -58.28247714198256 -9.4 24.91329331941753
      vertex -58.5 -9.1 24.76794919243112
    endloop
  endfacet
  facet normal -0.7518398074789652 2.6962923296080858e-17 0.6593458151000827
    outer loop
      vertex -57.91329331941753 -9.4 25.282477141982557
      vertex -58.08578643762691 -9.1 25.085786437626904
      vertex -58.08578643762691 -9.4 25.085786437626904
    endloop
  endfacet
  facet normal -0.6593458151000674 0 0.7518398074789787
    outer loop
      vertex -58.28247714198256 -9.4 24.91329331941753
      vertex -58.08578643762691 -9.4 25.085786437626904
      vertex -58.28247714198256 -9.1 24.91329331941753
    endloop
  endfacet
  facet normal -0.5555702330196105 0 0.8314696123025397
    outer loop
      vertex -58.28247714198256 -9.4 24.91329331941753
      vertex -58.28247714198256 -9.1 24.91329331941753
      vertex -58.5 -9.1 24.76794919243112
    endloop
  endfacet
  facet normal -0.7518398074789652 0 0.6593458151000827
    outer loop
      vertex -57.91329331941753 -9.4 25.282477141982557
      vertex -57.91329331941753 -9.1 25.282477141982557
      vertex -58.08578643762691 -9.1 25.085786437626904
    endloop
  endfacet
  facet normal -0.6593458151000674 0 0.7518398074789787
    outer loop
      vertex -58.08578643762691 -9.4 25.085786437626904
      vertex -58.08578643762691 -9.1 25.085786437626904
      vertex -58.28247714198256 -9.1 24.91329331941753
    endloop
  endfacet
  facet normal -0.44228869021899825 -2.147533222266048e-17 0.8968727415326899
    outer loop
      vertex -58.5 -9.4 24.76794919243112
      vertex -58.73463313526982 -9.1 24.652240934977428
      vertex -58.73463313526982 -9.4 24.652240934977428
    endloop
  endfacet
  facet normal -0.44228869021899825 0 0.8968727415326899
    outer loop
      vertex -58.5 -9.4 24.76794919243112
      vertex -58.5 -9.1 24.76794919243112
      vertex -58.73463313526982 -9.1 24.652240934977428
    endloop
  endfacet
  facet normal -0.3214394653031567 0 0.9469301294951074
    outer loop
      vertex -58.73463313526982 -9.4 24.652240934977428
      vertex -58.73463313526982 -9.1 24.652240934977428
      vertex -58.98236190979496 -9.1 24.568148347421864
    endloop
  endfacet
  facet normal 0 1 0
    outer loop
      vertex -59.238947615559894 -9.4 24.517110277252378
      vertex -59.761052384440106 -9.4 24.517110277252378
      vertex -60.01763809020504 -9.4 24.568148347421864
    endloop
  endfacet
  facet normal 0 1 0
    outer loop
      vertex -58.98236190979496 -9.4 24.568148347421864
      vertex -60.01763809020504 -9.4 24.568148347421864
      vertex -60.26536686473018 -9.4 24.652240934977428
    endloop
  endfacet
  facet normal 0 1 0
    outer loop
      vertex -58.73463313526982 -9.4 24.652240934977428
      vertex -60.5 -9.4 24.76794919243112
      vertex -59.72842083638509 -9.4 24.764971492595834
    endloop
  endfacet
  facet normal 0 1 0
    outer loop
      vertex -58.73463313526982 -9.4 24.652240934977428
      vertex -60.26536686473018 -9.4 24.652240934977428
      vertex -60.5 -9.4 24.76794919243112
    endloop
  endfacet
  facet normal 0 1 0
    outer loop
      vertex -59.72842083638509 -9.4 24.764971492595834
      vertex -60.5 -9.4 24.76794919243112
      vertex -59.95293332892941 -9.4 24.80962980399413
    endloop
  endfacet
  facet normal 0 1 0
    outer loop
      vertex -59.95293332892941 -9.4 24.80962980399413
      vertex -60.71752285801744 -9.4 24.91329331941753
      vertex -60.16969600663891 -9.4 24.883210818105248
    endloop
  endfacet
  facet normal 0 1 0
    outer loop
      vertex -59.95293332892941 -9.4 24.80962980399413
      vertex -60.5 -9.4 24.76794919243112
      vertex -60.71752285801744 -9.4 24.91329331941753
    endloop
  endfacet
  facet normal 0 1 0
    outer loop
      vertex -60.16969600663891 -9.4 24.883210818105248
      vertex -60.71752285801744 -9.4 24.91329331941753
      vertex -60.375 -9.4 24.984455543377234
    endloop
  endfacet
  facet normal 0 1 0
    outer loop
      vertex -60.375 -9.4 24.984455543377234
      vertex -60.71752285801744 -9.4 24.91329331941753
      vertex -60.91421356237309 -9.4 25.085786437626904
    endloop
  endfacet
  facet normal 0 1 0
    outer loop
      vertex -60.375 -9.4 24.984455543377234
      vertex -60.91421356237309 -9.4 25.085786437626904
      vertex -60.56533250076526 -9.4 25.11163165449034
    endloop
  endfacet
  facet normal 0 1 0
    outer loop
      vertex -60.56533250076526 -9.4 25.11163165449034
      vertex -61.08670668058247 -9.4 25.282477141982557
      vertex -60.73743686707646 -9.4 25.262563132923542
    endloop
  endfacet
  facet normal 0 1 0
    outer loop
      vertex -60.56533250076526 -9.4 25.11163165449034
      vertex -60.91421356237309 -9.4 25.085786437626904
      vertex -61.08670668058247 -9.4 25.282477141982557
    endloop
  endfacet
  facet normal 0.06540312923013841 -1.1288590102911327e-18 0.9978589232386038
    outer loop
      vertex -59.5 -9.4 24.5
      vertex -59.761052384440106 -9.1 24.517110277252378
      vertex -59.761052384440106 -9.4 24.517110277252378
    endloop
  endfacet
  facet normal 0.19509032201613927 3.540381513036979e-18 0.9807852804032283
    outer loop
      vertex -59.761052384440106 -9.4 24.517110277252378
      vertex -60.01763809020504 -9.1 24.568148347421864
      vertex -60.01763809020504 -9.4 24.568148347421864
    endloop
  endfacet
  facet normal 0.06540312923013841 0 0.9978589232386038
    outer loop
      vertex -59.5 -9.4 24.5
      vertex -59.5 -9.1 24.5
      vertex -59.761052384440106 -9.1 24.517110277252378
    endloop
  endfacet
  facet normal 0.19509032201613927 0 0.9807852804032283
    outer loop
      vertex -59.761052384440106 -9.4 24.517110277252378
      vertex -59.761052384440106 -9.1 24.517110277252378
      vertex -60.01763809020504 -9.1 24.568148347421864
    endloop
  endfacet
  facet normal 0.3214394653031567 0 0.9469301294951074
    outer loop
      vertex -60.01763809020504 -9.4 24.568148347421864
      vertex -60.01763809020504 -9.1 24.568148347421864
      vertex -60.26536686473018 -9.1 24.652240934977428
    endloop
  endfacet
  facet normal 0.3214394653031567 1.8783675978048046e-17 0.9469301294951074
    outer loop
      vertex -60.01763809020504 -9.4 24.568148347421864
      vertex -60.26536686473018 -9.1 24.652240934977428
      vertex -60.26536686473018 -9.4 24.652240934977428
    endloop
  endfacet
  facet normal 0.44228869021899825 2.147533222266048e-17 0.8968727415326899
    outer loop
      vertex -60.26536686473018 -9.4 24.652240934977428
      vertex -60.5 -9.1 24.76794919243112
      vertex -60.5 -9.4 24.76794919243112
    endloop
  endfacet
  facet normal 0.44228869021899825 0 0.8968727415326899
    outer loop
      vertex -60.26536686473018 -9.4 24.652240934977428
      vertex -60.26536686473018 -9.1 24.652240934977428
      vertex -60.5 -9.1 24.76794919243112
    endloop
  endfacet
  facet normal 0.5555702330196105 2.321271386604742e-17 0.8314696123025397
    outer loop
      vertex -60.5 -9.4 24.76794919243112
      vertex -60.71752285801744 -9.1 24.91329331941753
      vertex -60.71752285801744 -9.4 24.91329331941753
    endloop
  endfacet
  facet normal 0.6593458151000674 9.399213382341999e-18 0.7518398074789787
    outer loop
      vertex -60.71752285801744 -9.4 24.91329331941753
      vertex -60.91421356237309 -9.1 25.085786437626904
      vertex -60.91421356237309 -9.4 25.085786437626904
    endloop
  endfacet
  facet normal 0.7518398074789652 -2.6962923296080858e-17 0.6593458151000827
    outer loop
      vertex -60.91421356237309 -9.4 25.085786437626904
      vertex -61.08670668058247 -9.1 25.282477141982557
      vertex -61.08670668058247 -9.4 25.282477141982557
    endloop
  endfacet
  facet normal 0.5555702330196105 0 0.8314696123025397
    outer loop
      vertex -60.5 -9.4 24.76794919243112
      vertex -60.5 -9.1 24.76794919243112
      vertex -60.71752285801744 -9.1 24.91329331941753
    endloop
  endfacet
  facet normal 0.6593458151000674 0 0.7518398074789787
    outer loop
      vertex -60.71752285801744 -9.4 24.91329331941753
      vertex -60.71752285801744 -9.1 24.91329331941753
      vertex -60.91421356237309 -9.1 25.085786437626904
    endloop
  endfacet
  facet normal 0.7518398074789652 0 0.6593458151000827
    outer loop
      vertex -60.91421356237309 -9.4 25.085786437626904
      vertex -60.91421356237309 -9.1 25.085786437626904
      vertex -61.08670668058247 -9.1 25.282477141982557
    endloop
  endfacet
  facet normal -0.9978589232386036 0 0.06540312923013929
    outer loop
      vertex -57.51711027725238 -9.4 26.238947615559898
      vertex -57.5 -9.4 26.5
      vertex -57.51711027725238 -9.1 26.238947615559898
    endloop
  endfacet
  facet normal -0.9978589232386036 0 -0.06540312923013929
    outer loop
      vertex -57.5 -9.4 26.5
      vertex -57.51711027725238 -9.4 26.761052384440102
      vertex -57.5 -9.1 26.5
    endloop
  endfacet
  facet normal -0.9807852804032313 0 0.1950903220161236
    outer loop
      vertex -57.51711027725238 -9.4 26.238947615559898
      vertex -57.51711027725238 -9.1 26.238947615559898
      vertex -57.56814834742186 -9.1 25.98236190979496
    endloop
  endfacet
  facet normal -0.9978589232386036 0 0.06540312923013929
    outer loop
      vertex -57.5 -9.4 26.5
      vertex -57.5 -9.1 26.5
      vertex -57.51711027725238 -9.1 26.238947615559898
    endloop
  endfacet
  facet normal -0.9978589232386036 -2.0389838201701371e-19 -0.06540312923013929
    outer loop
      vertex -57.5 -9.1 26.5
      vertex -57.51711027725238 -9.4 26.761052384440102
      vertex -57.51711027725238 -9.1 26.761052384440102
    endloop
  endfacet
  facet normal 0 1 0
    outer loop
      vertex -57.91329331941753 -9.4 25.282477141982557
      vertex -58.11163165449034 -9.4 25.434667499234738
      vertex -57.98445554337723 -9.4 25.625
    endloop
  endfacet
  facet normal 0 1 0
    outer loop
      vertex -57.91329331941753 -9.4 25.282477141982557
      vertex -57.98445554337723 -9.4 25.625
      vertex -57.767949192431125 -9.4 25.5
    endloop
  endfacet
  facet normal 0 1 0
    outer loop
      vertex -57.767949192431125 -9.4 25.5
      vertex -57.98445554337723 -9.4 25.625
      vertex -57.88321081810525 -9.4 25.830303993361092
    endloop
  endfacet
  facet normal 0 1 0
    outer loop
      vertex -57.767949192431125 -9.4 25.5
      vertex -57.88321081810525 -9.4 25.830303993361092
      vertex -57.65224093497743 -9.4 25.73463313526982
    endloop
  endfacet
  facet normal 0 1 0
    outer loop
      vertex -57.65224093497743 -9.4 25.73463313526982
      vertex -57.80962980399413 -9.4 26.04706667107059
      vertex -57.56814834742186 -9.4 25.98236190979496
    endloop
  endfacet
  facet normal 0 1 0
    outer loop
      vertex -57.65224093497743 -9.4 25.73463313526982
      vertex -57.88321081810525 -9.4 25.830303993361092
      vertex -57.80962980399413 -9.4 26.04706667107059
    endloop
  endfacet
  facet normal 0 1 0
    outer loop
      vertex -57.56814834742186 -9.4 25.98236190979496
      vertex -57.80962980399413 -9.4 26.04706667107059
      vertex -57.76497149259583 -9.4 26.27157916361491
    endloop
  endfacet
  facet normal 0 1 0
    outer loop
      vertex -57.51711027725238 -9.4 26.238947615559898
      vertex -57.56814834742186 -9.4 25.98236190979496
      vertex -57.76497149259583 -9.4 26.27157916361491
    endloop
  endfacet
  facet normal 0 1 0
    outer loop
      vertex -57.51711027725238 -9.4 26.238947615559898
      vertex -57.76497149259583 -9.4 26.27157916361491
      vertex -57.75 -9.4 26.5
    endloop
  endfacet
  facet normal 0 1 0
    outer loop
      vertex -57.51711027725238 -9.4 26.238947615559898
      vertex -57.75 -9.4 26.5
      vertex -57.5 -9.4 26.5
    endloop
  endfacet
  facet normal 0 1 0
    outer loop
      vertex -57.5 -9.4 26.5
      vertex -57.75 -9.4 26.5
      vertex -57.76497149259583 -9.4 26.72842083638509
    endloop
  endfacet
  facet normal 0 1 0
    outer loop
      vertex -57.5 -9.4 26.5
      vertex -57.76497149259583 -9.4 26.72842083638509
      vertex -57.51711027725238 -9.4 26.761052384440102
    endloop
  endfacet
  facet normal -0.8314696123025564 0 0.5555702330195855
    outer loop
      vertex -57.91329331941753 -9.4 25.282477141982557
      vertex -57.767949192431125 -9.4 25.5
      vertex -57.91329331941753 -9.1 25.282477141982557
    endloop
  endfacet
  facet normal -0.896872741532687 0 0.4422886902190037
    outer loop
      vertex -57.767949192431125 -9.4 25.5
      vertex -57.65224093497743 -9.4 25.73463313526982
      vertex -57.767949192431125 -9.1 25.5
    endloop
  endfacet
  facet normal -0.9469301294951017 0 0.3214394653031731
    outer loop
      vertex -57.65224093497743 -9.4 25.73463313526982
      vertex -57.56814834742186 -9.4 25.98236190979496
      vertex -57.65224093497743 -9.1 25.73463313526982
    endloop
  endfacet
  facet normal -0.8314696123025564 3.626957638474132e-17 0.5555702330195855
    outer loop
      vertex -57.91329331941753 -9.1 25.282477141982557
      vertex -57.767949192431125 -9.4 25.5
      vertex -57.767949192431125 -9.1 25.5
    endloop
  endfacet
  facet normal -0.896872741532687 0 0.4422886902190037
    outer loop
      vertex -57.65224093497743 -9.4 25.73463313526982
      vertex -57.65224093497743 -9.1 25.73463313526982
      vertex -57.767949192431125 -9.1 25.5
    endloop
  endfacet
  facet normal -0.9469301294951017 0 0.3214394653031731
    outer loop
      vertex -57.56814834742186 -9.4 25.98236190979496
      vertex -57.56814834742186 -9.1 25.98236190979496
      vertex -57.65224093497743 -9.1 25.73463313526982
    endloop
  endfacet
  facet normal -0.9807852804032313 -2.690692795782626e-18 0.1950903220161236
    outer loop
      vertex -57.51711027725238 -9.4 26.238947615559898
      vertex -57.56814834742186 -9.1 25.98236190979496
      vertex -57.56814834742186 -9.4 25.98236190979496
    endloop
  endfacet
  facet normal -0.9807852804032313 0 -0.1950903220161236
    outer loop
      vertex -57.51711027725238 -9.4 26.761052384440102
      vertex -57.56814834742186 -9.4 27.01763809020504
      vertex -57.51711027725238 -9.1 26.761052384440102
    endloop
  endfacet
  facet normal 0 1 0
    outer loop
      vertex -57.51711027725238 -9.4 26.761052384440102
      vertex -57.76497149259583 -9.4 26.72842083638509
      vertex -57.80962980399413 -9.4 26.95293332892941
    endloop
  endfacet
  facet normal 0 1 0
    outer loop
      vertex -57.51711027725238 -9.4 26.761052384440102
      vertex -57.80962980399413 -9.4 26.95293332892941
      vertex -57.56814834742186 -9.4 27.01763809020504
    endloop
  endfacet
  facet normal 0 1 0
    outer loop
      vertex -57.56814834742186 -9.4 27.01763809020504
      vertex -57.80962980399413 -9.4 26.95293332892941
      vertex -57.88321081810525 -9.4 27.169696006638908
    endloop
  endfacet
  facet normal 0 1 0
    outer loop
      vertex -57.56814834742186 -9.4 27.01763809020504
      vertex -57.88321081810525 -9.4 27.169696006638908
      vertex -57.65224093497743 -9.4 27.26536686473018
    endloop
  endfacet
  facet normal 0 1 0
    outer loop
      vertex -57.88321081810525 -9.4 27.169696006638908
      vertex -57.98445554337723 -9.4 27.375
      vertex -57.65224093497743 -9.4 27.26536686473018
    endloop
  endfacet
  facet normal 0 1 0
    outer loop
      vertex -57.65224093497743 -9.4 27.26536686473018
      vertex -57.98445554337723 -9.4 27.375
      vertex -57.767949192431125 -9.4 27.5
    endloop
  endfacet
  facet normal 0 1 0
    outer loop
      vertex -57.98445554337723 -9.4 27.375
      vertex -58.11163165449034 -9.4 27.565332500765262
      vertex -57.767949192431125 -9.4 27.5
    endloop
  endfacet
  facet normal 0 1 0
    outer loop
      vertex -57.767949192431125 -9.4 27.5
      vertex -58.11163165449034 -9.4 27.565332500765262
      vertex -57.91329331941753 -9.4 27.717522858017443
    endloop
  endfacet
  facet normal 0 1 0
    outer loop
      vertex -57.91329331941753 -9.4 27.717522858017443
      vertex -58.11163165449034 -9.4 27.565332500765262
      vertex -58.26256313292354 -9.4 27.737436867076458
    endloop
  endfacet
  facet normal 0 1 0
    outer loop
      vertex -57.91329331941753 -9.4 27.717522858017443
      vertex -58.43466749923474 -9.4 27.88836834550966
      vertex -58.08578643762691 -9.4 27.914213562373096
    endloop
  endfacet
  facet normal 0 1 0
    outer loop
      vertex -57.91329331941753 -9.4 27.717522858017443
      vertex -58.26256313292354 -9.4 27.737436867076458
      vertex -58.43466749923474 -9.4 27.88836834550966
    endloop
  endfacet
  facet normal 0 1 0
    outer loop
      vertex -58.08578643762691 -9.4 27.914213562373096
      vertex -58.43466749923474 -9.4 27.88836834550966
      vertex -58.625 -9.4 28.015544456622766
    endloop
  endfacet
  facet normal 0 1 0
    outer loop
      vertex -58.08578643762691 -9.4 27.914213562373096
      vertex -58.625 -9.4 28.015544456622766
      vertex -58.28247714198256 -9.4 28.08670668058247
    endloop
  endfacet
  facet normal 0 1 0
    outer loop
      vertex -58.28247714198256 -9.4 28.08670668058247
      vertex -58.625 -9.4 28.015544456622766
      vertex -58.83030399336109 -9.4 28.116789181894752
    endloop
  endfacet
  facet normal -0.9469301294951017 0 -0.3214394653031731
    outer loop
      vertex -57.56814834742186 -9.4 27.01763809020504
      vertex -57.65224093497743 -9.4 27.26536686473018
      vertex -57.56814834742186 -9.1 27.01763809020504
    endloop
  endfacet
  facet normal -0.896872741532687 0 -0.4422886902190037
    outer loop
      vertex -57.65224093497743 -9.4 27.26536686473018
      vertex -57.767949192431125 -9.4 27.5
      vertex -57.65224093497743 -9.1 27.26536686473018
    endloop
  endfacet
  facet normal -0.9807852804032313 2.690692795782626e-18 -0.1950903220161236
    outer loop
      vertex -57.51711027725238 -9.1 26.761052384440102
      vertex -57.56814834742186 -9.4 27.01763809020504
      vertex -57.56814834742186 -9.1 27.01763809020504
    endloop
  endfacet
  facet normal -0.9469301294951017 0 -0.3214394653031731
    outer loop
      vertex -57.65224093497743 -9.4 27.26536686473018
      vertex -57.65224093497743 -9.1 27.26536686473018
      vertex -57.56814834742186 -9.1 27.01763809020504
    endloop
  endfacet
  facet normal -0.896872741532687 0 -0.4422886902190037
    outer loop
      vertex -57.767949192431125 -9.4 27.5
      vertex -57.767949192431125 -9.1 27.5
      vertex -57.65224093497743 -9.1 27.26536686473018
    endloop
  endfacet
  facet normal -0.8314696123025564 0 -0.5555702330195855
    outer loop
      vertex -57.767949192431125 -9.4 27.5
      vertex -57.91329331941753 -9.4 27.717522858017443
      vertex -57.767949192431125 -9.1 27.5
    endloop
  endfacet
  facet normal -0.7518398074789652 0 -0.6593458151000827
    outer loop
      vertex -57.91329331941753 -9.4 27.717522858017443
      vertex -58.08578643762691 -9.4 27.914213562373096
      vertex -57.91329331941753 -9.1 27.717522858017443
    endloop
  endfacet
  facet normal -0.6593458151000674 0 -0.7518398074789787
    outer loop
      vertex -58.08578643762691 -9.4 27.914213562373096
      vertex -58.28247714198256 -9.4 28.08670668058247
      vertex -58.08578643762691 -9.1 27.914213562373096
    endloop
  endfacet
  facet normal -0.8314696123025564 0 -0.5555702330195855
    outer loop
      vertex -57.91329331941753 -9.4 27.717522858017443
      vertex -57.91329331941753 -9.1 27.717522858017443
      vertex -57.767949192431125 -9.1 27.5
    endloop
  endfacet
  facet normal -0.7518398074789652 0 -0.6593458151000827
    outer loop
      vertex -58.08578643762691 -9.4 27.914213562373096
      vertex -58.08578643762691 -9.1 27.914213562373096
      vertex -57.91329331941753 -9.1 27.717522858017443
    endloop
  endfacet
  facet normal -0.6593458151000674 0 -0.7518398074789787
    outer loop
      vertex -58.28247714198256 -9.4 28.08670668058247
      vertex -58.28247714198256 -9.1 28.08670668058247
      vertex -58.08578643762691 -9.1 27.914213562373096
    endloop
  endfacet
  facet normal 0 1 0
    outer loop
      vertex -60.73743686707646 -9.4 25.262563132923542
      vertex -61.08670668058247 -9.4 25.282477141982557
      vertex -60.88836834550966 -9.4 25.434667499234738
    endloop
  endfacet
  facet normal 0 1 0
    outer loop
      vertex -61.08670668058247 -9.4 25.282477141982557
      vertex -61.232050807568875 -9.4 25.5
      vertex -60.88836834550966 -9.4 25.434667499234738
    endloop
  endfacet
  facet normal 0 1 0
    outer loop
      vertex -60.88836834550966 -9.4 25.434667499234738
      vertex -61.232050807568875 -9.4 25.5
      vertex -61.01554445662277 -9.4 25.625
    endloop
  endfacet
  facet normal 0 1 0
    outer loop
      vertex -61.01554445662277 -9.4 25.625
      vertex -61.232050807568875 -9.4 25.5
      vertex -61.34775906502257 -9.4 25.73463313526982
    endloop
  endfacet
  facet normal 0 1 0
    outer loop
      vertex -61.01554445662277 -9.4 25.625
      vertex -61.34775906502257 -9.4 25.73463313526982
      vertex -61.11678918189475 -9.4 25.830303993361092
    endloop
  endfacet
  facet normal 0 1 0
    outer loop
      vertex -61.11678918189475 -9.4 25.830303993361092
      vertex -61.43185165257814 -9.4 25.98236190979496
      vertex -61.19037019600587 -9.4 26.04706667107059
    endloop
  endfacet
  facet normal 0 1 0
    outer loop
      vertex -61.11678918189475 -9.4 25.830303993361092
      vertex -61.34775906502257 -9.4 25.73463313526982
      vertex -61.43185165257814 -9.4 25.98236190979496
    endloop
  endfacet
  facet normal 0 1 0
    outer loop
      vertex -61.43185165257814 -9.4 25.98236190979496
      vertex -61.48288972274762 -9.4 26.238947615559898
      vertex -61.19037019600587 -9.4 26.04706667107059
    endloop
  endfacet
  facet normal 0 1 0
    outer loop
      vertex -61.19037019600587 -9.4 26.04706667107059
      vertex -61.48288972274762 -9.4 26.238947615559898
      vertex -61.23502850740417 -9.4 26.27157916361491
    endloop
  endfacet
  facet normal 0 1 0
    outer loop
      vertex -61.23502850740417 -9.4 26.27157916361491
      vertex -61.48288972274762 -9.4 26.238947615559898
      vertex -61.5 -9.4 26.5
    endloop
  endfacet
  facet normal 0 1 0
    outer loop
      vertex -61.23502850740417 -9.4 26.27157916361491
      vertex -61.5 -9.4 26.5
      vertex -61.25 -9.4 26.5
    endloop
  endfacet
  facet normal 0 1 0
    outer loop
      vertex -61.25 -9.4 26.5
      vertex -61.5 -9.4 26.5
      vertex -61.48288972274762 -9.4 26.761052384440102
    endloop
  endfacet
  facet normal 0 1 0
    outer loop
      vertex -61.25 -9.4 26.5
      vertex -61.48288972274762 -9.4 26.761052384440102
      vertex -61.23502850740417 -9.4 26.72842083638509
    endloop
  endfacet
  facet normal 0.8314696123025564 -3.626957638474132e-17 0.5555702330195855
    outer loop
      vertex -61.08670668058247 -9.4 25.282477141982557
      vertex -61.232050807568875 -9.1 25.5
      vertex -61.232050807568875 -9.4 25.5
    endloop
  endfacet
  facet normal 0.896872741532687 -1.166081648645714e-17 0.4422886902190037
    outer loop
      vertex -61.232050807568875 -9.4 25.5
      vertex -61.34775906502257 -9.1 25.73463313526982
      vertex -61.34775906502257 -9.4 25.73463313526982
    endloop
  endfacet
  facet normal 0.9469301294951017 -6.124393410561244e-18 0.3214394653031731
    outer loop
      vertex -61.34775906502257 -9.4 25.73463313526982
      vertex -61.43185165257814 -9.1 25.98236190979496
      vertex -61.43185165257814 -9.4 25.98236190979496
    endloop
  endfacet
  facet normal 0.8314696123025564 0 0.5555702330195855
    outer loop
      vertex -61.08670668058247 -9.4 25.282477141982557
      vertex -61.08670668058247 -9.1 25.282477141982557
      vertex -61.232050807568875 -9.1 25.5
    endloop
  endfacet
  facet normal 0.896872741532687 0 0.4422886902190037
    outer loop
      vertex -61.232050807568875 -9.4 25.5
      vertex -61.232050807568875 -9.1 25.5
      vertex -61.34775906502257 -9.1 25.73463313526982
    endloop
  endfacet
  facet normal 0.9469301294951017 0 0.3214394653031731
    outer loop
      vertex -61.34775906502257 -9.4 25.73463313526982
      vertex -61.34775906502257 -9.1 25.73463313526982
      vertex -61.43185165257814 -9.1 25.98236190979496
    endloop
  endfacet
  facet normal 0.9807852804032313 2.690692795782626e-18 0.1950903220161236
    outer loop
      vertex -61.43185165257814 -9.4 25.98236190979496
      vertex -61.48288972274762 -9.1 26.238947615559898
      vertex -61.48288972274762 -9.4 26.238947615559898
    endloop
  endfacet
  facet normal 0.9978589232386036 -2.0389838201701371e-19 0.06540312923013929
    outer loop
      vertex -61.48288972274762 -9.4 26.238947615559898
      vertex -61.5 -9.1 26.5
      vertex -61.5 -9.4 26.5
    endloop
  endfacet
  facet normal 0.9978589232386036 2.0389838201701371e-19 -0.06540312923013929
    outer loop
      vertex -61.5 -9.4 26.5
      vertex -61.48288972274762 -9.1 26.761052384440102
      vertex -61.48288972274762 -9.4 26.761052384440102
    endloop
  endfacet
  facet normal 0.9807852804032313 0 0.1950903220161236
    outer loop
      vertex -61.43185165257814 -9.4 25.98236190979496
      vertex -61.43185165257814 -9.1 25.98236190979496
      vertex -61.48288972274762 -9.1 26.238947615559898
    endloop
  endfacet
  facet normal 0.9978589232386036 0 0.06540312923013929
    outer loop
      vertex -61.48288972274762 -9.4 26.238947615559898
      vertex -61.48288972274762 -9.1 26.238947615559898
      vertex -61.5 -9.1 26.5
    endloop
  endfacet
  facet normal 0.9978589232386036 0 -0.06540312923013929
    outer loop
      vertex -61.5 -9.4 26.5
      vertex -61.5 -9.1 26.5
      vertex -61.48288972274762 -9.1 26.761052384440102
    endloop
  endfacet
  facet normal 0 1 0
    outer loop
      vertex -61.23502850740417 -9.4 26.72842083638509
      vertex -61.48288972274762 -9.4 26.761052384440102
      vertex -61.43185165257814 -9.4 27.01763809020504
    endloop
  endfacet
  facet normal 0 1 0
    outer loop
      vertex -61.23502850740417 -9.4 26.72842083638509
      vertex -61.43185165257814 -9.4 27.01763809020504
      vertex -61.19037019600587 -9.4 26.95293332892941
    endloop
  endfacet
  facet normal 0 1 0
    outer loop
      vertex -61.19037019600587 -9.4 26.95293332892941
      vertex -61.34775906502257 -9.4 27.26536686473018
      vertex -61.11678918189475 -9.4 27.169696006638908
    endloop
  endfacet
  facet normal 0 1 0
    outer loop
      vertex -61.19037019600587 -9.4 26.95293332892941
      vertex -61.43185165257814 -9.4 27.01763809020504
      vertex -61.34775906502257 -9.4 27.26536686473018
    endloop
  endfacet
  facet normal 0 1 0
    outer loop
      vertex -61.11678918189475 -9.4 27.169696006638908
      vertex -61.34775906502257 -9.4 27.26536686473018
      vertex -61.232050807568875 -9.4 27.5
    endloop
  endfacet
  facet normal 0 1 0
    outer loop
      vertex -61.01554445662277 -9.4 27.375
      vertex -61.11678918189475 -9.4 27.169696006638908
      vertex -61.232050807568875 -9.4 27.5
    endloop
  endfacet
  facet normal 0 1 0
    outer loop
      vertex -60.16969600663891 -9.4 28.116789181894752
      vertex -60.375 -9.4 28.015544456622766
      vertex -60.5 -9.4 28.23205080756888
    endloop
  endfacet
  facet normal 0 1 0
    outer loop
      vertex -61.01554445662277 -9.4 27.375
      vertex -61.08670668058247 -9.4 27.717522858017443
      vertex -60.88836834550966 -9.4 27.565332500765262
    endloop
  endfacet
  facet normal 0 1 0
    outer loop
      vertex -60.88836834550966 -9.4 27.565332500765262
      vertex -60.91421356237309 -9.4 27.914213562373096
      vertex -60.73743686707646 -9.4 27.737436867076458
    endloop
  endfacet
  facet normal 0 1 0
    outer loop
      vertex -60.88836834550966 -9.4 27.565332500765262
      vertex -61.08670668058247 -9.4 27.717522858017443
      vertex -60.91421356237309 -9.4 27.914213562373096
    endloop
  endfacet
  facet normal 0 1 0
    outer loop
      vertex -61.01554445662277 -9.4 27.375
      vertex -61.232050807568875 -9.4 27.5
      vertex -61.08670668058247 -9.4 27.717522858017443
    endloop
  endfacet
  facet normal 0 1 0
    outer loop
      vertex -60.73743686707646 -9.4 27.737436867076458
      vertex -60.91421356237309 -9.4 27.914213562373096
      vertex -60.56533250076526 -9.4 27.88836834550966
    endloop
  endfacet
  facet normal 0 1 0
    outer loop
      vertex -60.375 -9.4 28.015544456622766
      vertex -60.56533250076526 -9.4 27.88836834550966
      vertex -60.71752285801744 -9.4 28.08670668058247
    endloop
  endfacet
  facet normal 0 1 0
    outer loop
      vertex -60.56533250076526 -9.4 27.88836834550966
      vertex -60.91421356237309 -9.4 27.914213562373096
      vertex -60.71752285801744 -9.4 28.08670668058247
    endloop
  endfacet
  facet normal 0 1 0
    outer loop
      vertex -60.375 -9.4 28.015544456622766
      vertex -60.71752285801744 -9.4 28.08670668058247
      vertex -60.5 -9.4 28.23205080756888
    endloop
  endfacet
  facet normal 0.9807852804032313 -2.690692795782626e-18 -0.1950903220161236
    outer loop
      vertex -61.48288972274762 -9.4 26.761052384440102
      vertex -61.43185165257814 -9.1 27.01763809020504
      vertex -61.43185165257814 -9.4 27.01763809020504
    endloop
  endfacet
  facet normal 0.9469301294951017 6.124393410561244e-18 -0.3214394653031731
    outer loop
      vertex -61.43185165257814 -9.4 27.01763809020504
      vertex -61.34775906502257 -9.1 27.26536686473018
      vertex -61.34775906502257 -9.4 27.26536686473018
    endloop
  endfacet
  facet normal 0.896872741532687 1.166081648645714e-17 -0.4422886902190037
    outer loop
      vertex -61.34775906502257 -9.4 27.26536686473018
      vertex -61.232050807568875 -9.1 27.5
      vertex -61.232050807568875 -9.4 27.5
    endloop
  endfacet
  facet normal 0.9807852804032313 0 -0.1950903220161236
    outer loop
      vertex -61.48288972274762 -9.4 26.761052384440102
      vertex -61.48288972274762 -9.1 26.761052384440102
      vertex -61.43185165257814 -9.1 27.01763809020504
    endloop
  endfacet
  facet normal 0.9469301294951017 0 -0.3214394653031731
    outer loop
      vertex -61.43185165257814 -9.4 27.01763809020504
      vertex -61.43185165257814 -9.1 27.01763809020504
      vertex -61.34775906502257 -9.1 27.26536686473018
    endloop
  endfacet
  facet normal 0.896872741532687 0 -0.4422886902190037
    outer loop
      vertex -61.34775906502257 -9.4 27.26536686473018
      vertex -61.34775906502257 -9.1 27.26536686473018
      vertex -61.232050807568875 -9.1 27.5
    endloop
  endfacet
  facet normal 0.8314696123025564 3.626957638474132e-17 -0.5555702330195855
    outer loop
      vertex -61.232050807568875 -9.4 27.5
      vertex -61.08670668058247 -9.1 27.717522858017443
      vertex -61.08670668058247 -9.4 27.717522858017443
    endloop
  endfacet
  facet normal 0.7518398074789652 2.6962923296080858e-17 -0.6593458151000827
    outer loop
      vertex -61.08670668058247 -9.4 27.717522858017443
      vertex -60.91421356237309 -9.1 27.914213562373096
      vertex -60.91421356237309 -9.4 27.914213562373096
    endloop
  endfacet
  facet normal 0.6593458151000674 -9.399213382341999e-18 -0.7518398074789787
    outer loop
      vertex -60.91421356237309 -9.4 27.914213562373096
      vertex -60.71752285801744 -9.1 28.08670668058247
      vertex -60.71752285801744 -9.4 28.08670668058247
    endloop
  endfacet
  facet normal 0.8314696123025564 0 -0.5555702330195855
    outer loop
      vertex -61.232050807568875 -9.4 27.5
      vertex -61.232050807568875 -9.1 27.5
      vertex -61.08670668058247 -9.1 27.717522858017443
    endloop
  endfacet
  facet normal 0.6593458151000674 0 -0.7518398074789787
    outer loop
      vertex -60.91421356237309 -9.4 27.914213562373096
      vertex -60.91421356237309 -9.1 27.914213562373096
      vertex -60.71752285801744 -9.1 28.08670668058247
    endloop
  endfacet
  facet normal 0.7518398074789652 0 -0.6593458151000827
    outer loop
      vertex -61.08670668058247 -9.4 27.717522858017443
      vertex -61.08670668058247 -9.1 27.717522858017443
      vertex -60.91421356237309 -9.1 27.914213562373096
    endloop
  endfacet
  facet normal 0 1 0
    outer loop
      vertex -58.28247714198256 -9.4 28.08670668058247
      vertex -58.83030399336109 -9.4 28.116789181894752
      vertex -59.04706667107059 -9.4 28.19037019600587
    endloop
  endfacet
  facet normal 0 1 0
    outer loop
      vertex -58.28247714198256 -9.4 28.08670668058247
      vertex -59.04706667107059 -9.4 28.19037019600587
      vertex -58.5 -9.4 28.23205080756888
    endloop
  endfacet
  facet normal 0 1 0
    outer loop
      vertex -58.5 -9.4 28.23205080756888
      vertex -59.04706667107059 -9.4 28.19037019600587
      vertex -59.27157916361491 -9.4 28.235028507404166
    endloop
  endfacet
  facet normal 0 1 0
    outer loop
      vertex -58.5 -9.4 28.23205080756888
      vertex -59.27157916361491 -9.4 28.235028507404166
      vertex -60.26536686473018 -9.4 28.347759065022572
    endloop
  endfacet
  facet normal 0 1 0
    outer loop
      vertex -58.5 -9.4 28.23205080756888
      vertex -60.26536686473018 -9.4 28.347759065022572
      vertex -58.73463313526982 -9.4 28.347759065022572
    endloop
  endfacet
  facet normal 0 1 0
    outer loop
      vertex -58.73463313526982 -9.4 28.347759065022572
      vertex -60.01763809020504 -9.4 28.431851652578136
      vertex -58.98236190979496 -9.4 28.431851652578136
    endloop
  endfacet
  facet normal 0 1 0
    outer loop
      vertex -58.98236190979496 -9.4 28.431851652578136
      vertex -59.761052384440106 -9.4 28.482889722747622
      vertex -59.238947615559894 -9.4 28.482889722747622
    endloop
  endfacet
  facet normal 0 1 0
    outer loop
      vertex -59.238947615559894 -9.4 28.482889722747622
      vertex -59.761052384440106 -9.4 28.482889722747622
      vertex -59.5 -9.4 28.5
    endloop
  endfacet
  facet normal -0.5555702330196105 0 -0.8314696123025397
    outer loop
      vertex -58.28247714198256 -9.4 28.08670668058247
      vertex -58.5 -9.4 28.23205080756888
      vertex -58.28247714198256 -9.1 28.08670668058247
    endloop
  endfacet
  facet normal -0.5555702330196105 2.321271386604742e-17 -0.8314696123025397
    outer loop
      vertex -58.28247714198256 -9.1 28.08670668058247
      vertex -58.5 -9.4 28.23205080756888
      vertex -58.5 -9.1 28.23205080756888
    endloop
  endfacet
  facet normal -0.44228869021899825 0 -0.8968727415326899
    outer loop
      vertex -58.5 -9.4 28.23205080756888
      vertex -58.73463313526982 -9.4 28.347759065022572
      vertex -58.5 -9.1 28.23205080756888
    endloop
  endfacet
  facet normal -0.3214394653031567 0 -0.9469301294951074
    outer loop
      vertex -58.73463313526982 -9.4 28.347759065022572
      vertex -58.98236190979496 -9.4 28.431851652578136
      vertex -58.73463313526982 -9.1 28.347759065022572
    endloop
  endfacet
  facet normal -0.19509032201613927 0 -0.9807852804032283
    outer loop
      vertex -58.98236190979496 -9.4 28.431851652578136
      vertex -59.238947615559894 -9.4 28.482889722747622
      vertex -58.98236190979496 -9.1 28.431851652578136
    endloop
  endfacet
  facet normal -0.06540312923013841 0 -0.9978589232386038
    outer loop
      vertex -59.238947615559894 -9.4 28.482889722747622
      vertex -59.5 -9.4 28.5
      vertex -59.238947615559894 -9.1 28.482889722747622
    endloop
  endfacet
  facet normal -0.44228869021899825 0 -0.8968727415326899
    outer loop
      vertex -58.73463313526982 -9.4 28.347759065022572
      vertex -58.73463313526982 -9.1 28.347759065022572
      vertex -58.5 -9.1 28.23205080756888
    endloop
  endfacet
  facet normal -0.3214394653031567 0 -0.9469301294951074
    outer loop
      vertex -58.98236190979496 -9.4 28.431851652578136
      vertex -58.98236190979496 -9.1 28.431851652578136
      vertex -58.73463313526982 -9.1 28.347759065022572
    endloop
  endfacet
  facet normal -0.19509032201613927 0 -0.9807852804032283
    outer loop
      vertex -59.238947615559894 -9.4 28.482889722747622
      vertex -59.238947615559894 -9.1 28.482889722747622
      vertex -58.98236190979496 -9.1 28.431851652578136
    endloop
  endfacet
  facet normal -0.06540312923013841 0 -0.9978589232386038
    outer loop
      vertex -59.5 -9.4 28.5
      vertex -59.5 -9.1 28.5
      vertex -59.238947615559894 -9.1 28.482889722747622
    endloop
  endfacet
  facet normal 0 1 0
    outer loop
      vertex -59.27157916361491 -9.4 28.235028507404166
      vertex -59.5 -9.4 28.25
      vertex -60.26536686473018 -9.4 28.347759065022572
    endloop
  endfacet
  facet normal 0 1 0
    outer loop
      vertex -59.5 -9.4 28.25
      vertex -59.72842083638509 -9.4 28.235028507404166
      vertex -60.26536686473018 -9.4 28.347759065022572
    endloop
  endfacet
  facet normal 0 1 0
    outer loop
      vertex -59.72842083638509 -9.4 28.235028507404166
      vertex -59.95293332892941 -9.4 28.19037019600587
      vertex -60.26536686473018 -9.4 28.347759065022572
    endloop
  endfacet
  facet normal 0 1 0
    outer loop
      vertex -58.73463313526982 -9.4 28.347759065022572
      vertex -60.26536686473018 -9.4 28.347759065022572
      vertex -60.01763809020504 -9.4 28.431851652578136
    endloop
  endfacet
  facet normal 0 1 0
    outer loop
      vertex -58.98236190979496 -9.4 28.431851652578136
      vertex -60.01763809020504 -9.4 28.431851652578136
      vertex -59.761052384440106 -9.4 28.482889722747622
    endloop
  endfacet
  facet normal 0 1 0
    outer loop
      vertex -60.16969600663891 -9.4 28.116789181894752
      vertex -60.5 -9.4 28.23205080756888
      vertex -59.95293332892941 -9.4 28.19037019600587
    endloop
  endfacet
  facet normal 0 1 0
    outer loop
      vertex -59.95293332892941 -9.4 28.19037019600587
      vertex -60.5 -9.4 28.23205080756888
      vertex -60.26536686473018 -9.4 28.347759065022572
    endloop
  endfacet
  facet normal 0.19509032201613927 -3.540381513036979e-18 -0.9807852804032283
    outer loop
      vertex -60.01763809020504 -9.4 28.431851652578136
      vertex -59.761052384440106 -9.1 28.482889722747622
      vertex -59.761052384440106 -9.4 28.482889722747622
    endloop
  endfacet
  facet normal 0.3214394653031567 0 -0.9469301294951074
    outer loop
      vertex -60.01763809020504 -9.4 28.431851652578136
      vertex -60.26536686473018 -9.4 28.347759065022572
      vertex -60.01763809020504 -9.1 28.431851652578136
    endloop
  endfacet
  facet normal 0.44228869021899825 -2.147533222266048e-17 -0.8968727415326899
    outer loop
      vertex -60.5 -9.4 28.23205080756888
      vertex -60.26536686473018 -9.1 28.347759065022572
      vertex -60.26536686473018 -9.4 28.347759065022572
    endloop
  endfacet
  facet normal 0.06540312923013841 0 -0.9978589232386038
    outer loop
      vertex -59.5 -9.4 28.5
      vertex -59.761052384440106 -9.4 28.482889722747622
      vertex -59.5 -9.1 28.5
    endloop
  endfacet
  facet normal 0.19509032201613927 0 -0.9807852804032283
    outer loop
      vertex -60.01763809020504 -9.4 28.431851652578136
      vertex -60.01763809020504 -9.1 28.431851652578136
      vertex -59.761052384440106 -9.1 28.482889722747622
    endloop
  endfacet
  facet normal 0.44228869021899825 0 -0.8968727415326899
    outer loop
      vertex -60.5 -9.4 28.23205080756888
      vertex -60.5 -9.1 28.23205080756888
      vertex -60.26536686473018 -9.1 28.347759065022572
    endloop
  endfacet
  facet normal 0.3214394653031567 0 -0.9469301294951074
    outer loop
      vertex -60.26536686473018 -9.4 28.347759065022572
      vertex -60.26536686473018 -9.1 28.347759065022572
      vertex -60.01763809020504 -9.1 28.431851652578136
    endloop
  endfacet
  facet normal 0.06540312923013841 1.1288590102911327e-18 -0.9978589232386038
    outer loop
      vertex -59.5 -9.1 28.5
      vertex -59.761052384440106 -9.4 28.482889722747622
      vertex -59.761052384440106 -9.1 28.482889722747622
    endloop
  endfacet
  facet normal 0.5555702330196105 -2.321271386604742e-17 -0.8314696123025397
    outer loop
      vertex -60.71752285801744 -9.4 28.08670668058247
      vertex -60.5 -9.1 28.23205080756888
      vertex -60.5 -9.4 28.23205080756888
    endloop
  endfacet
  facet normal 0.5555702330196105 0 -0.8314696123025397
    outer loop
      vertex -60.71752285801744 -9.4 28.08670668058247
      vertex -60.71752285801744 -9.1 28.08670668058247
      vertex -60.5 -9.1 28.23205080756888
    endloop
  endfacet
  facet normal 0 0 -1
    outer loop
      vertex -97.23209833666473 -13.95 0
      vertex -67.17525515022975 -13.896944241632756 0
      vertex -67.34387368817433 -13.95 0
    endloop
  endfacet
  facet normal 0 -1 0
    outer loop
      vertex -67 -13.95 4
      vertex -103 -13.95 4
      vertex -67 -13.95 3
    endloop
  endfacet
  facet normal 0 0 1
    outer loop
      vertex -67 -13.95 4
      vertex -68 -10.899999999999999 4
      vertex -70 -13.399999999999999 4
    endloop
  endfacet
  facet normal 1 0 0
    outer loop
      vertex -67 -13.95 4
      vertex -67 -13.95 3
      vertex -67 -8.914753573626136 3
    endloop
  endfacet
  facet normal 0 0 1
    outer loop
      vertex -68 -10.899999999999999 4
      vertex -70 -10.899999999999999 4
      vertex -70 -13.399999999999999 4
    endloop
  endfacet
  facet normal 0 -1 0
    outer loop
      vertex -103 -13.95 4
      vertex -103 -13.95 3
      vertex -67 -13.95 3
    endloop
  endfacet
  facet normal 0 0 1
    outer loop
      vertex -67 -13.95 4
      vertex -70 -13.399999999999999 4
      vertex -103 -13.95 4
    endloop
  endfacet
  facet normal 0 0 -1
    outer loop
      vertex -97.23209833666473 -13.95 0
      vertex -101.75392557877205 -13.021434926355749 0
      vertex -67.17525515022975 -13.896944241632756 0
    endloop
  endfacet
  facet normal 0 0 1
    outer loop
      vertex -70 -13.399999999999999 4
      vertex -100 -13.399999999999999 4
      vertex -103 -13.95 4
    endloop
  endfacet
  facet normal 0 0 -1
    outer loop
      vertex -97.23209833666473 -13.95 0
      vertex -102.86428224830202 -13.829126377454877 0
      vertex -101.75392557877205 -13.021434926355749 0
    endloop
  endfacet
  facet normal 0 0 1
    outer loop
      vertex -100 -13.399999999999999 4
      vertex -102 -10.899999999999999 4
      vertex -103 -13.95 4
    endloop
  endfacet
  facet normal -1 0 0
    outer loop
      vertex -103 -13.95 4
      vertex -103 -8.876362746156959 3
      vertex -103 -13.95 3
    endloop
  endfacet
  facet normal 0 0 1
    outer loop
      vertex -100 -13.399999999999999 4
      vertex -100 -10.899999999999999 4
      vertex -102 -10.899999999999999 4
    endloop
  endfacet
  facet normal 0 0 -1
    outer loop
      vertex -67.17525515022975 -13.896944241632756 0
      vertex -76.60000000149012 -5.4000000029802315 0
      vertex -67.02200868616303 -13.900824341855259 0
    endloop
  endfacet
  facet normal 0 0 -1
    outer loop
      vertex -67.17525515022975 -13.896944241632756 0
      vertex -76.33749707449697 -6.9917690059884565 0
      vertex -77.19294476509094 -6.172740665078162 0
    endloop
  endfacet
  facet normal 0 0 -1
    outer loop
      vertex -76.72877319809476 -6.051372694589057 0
      vertex -67.17525515022975 -13.896944241632756 0
      vertex -76.92097194237246 -6.154914093261169 0
    endloop
  endfacet
  facet normal 0 0 -1
    outer loop
      vertex -77.09385325014591 -6.139103625714778 0
      vertex -67.17525515022975 -13.896944241632756 0
      vertex -77.19294476509094 -6.172740665078162 0
    endloop
  endfacet
  facet normal 0 0 -1
    outer loop
      vertex -76.92097194237246 -6.154914093261169 0
      vertex -67.17525515022975 -13.896944241632756 0
      vertex -77.09385325014591 -6.139103625714778 0
    endloop
  endfacet
  facet normal 0 0 -1
    outer loop
      vertex -76.76531732827425 -5.887009148299693 0
      vertex -67.17525515022975 -13.896944241632756 0
      vertex -76.72877319809476 -6.051372694589057 0
    endloop
  endfacet
  facet normal 0 0 -1
    outer loop
      vertex -67.17525515022975 -13.896944241632756 0
      vertex -76.76531732827425 -5.887009148299693 0
      vertex -76.70717967301607 -5.800000001490115 0
    endloop
  endfacet
  facet normal 0 0 -1
    outer loop
      vertex -67.17525515022975 -13.896944241632756 0
      vertex -76.70717967301607 -5.800000001490115 0
      vertex -76.66089637577534 -5.706146751344203 0
    endloop
  endfacet
  facet normal 0 0 -1
    outer loop
      vertex -76.66089637577534 -5.706146751344203 0
      vertex -76.62725933641195 -5.607055236399173 0
      vertex -67.17525515022975 -13.896944241632756 0
    endloop
  endfacet
  facet normal 0 0 -1
    outer loop
      vertex -76.62725933641195 -5.607055236399173 0
      vertex -76.47457665077143 -5.6207000673402545 0
      vertex -67.17525515022975 -13.896944241632756 0
    endloop
  endfacet
  facet normal 0 0 -1
    outer loop
      vertex -92.60000000149012 -6.199999999999999 0
      vertex -76.33749707449697 -6.9917690059884565 0
      vertex -67.17525515022975 -13.896944241632756 0
    endloop
  endfacet
  facet normal 0 0 1
    outer loop
      vertex -68 -5.899999999999999 4
      vertex -70 -4.899999999999999 4
      vertex -70 -5.899999999999999 4
    endloop
  endfacet
  facet normal 0 0 -1
    outer loop
      vertex -76.47457665077143 -5.6207000673402545 0
      vertex -76.60000000149012 -5.4000000029802315 0
      vertex -67.17525515022975 -13.896944241632756 0
    endloop
  endfacet
  facet normal 0 0 -1
    outer loop
      vertex -77.29557904601097 -6.1931558892130845 0
      vertex -76.33749707449697 -6.9917690059884565 0
      vertex -77.39999999850988 -6.199999999999999 0
    endloop
  endfacet
  facet normal 0 0 -1
    outer loop
      vertex -77.19294476509094 -6.172740665078162 0
      vertex -76.33749707449697 -6.9917690059884565 0
      vertex -77.29557904601097 -6.1931558892130845 0
    endloop
  endfacet
  facet normal 0 0 -1
    outer loop
      vertex -77 -6.092820328474044 0
      vertex -76.91299085319042 -6.034682673215865 0
      vertex -76.92097194237246 -6.154914093261169 0
    endloop
  endfacet
  facet normal 0 0 -1
    outer loop
      vertex -76.72877319809476 -6.051372694589057 0
      vertex -76.92097194237246 -6.154914093261169 0
      vertex -76.91299085319042 -6.034682673215865 0
    endloop
  endfacet
  facet normal 0 0 -1
    outer loop
      vertex -76.83431457728148 -5.96568542420864 0
      vertex -76.76531732827425 -5.887009148299693 0
      vertex -76.72877319809476 -6.051372694589057 0
    endloop
  endfacet
  facet normal 0 0 1
    outer loop
      vertex -72 -7.299999999999999 4
      vertex -77 -6.092820328474044 4
      vertex -77.09385325014591 -6.139103625714778 4
    endloop
  endfacet
  facet normal 0 0 1
    outer loop
      vertex -72 -7.299999999999999 4
      vertex -76.91299085319042 -6.034682673215865 4
      vertex -77 -6.092820328474044 4
    endloop
  endfacet
  facet normal 0 0 1
    outer loop
      vertex -72 -7.299999999999999 4
      vertex -76.83431457728148 -5.96568542420864 4
      vertex -76.91299085319042 -6.034682673215865 4
    endloop
  endfacet
  facet normal 0 0 1
    outer loop
      vertex -72 -7.299999999999999 4
      vertex -76.76531732827425 -5.887009148299693 4
      vertex -76.83431457728148 -5.96568542420864 4
    endloop
  endfacet
  facet normal 0 0 1
    outer loop
      vertex -72 -7.299999999999999 4
      vertex -76.70717967301607 -5.800000001490115 4
      vertex -76.76531732827425 -5.887009148299693 4
    endloop
  endfacet
  facet normal 0 0 1
    outer loop
      vertex -72 -7.299999999999999 4
      vertex -76.66089637577534 -5.706146751344203 4
      vertex -76.70717967301607 -5.800000001490115 4
    endloop
  endfacet
  facet normal 0 0 1
    outer loop
      vertex -72 -7.299999999999999 4
      vertex -76.62725933641195 -5.607055236399173 4
      vertex -76.66089637577534 -5.706146751344203 4
    endloop
  endfacet
  facet normal 0 0 1
    outer loop
      vertex -72 -7.299999999999999 4
      vertex -76.60684411227703 -5.504420955479144 4
      vertex -76.62725933641195 -5.607055236399173 4
    endloop
  endfacet
  facet normal 0 0 1
    outer loop
      vertex -72 -7.299999999999999 4
      vertex -76.60000000149012 -5.4000000029802315 4
      vertex -76.60684411227703 -5.504420955479144 4
    endloop
  endfacet
  facet normal 0 0 1
    outer loop
      vertex -72 -7.299999999999999 4
      vertex -72 -4.899999999999999 4
      vertex -76.60000000149012 -5.4000000029802315 4
    endloop
  endfacet
  facet normal 0 0 1
    outer loop
      vertex -72 -7.299999999999999 4
      vertex -77.39999999850988 -6.199999999999999 4
      vertex -77.2 -7.299999999999999 4
    endloop
  endfacet
  facet normal 0 0 1
    outer loop
      vertex -72 -7.299999999999999 4
      vertex -77.29557904601097 -6.1931558892130845 4
      vertex -77.39999999850988 -6.199999999999999 4
    endloop
  endfacet
  facet normal 0 0 1
    outer loop
      vertex -72 -7.299999999999999 4
      vertex -77.09385325014591 -6.139103625714778 4
      vertex -77.19294476509094 -6.172740665078162 4
    endloop
  endfacet
  facet normal 0 0 1
    outer loop
      vertex -72 -7.299999999999999 4
      vertex -77.19294476509094 -6.172740665078162 4
      vertex -77.29557904601097 -6.1931558892130845 4
    endloop
  endfacet
  facet normal 0 0 1
    outer loop
      vertex -77.2 -10.899999999999999 4
      vertex -77.2 -7.299999999999999 4
      vertex -92.8 -10.899999999999999 4
    endloop
  endfacet
  facet normal 0 0 1
    outer loop
      vertex -77.2 -7.299999999999999 4
      vertex -92.8 -7.299999999999999 4
      vertex -92.8 -10.899999999999999 4
    endloop
  endfacet
  facet normal 0 0 1
    outer loop
      vertex -77.2 -7.299999999999999 4
      vertex -77.39999999850988 -6.199999999999999 4
      vertex -92.8 -7.299999999999999 4
    endloop
  endfacet
  facet normal 0 0 -1
    outer loop
      vertex -93.149080144551 -6.209955276593461 0
      vertex -93.08700914680958 -6.034682673215865 0
      vertex -93 -6.092820328474044 0
    endloop
  endfacet
  facet normal 0 0 -1
    outer loop
      vertex -93.149080144551 -6.209955276593461 0
      vertex -93.16568542271852 -5.96568542420864 0
      vertex -93.08700914680958 -6.034682673215865 0
    endloop
  endfacet
  facet normal 0 0 -1
    outer loop
      vertex -93.29282032698393 -5.800000001490115 0
      vertex -93.42451138378547 -5.651919537223118 0
      vertex -93.33910362422466 -5.706146751344203 0
    endloop
  endfacet
  facet normal 0 0 -1
    outer loop
      vertex -93.37274066358805 -5.607055236399173 0
      vertex -93.33910362422466 -5.706146751344203 0
      vertex -93.42451138378547 -5.651919537223118 0
    endloop
  endfacet
  facet normal 0 0 1
    outer loop
      vertex -77.39999999850988 -6.199999999999999 4
      vertex -92.60000000149012 -6.199999999999999 4
      vertex -92.8 -7.299999999999999 4
    endloop
  endfacet
  facet normal 0 0 1
    outer loop
      vertex -92.8 -7.299999999999999 4
      vertex -92.60000000149012 -6.199999999999999 4
      vertex -98 -7.299999999999999 4
    endloop
  endfacet
  facet normal 0 0 1
    outer loop
      vertex -92.60000000149012 -6.199999999999999 4
      vertex -92.70442095398903 -6.1931558892130845 4
      vertex -98 -7.299999999999999 4
    endloop
  endfacet
  facet normal 0 0 1
    outer loop
      vertex -92.70442095398903 -6.1931558892130845 4
      vertex -92.80705523490906 -6.172740665078162 4
      vertex -98 -7.299999999999999 4
    endloop
  endfacet
  facet normal 0 0 1
    outer loop
      vertex -92.80705523490906 -6.172740665078162 4
      vertex -92.90614674985409 -6.139103625714778 4
      vertex -98 -7.299999999999999 4
    endloop
  endfacet
  facet normal 0 0 1
    outer loop
      vertex -92.90614674985409 -6.139103625714778 4
      vertex -93 -6.092820328474044 4
      vertex -98 -7.299999999999999 4
    endloop
  endfacet
  facet normal 0 0 1
    outer loop
      vertex -93 -6.092820328474044 4
      vertex -93.08700914680958 -6.034682673215865 4
      vertex -98 -7.299999999999999 4
    endloop
  endfacet
  facet normal 0 0 1
    outer loop
      vertex -93.08700914680958 -6.034682673215865 4
      vertex -93.16568542271852 -5.96568542420864 4
      vertex -98 -7.299999999999999 4
    endloop
  endfacet
  facet normal 0 0 1
    outer loop
      vertex -93.16568542271852 -5.96568542420864 4
      vertex -93.23468267172575 -5.887009148299693 4
      vertex -98 -7.299999999999999 4
    endloop
  endfacet
  facet normal 0 0 1
    outer loop
      vertex -93.23468267172575 -5.887009148299693 4
      vertex -93.29282032698393 -5.800000001490115 4
      vertex -98 -7.299999999999999 4
    endloop
  endfacet
  facet normal 0 0 1
    outer loop
      vertex -93.29282032698393 -5.800000001490115 4
      vertex -93.33910362422466 -5.706146751344203 4
      vertex -98 -7.299999999999999 4
    endloop
  endfacet
  facet normal 0 0 1
    outer loop
      vertex -93.33910362422466 -5.706146751344203 4
      vertex -93.37274066358805 -5.607055236399173 4
      vertex -98 -7.299999999999999 4
    endloop
  endfacet
  facet normal 0 0 1
    outer loop
      vertex -93.37274066358805 -5.607055236399173 4
      vertex -93.39315588772297 -5.504420955479144 4
      vertex -98 -7.299999999999999 4
    endloop
  endfacet
  facet normal 0 0 1
    outer loop
      vertex -93.39315588772297 -5.504420955479144 4
      vertex -93.39999999850988 -5.4000000029802315 4
      vertex -98 -7.299999999999999 4
    endloop
  endfacet
  facet normal 0 0 1
    outer loop
      vertex -67 -13.95 4
      vertex -67 16.05 4
      vertex -68 -10.899999999999999 4
    endloop
  endfacet
  facet normal 0 0 -1
    outer loop
      vertex -76.47457665077143 -5.6207000673402545 0
      vertex -76.60684411227703 -5.504420955479144 0
      vertex -76.60000000149012 -5.4000000029802315 0
    endloop
  endfacet
  facet normal 0 0 -1
    outer loop
      vertex -67.02200868616303 -13.900824341855259 0
      vertex -76.60000000149012 -5.4000000029802315 0
      vertex -76.60000000149012 7.500000002980233 0
    endloop
  endfacet
  facet normal 1 0 0
    outer loop
      vertex -67 -13.95 4
      vertex -67 -8.914753573626136 3
      vertex -67 16.05 4
    endloop
  endfacet
  facet normal 0 0 1
    outer loop
      vertex -68 -10.899999999999999 4
      vertex -67 16.05 4
      vertex -68 -5.899999999999999 4
    endloop
  endfacet
  facet normal 0 0 1
    outer loop
      vertex -72 -4.899999999999999 4
      vertex -76.60000000149012 7.500000002980233 4
      vertex -76.60000000149012 -5.4000000029802315 4
    endloop
  endfacet
  facet normal 0 0 -1
    outer loop
      vertex -93.39315588772297 -5.504420955479144 0
      vertex -93.37274066358805 -5.607055236399173 0
      vertex -93.44388047860289 -5.549014011926259 0
    endloop
  endfacet
  facet normal 0 0 -1
    outer loop
      vertex -102.86428224830202 -13.829126377454877 0
      vertex -93.03453416812367 -6.238453278915967 0
      vertex -101.75392557877205 -13.021434926355749 0
    endloop
  endfacet
  facet normal 0 0 -1
    outer loop
      vertex -102.86428224830202 -13.829126377454877 0
      vertex -93.149080144551 -6.209955276593461 0
      vertex -93.03453416812367 -6.238453278915967 0
    endloop
  endfacet
  facet normal 0 0 -1
    outer loop
      vertex -101.75392557877205 -13.021434926355749 0
      vertex -92.70442095398903 -6.1931558892130845 0
      vertex -92.60000000149012 -6.199999999999999 0
    endloop
  endfacet
  facet normal 0 0 -1
    outer loop
      vertex -101.75392557877205 -13.021434926355749 0
      vertex -92.80705523490906 -6.172740665078162 0
      vertex -92.70442095398903 -6.1931558892130845 0
    endloop
  endfacet
  facet normal 0 0 -1
    outer loop
      vertex -92.90614674985409 -6.139103625714778 0
      vertex -92.80705523490906 -6.172740665078162 0
      vertex -101.75392557877205 -13.021434926355749 0
    endloop
  endfacet
  facet normal 0 0 -1
    outer loop
      vertex -92.90614674985409 -6.139103625714778 0
      vertex -101.75392557877205 -13.021434926355749 0
      vertex -93.03453416812367 -6.238453278915967 0
    endloop
  endfacet
  facet normal 0 0 -1
    outer loop
      vertex -93.149080144551 -6.209955276593461 0
      vertex -102.86428224830202 -13.829126377454877 0
      vertex -93.16568542271852 -5.96568542420864 0
    endloop
  endfacet
  facet normal 0 0 -1
    outer loop
      vertex -93.16568542271852 -5.96568542420864 0
      vertex -102.86428224830202 -13.829126377454877 0
      vertex -93.23468267172575 -5.887009148299693 0
    endloop
  endfacet
  facet normal 0 0 -1
    outer loop
      vertex -93.23468267172575 -5.887009148299693 0
      vertex -102.86428224830202 -13.829126377454877 0
      vertex -93.29282032698393 -5.800000001490115 0
    endloop
  endfacet
  facet normal 0 0 -1
    outer loop
      vertex -93.29282032698393 -5.800000001490115 0
      vertex -102.86428224830202 -13.829126377454877 0
      vertex -93.42451138378547 -5.651919537223118 0
    endloop
  endfacet
  facet normal 0 0 -1
    outer loop
      vertex -93.4525247568199 -5.556613379014069 0
      vertex -93.42451138378547 -5.651919537223118 0
      vertex -102.86428224830202 -13.829126377454877 0
    endloop
  endfacet
  facet normal 0 0 -1
    outer loop
      vertex -93.4525247568199 -5.556613379014069 0
      vertex -102.86428224830202 -13.829126377454877 0
      vertex -93.44388047860289 -5.549014011926259 0
    endloop
  endfacet
  facet normal 0 0 -1
    outer loop
      vertex -93.45806422764402 -5.451713457026763 0
      vertex -93.44388047860289 -5.549014011926259 0
      vertex -102.86428224830202 -13.829126377454877 0
    endloop
  endfacet
  facet normal 0 0 1
    outer loop
      vertex -93.39999999850988 -5.4000000029802315 4
      vertex -98 -4.899999999999999 4
      vertex -98 -7.299999999999999 4
    endloop
  endfacet
  facet normal 0 0 1
    outer loop
      vertex -100 -5.899999999999999 4
      vertex -100 -4.899999999999999 4
      vertex -102 -5.899999999999999 4
    endloop
  endfacet
  facet normal 0 0 1
    outer loop
      vertex -103 -13.95 4
      vertex -102 -10.899999999999999 4
      vertex -103 16.05 4
    endloop
  endfacet
  facet normal 0 0 -1
    outer loop
      vertex -103 2.515195816921165 0
      vertex -93.39999999850988 -5.4000000029802315 0
      vertex -93.45742355011882 -5.451142853606171 0
    endloop
  endfacet
  facet normal -1 0 0
    outer loop
      vertex -103 -13.95 4
      vertex -103 16.05 4
      vertex -103 -8.876362746156959 3
    endloop
  endfacet
  facet normal 0 0 1
    outer loop
      vertex -102 -10.899999999999999 4
      vertex -102 -5.899999999999999 4
      vertex -103 16.05 4
    endloop
  endfacet
  facet normal 0 0 1
    outer loop
      vertex -68 -5.899999999999999 4
      vertex -67 16.05 4
      vertex -70 -4.899999999999999 4
    endloop
  endfacet
  facet normal 0 0 1
    outer loop
      vertex -70 -4.899999999999999 4
      vertex -67 16.05 4
      vertex -72 -4.899999999999999 4
    endloop
  endfacet
  facet normal 1 0 0
    outer loop
      vertex -67 16.05 4
      vertex -67 -8.914753573626136 3
      vertex -67 16.05 3
    endloop
  endfacet
  facet normal 0 0 1
    outer loop
      vertex -72 -4.899999999999999 4
      vertex -67 16.05 4
      vertex -76.60000000149012 7.500000002980233 4
    endloop
  endfacet
  facet normal 0 0 -1
    outer loop
      vertex -76.60000000149012 7.500000002980233 0
      vertex -76.60684411227703 7.604420955479146 0
      vertex -76.47457665077143 7.720700067340256 0
    endloop
  endfacet
  facet normal 0 0 -1
    outer loop
      vertex -76.70717967301607 7.900000001490117 0
      vertex -76.76531732827425 7.987009148299695 0
      vertex -76.72877319809476 8.151372694589059 0
    endloop
  endfacet
  facet normal 0 0 -1
    outer loop
      vertex -76.72877319809476 8.151372694589059 0
      vertex -76.76531732827425 7.987009148299695 0
      vertex -76.83431457728148 8.065685424208642 0
    endloop
  endfacet
  facet normal 0 0 -1
    outer loop
      vertex -76.91299085319042 8.134682673215867 0
      vertex -77 8.192820328474046 0
      vertex -76.92097194237246 8.254914093261169 0
    endloop
  endfacet
  facet normal 0 0 -1
    outer loop
      vertex -68.23768912638015 14.947683122373018 0
      vertex -76.60000000149012 7.500000002980233 0
      vertex -76.47457665077143 7.720700067340256 0
    endloop
  endfacet
  facet normal 0 0 -1
    outer loop
      vertex -76.47457665077143 7.720700067340256 0
      vertex -76.62725933641195 7.7070552363991744 0
      vertex -68.23768912638015 14.947683122373018 0
    endloop
  endfacet
  facet normal 0 0 -1
    outer loop
      vertex -68.23768912638015 14.947683122373018 0
      vertex -76.62725933641195 7.7070552363991744 0
      vertex -76.66089637577534 7.806146751344205 0
    endloop
  endfacet
  facet normal 0 0 -1
    outer loop
      vertex -68.23768912638015 14.947683122373018 0
      vertex -76.66089637577534 7.806146751344205 0
      vertex -76.70717967301607 7.900000001490117 0
    endloop
  endfacet
  facet normal 0 0 -1
    outer loop
      vertex -76.70717967301607 7.900000001490117 0
      vertex -76.72877319809476 8.151372694589059 0
      vertex -68.23768912638015 14.947683122373018 0
    endloop
  endfacet
  facet normal 0 0 -1
    outer loop
      vertex -76.72877319809476 8.151372694589059 0
      vertex -76.91299085319042 8.134682673215867 0
      vertex -68.23768912638015 14.947683122373018 0
    endloop
  endfacet
  facet normal 0 0 -1
    outer loop
      vertex -68.23768912638015 14.947683122373018 0
      vertex -76.91299085319042 8.134682673215867 0
      vertex -76.92097194237246 8.254914093261169 0
    endloop
  endfacet
  facet normal 0 0 -1
    outer loop
      vertex -76.92097194237246 8.254914093261169 0
      vertex -77.09385325014591 8.23910362571478 0
      vertex -68.23768912638015 14.947683122373018 0
    endloop
  endfacet
  facet normal 0 0 -1
    outer loop
      vertex -77.09385325014591 8.23910362571478 0
      vertex -77.19294476509094 8.272740665078164 0
      vertex -68.45438226995644 14.966205519829098 0
    endloop
  endfacet
  facet normal 0 0 -1
    outer loop
      vertex -68.45438226995644 14.966205519829098 0
      vertex -77.19294476509094 8.272740665078164 0
      vertex -77.29557904601097 8.293155889213086 0
    endloop
  endfacet
  facet normal 0 0 1
    outer loop
      vertex -67 16.05 4
      vertex -76.60684411227703 7.604420955479146 4
      vertex -76.60000000149012 7.500000002980233 4
    endloop
  endfacet
  facet normal 0 0 1
    outer loop
      vertex -67 16.05 4
      vertex -76.62725933641195 7.7070552363991744 4
      vertex -76.60684411227703 7.604420955479146 4
    endloop
  endfacet
  facet normal 0 0 1
    outer loop
      vertex -67 16.05 4
      vertex -76.66089637577534 7.806146751344205 4
      vertex -76.62725933641195 7.7070552363991744 4
    endloop
  endfacet
  facet normal 0 0 1
    outer loop
      vertex -67 16.05 4
      vertex -76.70717967301607 7.900000001490117 4
      vertex -76.66089637577534 7.806146751344205 4
    endloop
  endfacet
  facet normal 0 0 1
    outer loop
      vertex -67 16.05 4
      vertex -76.76531732827425 7.987009148299695 4
      vertex -76.70717967301607 7.900000001490117 4
    endloop
  endfacet
  facet normal 0 0 1
    outer loop
      vertex -67 16.05 4
      vertex -76.83431457728148 8.065685424208642 4
      vertex -76.76531732827425 7.987009148299695 4
    endloop
  endfacet
  facet normal 0 0 1
    outer loop
      vertex -67 16.05 4
      vertex -76.91299085319042 8.134682673215867 4
      vertex -76.83431457728148 8.065685424208642 4
    endloop
  endfacet
  facet normal 0 0 1
    outer loop
      vertex -67 16.05 4
      vertex -77 8.192820328474046 4
      vertex -76.91299085319042 8.134682673215867 4
    endloop
  endfacet
  facet normal 0 0 1
    outer loop
      vertex -67 16.05 4
      vertex -77.09385325014591 8.23910362571478 4
      vertex -77 8.192820328474046 4
    endloop
  endfacet
  facet normal 0 0 1
    outer loop
      vertex -67 16.05 4
      vertex -77.19294476509094 8.272740665078164 4
      vertex -77.09385325014591 8.23910362571478 4
    endloop
  endfacet
  facet normal 0 0 1
    outer loop
      vertex -67 16.05 4
      vertex -77.29557904601097 8.293155889213086 4
      vertex -77.19294476509094 8.272740665078164 4
    endloop
  endfacet
  facet normal 0 0 1
    outer loop
      vertex -67 16.05 4
      vertex -77.39999999850988 8.3 4
      vertex -77.29557904601097 8.293155889213086 4
    endloop
  endfacet
  facet normal 0 0 1
    outer loop
      vertex -67 16.05 4
      vertex -92.60000000149012 8.3 4
      vertex -77.39999999850988 8.3 4
    endloop
  endfacet
  facet normal 0 0 -1
    outer loop
      vertex -77.39999999850988 8.3 0
      vertex -92.60000000149012 8.3 0
      vertex -77.42771534440926 8.30839038791827 0
    endloop
  endfacet
  facet normal 0 0 -1
    outer loop
      vertex -77.29557904601097 8.293155889213086 0
      vertex -77.42771534440926 8.30839038791827 0
      vertex -102.77994504394884 15.983381800418078 0
    endloop
  endfacet
  facet normal 0 0 -1
    outer loop
      vertex -77.42771534440926 8.30839038791827 0
      vertex -92.60000000149012 8.3 0
      vertex -102.77994504394884 15.983381800418078 0
    endloop
  endfacet
  facet normal 0 0 1
    outer loop
      vertex -93.39999999850988 -5.4000000029802315 4
      vertex -103 16.05 4
      vertex -98 -4.899999999999999 4
    endloop
  endfacet
  facet normal 0 0 1
    outer loop
      vertex -98 -4.899999999999999 4
      vertex -103 16.05 4
      vertex -100 -4.899999999999999 4
    endloop
  endfacet
  facet normal 0 0 1
    outer loop
      vertex -100 -4.899999999999999 4
      vertex -103 16.05 4
      vertex -102 -5.899999999999999 4
    endloop
  endfacet
  facet normal 0 0 -1
    outer loop
      vertex -103 2.515195816921165 0
      vertex -103 16.016786521735167 0
      vertex -93.39999999850988 -5.4000000029802315 0
    endloop
  endfacet
  facet normal 0 0 -1
    outer loop
      vertex -103 16.016786521735167 0
      vertex -93.39999999850988 7.500000002980233 0
      vertex -93.39999999850988 -5.4000000029802315 0
    endloop
  endfacet
  facet normal 0 0 1
    outer loop
      vertex -93.39999999850988 -5.4000000029802315 4
      vertex -93.39999999850988 7.500000002980233 4
      vertex -103 16.05 4
    endloop
  endfacet
  facet normal -1 0 0
    outer loop
      vertex -103 16.05 4
      vertex -103 16.05 3
      vertex -103 -8.876362746156959 3
    endloop
  endfacet
  facet normal 0 0 -1
    outer loop
      vertex -103 16.016786521735167 0
      vertex -93.39315588772297 7.604420955479146 0
      vertex -93.39999999850988 7.500000002980233 0
    endloop
  endfacet
  facet normal 0 0 -1
    outer loop
      vertex -103 16.016786521735167 0
      vertex -93.37274066358805 7.7070552363991744 0
      vertex -93.39315588772297 7.604420955479146 0
    endloop
  endfacet
  facet normal 0 0 -1
    outer loop
      vertex -93.37274066358805 7.7070552363991744 0
      vertex -103 16.016786521735167 0
      vertex -93.33910362422466 7.806146751344205 0
    endloop
  endfacet
  facet normal 0 0 -1
    outer loop
      vertex -103 16.016786521735167 0
      vertex -93.29282032698393 7.900000001490117 0
      vertex -93.33910362422466 7.806146751344205 0
    endloop
  endfacet
  facet normal 0 0 -1
    outer loop
      vertex -93.23468267172575 7.987009148299695 0
      vertex -93.29282032698393 7.900000001490117 0
      vertex -102.77994504394884 15.983381800418078 0
    endloop
  endfacet
  facet normal 0 0 -1
    outer loop
      vertex -93.23468267172575 7.987009148299695 0
      vertex -102.77994504394884 15.983381800418078 0
      vertex -93.16568542271852 8.065685424208642 0
    endloop
  endfacet
  facet normal 0 0 -1
    outer loop
      vertex -93.16568542271852 8.065685424208642 0
      vertex -102.77994504394884 15.983381800418078 0
      vertex -93.08700914680958 8.134682673215867 0
    endloop
  endfacet
  facet normal 0 0 -1
    outer loop
      vertex -93.08700914680958 8.134682673215867 0
      vertex -102.77994504394884 15.983381800418078 0
      vertex -93 8.192820328474046 0
    endloop
  endfacet
  facet normal 0 0 -1
    outer loop
      vertex -93 8.192820328474046 0
      vertex -102.77994504394884 15.983381800418078 0
      vertex -92.90614674985409 8.23910362571478 0
    endloop
  endfacet
  facet normal 0 0 -1
    outer loop
      vertex -92.60000000149012 8.3 0
      vertex -92.70442095398903 8.293155889213086 0
      vertex -102.77994504394884 15.983381800418078 0
    endloop
  endfacet
  facet normal 0 0 -1
    outer loop
      vertex -92.80705523490906 8.272740665078164 0
      vertex -102.77994504394884 15.983381800418078 0
      vertex -92.70442095398903 8.293155889213086 0
    endloop
  endfacet
  facet normal 0 0 -1
    outer loop
      vertex -92.80705523490906 8.272740665078164 0
      vertex -92.90614674985409 8.23910362571478 0
      vertex -102.77994504394884 15.983381800418078 0
    endloop
  endfacet
  facet normal 0 0 1
    outer loop
      vertex -93.39999999850988 7.500000002980233 4
      vertex -93.39315588772297 7.604420955479146 4
      vertex -103 16.05 4
    endloop
  endfacet
  facet normal 0 0 1
    outer loop
      vertex -93.39315588772297 7.604420955479146 4
      vertex -93.37274066358805 7.7070552363991744 4
      vertex -103 16.05 4
    endloop
  endfacet
  facet normal 0 0 1
    outer loop
      vertex -93.37274066358805 7.7070552363991744 4
      vertex -93.33910362422466 7.806146751344205 4
      vertex -103 16.05 4
    endloop
  endfacet
  facet normal 0 0 1
    outer loop
      vertex -93.33910362422466 7.806146751344205 4
      vertex -93.29282032698393 7.900000001490117 4
      vertex -103 16.05 4
    endloop
  endfacet
  facet normal 0 0 1
    outer loop
      vertex -93.29282032698393 7.900000001490117 4
      vertex -93.23468267172575 7.987009148299695 4
      vertex -103 16.05 4
    endloop
  endfacet
  facet normal 0 0 1
    outer loop
      vertex -93.16568542271852 8.065685424208642 4
      vertex -103 16.05 4
      vertex -93.23468267172575 7.987009148299695 4
    endloop
  endfacet
  facet normal 0 0 1
    outer loop
      vertex -93.16568542271852 8.065685424208642 4
      vertex -93.08700914680958 8.134682673215867 4
      vertex -103 16.05 4
    endloop
  endfacet
  facet normal 0 0 1
    outer loop
      vertex -92.80705523490906 8.272740665078164 4
      vertex -103 16.05 4
      vertex -92.90614674985409 8.23910362571478 4
    endloop
  endfacet
  facet normal 0 0 1
    outer loop
      vertex -92.60000000149012 8.3 4
      vertex -103 16.05 4
      vertex -92.70442095398903 8.293155889213086 4
    endloop
  endfacet
  facet normal 0 0 1
    outer loop
      vertex -92.70442095398903 8.293155889213086 4
      vertex -103 16.05 4
      vertex -92.80705523490906 8.272740665078164 4
    endloop
  endfacet
  facet normal 0 0 1
    outer loop
      vertex -93 8.192820328474046 4
      vertex -103 16.05 4
      vertex -93.08700914680958 8.134682673215867 4
    endloop
  endfacet
  facet normal 0 0 1
    outer loop
      vertex -93 8.192820328474046 4
      vertex -92.90614674985409 8.23910362571478 4
      vertex -103 16.05 4
    endloop
  endfacet
  facet normal 0 0 -1
    outer loop
      vertex -68.23768912638015 14.947683122373018 0
      vertex -77.09385325014591 8.23910362571478 0
      vertex -68.45438226995644 14.966205519829098 0
    endloop
  endfacet
  facet normal 0 0 -1
    outer loop
      vertex -68.45438226995644 14.966205519829098 0
      vertex -77.29557904601097 8.293155889213086 0
      vertex -73.04917197190312 11.542203577984008 0
    endloop
  endfacet
  facet normal 0 1 0
    outer loop
      vertex -67 16.05 4
      vertex -67 16.05 3
      vertex -103 16.05 3
    endloop
  endfacet
  facet normal 0 0 -1
    outer loop
      vertex -73.04917197190312 11.542203577984008 0
      vertex -77.29557904601097 8.293155889213086 0
      vertex -102.77994504394884 15.983381800418078 0
    endloop
  endfacet
  facet normal 0 0 1
    outer loop
      vertex -67 16.05 4
      vertex -103 16.05 4
      vertex -92.60000000149012 8.3 4
    endloop
  endfacet
  facet normal 0 1 0
    outer loop
      vertex -67 16.05 4
      vertex -103 16.05 3
      vertex -103 16.05 4
    endloop
  endfacet
  facet normal 0 0 -1
    outer loop
      vertex -103 16.016786521735167 0
      vertex -102.77994504394884 15.983381800418078 0
      vertex -93.29282032698393 7.900000001490117 0
    endloop
  endfacet
  facet normal -0.3214394875653657 0.9469301219381052 0
    outer loop
      vertex -77.09385325014591 -6.139103625714778 0
      vertex -77.19294476509094 -6.172740665078162 0
      vertex -77.09385325014591 -6.139103625714778 3
    endloop
  endfacet
  facet normal -0.1950902883977413 0.9807852870903427 0
    outer loop
      vertex -77.19294476509094 -6.172740665078162 0
      vertex -77.29557904601097 -6.1931558892130845 0
      vertex -77.19294476509094 -6.172740665078162 4
    endloop
  endfacet
  facet normal -0.0654031289415513 0.9978589232575188 0
    outer loop
      vertex -77.29557904601097 -6.1931558892130845 0
      vertex -77.39999999850988 -6.199999999999999 0
      vertex -77.29557904601097 -6.1931558892130845 4
    endloop
  endfacet
  facet normal -0.5555702466055247 0.831469603224722 0
    outer loop
      vertex -76.91299085319042 -6.034682673215865 0
      vertex -77 -6.092820328474044 0
      vertex -76.91299085319042 -6.034682673215865 3
    endloop
  endfacet
  facet normal -0.7518397750806569 0.6593458520432712 0
    outer loop
      vertex -76.76531732827425 -5.887009148299693 0
      vertex -76.83431457728148 -5.96568542420864 0
      vertex -76.76531732827425 -5.887009148299693 4
    endloop
  endfacet
  facet normal -0.831469603224722 0.5555702466055247 0
    outer loop
      vertex -76.70717967301607 -5.800000001490115 0
      vertex -76.76531732827425 -5.887009148299693 0
      vertex -76.70717967301607 -5.800000001490115 4
    endloop
  endfacet
  facet normal -0.896872755887627 0.4422886611100639 0
    outer loop
      vertex -76.66089637577534 -5.706146751344203 0
      vertex -76.70717967301607 -5.800000001490115 0
      vertex -76.66089637577534 -5.706146751344203 4
    endloop
  endfacet
  facet normal -0.9469301219381052 0.3214394875653657 0
    outer loop
      vertex -76.62725933641195 -5.607055236399173 0
      vertex -76.66089637577534 -5.706146751344203 0
      vertex -76.62725933641195 -5.607055236399173 3
    endloop
  endfacet
  facet normal -0.0654031289415513 0.9978589232575188 0
    outer loop
      vertex -77.29557904601097 -6.1931558892130845 4
      vertex -77.39999999850988 -6.199999999999999 0
      vertex -77.39999999850988 -6.199999999999999 3
    endloop
  endfacet
  facet normal -0.3214394875653658 0.9469301219381053 0
    outer loop
      vertex -77.09385325014591 -6.139103625714778 4
      vertex -77.09385325014591 -6.139103625714778 3
      vertex -77.19294476509094 -6.172740665078162 0
    endloop
  endfacet
  facet normal -0.1950902883977413 0.9807852870903427 0
    outer loop
      vertex -77.19294476509094 -6.172740665078162 4
      vertex -77.29557904601097 -6.1931558892130845 0
      vertex -77.29557904601097 -6.1931558892130845 4
    endloop
  endfacet
  facet normal -0.3214394875653658 0.9469301219381053 0
    outer loop
      vertex -77.09385325014591 -6.139103625714778 4
      vertex -77.19294476509094 -6.172740665078162 0
      vertex -77.19294476509094 -6.172740665078162 4
    endloop
  endfacet
  facet normal -0.7518397750806568 0.6593458520432712 0
    outer loop
      vertex -76.76531732827425 -5.887009148299693 4
      vertex -76.83431457728148 -5.96568542420864 0
      vertex -76.83431457728148 -5.96568542420864 3
    endloop
  endfacet
  facet normal -0.5555702466055247 0.831469603224722 0
    outer loop
      vertex -76.91299085319042 -6.034682673215865 4
      vertex -76.91299085319042 -6.034682673215865 3
      vertex -77 -6.092820328474044 0
    endloop
  endfacet
  facet normal -0.5555702466055247 0.831469603224722 0
    outer loop
      vertex -76.91299085319042 -6.034682673215865 4
      vertex -77 -6.092820328474044 0
      vertex -77 -6.092820328474044 3
    endloop
  endfacet
  facet normal -0.831469603224722 0.5555702466055247 0
    outer loop
      vertex -76.70717967301607 -5.800000001490115 4
      vertex -76.76531732827425 -5.887009148299693 0
      vertex -76.76531732827425 -5.887009148299693 4
    endloop
  endfacet
  facet normal -0.896872755887627 0.4422886611100639 0
    outer loop
      vertex -76.66089637577534 -5.706146751344203 4
      vertex -76.70717967301607 -5.800000001490115 0
      vertex -76.70717967301607 -5.800000001490115 4
    endloop
  endfacet
  facet normal -0.9469301219381053 0.3214394875653658 0
    outer loop
      vertex -76.62725933641195 -5.607055236399173 4
      vertex -76.62725933641195 -5.607055236399173 3
      vertex -76.66089637577534 -5.706146751344203 0
    endloop
  endfacet
  facet normal -0.9469301219381053 0.3214394875653658 0
    outer loop
      vertex -76.62725933641195 -5.607055236399173 4
      vertex -76.66089637577534 -5.706146751344203 0
      vertex -76.66089637577534 -5.706146751344203 4
    endloop
  endfacet
  facet normal -0.4422886611100639 0.896872755887627 0
    outer loop
      vertex -77 -6.092820328474044 4
      vertex -77 -6.092820328474044 3
      vertex -77.09385325014591 -6.139103625714778 3
    endloop
  endfacet
  facet normal -0.6593458520432712 0.7518397750806569 0
    outer loop
      vertex -76.83431457728148 -5.96568542420864 4
      vertex -76.83431457728148 -5.96568542420864 3
      vertex -76.91299085319042 -6.034682673215865 3
    endloop
  endfacet
  facet normal -0.0654031289415513 0.9978589232575188 0
    outer loop
      vertex -77.29557904601097 -6.1931558892130845 4
      vertex -77.39999999850988 -6.199999999999999 3
      vertex -77.39999999850988 -6.199999999999999 4
    endloop
  endfacet
  facet normal -0.4422886611100639 0.896872755887627 0
    outer loop
      vertex -77.09385325014591 -6.139103625714778 4
      vertex -77 -6.092820328474044 4
      vertex -77.09385325014591 -6.139103625714778 3
    endloop
  endfacet
  facet normal -0.6593458520432712 0.7518397750806569 0
    outer loop
      vertex -76.91299085319042 -6.034682673215865 4
      vertex -76.83431457728148 -5.96568542420864 4
      vertex -76.91299085319042 -6.034682673215865 3
    endloop
  endfacet
  facet normal -0.7518397750806569 0.6593458520432712 0
    outer loop
      vertex -76.76531732827425 -5.887009148299693 4
      vertex -76.83431457728148 -5.96568542420864 3
      vertex -76.83431457728148 -5.96568542420864 4
    endloop
  endfacet
  facet normal -0.5555702466055247 0.831469603224722 0
    outer loop
      vertex -76.91299085319042 -6.034682673215865 4
      vertex -77 -6.092820328474044 3
      vertex -77 -6.092820328474044 4
    endloop
  endfacet
  facet normal -0.9807852870903427 0.1950902883977413 0
    outer loop
      vertex -76.62725933641195 -5.607055236399173 4
      vertex -76.60684411227703 -5.504420955479144 4
      vertex -76.62725933641195 -5.607055236399173 3
    endloop
  endfacet
  facet normal 0 1 0
    outer loop
      vertex -77.39999999850988 -6.199999999999999 4
      vertex -77.39999999850988 -6.199999999999999 3
      vertex -92.60000000149012 -6.199999999999999 3
    endloop
  endfacet
  facet normal 0.0654031289415513 0.9978589232575188 0
    outer loop
      vertex -92.60000000149012 -6.199999999999999 0
      vertex -92.70442095398903 -6.1931558892130845 0
      vertex -92.60000000149012 -6.199999999999999 3
    endloop
  endfacet
  facet normal 0.3214394875653657 0.9469301219381052 0
    outer loop
      vertex -92.80705523490906 -6.172740665078162 3
      vertex -92.80705523490906 -6.172740665078162 0
      vertex -92.90614674985409 -6.139103625714778 0
    endloop
  endfacet
  facet normal 0.4422886611100638 0.896872755887627 0
    outer loop
      vertex -92.90614674985409 -6.139103625714778 0
      vertex -93 -6.092820328474044 0
      vertex -92.90614674985409 -6.139103625714778 3
    endloop
  endfacet
  facet normal 0.5555702466055247 0.831469603224722 0
    outer loop
      vertex -93 -6.092820328474044 4
      vertex -93 -6.092820328474044 0
      vertex -93.08700914680958 -6.034682673215865 0
    endloop
  endfacet
  facet normal 0.6593458520432712 0.7518397750806569 0
    outer loop
      vertex -93.08700914680958 -6.034682673215865 0
      vertex -93.16568542271852 -5.96568542420864 0
      vertex -93.08700914680958 -6.034682673215865 4
    endloop
  endfacet
  facet normal 0.7518397750806569 0.6593458520432712 0
    outer loop
      vertex -93.16568542271852 -5.96568542420864 0
      vertex -93.23468267172575 -5.887009148299693 0
      vertex -93.16568542271852 -5.96568542420864 4
    endloop
  endfacet
  facet normal 0.896872755887627 0.4422886611100638 0
    outer loop
      vertex -93.29282032698393 -5.800000001490115 0
      vertex -93.33910362422466 -5.706146751344203 0
      vertex -93.29282032698393 -5.800000001490115 3
    endloop
  endfacet
  facet normal 0.9469301219381052 0.3214394875653657 0
    outer loop
      vertex -93.33910362422466 -5.706146751344203 3
      vertex -93.33910362422466 -5.706146751344203 0
      vertex -93.37274066358805 -5.607055236399173 0
    endloop
  endfacet
  facet normal 0.9807852870903427 0.1950902883977413 0
    outer loop
      vertex -93.37274066358805 -5.607055236399173 0
      vertex -93.39315588772297 -5.504420955479144 0
      vertex -93.37274066358805 -5.607055236399173 3
    endloop
  endfacet
  facet normal 0.0654031289415513 0.9978589232575188 0
    outer loop
      vertex -92.60000000149012 -6.199999999999999 4
      vertex -92.60000000149012 -6.199999999999999 3
      vertex -92.70442095398903 -6.1931558892130845 0
    endloop
  endfacet
  facet normal 0.1950902883977413 0.9807852870903427 0
    outer loop
      vertex -92.70442095398903 -6.1931558892130845 4
      vertex -92.70442095398903 -6.1931558892130845 3
      vertex -92.80705523490906 -6.172740665078162 0
    endloop
  endfacet
  facet normal 0.0654031289415513 0.9978589232575188 0
    outer loop
      vertex -92.60000000149012 -6.199999999999999 4
      vertex -92.70442095398903 -6.1931558892130845 0
      vertex -92.70442095398903 -6.1931558892130845 3
    endloop
  endfacet
  facet normal 0.1950902883977413 0.9807852870903427 0
    outer loop
      vertex -92.70442095398903 -6.1931558892130845 4
      vertex -92.80705523490906 -6.172740665078162 0
      vertex -92.80705523490906 -6.172740665078162 3
    endloop
  endfacet
  facet normal 0.4422886611100639 0.896872755887627 0
    outer loop
      vertex -92.90614674985409 -6.139103625714778 4
      vertex -92.90614674985409 -6.139103625714778 3
      vertex -93 -6.092820328474044 0
    endloop
  endfacet
  facet normal 0.4422886611100639 0.896872755887627 0
    outer loop
      vertex -92.90614674985409 -6.139103625714778 4
      vertex -93 -6.092820328474044 0
      vertex -93 -6.092820328474044 4
    endloop
  endfacet
  facet normal 0.7518397750806568 0.6593458520432712 0
    outer loop
      vertex -93.16568542271852 -5.96568542420864 4
      vertex -93.23468267172575 -5.887009148299693 0
      vertex -93.23468267172575 -5.887009148299693 3
    endloop
  endfacet
  facet normal 0.5555702466055247 0.831469603224722 0
    outer loop
      vertex -93 -6.092820328474044 4
      vertex -93.08700914680958 -6.034682673215865 0
      vertex -93.08700914680958 -6.034682673215865 4
    endloop
  endfacet
  facet normal 0.6593458520432712 0.7518397750806569 0
    outer loop
      vertex -93.08700914680958 -6.034682673215865 4
      vertex -93.16568542271852 -5.96568542420864 0
      vertex -93.16568542271852 -5.96568542420864 4
    endloop
  endfacet
  facet normal 0.896872755887627 0.4422886611100639 0
    outer loop
      vertex -93.29282032698393 -5.800000001490115 4
      vertex -93.29282032698393 -5.800000001490115 3
      vertex -93.33910362422466 -5.706146751344203 0
    endloop
  endfacet
  facet normal 0.896872755887627 0.4422886611100638 0
    outer loop
      vertex -93.29282032698393 -5.800000001490115 4
      vertex -93.33910362422466 -5.706146751344203 0
      vertex -93.33910362422466 -5.706146751344203 3
    endloop
  endfacet
  facet normal 0.9807852870903427 0.1950902883977413 0
    outer loop
      vertex -93.37274066358805 -5.607055236399173 4
      vertex -93.37274066358805 -5.607055236399173 3
      vertex -93.39315588772297 -5.504420955479144 0
    endloop
  endfacet
  facet normal 0 1 0
    outer loop
      vertex -77.39999999850988 -6.199999999999999 4
      vertex -92.60000000149012 -6.199999999999999 3
      vertex -92.60000000149012 -6.199999999999999 4
    endloop
  endfacet
  facet normal 0.3214394875653658 0.9469301219381053 0
    outer loop
      vertex -92.80705523490906 -6.172740665078162 4
      vertex -92.80705523490906 -6.172740665078162 3
      vertex -92.90614674985409 -6.139103625714778 3
    endloop
  endfacet
  facet normal 0.0654031289415513 0.9978589232575188 0
    outer loop
      vertex -92.60000000149012 -6.199999999999999 4
      vertex -92.70442095398903 -6.1931558892130845 3
      vertex -92.70442095398903 -6.1931558892130845 4
    endloop
  endfacet
  facet normal 0.1950902883977413 0.9807852870903427 0
    outer loop
      vertex -92.70442095398903 -6.1931558892130845 4
      vertex -92.80705523490906 -6.172740665078162 3
      vertex -92.80705523490906 -6.172740665078162 4
    endloop
  endfacet
  facet normal 0.3214394875653658 0.9469301219381053 0
    outer loop
      vertex -92.80705523490906 -6.172740665078162 4
      vertex -92.90614674985409 -6.139103625714778 3
      vertex -92.90614674985409 -6.139103625714778 4
    endloop
  endfacet
  facet normal 0.7518397750806569 0.6593458520432712 0
    outer loop
      vertex -93.16568542271852 -5.96568542420864 4
      vertex -93.23468267172575 -5.887009148299693 3
      vertex -93.23468267172575 -5.887009148299693 4
    endloop
  endfacet
  facet normal 0.831469603224722 0.5555702466055247 0
    outer loop
      vertex -93.23468267172575 -5.887009148299693 4
      vertex -93.23468267172575 -5.887009148299693 3
      vertex -93.29282032698393 -5.800000001490115 3
    endloop
  endfacet
  facet normal 0.9469301219381053 0.3214394875653658 0
    outer loop
      vertex -93.33910362422466 -5.706146751344203 4
      vertex -93.33910362422466 -5.706146751344203 3
      vertex -93.37274066358805 -5.607055236399173 3
    endloop
  endfacet
  facet normal 0.831469603224722 0.5555702466055247 0
    outer loop
      vertex -93.23468267172575 -5.887009148299693 4
      vertex -93.29282032698393 -5.800000001490115 3
      vertex -93.29282032698393 -5.800000001490115 4
    endloop
  endfacet
  facet normal 0.896872755887627 0.4422886611100639 0
    outer loop
      vertex -93.29282032698393 -5.800000001490115 4
      vertex -93.33910362422466 -5.706146751344203 3
      vertex -93.33910362422466 -5.706146751344203 4
    endloop
  endfacet
  facet normal 0.9469301219381053 0.3214394875653658 0
    outer loop
      vertex -93.33910362422466 -5.706146751344203 4
      vertex -93.37274066358805 -5.607055236399173 3
      vertex -93.37274066358805 -5.607055236399173 4
    endloop
  endfacet
  facet normal -0.9978589232575188 0.0654031289415513 0
    outer loop
      vertex -76.60000000149012 -5.4000000029802315 0
      vertex -76.60684411227703 -5.504420955479144 0
      vertex -76.60000000149012 -5.4000000029802315 4
    endloop
  endfacet
  facet normal -0.9978589232575188 0.0654031289415513 0
    outer loop
      vertex -76.60000000149012 -5.4000000029802315 4
      vertex -76.60684411227703 -5.504420955479144 0
      vertex -76.60684411227703 -5.504420955479144 3
    endloop
  endfacet
  facet normal -0.9807852870903427 0.1950902883977413 0
    outer loop
      vertex -76.60684411227703 -5.504420955479144 4
      vertex -76.60684411227703 -5.504420955479144 3
      vertex -76.62725933641195 -5.607055236399173 3
    endloop
  endfacet
  facet normal -0.9978589232575188 0.0654031289415513 0
    outer loop
      vertex -76.60684411227703 -5.504420955479144 4
      vertex -76.60000000149012 -5.4000000029802315 4
      vertex -76.60684411227703 -5.504420955479144 3
    endloop
  endfacet
  facet normal -1 0 0
    outer loop
      vertex -76.60000000149012 7.500000002980233 4
      vertex -76.60000000149012 -5.4000000029802315 0
      vertex -76.60000000149012 -5.4000000029802315 4
    endloop
  endfacet
  facet normal 0.9978589232575188 0.0654031289415513 0
    outer loop
      vertex -93.39315588772297 -5.504420955479144 4
      vertex -93.39315588772297 -5.504420955479144 0
      vertex -93.39999999850988 -5.4000000029802315 0
    endloop
  endfacet
  facet normal 0.9978589232575188 0.0654031289415513 0
    outer loop
      vertex -93.39315588772297 -5.504420955479144 4
      vertex -93.39999999850988 -5.4000000029802315 0
      vertex -93.39999999850988 -5.4000000029802315 3
    endloop
  endfacet
  facet normal 0.9807852870903427 0.1950902883977413 0
    outer loop
      vertex -93.37274066358805 -5.607055236399173 4
      vertex -93.39315588772297 -5.504420955479144 0
      vertex -93.39315588772297 -5.504420955479144 4
    endloop
  endfacet
  facet normal 0.9978589232575188 0.0654031289415513 0
    outer loop
      vertex -93.39315588772297 -5.504420955479144 4
      vertex -93.39999999850988 -5.4000000029802315 3
      vertex -93.39999999850988 -5.4000000029802315 4
    endloop
  endfacet
  facet normal 1 0 0
    outer loop
      vertex -93.39999999850988 -5.4000000029802315 0
      vertex -93.39999999850988 7.500000002980233 0
      vertex -93.39999999850988 -5.4000000029802315 3
    endloop
  endfacet
  facet normal 1 0 0
    outer loop
      vertex -93.39999999850988 -5.4000000029802315 4
      vertex -93.39999999850988 -5.4000000029802315 3
      vertex -93.39999999850988 7.500000002980233 3
    endloop
  endfacet
  facet normal -1 0 0
    outer loop
      vertex -76.60000000149012 7.500000002980233 0
      vertex -76.60000000149012 -5.4000000029802315 0
      vertex -76.60000000149012 7.500000002980233 4
    endloop
  endfacet
  facet normal 1 0 0
    outer loop
      vertex -93.39999999850988 -5.4000000029802315 4
      vertex -93.39999999850988 7.500000002980233 3
      vertex -93.39999999850988 7.500000002980233 4
    endloop
  endfacet
  facet normal -0.9978589232575188 -0.0654031289415513 0
    outer loop
      vertex -76.60684411227703 7.604420955479146 0
      vertex -76.60000000149012 7.500000002980233 0
      vertex -76.60684411227703 7.604420955479146 3
    endloop
  endfacet
  facet normal -0.9978589232575188 -0.0654031289415513 0
    outer loop
      vertex -76.60684411227703 7.604420955479146 4
      vertex -76.60684411227703 7.604420955479146 3
      vertex -76.60000000149012 7.500000002980233 0
    endloop
  endfacet
  facet normal -0.9978589232575188 -0.0654031289415513 0
    outer loop
      vertex -76.60684411227703 7.604420955479146 4
      vertex -76.60000000149012 7.500000002980233 0
      vertex -76.60000000149012 7.500000002980233 4
    endloop
  endfacet
  facet normal -0.9469301219381053 -0.3214394875653658 0
    outer loop
      vertex -76.66089637577534 7.806146751344205 0
      vertex -76.62725933641195 7.7070552363991744 0
      vertex -76.66089637577534 7.806146751344205 4
    endloop
  endfacet
  facet normal -0.896872755887627 -0.4422886611100639 0
    outer loop
      vertex -76.70717967301607 7.900000001490117 0
      vertex -76.66089637577534 7.806146751344205 0
      vertex -76.70717967301607 7.900000001490117 4
    endloop
  endfacet
  facet normal -0.831469603224722 -0.5555702466055247 0
    outer loop
      vertex -76.76531732827425 7.987009148299695 0
      vertex -76.70717967301607 7.900000001490117 0
      vertex -76.76531732827425 7.987009148299695 4
    endloop
  endfacet
  facet normal -0.7518397750806568 -0.6593458520432712 0
    outer loop
      vertex -76.83431457728148 8.065685424208642 0
      vertex -76.76531732827425 7.987009148299695 0
      vertex -76.83431457728148 8.065685424208642 3
    endloop
  endfacet
  facet normal -0.3214394875653657 -0.9469301219381052 0
    outer loop
      vertex -77.19294476509094 8.272740665078164 3
      vertex -77.19294476509094 8.272740665078164 0
      vertex -77.09385325014591 8.23910362571478 0
    endloop
  endfacet
  facet normal -0.5555702466055247 -0.831469603224722 0
    outer loop
      vertex -77 8.192820328474046 4
      vertex -77 8.192820328474046 0
      vertex -76.91299085319042 8.134682673215867 0
    endloop
  endfacet
  facet normal -0.4422886611100639 -0.896872755887627 0
    outer loop
      vertex -77.09385325014591 8.23910362571478 4
      vertex -77.09385325014591 8.23910362571478 0
      vertex -77 8.192820328474046 0
    endloop
  endfacet
  facet normal -0.1950902883977413 -0.9807852870903427 0
    outer loop
      vertex -77.29557904601097 8.293155889213086 0
      vertex -77.19294476509094 8.272740665078164 0
      vertex -77.29557904601097 8.293155889213086 4
    endloop
  endfacet
  facet normal -0.0654031289415513 -0.9978589232575188 0
    outer loop
      vertex -77.39999999850988 8.3 0
      vertex -77.29557904601097 8.293155889213086 0
      vertex -77.39999999850988 8.3 4
    endloop
  endfacet
  facet normal -0.9469301219381052 -0.3214394875653657 0
    outer loop
      vertex -76.66089637577534 7.806146751344205 4
      vertex -76.62725933641195 7.7070552363991744 0
      vertex -76.62725933641195 7.7070552363991744 3
    endloop
  endfacet
  facet normal -0.896872755887627 -0.4422886611100639 0
    outer loop
      vertex -76.70717967301607 7.900000001490117 4
      vertex -76.66089637577534 7.806146751344205 0
      vertex -76.66089637577534 7.806146751344205 4
    endloop
  endfacet
  facet normal -0.831469603224722 -0.5555702466055247 0
    outer loop
      vertex -76.76531732827425 7.987009148299695 4
      vertex -76.70717967301607 7.900000001490117 0
      vertex -76.70717967301607 7.900000001490117 4
    endloop
  endfacet
  facet normal -0.7518397750806569 -0.6593458520432712 0
    outer loop
      vertex -76.83431457728148 8.065685424208642 4
      vertex -76.83431457728148 8.065685424208642 3
      vertex -76.76531732827425 7.987009148299695 0
    endloop
  endfacet
  facet normal -0.5555702466055247 -0.831469603224722 0
    outer loop
      vertex -77 8.192820328474046 4
      vertex -76.91299085319042 8.134682673215867 0
      vertex -76.91299085319042 8.134682673215867 3
    endloop
  endfacet
  facet normal -0.7518397750806569 -0.6593458520432712 0
    outer loop
      vertex -76.83431457728148 8.065685424208642 4
      vertex -76.76531732827425 7.987009148299695 0
      vertex -76.76531732827425 7.987009148299695 4
    endloop
  endfacet
  facet normal -0.3214394875653657 -0.9469301219381052 0
    outer loop
      vertex -77.09385325014591 8.23910362571478 4
      vertex -77.16817188635468 8.264331405237318 3
      vertex -77.09385325014591 8.23910362571478 0
    endloop
  endfacet
  facet normal -0.1950902883977413 -0.9807852870903427 0
    outer loop
      vertex -77.29557904601097 8.293155889213086 4
      vertex -77.19294476509094 8.272740665078164 0
      vertex -77.19294476509094 8.272740665078164 3
    endloop
  endfacet
  facet normal -0.4422886611100639 -0.896872755887627 0
    outer loop
      vertex -77 8.192820328474046 4
      vertex -77.09385325014591 8.23910362571478 4
      vertex -77 8.192820328474046 0
    endloop
  endfacet
  facet normal -0.0654031289415513 -0.9978589232575188 0
    outer loop
      vertex -77.39999999850988 8.3 4
      vertex -77.29557904601097 8.293155889213086 0
      vertex -77.29557904601097 8.293155889213086 4
    endloop
  endfacet
  facet normal -0.9807852870903427 -0.1950902883977413 0
    outer loop
      vertex -76.60684411227703 7.604420955479146 4
      vertex -76.62725933641195 7.7070552363991744 4
      vertex -76.60684411227703 7.604420955479146 3
    endloop
  endfacet
  facet normal -0.9807852870903427 -0.1950902883977413 0
    outer loop
      vertex -76.62725933641195 7.7070552363991744 4
      vertex -76.62725933641195 7.7070552363991744 3
      vertex -76.60684411227703 7.604420955479146 3
    endloop
  endfacet
  facet normal -0.9469301219381053 -0.3214394875653658 0
    outer loop
      vertex -76.62725933641195 7.7070552363991744 4
      vertex -76.66089637577534 7.806146751344205 4
      vertex -76.62725933641195 7.7070552363991744 3
    endloop
  endfacet
  facet normal -0.6593458520432712 -0.7518397750806569 0
    outer loop
      vertex -76.91299085319042 8.134682673215867 4
      vertex -76.91299085319042 8.134682673215867 3
      vertex -76.83431457728148 8.065685424208642 3
    endloop
  endfacet
  facet normal -0.3214394875653658 -0.9469301219381053 0
    outer loop
      vertex -77.19294476509094 8.272740665078164 4
      vertex -77.19294476509094 8.272740665078164 3
      vertex -77.16817188635468 8.264331405237318 3
    endloop
  endfacet
  facet normal -0.6593458520432712 -0.7518397750806569 0
    outer loop
      vertex -76.83431457728148 8.065685424208642 4
      vertex -76.91299085319042 8.134682673215867 4
      vertex -76.83431457728148 8.065685424208642 3
    endloop
  endfacet
  facet normal -0.5555702466055247 -0.831469603224722 0
    outer loop
      vertex -76.91299085319042 8.134682673215867 4
      vertex -77 8.192820328474046 4
      vertex -76.91299085319042 8.134682673215867 3
    endloop
  endfacet
  facet normal -0.3214394875653658 -0.9469301219381053 0
    outer loop
      vertex -77.09385325014591 8.23910362571478 4
      vertex -77.19294476509094 8.272740665078164 4
      vertex -77.16817188635468 8.264331405237318 3
    endloop
  endfacet
  facet normal -0.1950902883977413 -0.9807852870903427 0
    outer loop
      vertex -77.19294476509094 8.272740665078164 4
      vertex -77.29557904601097 8.293155889213086 4
      vertex -77.19294476509094 8.272740665078164 3
    endloop
  endfacet
  facet normal 0 -1 0
    outer loop
      vertex -92.60000000149012 8.3 4
      vertex -77.39999999850988 8.3 0
      vertex -77.39999999850988 8.3 4
    endloop
  endfacet
  facet normal 0 -1 0
    outer loop
      vertex -92.60000000149012 8.3 0
      vertex -77.39999999850988 8.3 0
      vertex -92.60000000149012 8.3 4
    endloop
  endfacet
  facet normal 0.9978589232575188 -0.0654031289415513 0
    outer loop
      vertex -93.39999999850988 7.500000002980233 0
      vertex -93.39315588772297 7.604420955479146 0
      vertex -93.39999999850988 7.500000002980233 3
    endloop
  endfacet
  facet normal 0.9807852870903427 -0.1950902883977413 0
    outer loop
      vertex -93.39315588772297 7.604420955479146 3
      vertex -93.39315588772297 7.604420955479146 0
      vertex -93.37274066358805 7.7070552363991744 0
    endloop
  endfacet
  facet normal 0.9978589232575188 -0.0654031289415513 0
    outer loop
      vertex -93.39999999850988 7.500000002980233 4
      vertex -93.39999999850988 7.500000002980233 3
      vertex -93.39315588772297 7.604420955479146 0
    endloop
  endfacet
  facet normal 0.9978589232575188 -0.0654031289415513 0
    outer loop
      vertex -93.39999999850988 7.500000002980233 4
      vertex -93.39315588772297 7.604420955479146 0
      vertex -93.39315588772297 7.604420955479146 3
    endloop
  endfacet
  facet normal 0.7518397750806569 -0.6593458520432712 0
    outer loop
      vertex -93.23468267172575 7.987009148299695 0
      vertex -93.16568542271852 8.065685424208642 0
      vertex -93.23468267172575 7.987009148299695 4
    endloop
  endfacet
  facet normal 0.6593458520432712 -0.7518397750806569 0
    outer loop
      vertex -93.16568542271852 8.065685424208642 0
      vertex -93.08700914680958 8.134682673215867 0
      vertex -93.16568542271852 8.065685424208642 4
    endloop
  endfacet
  facet normal 0.5555702466055247 -0.831469603224722 0
    outer loop
      vertex -93.08700914680958 8.134682673215867 0
      vertex -93 8.192820328474046 0
      vertex -93.08700914680958 8.134682673215867 4
    endloop
  endfacet
  facet normal 0.0654031289415513 -0.9978589232575188 0
    outer loop
      vertex -92.70442095398903 8.293155889213086 0
      vertex -92.60000000149012 8.3 0
      vertex -92.70442095398903 8.293155889213086 3
    endloop
  endfacet
  facet normal 0.4422886611100638 -0.896872755887627 0
    outer loop
      vertex -93 8.192820328474046 3
      vertex -93 8.192820328474046 0
      vertex -92.90614674985409 8.23910362571478 0
    endloop
  endfacet
  facet normal 0.1950902883977413 -0.9807852870903427 0
    outer loop
      vertex -92.80705523490906 8.272740665078164 0
      vertex -92.70442095398903 8.293155889213086 0
      vertex -92.80705523490906 8.272740665078164 3
    endloop
  endfacet
  facet normal 0.3214394875653658 -0.9469301219381053 0
    outer loop
      vertex -92.90614674985409 8.23910362571478 4
      vertex -92.90614674985409 8.23910362571478 0
      vertex -92.80705523490906 8.272740665078164 0
    endloop
  endfacet
  facet normal 0.9469301219381052 -0.3214394875653657 0
    outer loop
      vertex -93.37274066358805 7.7070552363991744 0
      vertex -93.33910362422466 7.806146751344205 0
      vertex -93.37274066358805 7.7070552363991744 3
    endloop
  endfacet
  facet normal 0.896872755887627 -0.4422886611100639 0
    outer loop
      vertex -93.33910362422466 7.806146751344205 0
      vertex -93.29282032698393 7.900000001490117 0
      vertex -93.33910362422466 7.806146751344205 4
    endloop
  endfacet
  facet normal 0.831469603224722 -0.5555702466055247 0
    outer loop
      vertex -93.29282032698393 7.900000001490117 0
      vertex -93.23468267172575 7.987009148299695 0
      vertex -93.29282032698393 7.900000001490117 4
    endloop
  endfacet
  facet normal 0.831469603224722 -0.5555702466055247 0
    outer loop
      vertex -93.29282032698393 7.900000001490117 4
      vertex -93.23468267172575 7.987009148299695 0
      vertex -93.23468267172575 7.987009148299695 4
    endloop
  endfacet
  facet normal 0.7518397750806569 -0.6593458520432712 0
    outer loop
      vertex -93.23468267172575 7.987009148299695 4
      vertex -93.16568542271852 8.065685424208642 0
      vertex -93.16568542271852 8.065685424208642 4
    endloop
  endfacet
  facet normal 0.6593458520432712 -0.7518397750806569 0
    outer loop
      vertex -93.16568542271852 8.065685424208642 4
      vertex -93.08700914680958 8.134682673215867 0
      vertex -93.08700914680958 8.134682673215867 4
    endloop
  endfacet
  facet normal 0.0654031289415513 -0.9978589232575188 0
    outer loop
      vertex -92.70442095398903 8.293155889213086 4
      vertex -92.70442095398903 8.293155889213086 3
      vertex -92.60000000149012 8.3 0
    endloop
  endfacet
  facet normal 0.4422886611100638 -0.896872755887627 0
    outer loop
      vertex -92.90614674985409 8.23910362571478 4
      vertex -92.97653668746352 8.204391152784229 3
      vertex -92.90614674985409 8.23910362571478 0
    endloop
  endfacet
  facet normal 0.5555702466055247 -0.831469603224722 0
    outer loop
      vertex -93.08700914680958 8.134682673215867 4
      vertex -93 8.192820328474046 0
      vertex -93 8.192820328474046 3
    endloop
  endfacet
  facet normal 0.3214394875653657 -0.9469301219381052 0
    outer loop
      vertex -92.90614674985409 8.23910362571478 4
      vertex -92.80705523490906 8.272740665078164 0
      vertex -92.80705523490906 8.272740665078164 3
    endloop
  endfacet
  facet normal 0.0654031289415513 -0.9978589232575188 0
    outer loop
      vertex -92.70442095398903 8.293155889213086 4
      vertex -92.60000000149012 8.3 0
      vertex -92.60000000149012 8.3 4
    endloop
  endfacet
  facet normal 0.9469301219381053 -0.3214394875653658 0
    outer loop
      vertex -93.37274066358805 7.7070552363991744 4
      vertex -93.37274066358805 7.7070552363991744 3
      vertex -93.33910362422466 7.806146751344205 0
    endloop
  endfacet
  facet normal 0.9469301219381053 -0.3214394875653658 0
    outer loop
      vertex -93.37274066358805 7.7070552363991744 4
      vertex -93.33910362422466 7.806146751344205 0
      vertex -93.33910362422466 7.806146751344205 4
    endloop
  endfacet
  facet normal 0.896872755887627 -0.4422886611100639 0
    outer loop
      vertex -93.33910362422466 7.806146751344205 4
      vertex -93.29282032698393 7.900000001490117 0
      vertex -93.29282032698393 7.900000001490117 4
    endloop
  endfacet
  facet normal 0.9807852870903427 -0.1950902883977413 0
    outer loop
      vertex -93.39315588772297 7.604420955479146 4
      vertex -93.39315588772297 7.604420955479146 3
      vertex -93.37274066358805 7.7070552363991744 3
    endloop
  endfacet
  facet normal 0.9978589232575188 -0.0654031289415513 0
    outer loop
      vertex -93.39999999850988 7.500000002980233 4
      vertex -93.39315588772297 7.604420955479146 3
      vertex -93.39315588772297 7.604420955479146 4
    endloop
  endfacet
  facet normal 0.4422886611100639 -0.896872755887627 0
    outer loop
      vertex -93 8.192820328474046 4
      vertex -93 8.192820328474046 3
      vertex -92.97653668746352 8.204391152784229 3
    endloop
  endfacet
  facet normal 0.1950902883977413 -0.9807852870903427 0
    outer loop
      vertex -92.80705523490906 8.272740665078164 4
      vertex -92.80705523490906 8.272740665078164 3
      vertex -92.70442095398903 8.293155889213086 3
    endloop
  endfacet
  facet normal 0.1950902883977413 -0.9807852870903427 0
    outer loop
      vertex -92.70442095398903 8.293155889213086 4
      vertex -92.80705523490906 8.272740665078164 4
      vertex -92.70442095398903 8.293155889213086 3
    endloop
  endfacet
  facet normal 0.4422886611100639 -0.896872755887627 0
    outer loop
      vertex -93 8.192820328474046 4
      vertex -92.97653668746352 8.204391152784229 3
      vertex -92.90614674985409 8.23910362571478 4
    endloop
  endfacet
  facet normal 0.5555702466055247 -0.831469603224722 0
    outer loop
      vertex -93 8.192820328474046 4
      vertex -93.08700914680958 8.134682673215867 4
      vertex -93 8.192820328474046 3
    endloop
  endfacet
  facet normal 0.3214394875653658 -0.9469301219381053 0
    outer loop
      vertex -92.80705523490906 8.272740665078164 4
      vertex -92.90614674985409 8.23910362571478 4
      vertex -92.80705523490906 8.272740665078164 3
    endloop
  endfacet
  facet normal 0.9807852870903427 -0.1950902883977413 0
    outer loop
      vertex -93.39315588772297 7.604420955479146 4
      vertex -93.37274066358805 7.7070552363991744 3
      vertex -93.37274066358805 7.7070552363991744 4
    endloop
  endfacet
  facet normal 1 0 0
    outer loop
      vertex -70 -10.899999999999999 9
      vertex -70 -10.845628997867802 9.291609808102345
      vertex -70 -10.899999999999999 9.34
    endloop
  endfacet
  facet normal 1 0 0
    outer loop
      vertex -70 -10.899999999999999 9
      vertex -70 -7.299999999999999 5.49793964216426
      vertex -70 -10.845628997867802 9.291609808102345
    endloop
  endfacet
  facet normal 1 0 0
    outer loop
      vertex -70 -10.899999999999999 9
      vertex -70 -5.899999999999999 4
      vertex -70 -7.299999999999999 5.49793964216426
    endloop
  endfacet
  facet normal 1 0 0
    outer loop
      vertex -70 -7.299999999999999 5.49793964216426
      vertex -70 -5.899999999999999 4
      vertex -70 -7.299999999999999 9.34
    endloop
  endfacet
  facet normal -1 0 0
    outer loop
      vertex -72 -7.299999999999999 4
      vertex -72 -7.299999999999999 9.34
      vertex -72 -4.899999999999999 4
    endloop
  endfacet
  facet normal -1 0 0
    outer loop
      vertex -72 -7.299999999999999 9.34
      vertex -72 -7.299999999999999 36.18
      vertex -72 -4.899999999999999 4
    endloop
  endfacet
  facet normal 1 0 0
    outer loop
      vertex -70 -7.299999999999999 9.34
      vertex -70 -5.899999999999999 4
      vertex -70 -4.899999999999999 41.18
    endloop
  endfacet
  facet normal 1 0 0
    outer loop
      vertex -70 -5.899999999999999 4
      vertex -70 -4.899999999999999 4
      vertex -70 -4.899999999999999 41.18
    endloop
  endfacet
  facet normal 0 1 0
    outer loop
      vertex -70 -4.899999999999999 4
      vertex -72 -4.899999999999999 4
      vertex -70 -4.899999999999999 41.18
    endloop
  endfacet
  facet normal -1 0 0
    outer loop
      vertex -72 -4.899999999999999 4
      vertex -72 -7.299999999999999 36.18
      vertex -72 -4.899999999999999 41.18
    endloop
  endfacet
  facet normal 1 0 0
    outer loop
      vertex -70 -7.299999999999999 9.34
      vertex -70 -4.899999999999999 41.18
      vertex -70 -7.299999999999999 41.18
    endloop
  endfacet
  facet normal -1 0 0
    outer loop
      vertex -72 -8.652341311134233 36.18
      vertex -72 -9.676842304417745 41.18
      vertex -72 -8.94090909090909 41.18
    endloop
  endfacet
  facet normal -1 0 0
    outer loop
      vertex -72 -8.652341311134233 36.18
      vertex -72 -8.94090909090909 41.18
      vertex -72 -7.299999999999999 36.18
    endloop
  endfacet
  facet normal 0 0 1
    outer loop
      vertex -70 -7.299999999999999 41.18
      vertex -72 -4.899999999999999 41.18
      vertex -72 -7.299999999999999 41.18
    endloop
  endfacet
  facet normal 0 0 1
    outer loop
      vertex -70 -7.299999999999999 41.18
      vertex -70 -4.899999999999999 41.18
      vertex -72 -4.899999999999999 41.18
    endloop
  endfacet
  facet normal -1 0 0
    outer loop
      vertex -72 -7.299999999999999 36.18
      vertex -72 -7.299999999999999 41.18
      vertex -72 -4.899999999999999 41.18
    endloop
  endfacet
  facet normal 0 1 0
    outer loop
      vertex -72 -4.899999999999999 4
      vertex -72 -4.899999999999999 41.18
      vertex -70 -4.899999999999999 41.18
    endloop
  endfacet
  facet normal 1 0 0
    outer loop
      vertex -98 -7.299999999999999 4
      vertex -98 -4.899999999999999 4
      vertex -98 -7.299999999999999 9.34
    endloop
  endfacet
  facet normal -1 0 0
    outer loop
      vertex -100 -7.299999999999999 5.4
      vertex -100 -7.299999999999999 9.34
      vertex -100 -5.899999999999999 4
    endloop
  endfacet
  facet normal -1 0 0
    outer loop
      vertex -100 -7.299999999999999 9.34
      vertex -100 -4.899999999999999 4
      vertex -100 -5.899999999999999 4
    endloop
  endfacet
  facet normal 1 0 0
    outer loop
      vertex -98 -7.299999999999999 9.34
      vertex -98 -4.899999999999999 4
      vertex -98 -4.899999999999999 41.18
    endloop
  endfacet
  facet normal -1 0 0
    outer loop
      vertex -100 -7.299999999999999 9.34
      vertex -100 -7.299999999999999 41.18
      vertex -100 -4.899999999999999 4
    endloop
  endfacet
  facet normal 0 1 0
    outer loop
      vertex -98 -4.899999999999999 4
      vertex -100 -4.899999999999999 4
      vertex -98 -4.899999999999999 41.18
    endloop
  endfacet
  facet normal 1 0 0
    outer loop
      vertex -98 -7.299999999999999 9.34
      vertex -98 -4.899999999999999 41.18
      vertex -98 -7.299999999999999 36.18
    endloop
  endfacet
  facet normal -1 0 0
    outer loop
      vertex -100 -4.899999999999999 4
      vertex -100 -7.299999999999999 41.18
      vertex -100 -4.899999999999999 41.18
    endloop
  endfacet
  facet normal 1 0 0
    outer loop
      vertex -98 -7.299999999999999 36.18
      vertex -98 -4.899999999999999 41.18
      vertex -98 -7.299999999999999 41.18
    endloop
  endfacet
  facet normal 0 0 1
    outer loop
      vertex -98 -7.299999999999999 41.18
      vertex -98 -4.899999999999999 41.18
      vertex -100 -4.899999999999999 41.18
    endloop
  endfacet
  facet normal 0 0 1
    outer loop
      vertex -98 -7.299999999999999 41.18
      vertex -100 -4.899999999999999 41.18
      vertex -100 -7.299999999999999 41.18
    endloop
  endfacet
  facet normal 0 1 0
    outer loop
      vertex -100 -4.899999999999999 4
      vertex -100 -4.899999999999999 41.18
      vertex -98 -4.899999999999999 41.18
    endloop
  endfacet
  facet normal 0 -1 0
    outer loop
      vertex -70 -13.399999999999999 4
      vertex -74.03999999999999 -13.399999999999999 5.154359353944898
      vertex -74.22770650821586 -13.399999999999999 5.061792747981941
    endloop
  endfacet
  facet normal 0 -1 0
    outer loop
      vertex -70 -13.399999999999999 4
      vertex -74.22770650821586 -13.399999999999999 5.061792747981941
      vertex -74.42588952783596 -13.399999999999999 4.99451867793749
    endloop
  endfacet
  facet normal 0 -1 0
    outer loop
      vertex -70 -13.399999999999999 4
      vertex -73.86598171358605 -13.399999999999999 5.270634655534024
      vertex -74.03999999999999 -13.399999999999999 5.154359353944898
    endloop
  endfacet
  facet normal 0 -1 0
    outer loop
      vertex -70 -13.399999999999999 4
      vertex -73.70862915010153 -13.399999999999999 5.408629150101524
      vertex -73.86598171358605 -13.399999999999999 5.270634655534024
    endloop
  endfacet
  facet normal 0 -1 0
    outer loop
      vertex -70 -13.399999999999999 4
      vertex -74.42588952783596 -13.399999999999999 4.99451867793749
      vertex -74.63115809244792 -13.399999999999999 4.953688221801904
    endloop
  endfacet
  facet normal 0 -1 0
    outer loop
      vertex -70 -13.399999999999999 4
      vertex -74.63115809244792 -13.399999999999999 4.953688221801904
      vertex -74.84 -13.399999999999999 4.9399999999999995
    endloop
  endfacet
  facet normal 0 -1 0
    outer loop
      vertex -70 -13.399999999999999 4
      vertex -74.84 -13.399999999999999 4.9399999999999995
      vertex -75.04884190755209 -13.399999999999999 4.953688221801904
    endloop
  endfacet
  facet normal 0 -1 0
    outer loop
      vertex -70 -13.399999999999999 4
      vertex -73.57063465553402 -13.399999999999999 5.565981713586047
      vertex -73.70862915010153 -13.399999999999999 5.408629150101524
    endloop
  endfacet
  facet normal 0 -1 0
    outer loop
      vertex -70 -13.399999999999999 4
      vertex -73.4543593539449 -13.399999999999999 5.74
      vertex -73.57063465553402 -13.399999999999999 5.565981713586047
    endloop
  endfacet
  facet normal 0 -1 0
    outer loop
      vertex -70 -13.399999999999999 4
      vertex -73.36179274798194 -13.399999999999999 5.927706508215857
      vertex -73.4543593539449 -13.399999999999999 5.74
    endloop
  endfacet
  facet normal 0 -1 0
    outer loop
      vertex -70 -13.399999999999999 4
      vertex -73.29451867793749 -13.399999999999999 6.125889527835967
      vertex -73.36179274798194 -13.399999999999999 5.927706508215857
    endloop
  endfacet
  facet normal 0 -1 0
    outer loop
      vertex -70 -13.399999999999999 4
      vertex -73.24 -13.399999999999999 6.54
      vertex -73.25368822180191 -13.399999999999999 6.331158092447917
    endloop
  endfacet
  facet normal 0 -1 0
    outer loop
      vertex -70 -13.399999999999999 4
      vertex -73.25368822180191 -13.399999999999999 6.331158092447917
      vertex -73.29451867793749 -13.399999999999999 6.125889527835967
    endloop
  endfacet
  facet normal 1 0 0
    outer loop
      vertex -70 -13.399999999999999 4
      vertex -70 -10.899999999999999 9
      vertex -70 -13.040935987089831 9.34
    endloop
  endfacet
  facet normal 1 0 0
    outer loop
      vertex -70 -13.399999999999999 4
      vertex -70 -10.899999999999999 4
      vertex -70 -10.899999999999999 9
    endloop
  endfacet
  facet normal 1 0 0
    outer loop
      vertex -70 -13.040935987089831 9.34
      vertex -70 -10.899999999999999 9
      vertex -70 -10.899999999999999 9.34
    endloop
  endfacet
  facet normal 0 -1 0
    outer loop
      vertex -70 -13.399999999999999 4
      vertex -73.25368822180191 -13.399999999999999 6.748841907552083
      vertex -73.24 -13.399999999999999 6.54
    endloop
  endfacet
  facet normal 0 -1 0
    outer loop
      vertex -70 -13.399999999999999 4
      vertex -73.29451867793749 -13.399999999999999 6.954110472164033
      vertex -73.25368822180191 -13.399999999999999 6.748841907552083
    endloop
  endfacet
  facet normal 0 -1 0
    outer loop
      vertex -70 -13.399999999999999 4
      vertex -73.36179274798194 -13.399999999999999 7.152293491784143
      vertex -73.29451867793749 -13.399999999999999 6.954110472164033
    endloop
  endfacet
  facet normal 0 -1 0
    outer loop
      vertex -70 -13.399999999999999 4
      vertex -73.4543593539449 -13.399999999999999 7.34
      vertex -73.36179274798194 -13.399999999999999 7.152293491784143
    endloop
  endfacet
  facet normal 0 -1 0
    outer loop
      vertex -70 -13.399999999999999 4
      vertex -94.36 -13.399999999999999 5.154359353944898
      vertex -94.54770650821585 -13.399999999999999 5.061792747981941
    endloop
  endfacet
  facet normal 0 -1 0
    outer loop
      vertex -70 -13.399999999999999 4
      vertex -94.02862915010152 -13.399999999999999 5.408629150101524
      vertex -94.18598171358605 -13.399999999999999 5.270634655534024
    endloop
  endfacet
  facet normal 0 -1 0
    outer loop
      vertex -70 -13.399999999999999 4
      vertex -94.18598171358605 -13.399999999999999 5.270634655534024
      vertex -94.36 -13.399999999999999 5.154359353944898
    endloop
  endfacet
  facet normal 0 -1 0
    outer loop
      vertex -70 -13.399999999999999 4
      vertex -94.74588952783597 -13.399999999999999 4.99451867793749
      vertex -94.95115809244791 -13.399999999999999 4.953688221801904
    endloop
  endfacet
  facet normal 0 -1 0
    outer loop
      vertex -70 -13.399999999999999 4
      vertex -94.54770650821585 -13.399999999999999 5.061792747981941
      vertex -94.74588952783597 -13.399999999999999 4.99451867793749
    endloop
  endfacet
  facet normal 0 -1 0
    outer loop
      vertex -70 -13.399999999999999 4
      vertex -94.95115809244791 -13.399999999999999 4.953688221801904
      vertex -95.16 -13.399999999999999 4.9399999999999995
    endloop
  endfacet
  facet normal 0 -1 0
    outer loop
      vertex -70 -13.399999999999999 4
      vertex -93.68179274798194 -13.399999999999999 5.927706508215857
      vertex -93.7743593539449 -13.399999999999999 5.74
    endloop
  endfacet
  facet normal 0 -1 0
    outer loop
      vertex -70 -13.399999999999999 4
      vertex -93.89063465553403 -13.399999999999999 5.565981713586047
      vertex -94.02862915010152 -13.399999999999999 5.408629150101524
    endloop
  endfacet
  facet normal 0 -1 0
    outer loop
      vertex -70 -13.399999999999999 4
      vertex -93.7743593539449 -13.399999999999999 5.74
      vertex -93.89063465553403 -13.399999999999999 5.565981713586047
    endloop
  endfacet
  facet normal 0 -1 0
    outer loop
      vertex -70 -13.399999999999999 4
      vertex -93.6145186779375 -13.399999999999999 6.125889527835967
      vertex -93.68179274798194 -13.399999999999999 5.927706508215857
    endloop
  endfacet
  facet normal 0 -1 0
    outer loop
      vertex -70 -13.399999999999999 4
      vertex -93.5736882218019 -13.399999999999999 6.331158092447917
      vertex -93.6145186779375 -13.399999999999999 6.125889527835967
    endloop
  endfacet
  facet normal 0 -1 0
    outer loop
      vertex -70 -13.399999999999999 4
      vertex -93.56 -13.399999999999999 6.54
      vertex -93.5736882218019 -13.399999999999999 6.331158092447917
    endloop
  endfacet
  facet normal 0 -1 0
    outer loop
      vertex -70 -13.399999999999999 4
      vertex -95.16 -13.399999999999999 4.9399999999999995
      vertex -100 -13.399999999999999 4
    endloop
  endfacet
  facet normal 0 -1 0
    outer loop
      vertex -70 -13.399999999999999 4
      vertex -75.04884190755209 -13.399999999999999 4.953688221801904
      vertex -100 -13.399999999999999 9.34
    endloop
  endfacet
  facet normal 0 -1 0
    outer loop
      vertex -75.04884190755209 -13.399999999999999 4.953688221801904
      vertex -75.25411047216403 -13.399999999999999 4.99451867793749
      vertex -100 -13.399999999999999 9.34
    endloop
  endfacet
  facet normal 0 -1 0
    outer loop
      vertex -75.25411047216403 -13.399999999999999 4.99451867793749
      vertex -75.45229349178415 -13.399999999999999 5.061792747981941
      vertex -100 -13.399999999999999 9.34
    endloop
  endfacet
  facet normal 0 -1 0
    outer loop
      vertex -75.45229349178415 -13.399999999999999 5.061792747981941
      vertex -75.64 -13.399999999999999 5.154359353944898
      vertex -100 -13.399999999999999 9.34
    endloop
  endfacet
  facet normal 0 -1 0
    outer loop
      vertex -75.64 -13.399999999999999 5.154359353944898
      vertex -75.81401828641395 -13.399999999999999 5.270634655534024
      vertex -100 -13.399999999999999 9.34
    endloop
  endfacet
  facet normal 0 -1 0
    outer loop
      vertex -75.81401828641395 -13.399999999999999 5.270634655534024
      vertex -75.97137084989848 -13.399999999999999 5.408629150101524
      vertex -100 -13.399999999999999 9.34
    endloop
  endfacet
  facet normal 0 -1 0
    outer loop
      vertex -75.97137084989848 -13.399999999999999 5.408629150101524
      vertex -76.10936534446597 -13.399999999999999 5.565981713586047
      vertex -100 -13.399999999999999 9.34
    endloop
  endfacet
  facet normal 0 -1 0
    outer loop
      vertex -76.10936534446597 -13.399999999999999 5.565981713586047
      vertex -76.2256406460551 -13.399999999999999 5.74
      vertex -100 -13.399999999999999 9.34
    endloop
  endfacet
  facet normal 0 -1 0
    outer loop
      vertex -76.2256406460551 -13.399999999999999 5.74
      vertex -76.31820725201806 -13.399999999999999 5.927706508215857
      vertex -100 -13.399999999999999 9.34
    endloop
  endfacet
  facet normal 0 -1 0
    outer loop
      vertex -70 -13.399999999999999 4
      vertex -93.5736882218019 -13.399999999999999 6.748841907552083
      vertex -93.56 -13.399999999999999 6.54
    endloop
  endfacet
  facet normal 0 -1 0
    outer loop
      vertex -70 -13.399999999999999 4
      vertex -93.6145186779375 -13.399999999999999 6.954110472164033
      vertex -93.5736882218019 -13.399999999999999 6.748841907552083
    endloop
  endfacet
  facet normal 0 -1 0
    outer loop
      vertex -70 -13.399999999999999 4
      vertex -93.68179274798194 -13.399999999999999 7.152293491784143
      vertex -93.6145186779375 -13.399999999999999 6.954110472164033
    endloop
  endfacet
  facet normal 0 -1 0
    outer loop
      vertex -70 -13.399999999999999 4
      vertex -93.7743593539449 -13.399999999999999 7.34
      vertex -93.68179274798194 -13.399999999999999 7.152293491784143
    endloop
  endfacet
  facet normal 0 -1 0
    outer loop
      vertex -70 -13.399999999999999 4
      vertex -93.89063465553403 -13.399999999999999 7.514018286413953
      vertex -93.7743593539449 -13.399999999999999 7.34
    endloop
  endfacet
  facet normal 0 -1 0
    outer loop
      vertex -70 -13.399999999999999 4
      vertex -94.02862915010152 -13.399999999999999 7.6713708498984765
      vertex -93.89063465553403 -13.399999999999999 7.514018286413953
    endloop
  endfacet
  facet normal 0 -1 0
    outer loop
      vertex -70 -13.399999999999999 4
      vertex -94.18598171358605 -13.399999999999999 7.809365344465976
      vertex -94.02862915010152 -13.399999999999999 7.6713708498984765
    endloop
  endfacet
  facet normal 0 -1 0
    outer loop
      vertex -70 -13.399999999999999 4
      vertex -94.36 -13.399999999999999 7.925640646055102
      vertex -94.18598171358605 -13.399999999999999 7.809365344465976
    endloop
  endfacet
  facet normal 0 -1 0
    outer loop
      vertex -70 -13.399999999999999 4
      vertex -94.54770650821585 -13.399999999999999 8.018207252018058
      vertex -94.36 -13.399999999999999 7.925640646055102
    endloop
  endfacet
  facet normal 0 -1 0
    outer loop
      vertex -70 -13.399999999999999 4
      vertex -94.74588952783597 -13.399999999999999 8.08548132206251
      vertex -94.54770650821585 -13.399999999999999 8.018207252018058
    endloop
  endfacet
  facet normal 0 -1 0
    outer loop
      vertex -70 -13.399999999999999 4
      vertex -94.95115809244791 -13.399999999999999 8.126311778198097
      vertex -94.74588952783597 -13.399999999999999 8.08548132206251
    endloop
  endfacet
  facet normal 0 -1 0
    outer loop
      vertex -76.31820725201806 -13.399999999999999 5.927706508215857
      vertex -76.3854813220625 -13.399999999999999 6.125889527835967
      vertex -100 -13.399999999999999 9.34
    endloop
  endfacet
  facet normal 0 -1 0
    outer loop
      vertex -76.3854813220625 -13.399999999999999 6.125889527835967
      vertex -76.4263117781981 -13.399999999999999 6.331158092447917
      vertex -100 -13.399999999999999 9.34
    endloop
  endfacet
  facet normal 0 -1 0
    outer loop
      vertex -76.4263117781981 -13.399999999999999 6.331158092447917
      vertex -76.44 -13.399999999999999 6.54
      vertex -100 -13.399999999999999 9.34
    endloop
  endfacet
  facet normal 0 -1 0
    outer loop
      vertex -76.44 -13.399999999999999 6.54
      vertex -76.4263117781981 -13.399999999999999 6.748841907552083
      vertex -100 -13.399999999999999 9.34
    endloop
  endfacet
  facet normal 0 -1 0
    outer loop
      vertex -76.4263117781981 -13.399999999999999 6.748841907552083
      vertex -76.3854813220625 -13.399999999999999 6.954110472164033
      vertex -100 -13.399999999999999 9.34
    endloop
  endfacet
  facet normal 0 -1 0
    outer loop
      vertex -76.3854813220625 -13.399999999999999 6.954110472164033
      vertex -76.31820725201806 -13.399999999999999 7.152293491784143
      vertex -100 -13.399999999999999 9.34
    endloop
  endfacet
  facet normal 0 -1 0
    outer loop
      vertex -76.2256406460551 -13.399999999999999 7.34
      vertex -100 -13.399999999999999 9.34
      vertex -76.31820725201806 -13.399999999999999 7.152293491784143
    endloop
  endfacet
  facet normal 0 -1 0
    outer loop
      vertex -76.10936534446597 -13.399999999999999 7.514018286413953
      vertex -100 -13.399999999999999 9.34
      vertex -76.2256406460551 -13.399999999999999 7.34
    endloop
  endfacet
  facet normal 0 -1 0
    outer loop
      vertex -75.64 -13.399999999999999 7.925640646055102
      vertex -100 -13.399999999999999 9.34
      vertex -75.81401828641395 -13.399999999999999 7.809365344465976
    endloop
  endfacet
  facet normal 0 -1 0
    outer loop
      vertex -75.97137084989848 -13.399999999999999 7.6713708498984765
      vertex -100 -13.399999999999999 9.34
      vertex -76.10936534446597 -13.399999999999999 7.514018286413953
    endloop
  endfacet
  facet normal 0 -1 0
    outer loop
      vertex -75.81401828641395 -13.399999999999999 7.809365344465976
      vertex -100 -13.399999999999999 9.34
      vertex -75.97137084989848 -13.399999999999999 7.6713708498984765
    endloop
  endfacet
  facet normal 0 -1 0
    outer loop
      vertex -70 -13.399999999999999 4
      vertex -100 -13.399999999999999 9.34
      vertex -94.95115809244791 -13.399999999999999 8.126311778198097
    endloop
  endfacet
  facet normal 1 0 0
    outer loop
      vertex -70 -13.040935987089831 9.34
      vertex -70 -10.899999999999999 9.34
      vertex -70 -10.899999999999999 41.18
    endloop
  endfacet
  facet normal 0 -1 0
    outer loop
      vertex -70 -13.399999999999999 4
      vertex -100 -13.399999999999999 47.18
      vertex -73.4543593539449 -13.399999999999999 7.34
    endloop
  endfacet
  facet normal 0 -1 0
    outer loop
      vertex -70 -13.399999999999999 4
      vertex -70 -13.399999999999999 9.34
      vertex -100 -13.399999999999999 48.18
    endloop
  endfacet
  facet normal 0 -1 0
    outer loop
      vertex -73.4543593539449 -13.399999999999999 7.34
      vertex -100 -13.399999999999999 47.18
      vertex -73.57063465553402 -13.399999999999999 7.514018286413953
    endloop
  endfacet
  facet normal 0 -1 0
    outer loop
      vertex -73.57063465553402 -13.399999999999999 7.514018286413953
      vertex -100 -13.399999999999999 47.18
      vertex -73.70862915010153 -13.399999999999999 7.6713708498984765
    endloop
  endfacet
  facet normal 0 -1 0
    outer loop
      vertex -73.70862915010153 -13.399999999999999 7.6713708498984765
      vertex -100 -13.399999999999999 47.18
      vertex -73.86598171358605 -13.399999999999999 7.809365344465976
    endloop
  endfacet
  facet normal 0 -1 0
    outer loop
      vertex -73.86598171358605 -13.399999999999999 7.809365344465976
      vertex -100 -13.399999999999999 47.18
      vertex -74.03999999999999 -13.399999999999999 7.925640646055102
    endloop
  endfacet
  facet normal 0 -1 0
    outer loop
      vertex -74.03999999999999 -13.399999999999999 7.925640646055102
      vertex -100 -13.399999999999999 47.18
      vertex -74.22770650821586 -13.399999999999999 8.018207252018058
    endloop
  endfacet
  facet normal 0 -1 0
    outer loop
      vertex -74.22770650821586 -13.399999999999999 8.018207252018058
      vertex -100 -13.399999999999999 47.18
      vertex -74.42588952783596 -13.399999999999999 8.08548132206251
    endloop
  endfacet
  facet normal 0 -1 0
    outer loop
      vertex -74.42588952783596 -13.399999999999999 8.08548132206251
      vertex -100 -13.399999999999999 47.18
      vertex -74.63115809244792 -13.399999999999999 8.126311778198097
    endloop
  endfacet
  facet normal 0 -1 0
    outer loop
      vertex -74.63115809244792 -13.399999999999999 8.126311778198097
      vertex -100 -13.399999999999999 47.18
      vertex -74.84 -13.399999999999999 8.14
    endloop
  endfacet
  facet normal 0 -1 0
    outer loop
      vertex -74.84 -13.399999999999999 8.14
      vertex -100 -13.399999999999999 47.18
      vertex -75.04884190755209 -13.399999999999999 8.126311778198097
    endloop
  endfacet
  facet normal 0 -1 0
    outer loop
      vertex -75.45229349178415 -13.399999999999999 8.018207252018058
      vertex -100 -13.399999999999999 47.18
      vertex -75.64 -13.399999999999999 7.925640646055102
    endloop
  endfacet
  facet normal 0 -1 0
    outer loop
      vertex -75.04884190755209 -13.399999999999999 8.126311778198097
      vertex -100 -13.399999999999999 47.18
      vertex -75.25411047216403 -13.399999999999999 8.08548132206251
    endloop
  endfacet
  facet normal 0 -1 0
    outer loop
      vertex -75.25411047216403 -13.399999999999999 8.08548132206251
      vertex -100 -13.399999999999999 47.18
      vertex -75.45229349178415 -13.399999999999999 8.018207252018058
    endloop
  endfacet
  facet normal 0 -1 0
    outer loop
      vertex -75.64 -13.399999999999999 7.925640646055102
      vertex -100 -13.399999999999999 47.18
      vertex -100 -13.399999999999999 9.34
    endloop
  endfacet
  facet normal 0 -1 0
    outer loop
      vertex -95.16 -13.399999999999999 4.9399999999999995
      vertex -95.36884190755208 -13.399999999999999 4.953688221801904
      vertex -100 -13.399999999999999 4
    endloop
  endfacet
  facet normal 0 -1 0
    outer loop
      vertex -95.36884190755208 -13.399999999999999 4.953688221801904
      vertex -95.57411047216404 -13.399999999999999 4.99451867793749
      vertex -100 -13.399999999999999 4
    endloop
  endfacet
  facet normal 0 -1 0
    outer loop
      vertex -95.57411047216404 -13.399999999999999 4.99451867793749
      vertex -95.77229349178414 -13.399999999999999 5.061792747981941
      vertex -100 -13.399999999999999 4
    endloop
  endfacet
  facet normal 0 -1 0
    outer loop
      vertex -95.77229349178414 -13.399999999999999 5.061792747981941
      vertex -95.96000000000001 -13.399999999999999 5.154359353944898
      vertex -100 -13.399999999999999 4
    endloop
  endfacet
  facet normal 0 -1 0
    outer loop
      vertex -95.96000000000001 -13.399999999999999 5.154359353944898
      vertex -96.13401828641395 -13.399999999999999 5.270634655534024
      vertex -100 -13.399999999999999 4
    endloop
  endfacet
  facet normal 0 -1 0
    outer loop
      vertex -96.13401828641395 -13.399999999999999 5.270634655534024
      vertex -96.29137084989847 -13.399999999999999 5.408629150101524
      vertex -100 -13.399999999999999 4
    endloop
  endfacet
  facet normal 0 -1 0
    outer loop
      vertex -96.29137084989847 -13.399999999999999 5.408629150101524
      vertex -96.42936534446598 -13.399999999999999 5.565981713586047
      vertex -100 -13.399999999999999 4
    endloop
  endfacet
  facet normal 0 -1 0
    outer loop
      vertex -96.42936534446598 -13.399999999999999 5.565981713586047
      vertex -96.5456406460551 -13.399999999999999 5.74
      vertex -100 -13.399999999999999 4
    endloop
  endfacet
  facet normal 0 -1 0
    outer loop
      vertex -96.5456406460551 -13.399999999999999 5.74
      vertex -96.63820725201806 -13.399999999999999 5.927706508215857
      vertex -100 -13.399999999999999 4
    endloop
  endfacet
  facet normal 0 -1 0
    outer loop
      vertex -96.63820725201806 -13.399999999999999 5.927706508215857
      vertex -96.70548132206251 -13.399999999999999 6.125889527835967
      vertex -100 -13.399999999999999 4
    endloop
  endfacet
  facet normal -1 0 0
    outer loop
      vertex -100 -13.399999999999999 4
      vertex -100 -10.899999999999999 7.151475409836065
      vertex -100 -10.899999999999999 4
    endloop
  endfacet
  facet normal 0 -1 0
    outer loop
      vertex -96.70548132206251 -13.399999999999999 6.125889527835967
      vertex -100 -13.399999999999999 9.34
      vertex -100 -13.399999999999999 4
    endloop
  endfacet
  facet normal 0 -1 0
    outer loop
      vertex -96.70548132206251 -13.399999999999999 6.125889527835967
      vertex -96.74631177819809 -13.399999999999999 6.331158092447917
      vertex -100 -13.399999999999999 9.34
    endloop
  endfacet
  facet normal 0 -1 0
    outer loop
      vertex -96.74631177819809 -13.399999999999999 6.331158092447917
      vertex -96.76 -13.399999999999999 6.54
      vertex -100 -13.399999999999999 9.34
    endloop
  endfacet
  facet normal 0 -1 0
    outer loop
      vertex -96.76 -13.399999999999999 6.54
      vertex -96.74631177819809 -13.399999999999999 6.748841907552083
      vertex -100 -13.399999999999999 9.34
    endloop
  endfacet
  facet normal 0 -1 0
    outer loop
      vertex -96.74631177819809 -13.399999999999999 6.748841907552083
      vertex -96.70548132206251 -13.399999999999999 6.954110472164033
      vertex -100 -13.399999999999999 9.34
    endloop
  endfacet
  facet normal 0 -1 0
    outer loop
      vertex -96.63820725201806 -13.399999999999999 7.152293491784143
      vertex -96.5456406460551 -13.399999999999999 7.34
      vertex -100 -13.399999999999999 9.34
    endloop
  endfacet
  facet normal 0 -1 0
    outer loop
      vertex -96.42936534446598 -13.399999999999999 7.514018286413953
      vertex -100 -13.399999999999999 9.34
      vertex -96.5456406460551 -13.399999999999999 7.34
    endloop
  endfacet
  facet normal 0 -1 0
    outer loop
      vertex -96.70548132206251 -13.399999999999999 6.954110472164033
      vertex -96.63820725201806 -13.399999999999999 7.152293491784143
      vertex -100 -13.399999999999999 9.34
    endloop
  endfacet
  facet normal 0 -1 0
    outer loop
      vertex -96.42936534446598 -13.399999999999999 7.514018286413953
      vertex -96.29137084989847 -13.399999999999999 7.6713708498984765
      vertex -100 -13.399999999999999 9.34
    endloop
  endfacet
  facet normal 0 -1 0
    outer loop
      vertex -96.13401828641395 -13.399999999999999 7.809365344465976
      vertex -100 -13.399999999999999 9.34
      vertex -96.29137084989847 -13.399999999999999 7.6713708498984765
    endloop
  endfacet
  facet normal 0 -1 0
    outer loop
      vertex -95.77229349178414 -13.399999999999999 8.018207252018058
      vertex -100 -13.399999999999999 9.34
      vertex -95.96000000000001 -13.399999999999999 7.925640646055102
    endloop
  endfacet
  facet normal 0 -1 0
    outer loop
      vertex -95.96000000000001 -13.399999999999999 7.925640646055102
      vertex -100 -13.399999999999999 9.34
      vertex -96.13401828641395 -13.399999999999999 7.809365344465976
    endloop
  endfacet
  facet normal -1 0 0
    outer loop
      vertex -100 -13.399999999999999 4
      vertex -100 -13.399999999999999 9.34
      vertex -100 -10.899999999999999 7.151475409836065
    endloop
  endfacet
  facet normal 0 -1 0
    outer loop
      vertex -94.95115809244791 -13.399999999999999 8.126311778198097
      vertex -100 -13.399999999999999 9.34
      vertex -95.16 -13.399999999999999 8.14
    endloop
  endfacet
  facet normal 0 -1 0
    outer loop
      vertex -95.36884190755208 -13.399999999999999 8.126311778198097
      vertex -100 -13.399999999999999 9.34
      vertex -95.57411047216404 -13.399999999999999 8.08548132206251
    endloop
  endfacet
  facet normal 0 -1 0
    outer loop
      vertex -95.16 -13.399999999999999 8.14
      vertex -100 -13.399999999999999 9.34
      vertex -95.36884190755208 -13.399999999999999 8.126311778198097
    endloop
  endfacet
  facet normal 0 -1 0
    outer loop
      vertex -95.57411047216404 -13.399999999999999 8.08548132206251
      vertex -100 -13.399999999999999 9.34
      vertex -95.77229349178414 -13.399999999999999 8.018207252018058
    endloop
  endfacet
  facet normal 0 -1 0
    outer loop
      vertex -70 -13.399999999999999 9.34
      vertex -70 -13.399999999999999 27.258868568641795
      vertex -100 -13.399999999999999 48.18
    endloop
  endfacet
  facet normal 0 -1 0
    outer loop
      vertex -70 -13.399999999999999 4
      vertex -100 -13.399999999999999 48.18
      vertex -100 -13.399999999999999 47.18
    endloop
  endfacet
  facet normal 0 -1 0
    outer loop
      vertex -70 -13.399999999999999 27.258868568641795
      vertex -70 -13.399999999999999 47.18
      vertex -100 -13.399999999999999 48.18
    endloop
  endfacet
  facet normal -1 0 0
    outer loop
      vertex -100 -10.899999999999999 9.34
      vertex -100 -13.283630425492948 46.3562560283255
      vertex -100 -10.899999999999999 41.18
    endloop
  endfacet
  facet normal -1 0 0
    outer loop
      vertex -100 -10.899999999999999 41.18
      vertex -100 -13.283630425492948 46.3562560283255
      vertex -100 -13.33619193466054 47.18
    endloop
  endfacet
  facet normal 0 1 0
    outer loop
      vertex -77.2 -10.899999999999999 4
      vertex -92.8 -10.899999999999999 4
      vertex -77.2 -10.899999999999999 9.34
    endloop
  endfacet
  facet normal 0 1 0
    outer loop
      vertex -77.2 -10.899999999999999 9.34
      vertex -92.8 -10.899999999999999 4
      vertex -92.8 -10.899999999999999 9.34
    endloop
  endfacet
  facet normal 0 1 0
    outer loop
      vertex -75.4 -10.899999999999999 9.34
      vertex -77.2 -10.899999999999999 9.34
      vertex -75.4 -10.899999999999999 36.18
    endloop
  endfacet
  facet normal 0 1 0
    outer loop
      vertex -77.2 -10.899999999999999 9.34
      vertex -92.8 -10.899999999999999 9.34
      vertex -75.4 -10.899999999999999 36.18
    endloop
  endfacet
  facet normal 0 1 0
    outer loop
      vertex -75.4 -10.899999999999999 36.18
      vertex -92.8 -10.899999999999999 9.34
      vertex -94.6 -10.899999999999999 9.34
    endloop
  endfacet
  facet normal 0 1 0
    outer loop
      vertex -75.4 -10.899999999999999 36.18
      vertex -94.6 -10.899999999999999 9.34
      vertex -72 -10.899999999999999 47.18
    endloop
  endfacet
  facet normal 0 1 0
    outer loop
      vertex -72 -10.899999999999999 47.18
      vertex -94.6 -10.899999999999999 9.34
      vertex -94.6 -10.899999999999999 36.18
    endloop
  endfacet
  facet normal 0 1 0
    outer loop
      vertex -72 -10.899999999999999 36.18
      vertex -75.4 -10.899999999999999 36.18
      vertex -72 -10.899999999999999 47.18
    endloop
  endfacet
  facet normal 0 1 0
    outer loop
      vertex -70 -10.899999999999999 48.18
      vertex -72 -10.899999999999999 47.18
      vertex -94.6 -10.899999999999999 36.18
    endloop
  endfacet
  facet normal 0 1 0
    outer loop
      vertex -70 -10.899999999999999 48.18
      vertex -94.6 -10.899999999999999 36.18
      vertex -98 -10.899999999999999 47.18
    endloop
  endfacet
  facet normal 0 1 0
    outer loop
      vertex -94.6 -10.899999999999999 36.18
      vertex -98 -10.899999999999999 36.18
      vertex -98 -10.899999999999999 47.18
    endloop
  endfacet
  facet normal 1 0 0
    outer loop
      vertex -70 -13.399999999999999 47.18
      vertex -70 -10.899999999999999 47.18
      vertex -70 -13.399999999999999 48.18
    endloop
  endfacet
  facet normal 1 0 0
    outer loop
      vertex -70 -13.399999999999999 48.18
      vertex -70 -10.899999999999999 47.18
      vertex -70 -10.899999999999999 48.18
    endloop
  endfacet
  facet normal 0 -1 0
    outer loop
      vertex -70 -13.399999999999999 47.18
      vertex -70 -13.399999999999999 48.18
      vertex -100 -13.399999999999999 48.18
    endloop
  endfacet
  facet normal 0 0 1
    outer loop
      vertex -70 -13.399999999999999 48.18
      vertex -70 -10.899999999999999 48.18
      vertex -100 -13.399999999999999 48.18
    endloop
  endfacet
  facet normal 0 0 1
    outer loop
      vertex -70 -10.899999999999999 48.18
      vertex -100 -10.899999999999999 48.18
      vertex -100 -13.399999999999999 48.18
    endloop
  endfacet
  facet normal -1 0 0
    outer loop
      vertex -100 -13.399999999999999 47.18
      vertex -100 -13.399999999999999 48.18
      vertex -100 -13.33619193466054 47.18
    endloop
  endfacet
  facet normal -1 0 0
    outer loop
      vertex -100 -13.33619193466054 47.18
      vertex -100 -13.399999999999999 48.18
      vertex -100 -13.042857142857141 47.18
    endloop
  endfacet
  facet normal -1 0 0
    outer loop
      vertex -100 -10.899999999999999 41.18
      vertex -100 -13.33619193466054 47.18
      vertex -100 -13.042857142857141 47.18
    endloop
  endfacet
  facet normal -1 0 0
    outer loop
      vertex -100 -13.042857142857141 47.18
      vertex -100 -10.899999999999999 48.18
      vertex -100 -10.899999999999999 47.18
    endloop
  endfacet
  facet normal -1 0 0
    outer loop
      vertex -100 -13.042857142857141 47.18
      vertex -100 -13.399999999999999 48.18
      vertex -100 -10.899999999999999 48.18
    endloop
  endfacet
  facet normal 0 1 0
    outer loop
      vertex -70 -10.899999999999999 47.18
      vertex -72 -10.899999999999999 47.18
      vertex -70 -10.899999999999999 48.18
    endloop
  endfacet
  facet normal 0 1 0
    outer loop
      vertex -70 -10.899999999999999 48.18
      vertex -98 -10.899999999999999 47.18
      vertex -100 -10.899999999999999 47.18
    endloop
  endfacet
  facet normal 0 1 0
    outer loop
      vertex -70 -10.899999999999999 48.18
      vertex -100 -10.899999999999999 47.18
      vertex -100 -10.899999999999999 48.18
    endloop
  endfacet
  facet normal 1 0 0
    outer loop
      vertex -70 -13.399999999999999 9.34
      vertex -70 -13.040935987089831 9.34
      vertex -70 -10.899999999999999 41.18
    endloop
  endfacet
  facet normal 1 0 0
    outer loop
      vertex -70 -13.399999999999999 9.34
      vertex -70 -10.899999999999999 41.18
      vertex -70 -13.399999999999999 27.258868568641795
    endloop
  endfacet
  facet normal 1 0 0
    outer loop
      vertex -70 -13.399999999999999 27.258868568641795
      vertex -70 -10.899999999999999 41.18
      vertex -70 -13.399999999999999 47.18
    endloop
  endfacet
  facet normal 1 0 0
    outer loop
      vertex -70 -10.899999999999999 9.34
      vertex -70 -7.299999999999999 9.34
      vertex -70 -10.899999999999999 41.18
    endloop
  endfacet
  facet normal -1 0 0
    outer loop
      vertex -75.4 -10.899999999999999 9.34
      vertex -75.4 -7.299999999999999 36.18
      vertex -75.4 -7.299999999999999 9.34
    endloop
  endfacet
  facet normal 0 1 0
    outer loop
      vertex -72 -7.299999999999999 9.34
      vertex -75.4 -7.299999999999999 9.34
      vertex -72 -7.299999999999999 36.18
    endloop
  endfacet
  facet normal -1 0 0
    outer loop
      vertex -75.4 -10.899999999999999 9.34
      vertex -75.4 -10.899999999999999 36.18
      vertex -75.4 -7.299999999999999 36.18
    endloop
  endfacet
  facet normal 1 0 0
    outer loop
      vertex -70 -7.299999999999999 9.34
      vertex -70 -7.299999999999999 41.18
      vertex -70 -10.899999999999999 41.18
    endloop
  endfacet
  facet normal 0 1 0
    outer loop
      vertex -75.4 -7.299999999999999 9.34
      vertex -75.4 -7.299999999999999 36.18
      vertex -72 -7.299999999999999 36.18
    endloop
  endfacet
  facet normal 1 0 0
    outer loop
      vertex -70 -10.899999999999999 41.18
      vertex -70 -7.299999999999999 41.18
      vertex -70 -7.299999999999999 47.18
    endloop
  endfacet
  facet normal 0 1 0
    outer loop
      vertex -70 -7.299999999999999 41.18
      vertex -72 -7.299999999999999 41.18
      vertex -72 -7.299999999999999 47.18
    endloop
  endfacet
  facet normal 1 0 0
    outer loop
      vertex -70 -10.899999999999999 41.18
      vertex -70 -10.899999999999999 47.18
      vertex -70 -13.399999999999999 47.18
    endloop
  endfacet
  facet normal 1 0 0
    outer loop
      vertex -70 -10.899999999999999 41.18
      vertex -70 -7.299999999999999 47.18
      vertex -70 -10.899999999999999 47.18
    endloop
  endfacet
  facet normal 0 0 1
    outer loop
      vertex -70 -10.899999999999999 47.18
      vertex -70 -7.299999999999999 47.18
      vertex -72 -10.899999999999999 47.18
    endloop
  endfacet
  facet normal 0 0 1
    outer loop
      vertex -70 -7.299999999999999 47.18
      vertex -72 -7.299999999999999 47.18
      vertex -72 -10.899999999999999 47.18
    endloop
  endfacet
  facet normal 0 1 0
    outer loop
      vertex -70 -7.299999999999999 41.18
      vertex -72 -7.299999999999999 47.18
      vertex -70 -7.299999999999999 47.18
    endloop
  endfacet
  facet normal -1 0 0
    outer loop
      vertex -100 -13.399999999999999 9.34
      vertex -100 -13.283630425492948 46.3562560283255
      vertex -100 -10.899999999999999 9.34
    endloop
  endfacet
  facet normal -1 0 0
    outer loop
      vertex -100 -13.399999999999999 9.34
      vertex -100 -13.399999999999999 47.18
      vertex -100 -13.283630425492948 46.3562560283255
    endloop
  endfacet
  facet normal 1 0 0
    outer loop
      vertex -94.6 -10.899999999999999 9.34
      vertex -94.6 -7.299999999999999 9.34
      vertex -94.6 -10.899999999999999 36.18
    endloop
  endfacet
  facet normal -1 0 0
    outer loop
      vertex -100 -7.530312837108953 5.630312837108954
      vertex -100 -7.299999999999999 9.34
      vertex -100 -7.299999999999999 5.4
    endloop
  endfacet
  facet normal -1 0 0
    outer loop
      vertex -100 -7.530312837108953 5.630312837108954
      vertex -100 -8.05437702640111 9.34
      vertex -100 -7.299999999999999 9.34
    endloop
  endfacet
  facet normal -1 0 0
    outer loop
      vertex -100 -10.899999999999999 9.34
      vertex -100 -7.299999999999999 47.18
      vertex -100 -8.05437702640111 9.34
    endloop
  endfacet
  facet normal 0 1 0
    outer loop
      vertex -94.6 -7.299999999999999 9.34
      vertex -98 -7.299999999999999 9.34
      vertex -98 -7.299999999999999 36.18
    endloop
  endfacet
  facet normal -1 0 0
    outer loop
      vertex -100 -8.05437702640111 9.34
      vertex -100 -7.299999999999999 41.18
      vertex -100 -7.299999999999999 9.34
    endloop
  endfacet
  facet normal 1 0 0
    outer loop
      vertex -94.6 -7.299999999999999 9.34
      vertex -94.6 -7.299999999999999 36.18
      vertex -94.6 -10.899999999999999 36.18
    endloop
  endfacet
  facet normal -1 0 0
    outer loop
      vertex -100 -10.899999999999999 9.34
      vertex -100 -10.899999999999999 41.18
      vertex -100 -7.299999999999999 47.18
    endloop
  endfacet
  facet normal 0 1 0
    outer loop
      vertex -94.6 -7.299999999999999 9.34
      vertex -98 -7.299999999999999 36.18
      vertex -94.6 -7.299999999999999 36.18
    endloop
  endfacet
  facet normal -1 0 0
    outer loop
      vertex -100 -8.05437702640111 9.34
      vertex -100 -7.299999999999999 47.18
      vertex -100 -7.299999999999999 41.18
    endloop
  endfacet
  facet normal 0 1 0
    outer loop
      vertex -98 -7.299999999999999 41.18
      vertex -100 -7.299999999999999 41.18
      vertex -100 -7.299999999999999 47.18
    endloop
  endfacet
  facet normal -1 0 0
    outer loop
      vertex -100 -13.283630425492948 46.3562560283255
      vertex -100 -13.399999999999999 47.18
      vertex -100 -13.33619193466054 47.18
    endloop
  endfacet
  facet normal -1 0 0
    outer loop
      vertex -100 -10.899999999999999 41.18
      vertex -100 -13.042857142857141 47.18
      vertex -100 -10.899999999999999 47.18
    endloop
  endfacet
  facet normal 0 0 1
    outer loop
      vertex -98 -10.899999999999999 47.18
      vertex -98 -7.299999999999999 47.18
      vertex -100 -10.899999999999999 47.18
    endloop
  endfacet
  facet normal -1 0 0
    outer loop
      vertex -100 -10.899999999999999 41.18
      vertex -100 -10.899999999999999 47.18
      vertex -100 -7.299999999999999 47.18
    endloop
  endfacet
  facet normal 0 0 1
    outer loop
      vertex -98 -7.299999999999999 47.18
      vertex -100 -7.299999999999999 47.18
      vertex -100 -10.899999999999999 47.18
    endloop
  endfacet
  facet normal 0 1 0
    outer loop
      vertex -98 -7.299999999999999 41.18
      vertex -100 -7.299999999999999 47.18
      vertex -98 -7.299999999999999 47.18
    endloop
  endfacet
  facet normal 1 0 0
    outer loop
      vertex -70 -13.399999999999999 4
      vertex -70 -13.040935987089831 9.34
      vertex -70 -13.399999999999999 9.34
    endloop
  endfacet
  facet normal 1 0 0
    outer loop
      vertex -70 -10.845628997867802 9.291609808102345
      vertex -70 -7.299999999999999 5.49793964216426
      vertex -70 -7.299999999999999 9.34
    endloop
  endfacet
  facet normal 1 0 0
    outer loop
      vertex -70 -10.845628997867802 9.291609808102345
      vertex -70 -7.299999999999999 9.34
      vertex -70 -10.899999999999999 9.34
    endloop
  endfacet
  facet normal -1 0 0
    outer loop
      vertex -77.2 -10.899999999999999 4
      vertex -77.2 -10.899999999999999 9.34
      vertex -77.2 -7.299999999999999 9.34
    endloop
  endfacet
  facet normal -1 0 0
    outer loop
      vertex -77.2 -10.899999999999999 4
      vertex -77.2 -7.299999999999999 9.34
      vertex -77.2 -7.299999999999999 4
    endloop
  endfacet
  facet normal 0 0 1
    outer loop
      vertex -75.4 -10.899999999999999 9.34
      vertex -75.4 -7.299999999999999 9.34
      vertex -77.2 -10.899999999999999 9.34
    endloop
  endfacet
  facet normal 0 0 1
    outer loop
      vertex -75.4 -7.299999999999999 9.34
      vertex -77.2 -7.299999999999999 9.34
      vertex -77.2 -10.899999999999999 9.34
    endloop
  endfacet
  facet normal 0 1 0
    outer loop
      vertex -72 -7.299999999999999 4
      vertex -74.10948628518953 -7.299999999999999 5.587975991650518
      vertex -73.99147186257615 -7.299999999999999 5.691471862576143
    endloop
  endfacet
  facet normal 0 1 0
    outer loop
      vertex -72 -7.299999999999999 4
      vertex -73.99147186257615 -7.299999999999999 5.691471862576143
      vertex -73.88797599165052 -7.299999999999999 5.809486285189536
    endloop
  endfacet
  facet normal 0 1 0
    outer loop
      vertex -72 -7.299999999999999 4
      vertex -73.88797599165052 -7.299999999999999 5.809486285189536
      vertex -73.80076951545867 -7.299999999999999 5.94
    endloop
  endfacet
  facet normal 0 1 0
    outer loop
      vertex -72 -7.299999999999999 4
      vertex -73.73134456098646 -7.299999999999999 6.0807798811618925
      vertex -73.68088900845312 -7.299999999999999 6.229417145876975
    endloop
  endfacet
  facet normal 0 1 0
    outer loop
      vertex -72 -7.299999999999999 4
      vertex -73.80076951545867 -7.299999999999999 5.94
      vertex -73.73134456098646 -7.299999999999999 6.0807798811618925
    endloop
  endfacet
  facet normal 0 1 0
    outer loop
      vertex -72 -7.299999999999999 4
      vertex -73.68088900845312 -7.299999999999999 6.229417145876975
      vertex -73.65026616635143 -7.299999999999999 6.383368569335938
    endloop
  endfacet
  facet normal 0 1 0
    outer loop
      vertex -72 -7.299999999999999 4
      vertex -74.68336856933594 -7.299999999999999 5.350266166351428
      vertex -74.52941714587698 -7.299999999999999 5.380889008453118
    endloop
  endfacet
  facet normal 0 1 0
    outer loop
      vertex -72 -7.299999999999999 4
      vertex -74.84 -7.299999999999999 5.34
      vertex -74.68336856933594 -7.299999999999999 5.350266166351428
    endloop
  endfacet
  facet normal 0 1 0
    outer loop
      vertex -72 -7.299999999999999 4
      vertex -74.99663143066407 -7.299999999999999 5.350266166351428
      vertex -74.84 -7.299999999999999 5.34
    endloop
  endfacet
  facet normal 0 1 0
    outer loop
      vertex -72 -7.299999999999999 4
      vertex -75.15058285412303 -7.299999999999999 5.380889008453118
      vertex -74.99663143066407 -7.299999999999999 5.350266166351428
    endloop
  endfacet
  facet normal 0 1 0
    outer loop
      vertex -72 -7.299999999999999 4
      vertex -77.2 -7.299999999999999 4
      vertex -75.15058285412303 -7.299999999999999 5.380889008453118
    endloop
  endfacet
  facet normal 0 1 0
    outer loop
      vertex -72 -7.299999999999999 4
      vertex -74.38077988116189 -7.299999999999999 5.431344560986456
      vertex -74.24 -7.299999999999999 5.500769515458674
    endloop
  endfacet
  facet normal 0 1 0
    outer loop
      vertex -72 -7.299999999999999 4
      vertex -74.52941714587698 -7.299999999999999 5.380889008453118
      vertex -74.38077988116189 -7.299999999999999 5.431344560986456
    endloop
  endfacet
  facet normal 0 1 0
    outer loop
      vertex -72 -7.299999999999999 4
      vertex -74.24 -7.299999999999999 5.500769515458674
      vertex -74.10948628518953 -7.299999999999999 5.587975991650518
    endloop
  endfacet
  facet normal 0 1 0
    outer loop
      vertex -75.15058285412303 -7.299999999999999 5.380889008453118
      vertex -77.2 -7.299999999999999 4
      vertex -75.29922011883811 -7.299999999999999 5.431344560986456
    endloop
  endfacet
  facet normal 0 1 0
    outer loop
      vertex -75.29922011883811 -7.299999999999999 5.431344560986456
      vertex -77.2 -7.299999999999999 4
      vertex -75.44 -7.299999999999999 5.500769515458674
    endloop
  endfacet
  facet normal 0 1 0
    outer loop
      vertex -75.44 -7.299999999999999 5.500769515458674
      vertex -77.2 -7.299999999999999 4
      vertex -75.57051371481046 -7.299999999999999 5.587975991650518
    endloop
  endfacet
  facet normal 0 1 0
    outer loop
      vertex -75.57051371481046 -7.299999999999999 5.587975991650518
      vertex -77.2 -7.299999999999999 4
      vertex -75.68852813742386 -7.299999999999999 5.691471862576143
    endloop
  endfacet
  facet normal 0 1 0
    outer loop
      vertex -75.68852813742386 -7.299999999999999 5.691471862576143
      vertex -77.2 -7.299999999999999 4
      vertex -75.79202400834949 -7.299999999999999 5.809486285189536
    endloop
  endfacet
  facet normal 0 1 0
    outer loop
      vertex -75.79202400834949 -7.299999999999999 5.809486285189536
      vertex -77.2 -7.299999999999999 4
      vertex -75.87923048454132 -7.299999999999999 5.94
    endloop
  endfacet
  facet normal 0 1 0
    outer loop
      vertex -75.87923048454132 -7.299999999999999 5.94
      vertex -77.2 -7.299999999999999 4
      vertex -75.94865543901355 -7.299999999999999 6.0807798811618925
    endloop
  endfacet
  facet normal 0 1 0
    outer loop
      vertex -75.94865543901355 -7.299999999999999 6.0807798811618925
      vertex -77.2 -7.299999999999999 4
      vertex -75.99911099154689 -7.299999999999999 6.229417145876975
    endloop
  endfacet
  facet normal 0 1 0
    outer loop
      vertex -75.99911099154689 -7.299999999999999 6.229417145876975
      vertex -77.2 -7.299999999999999 4
      vertex -76.02973383364858 -7.299999999999999 6.383368569335938
    endloop
  endfacet
  facet normal 0 1 0
    outer loop
      vertex -72 -7.299999999999999 4
      vertex -73.65026616635143 -7.299999999999999 6.383368569335938
      vertex -73.64 -7.299999999999999 6.54
    endloop
  endfacet
  facet normal 0 1 0
    outer loop
      vertex -72 -7.299999999999999 4
      vertex -73.64 -7.299999999999999 6.54
      vertex -73.65026616635143 -7.299999999999999 6.696631430664062
    endloop
  endfacet
  facet normal 0 1 0
    outer loop
      vertex -72 -7.299999999999999 4
      vertex -73.65026616635143 -7.299999999999999 6.696631430664062
      vertex -73.68088900845312 -7.299999999999999 6.850582854123025
    endloop
  endfacet
  facet normal 0 1 0
    outer loop
      vertex -72 -7.299999999999999 4
      vertex -73.68088900845312 -7.299999999999999 6.850582854123025
      vertex -72 -7.299999999999999 9.34
    endloop
  endfacet
  facet normal 0 1 0
    outer loop
      vertex -73.68088900845312 -7.299999999999999 6.850582854123025
      vertex -73.73134456098646 -7.299999999999999 6.999220118838108
      vertex -72 -7.299999999999999 9.34
    endloop
  endfacet
  facet normal 0 1 0
    outer loop
      vertex -73.73134456098646 -7.299999999999999 6.999220118838108
      vertex -73.80076951545867 -7.299999999999999 7.14
      vertex -72 -7.299999999999999 9.34
    endloop
  endfacet
  facet normal 0 1 0
    outer loop
      vertex -72 -7.299999999999999 9.34
      vertex -73.80076951545867 -7.299999999999999 7.14
      vertex -73.88797599165052 -7.299999999999999 7.270513714810464
    endloop
  endfacet
  facet normal 0 1 0
    outer loop
      vertex -72 -7.299999999999999 9.34
      vertex -73.88797599165052 -7.299999999999999 7.270513714810464
      vertex -73.99147186257615 -7.299999999999999 7.388528137423857
    endloop
  endfacet
  facet normal 0 1 0
    outer loop
      vertex -72 -7.299999999999999 9.34
      vertex -73.99147186257615 -7.299999999999999 7.388528137423857
      vertex -74.10948628518953 -7.299999999999999 7.492024008349482
    endloop
  endfacet
  facet normal 0 1 0
    outer loop
      vertex -72 -7.299999999999999 9.34
      vertex -74.10948628518953 -7.299999999999999 7.492024008349482
      vertex -74.24 -7.299999999999999 7.579230484541326
    endloop
  endfacet
  facet normal 0 1 0
    outer loop
      vertex -74.24 -7.299999999999999 7.579230484541326
      vertex -74.38077988116189 -7.299999999999999 7.648655439013544
      vertex -75.4 -7.299999999999999 9.34
    endloop
  endfacet
  facet normal 0 1 0
    outer loop
      vertex -74.38077988116189 -7.299999999999999 7.648655439013544
      vertex -74.52941714587698 -7.299999999999999 7.699110991546882
      vertex -75.4 -7.299999999999999 9.34
    endloop
  endfacet
  facet normal 0 1 0
    outer loop
      vertex -74.52941714587698 -7.299999999999999 7.699110991546882
      vertex -74.68336856933594 -7.299999999999999 7.729733833648572
      vertex -75.4 -7.299999999999999 9.34
    endloop
  endfacet
  facet normal 0 1 0
    outer loop
      vertex -74.99663143066407 -7.299999999999999 7.729733833648572
      vertex -75.15058285412303 -7.299999999999999 7.699110991546882
      vertex -75.4 -7.299999999999999 9.34
    endloop
  endfacet
  facet normal 0 1 0
    outer loop
      vertex -75.15058285412303 -7.299999999999999 7.699110991546882
      vertex -75.29922011883811 -7.299999999999999 7.648655439013544
      vertex -75.4 -7.299999999999999 9.34
    endloop
  endfacet
  facet normal 0 1 0
    outer loop
      vertex -75.29922011883811 -7.299999999999999 7.648655439013544
      vertex -75.44 -7.299999999999999 7.579230484541326
      vertex -75.4 -7.299999999999999 9.34
    endloop
  endfacet
  facet normal 0 1 0
    outer loop
      vertex -74.68336856933594 -7.299999999999999 7.729733833648572
      vertex -74.84 -7.299999999999999 7.74
      vertex -75.4 -7.299999999999999 9.34
    endloop
  endfacet
  facet normal 0 1 0
    outer loop
      vertex -74.84 -7.299999999999999 7.74
      vertex -74.99663143066407 -7.299999999999999 7.729733833648572
      vertex -75.4 -7.299999999999999 9.34
    endloop
  endfacet
  facet normal 0 1 0
    outer loop
      vertex -75.99911099154689 -7.299999999999999 6.850582854123025
      vertex -77.2 -7.299999999999999 4
      vertex -75.94865543901355 -7.299999999999999 6.999220118838108
    endloop
  endfacet
  facet normal 0 1 0
    outer loop
      vertex -77.2 -7.299999999999999 4
      vertex -76.03999999999999 -7.299999999999999 6.54
      vertex -76.02973383364858 -7.299999999999999 6.383368569335938
    endloop
  endfacet
  facet normal 0 1 0
    outer loop
      vertex -77.2 -7.299999999999999 4
      vertex -76.02973383364858 -7.299999999999999 6.696631430664062
      vertex -76.03999999999999 -7.299999999999999 6.54
    endloop
  endfacet
  facet normal 0 1 0
    outer loop
      vertex -75.99911099154689 -7.299999999999999 6.850582854123025
      vertex -76.02973383364858 -7.299999999999999 6.696631430664062
      vertex -77.2 -7.299999999999999 4
    endloop
  endfacet
  facet normal 0 1 0
    outer loop
      vertex -75.94865543901355 -7.299999999999999 6.999220118838108
      vertex -77.2 -7.299999999999999 4
      vertex -75.4 -7.299999999999999 9.34
    endloop
  endfacet
  facet normal 0 1 0
    outer loop
      vertex -75.4 -7.299999999999999 9.34
      vertex -77.2 -7.299999999999999 4
      vertex -77.2 -7.299999999999999 9.34
    endloop
  endfacet
  facet normal 0 1 0
    outer loop
      vertex -75.87923048454132 -7.299999999999999 7.14
      vertex -75.94865543901355 -7.299999999999999 6.999220118838108
      vertex -75.4 -7.299999999999999 9.34
    endloop
  endfacet
  facet normal 0 1 0
    outer loop
      vertex -75.57051371481046 -7.299999999999999 7.492024008349482
      vertex -75.68852813742386 -7.299999999999999 7.388528137423857
      vertex -75.4 -7.299999999999999 9.34
    endloop
  endfacet
  facet normal 0 1 0
    outer loop
      vertex -75.68852813742386 -7.299999999999999 7.388528137423857
      vertex -75.79202400834949 -7.299999999999999 7.270513714810464
      vertex -75.4 -7.299999999999999 9.34
    endloop
  endfacet
  facet normal 0 1 0
    outer loop
      vertex -75.87923048454132 -7.299999999999999 7.14
      vertex -75.4 -7.299999999999999 9.34
      vertex -75.79202400834949 -7.299999999999999 7.270513714810464
    endloop
  endfacet
  facet normal 0 1 0
    outer loop
      vertex -75.57051371481046 -7.299999999999999 7.492024008349482
      vertex -75.4 -7.299999999999999 9.34
      vertex -75.44 -7.299999999999999 7.579230484541326
    endloop
  endfacet
  facet normal 0 1 0
    outer loop
      vertex -72 -7.299999999999999 9.34
      vertex -74.24 -7.299999999999999 7.579230484541326
      vertex -75.4 -7.299999999999999 9.34
    endloop
  endfacet
  facet normal -1 0 0
    outer loop
      vertex -100 -13.399999999999999 9.34
      vertex -100 -10.899999999999999 9
      vertex -100 -10.899999999999999 7.151475409836065
    endloop
  endfacet
  facet normal -1 0 0
    outer loop
      vertex -100 -13.399999999999999 9.34
      vertex -100 -10.899999999999999 9.34
      vertex -100 -10.899999999999999 9
    endloop
  endfacet
  facet normal 1 0 0
    outer loop
      vertex -92.8 -10.899999999999999 4
      vertex -92.8 -7.299999999999999 4
      vertex -92.8 -10.899999999999999 9.34
    endloop
  endfacet
  facet normal 1 0 0
    outer loop
      vertex -92.8 -10.899999999999999 9.34
      vertex -92.8 -7.299999999999999 4
      vertex -92.8 -7.299999999999999 9.34
    endloop
  endfacet
  facet normal 0 0 1
    outer loop
      vertex -92.8 -10.899999999999999 9.34
      vertex -92.8 -7.299999999999999 9.34
      vertex -94.6 -10.899999999999999 9.34
    endloop
  endfacet
  facet normal 0 0 1
    outer loop
      vertex -92.8 -7.299999999999999 9.34
      vertex -94.6 -7.299999999999999 9.34
      vertex -94.6 -10.899999999999999 9.34
    endloop
  endfacet
  facet normal 0 1 0
    outer loop
      vertex -92.8 -7.299999999999999 4
      vertex -95.00336856933593 -7.299999999999999 5.350266166351428
      vertex -94.84941714587697 -7.299999999999999 5.380889008453118
    endloop
  endfacet
  facet normal 0 1 0
    outer loop
      vertex -92.8 -7.299999999999999 4
      vertex -95.16 -7.299999999999999 5.34
      vertex -95.00336856933593 -7.299999999999999 5.350266166351428
    endloop
  endfacet
  facet normal 0 1 0
    outer loop
      vertex -92.8 -7.299999999999999 4
      vertex -95.31663143066406 -7.299999999999999 5.350266166351428
      vertex -95.16 -7.299999999999999 5.34
    endloop
  endfacet
  facet normal 0 1 0
    outer loop
      vertex -92.8 -7.299999999999999 4
      vertex -95.47058285412302 -7.299999999999999 5.380889008453118
      vertex -95.31663143066406 -7.299999999999999 5.350266166351428
    endloop
  endfacet
  facet normal 0 1 0
    outer loop
      vertex -92.8 -7.299999999999999 4
      vertex -94.20797599165051 -7.299999999999999 5.809486285189536
      vertex -94.12076951545868 -7.299999999999999 5.94
    endloop
  endfacet
  facet normal 0 1 0
    outer loop
      vertex -92.8 -7.299999999999999 4
      vertex -94.42948628518954 -7.299999999999999 5.587975991650518
      vertex -94.31147186257614 -7.299999999999999 5.691471862576143
    endloop
  endfacet
  facet normal 0 1 0
    outer loop
      vertex -92.8 -7.299999999999999 4
      vertex -94.56 -7.299999999999999 5.500769515458674
      vertex -94.42948628518954 -7.299999999999999 5.587975991650518
    endloop
  endfacet
  facet normal 0 1 0
    outer loop
      vertex -92.8 -7.299999999999999 4
      vertex -94.70077988116189 -7.299999999999999 5.431344560986456
      vertex -94.56 -7.299999999999999 5.500769515458674
    endloop
  endfacet
  facet normal 0 1 0
    outer loop
      vertex -92.8 -7.299999999999999 4
      vertex -94.84941714587697 -7.299999999999999 5.380889008453118
      vertex -94.70077988116189 -7.299999999999999 5.431344560986456
    endloop
  endfacet
  facet normal 0 1 0
    outer loop
      vertex -92.8 -7.299999999999999 4
      vertex -94.31147186257614 -7.299999999999999 5.691471862576143
      vertex -94.20797599165051 -7.299999999999999 5.809486285189536
    endloop
  endfacet
  facet normal 0 1 0
    outer loop
      vertex -92.8 -7.299999999999999 4
      vertex -94.12076951545868 -7.299999999999999 5.94
      vertex -94.05134456098645 -7.299999999999999 6.0807798811618925
    endloop
  endfacet
  facet normal 0 1 0
    outer loop
      vertex -92.8 -7.299999999999999 4
      vertex -94.05134456098645 -7.299999999999999 6.0807798811618925
      vertex -94.00088900845311 -7.299999999999999 6.229417145876975
    endloop
  endfacet
  facet normal 0 1 0
    outer loop
      vertex -92.8 -7.299999999999999 4
      vertex -94.00088900845311 -7.299999999999999 6.229417145876975
      vertex -92.8 -7.299999999999999 9.34
    endloop
  endfacet
  facet normal 0 1 0
    outer loop
      vertex -93.97026616635142 -7.299999999999999 6.383368569335938
      vertex -92.8 -7.299999999999999 9.34
      vertex -94.00088900845311 -7.299999999999999 6.229417145876975
    endloop
  endfacet
  facet normal 0 1 0
    outer loop
      vertex -93.97026616635142 -7.299999999999999 6.383368569335938
      vertex -93.96000000000001 -7.299999999999999 6.54
      vertex -92.8 -7.299999999999999 9.34
    endloop
  endfacet
  facet normal 0 1 0
    outer loop
      vertex -93.96000000000001 -7.299999999999999 6.54
      vertex -93.97026616635142 -7.299999999999999 6.696631430664062
      vertex -92.8 -7.299999999999999 9.34
    endloop
  endfacet
  facet normal 0 1 0
    outer loop
      vertex -93.97026616635142 -7.299999999999999 6.696631430664062
      vertex -94.00088900845311 -7.299999999999999 6.850582854123025
      vertex -92.8 -7.299999999999999 9.34
    endloop
  endfacet
  facet normal 0 1 0
    outer loop
      vertex -92.8 -7.299999999999999 9.34
      vertex -94.00088900845311 -7.299999999999999 6.850582854123025
      vertex -94.05134456098645 -7.299999999999999 6.999220118838108
    endloop
  endfacet
  facet normal 0 1 0
    outer loop
      vertex -92.8 -7.299999999999999 9.34
      vertex -94.05134456098645 -7.299999999999999 6.999220118838108
      vertex -94.12076951545868 -7.299999999999999 7.14
    endloop
  endfacet
  facet normal 0 1 0
    outer loop
      vertex -92.8 -7.299999999999999 9.34
      vertex -94.12076951545868 -7.299999999999999 7.14
      vertex -94.20797599165051 -7.299999999999999 7.270513714810464
    endloop
  endfacet
  facet normal 0 1 0
    outer loop
      vertex -92.8 -7.299999999999999 9.34
      vertex -94.20797599165051 -7.299999999999999 7.270513714810464
      vertex -94.31147186257614 -7.299999999999999 7.388528137423857
    endloop
  endfacet
  facet normal 0 1 0
    outer loop
      vertex -92.8 -7.299999999999999 9.34
      vertex -94.31147186257614 -7.299999999999999 7.388528137423857
      vertex -94.42948628518954 -7.299999999999999 7.492024008349482
    endloop
  endfacet
  facet normal 0 1 0
    outer loop
      vertex -92.8 -7.299999999999999 9.34
      vertex -94.42948628518954 -7.299999999999999 7.492024008349482
      vertex -94.56 -7.299999999999999 7.579230484541326
    endloop
  endfacet
  facet normal 0 1 0
    outer loop
      vertex -94.56 -7.299999999999999 7.579230484541326
      vertex -94.70077988116189 -7.299999999999999 7.648655439013544
      vertex -94.6 -7.299999999999999 9.34
    endloop
  endfacet
  facet normal 0 1 0
    outer loop
      vertex -94.70077988116189 -7.299999999999999 7.648655439013544
      vertex -94.84941714587697 -7.299999999999999 7.699110991546882
      vertex -94.6 -7.299999999999999 9.34
    endloop
  endfacet
  facet normal 0 1 0
    outer loop
      vertex -94.84941714587697 -7.299999999999999 7.699110991546882
      vertex -95.00336856933593 -7.299999999999999 7.729733833648572
      vertex -94.6 -7.299999999999999 9.34
    endloop
  endfacet
  facet normal 0 1 0
    outer loop
      vertex -95.31663143066406 -7.299999999999999 7.729733833648572
      vertex -95.47058285412302 -7.299999999999999 7.699110991546882
      vertex -94.6 -7.299999999999999 9.34
    endloop
  endfacet
  facet normal 0 1 0
    outer loop
      vertex -95.47058285412302 -7.299999999999999 7.699110991546882
      vertex -95.61922011883811 -7.299999999999999 7.648655439013544
      vertex -94.6 -7.299999999999999 9.34
    endloop
  endfacet
  facet normal 0 1 0
    outer loop
      vertex -95.00336856933593 -7.299999999999999 7.729733833648572
      vertex -95.16 -7.299999999999999 7.74
      vertex -94.6 -7.299999999999999 9.34
    endloop
  endfacet
  facet normal 0 1 0
    outer loop
      vertex -95.16 -7.299999999999999 7.74
      vertex -95.31663143066406 -7.299999999999999 7.729733833648572
      vertex -94.6 -7.299999999999999 9.34
    endloop
  endfacet
  facet normal 0 1 0
    outer loop
      vertex -92.8 -7.299999999999999 9.34
      vertex -94.56 -7.299999999999999 7.579230484541326
      vertex -94.6 -7.299999999999999 9.34
    endloop
  endfacet
  facet normal -1 0 0
    outer loop
      vertex -100 -10.899999999999999 9
      vertex -100 -10.899999999999999 9.34
      vertex -100 -8.05437702640111 9.34
    endloop
  endfacet
  facet normal -1 0 0
    outer loop
      vertex -100 -10.899999999999999 9
      vertex -100 -8.05437702640111 9.34
      vertex -100 -7.530312837108953 5.630312837108954
    endloop
  endfacet
  facet normal 0 1 0
    outer loop
      vertex -92.8 -7.299999999999999 4
      vertex -98 -7.299999999999999 4
      vertex -95.47058285412302 -7.299999999999999 5.380889008453118
    endloop
  endfacet
  facet normal 0 1 0
    outer loop
      vertex -95.47058285412302 -7.299999999999999 5.380889008453118
      vertex -98 -7.299999999999999 4
      vertex -95.61922011883811 -7.299999999999999 5.431344560986456
    endloop
  endfacet
  facet normal 0 1 0
    outer loop
      vertex -95.61922011883811 -7.299999999999999 5.431344560986456
      vertex -98 -7.299999999999999 4
      vertex -95.76 -7.299999999999999 5.500769515458674
    endloop
  endfacet
  facet normal 0 1 0
    outer loop
      vertex -95.76 -7.299999999999999 5.500769515458674
      vertex -98 -7.299999999999999 4
      vertex -95.89051371481047 -7.299999999999999 5.587975991650518
    endloop
  endfacet
  facet normal 0 1 0
    outer loop
      vertex -95.89051371481047 -7.299999999999999 5.587975991650518
      vertex -98 -7.299999999999999 4
      vertex -96.00852813742385 -7.299999999999999 5.691471862576143
    endloop
  endfacet
  facet normal 0 1 0
    outer loop
      vertex -96.00852813742385 -7.299999999999999 5.691471862576143
      vertex -98 -7.299999999999999 4
      vertex -96.11202400834948 -7.299999999999999 5.809486285189536
    endloop
  endfacet
  facet normal 0 1 0
    outer loop
      vertex -96.11202400834948 -7.299999999999999 5.809486285189536
      vertex -98 -7.299999999999999 4
      vertex -96.19923048454133 -7.299999999999999 5.94
    endloop
  endfacet
  facet normal 0 1 0
    outer loop
      vertex -96.19923048454133 -7.299999999999999 5.94
      vertex -98 -7.299999999999999 4
      vertex -96.26865543901354 -7.299999999999999 6.0807798811618925
    endloop
  endfacet
  facet normal 0 1 0
    outer loop
      vertex -98 -7.299999999999999 4
      vertex -96.31911099154688 -7.299999999999999 6.229417145876975
      vertex -96.26865543901354 -7.299999999999999 6.0807798811618925
    endloop
  endfacet
  facet normal 0 1 0
    outer loop
      vertex -98 -7.299999999999999 4
      vertex -96.34973383364857 -7.299999999999999 6.383368569335938
      vertex -96.31911099154688 -7.299999999999999 6.229417145876975
    endloop
  endfacet
  facet normal 0 1 0
    outer loop
      vertex -98 -7.299999999999999 4
      vertex -96.36 -7.299999999999999 6.54
      vertex -96.34973383364857 -7.299999999999999 6.383368569335938
    endloop
  endfacet
  facet normal 0 1 0
    outer loop
      vertex -98 -7.299999999999999 4
      vertex -96.34973383364857 -7.299999999999999 6.696631430664062
      vertex -96.36 -7.299999999999999 6.54
    endloop
  endfacet
  facet normal 0 1 0
    outer loop
      vertex -98 -7.299999999999999 4
      vertex -98 -7.299999999999999 9.34
      vertex -96.34973383364857 -7.299999999999999 6.696631430664062
    endloop
  endfacet
  facet normal 0 1 0
    outer loop
      vertex -96.34973383364857 -7.299999999999999 6.696631430664062
      vertex -98 -7.299999999999999 9.34
      vertex -96.31911099154688 -7.299999999999999 6.850582854123025
    endloop
  endfacet
  facet normal 0 1 0
    outer loop
      vertex -96.31911099154688 -7.299999999999999 6.850582854123025
      vertex -98 -7.299999999999999 9.34
      vertex -96.26865543901354 -7.299999999999999 6.999220118838108
    endloop
  endfacet
  facet normal 0 1 0
    outer loop
      vertex -95.89051371481047 -7.299999999999999 7.492024008349482
      vertex -96.00852813742385 -7.299999999999999 7.388528137423857
      vertex -98 -7.299999999999999 9.34
    endloop
  endfacet
  facet normal 0 1 0
    outer loop
      vertex -96.00852813742385 -7.299999999999999 7.388528137423857
      vertex -96.11202400834948 -7.299999999999999 7.270513714810464
      vertex -98 -7.299999999999999 9.34
    endloop
  endfacet
  facet normal 0 1 0
    outer loop
      vertex -96.19923048454133 -7.299999999999999 7.14
      vertex -96.26865543901354 -7.299999999999999 6.999220118838108
      vertex -98 -7.299999999999999 9.34
    endloop
  endfacet
  facet normal 0 1 0
    outer loop
      vertex -96.19923048454133 -7.299999999999999 7.14
      vertex -98 -7.299999999999999 9.34
      vertex -96.11202400834948 -7.299999999999999 7.270513714810464
    endloop
  endfacet
  facet normal 0 1 0
    outer loop
      vertex -95.61922011883811 -7.299999999999999 7.648655439013544
      vertex -95.76 -7.299999999999999 7.579230484541326
      vertex -98 -7.299999999999999 9.34
    endloop
  endfacet
  facet normal 0 1 0
    outer loop
      vertex -95.89051371481047 -7.299999999999999 7.492024008349482
      vertex -98 -7.299999999999999 9.34
      vertex -95.76 -7.299999999999999 7.579230484541326
    endloop
  endfacet
  facet normal 0 1 0
    outer loop
      vertex -95.61922011883811 -7.299999999999999 7.648655439013544
      vertex -98 -7.299999999999999 9.34
      vertex -94.6 -7.299999999999999 9.34
    endloop
  endfacet
  facet normal 0 0 1
    outer loop
      vertex -72 -10.899999999999999 36.18
      vertex -72 -8.652341311134233 36.18
      vertex -75.4 -10.899999999999999 36.18
    endloop
  endfacet
  facet normal -1 0 0
    outer loop
      vertex -72 -10.899999999999999 36.18
      vertex -72 -9.676842304417745 41.18
      vertex -72 -8.652341311134233 36.18
    endloop
  endfacet
  facet normal 0 0 1
    outer loop
      vertex -75.4 -10.899999999999999 36.18
      vertex -72 -8.652341311134233 36.18
      vertex -75.4 -7.299999999999999 36.18
    endloop
  endfacet
  facet normal -1 0 0
    outer loop
      vertex -72 -10.899999999999999 36.18
      vertex -72 -10.899999999999999 47.18
      vertex -72 -9.676842304417745 41.18
    endloop
  endfacet
  facet normal -1 0 0
    outer loop
      vertex -72 -10.899999999999999 47.18
      vertex -72 -8.94090909090909 41.18
      vertex -72 -9.676842304417745 41.18
    endloop
  endfacet
  facet normal 0 0 1
    outer loop
      vertex -72 -8.652341311134233 36.18
      vertex -72 -7.299999999999999 36.18
      vertex -75.4 -7.299999999999999 36.18
    endloop
  endfacet
  facet normal -1 0 0
    outer loop
      vertex -72 -8.94090909090909 41.18
      vertex -72 -7.299999999999999 41.18
      vertex -72 -7.299999999999999 36.18
    endloop
  endfacet
  facet normal -1 0 0
    outer loop
      vertex -72 -8.94090909090909 41.18
      vertex -72 -7.299999999999999 47.18
      vertex -72 -7.299999999999999 41.18
    endloop
  endfacet
  facet normal 0 0 1
    outer loop
      vertex -94.6 -10.899999999999999 36.18
      vertex -94.6 -7.299999999999999 36.18
      vertex -98 -10.899999999999999 36.18
    endloop
  endfacet
  facet normal 0 0 1
    outer loop
      vertex -98 -10.899999999999999 36.18
      vertex -94.6 -7.299999999999999 36.18
      vertex -98 -7.299999999999999 36.18
    endloop
  endfacet
  facet normal 1 0 0
    outer loop
      vertex -98 -10.899999999999999 36.18
      vertex -98 -7.299999999999999 36.18
      vertex -98 -10.899999999999999 47.18
    endloop
  endfacet
  facet normal 1 0 0
    outer loop
      vertex -98 -10.899999999999999 47.18
      vertex -98 -7.299999999999999 36.18
      vertex -98 -7.299999999999999 41.18
    endloop
  endfacet
  facet normal -1 0 0
    outer loop
      vertex -72 -10.899999999999999 47.18
      vertex -72 -7.299999999999999 47.18
      vertex -72 -8.94090909090909 41.18
    endloop
  endfacet
  facet normal 1 0 0
    outer loop
      vertex -98 -10.899999999999999 47.18
      vertex -98 -7.299999999999999 41.18
      vertex -98 -7.299999999999999 47.18
    endloop
  endfacet
  facet normal 0 -1 0
    outer loop
      vertex -68 -10.899999999999999 4
      vertex -70 -10.899999999999999 9
      vertex -70 -10.899999999999999 4
    endloop
  endfacet
  facet normal 0 -1 0
    outer loop
      vertex -68 -10.899999999999999 4
      vertex -68 -10.899999999999999 9
      vertex -70 -10.899999999999999 9
    endloop
  endfacet
  facet normal 1 0 0
    outer loop
      vertex -68 -10.899999999999999 4
      vertex -68 -5.899999999999999 4
      vertex -68 -10.899999999999999 9
    endloop
  endfacet
  facet normal 0 0.7071067811865475 0.7071067811865475
    outer loop
      vertex -68 -10.899999999999999 9
      vertex -70 -5.899999999999999 4
      vertex -70 -10.899999999999999 9
    endloop
  endfacet
  facet normal 0 0.7071067811865475 0.7071067811865475
    outer loop
      vertex -68 -10.899999999999999 9
      vertex -68 -5.899999999999999 4
      vertex -70 -5.899999999999999 4
    endloop
  endfacet
  facet normal 0 -1 0
    outer loop
      vertex -100 -10.899999999999999 4
      vertex -100 -10.899999999999999 7.151475409836065
      vertex -102 -10.899999999999999 9
    endloop
  endfacet
  facet normal 0 -1 0
    outer loop
      vertex -100 -10.899999999999999 4
      vertex -102 -10.899999999999999 9
      vertex -102 -10.899999999999999 4
    endloop
  endfacet
  facet normal 0 -1 0
    outer loop
      vertex -100 -10.899999999999999 7.151475409836065
      vertex -100 -10.899999999999999 9
      vertex -102 -10.899999999999999 9
    endloop
  endfacet
  facet normal -1 0 0
    outer loop
      vertex -102 -10.899999999999999 4
      vertex -102 -10.899999999999999 9
      vertex -102 -5.899999999999999 4
    endloop
  endfacet
  facet normal 0 0.7071067811865475 0.7071067811865475
    outer loop
      vertex -100 -10.899999999999999 9
      vertex -102 -5.899999999999999 4
      vertex -102 -10.899999999999999 9
    endloop
  endfacet
  facet normal -1.8916859526774335e-15 0.7071067811865461 0.7071067811865488
    outer loop
      vertex -100 -7.530312837108953 5.630312837108954
      vertex -100 -7.299999999999999 5.4
      vertex -102 -5.899999999999999 4
    endloop
  endfacet
  facet normal 2.0186903040219927e-17 0.7071067811865475 0.7071067811865475
    outer loop
      vertex -100 -7.299999999999999 5.4
      vertex -100 -5.899999999999999 4
      vertex -102 -5.899999999999999 4
    endloop
  endfacet
  facet normal 5.591352726061503e-16 0.7071067811865477 0.7071067811865475
    outer loop
      vertex -100 -10.899999999999999 9
      vertex -100 -7.530312837108953 5.630312837108954
      vertex -102 -5.899999999999999 4
    endloop
  endfacet
  facet normal -0.44228869021897876 1.4845320148107187e-18 0.8968727415326995
    outer loop
      vertex -74.03999999999999 -13.399999999999999 5.154359353944898
      vertex -74.22770650821586 -9.399999999999999 5.061792747981941
      vertex -74.22770650821586 -13.399999999999999 5.061792747981941
    endloop
  endfacet
  facet normal -0.3214394653031725 6.523646327400351e-19 0.9469301294951019
    outer loop
      vertex -74.22770650821586 -13.399999999999999 5.061792747981941
      vertex -74.42588952783596 -9.399999999999999 4.99451867793749
      vertex -74.42588952783596 -13.399999999999999 4.99451867793749
    endloop
  endfacet
  facet normal -0.5555702330196327 0 0.8314696123025249
    outer loop
      vertex -74.03999999999999 -13.399999999999999 5.154359353944898
      vertex -73.86598171358605 -13.399999999999999 5.270634655534024
      vertex -74.03999999999999 -9.399999999999999 5.154359353944898
    endloop
  endfacet
  facet normal -0.6593458151000688 -1.9364356722168146e-19 0.7518398074789774
    outer loop
      vertex -73.70862915010153 -13.399999999999999 5.408629150101524
      vertex -73.86598171358605 -9.399999999999999 5.270634655534024
      vertex -73.86598171358605 -13.399999999999999 5.270634655534024
    endloop
  endfacet
  facet normal -0.7518398074789604 -7.452635590538619e-19 0.6593458151000884
    outer loop
      vertex -73.57063465553402 -13.399999999999999 5.565981713586047
      vertex -73.70862915010153 -9.399999999999999 5.408629150101524
      vertex -73.70862915010153 -13.399999999999999 5.408629150101524
    endloop
  endfacet
  facet normal -0.8314696123025426 -3.722282225952703e-19 0.5555702330196062
    outer loop
      vertex -73.4543593539449 -13.399999999999999 5.74
      vertex -73.57063465553402 -9.399999999999999 5.565981713586047
      vertex -73.57063465553402 -13.399999999999999 5.565981713586047
    endloop
  endfacet
  facet normal -0.19509032201612087 -7.17313702651158e-19 0.9807852804032319
    outer loop
      vertex -74.42588952783596 -13.399999999999999 4.99451867793749
      vertex -74.63115809244792 -9.399999999999999 4.953688221801904
      vertex -74.63115809244792 -13.399999999999999 4.953688221801904
    endloop
  endfacet
  facet normal -0.06540312923014602 -2.2505949317899973e-19 0.9978589232386034
    outer loop
      vertex -74.63115809244792 -13.399999999999999 4.953688221801904
      vertex -74.84 -9.399999999999999 4.9399999999999995
      vertex -74.84 -13.399999999999999 4.9399999999999995
    endloop
  endfacet
  facet normal 0.06540312923014602 2.2505949317899973e-19 0.9978589232386034
    outer loop
      vertex -74.84 -13.399999999999999 4.9399999999999995
      vertex -75.04884190755209 -9.399999999999999 4.953688221801904
      vertex -75.04884190755209 -13.399999999999999 4.953688221801904
    endloop
  endfacet
  facet normal 0.19509032201613385 -3.5378894915097185e-19 0.9807852804032293
    outer loop
      vertex -75.04884190755209 -13.399999999999999 4.953688221801904
      vertex -75.25411047216403 -9.399999999999999 4.99451867793749
      vertex -75.25411047216403 -13.399999999999999 4.99451867793749
    endloop
  endfacet
  facet normal 0.3214394653031518 -8.786060042087363e-19 0.9469301294951089
    outer loop
      vertex -75.25411047216403 -13.399999999999999 4.99451867793749
      vertex -75.45229349178415 -9.399999999999999 5.061792747981941
      vertex -75.45229349178415 -13.399999999999999 5.061792747981941
    endloop
  endfacet
  facet normal 0.4422886902190057 -8.512074481573613e-19 0.8968727415326861
    outer loop
      vertex -75.45229349178415 -13.399999999999999 5.061792747981941
      vertex -75.64 -9.399999999999999 5.154359353944898
      vertex -75.64 -13.399999999999999 5.154359353944898
    endloop
  endfacet
  facet normal 0.5555702330196013 -5.303844439776158e-19 0.8314696123025458
    outer loop
      vertex -75.64 -13.399999999999999 5.154359353944898
      vertex -75.81401828641395 -9.399999999999999 5.270634655534024
      vertex -75.81401828641395 -13.399999999999999 5.270634655534024
    endloop
  endfacet
  facet normal 0.6593458151000688 1.9364356722168146e-19 0.7518398074789774
    outer loop
      vertex -75.81401828641395 -13.399999999999999 5.270634655534024
      vertex -75.97137084989848 -9.399999999999999 5.408629150101524
      vertex -75.97137084989848 -13.399999999999999 5.408629150101524
    endloop
  endfacet
  facet normal 0.751839807478994 -1.2601656997893884e-18 0.65934581510005
    outer loop
      vertex -75.97137084989848 -13.399999999999999 5.408629150101524
      vertex -76.10936534446597 -9.399999999999999 5.565981713586047
      vertex -76.10936534446597 -13.399999999999999 5.565981713586047
    endloop
  endfacet
  facet normal -0.9469301294951094 0 0.3214394653031508
    outer loop
      vertex -73.36179274798194 -13.399999999999999 5.927706508215857
      vertex -73.29451867793749 -13.399999999999999 6.125889527835967
      vertex -73.36179274798194 -9.399999999999999 5.927706508215857
    endloop
  endfacet
  facet normal -0.9807852804032366 0 0.19509032201609716
    outer loop
      vertex -73.29451867793749 -13.399999999999999 6.125889527835967
      vertex -73.25368822180191 -13.399999999999999 6.331158092447917
      vertex -73.29451867793749 -9.399999999999999 6.125889527835967
    endloop
  endfacet
  facet normal -0.9978589232386003 0 0.06540312923019305
    outer loop
      vertex -73.25368822180191 -13.399999999999999 6.331158092447917
      vertex -73.24 -13.399999999999999 6.54
      vertex -73.25368822180191 -9.399999999999999 6.331158092447917
    endloop
  endfacet
  facet normal -0.9978589232386003 0 -0.06540312923019305
    outer loop
      vertex -73.24 -13.399999999999999 6.54
      vertex -73.25368822180191 -13.399999999999999 6.748841907552083
      vertex -73.24 -9.399999999999999 6.54
    endloop
  endfacet
  facet normal -0.9807852804032366 0 -0.19509032201609716
    outer loop
      vertex -73.25368822180191 -13.399999999999999 6.748841907552083
      vertex -73.29451867793749 -13.399999999999999 6.954110472164033
      vertex -73.25368822180191 -9.399999999999999 6.748841907552083
    endloop
  endfacet
  facet normal -0.9469301294951094 0 -0.3214394653031508
    outer loop
      vertex -73.29451867793749 -13.399999999999999 6.954110472164033
      vertex -73.36179274798194 -13.399999999999999 7.152293491784143
      vertex -73.29451867793749 -9.399999999999999 6.954110472164033
    endloop
  endfacet
  facet normal -0.8968727415326868 0 0.442288690219004
    outer loop
      vertex -73.4543593539449 -13.399999999999999 5.74
      vertex -73.36179274798194 -13.399999999999999 5.927706508215857
      vertex -73.4543593539449 -9.399999999999999 5.74
    endloop
  endfacet
  facet normal -0.8968727415326868 0 -0.442288690219004
    outer loop
      vertex -73.36179274798194 -13.399999999999999 7.152293491784143
      vertex -73.4543593539449 -13.399999999999999 7.34
      vertex -73.36179274798194 -9.399999999999999 7.152293491784143
    endloop
  endfacet
  facet normal -0.8314696123025426 0 -0.5555702330196062
    outer loop
      vertex -73.4543593539449 -13.399999999999999 7.34
      vertex -73.57063465553402 -13.399999999999999 7.514018286413953
      vertex -73.4543593539449 -9.399999999999999 7.34
    endloop
  endfacet
  facet normal -0.7518398074789604 0 -0.6593458151000884
    outer loop
      vertex -73.57063465553402 -13.399999999999999 7.514018286413953
      vertex -73.70862915010153 -13.399999999999999 7.6713708498984765
      vertex -73.57063465553402 -9.399999999999999 7.514018286413953
    endloop
  endfacet
  facet normal -0.6593458151000688 0 -0.7518398074789774
    outer loop
      vertex -73.70862915010153 -13.399999999999999 7.6713708498984765
      vertex -73.86598171358605 -13.399999999999999 7.809365344465976
      vertex -73.70862915010153 -9.399999999999999 7.6713708498984765
    endloop
  endfacet
  facet normal -0.5555702330196327 0 -0.8314696123025249
    outer loop
      vertex -73.86598171358605 -13.399999999999999 7.809365344465976
      vertex -74.03999999999999 -13.399999999999999 7.925640646055102
      vertex -73.86598171358605 -9.399999999999999 7.809365344465976
    endloop
  endfacet
  facet normal -0.4422886902189754 0 -0.8968727415327011
    outer loop
      vertex -74.03999999999999 -13.399999999999999 7.925640646055102
      vertex -74.22770650821586 -13.399999999999999 8.018207252018058
      vertex -74.03999999999999 -9.399999999999999 7.925640646055102
    endloop
  endfacet
  facet normal -0.32143946530317635 0 -0.9469301294951007
    outer loop
      vertex -74.22770650821586 -13.399999999999999 8.018207252018058
      vertex -74.42588952783596 -13.399999999999999 8.08548132206251
      vertex -74.22770650821586 -9.399999999999999 8.018207252018058
    endloop
  endfacet
  facet normal 0.32143946530315565 0 -0.9469301294951077
    outer loop
      vertex -75.25411047216403 -13.399999999999999 8.08548132206251
      vertex -75.45229349178415 -13.399999999999999 8.018207252018058
      vertex -75.25411047216403 -9.399999999999999 8.08548132206251
    endloop
  endfacet
  facet normal -0.19509032201612497 0 -0.9807852804032311
    outer loop
      vertex -74.42588952783596 -13.399999999999999 8.08548132206251
      vertex -74.63115809244792 -13.399999999999999 8.126311778198097
      vertex -74.42588952783596 -9.399999999999999 8.08548132206251
    endloop
  endfacet
  facet normal -0.06540312923014178 0 -0.9978589232386036
    outer loop
      vertex -74.63115809244792 -13.399999999999999 8.126311778198097
      vertex -74.84 -13.399999999999999 8.14
      vertex -74.63115809244792 -9.399999999999999 8.126311778198097
    endloop
  endfacet
  facet normal 0.06540312923014178 0 -0.9978589232386036
    outer loop
      vertex -74.84 -13.399999999999999 8.14
      vertex -75.04884190755209 -13.399999999999999 8.126311778198097
      vertex -74.84 -9.399999999999999 8.14
    endloop
  endfacet
  facet normal 0.19509032201613796 0 -0.9807852804032285
    outer loop
      vertex -75.04884190755209 -13.399999999999999 8.126311778198097
      vertex -75.25411047216403 -13.399999999999999 8.08548132206251
      vertex -75.04884190755209 -9.399999999999999 8.126311778198097
    endloop
  endfacet
  facet normal 0.8314696123025426 3.722282225952703e-19 0.5555702330196062
    outer loop
      vertex -76.10936534446597 -13.399999999999999 5.565981713586047
      vertex -76.2256406460551 -9.399999999999999 5.74
      vertex -76.2256406460551 -13.399999999999999 5.74
    endloop
  endfacet
  facet normal 0.8968727415326868 -1.4480681717226727e-18 0.442288690219004
    outer loop
      vertex -76.2256406460551 -13.399999999999999 5.74
      vertex -76.31820725201806 -9.399999999999999 5.927706508215857
      vertex -76.31820725201806 -13.399999999999999 5.927706508215857
    endloop
  endfacet
  facet normal 0.9469301294951094 -9.53806418354682e-19 0.3214394653031508
    outer loop
      vertex -76.31820725201806 -13.399999999999999 5.927706508215857
      vertex -76.3854813220625 -9.399999999999999 6.125889527835967
      vertex -76.3854813220625 -13.399999999999999 6.125889527835967
    endloop
  endfacet
  facet normal 0.9807852804032237 -2.0766311478605162e-19 0.1950903220161625
    outer loop
      vertex -76.3854813220625 -13.399999999999999 6.125889527835967
      vertex -76.4263117781981 -9.399999999999999 6.331158092447917
      vertex -76.4263117781981 -13.399999999999999 6.331158092447917
    endloop
  endfacet
  facet normal 0.9978589232386046 2.2035064877453448e-20 0.06540312923012544
    outer loop
      vertex -76.4263117781981 -13.399999999999999 6.331158092447917
      vertex -76.44 -9.399999999999999 6.54
      vertex -76.44 -13.399999999999999 6.54
    endloop
  endfacet
  facet normal 0.9978589232386046 -2.2035064877453448e-20 -0.06540312923012544
    outer loop
      vertex -76.44 -13.399999999999999 6.54
      vertex -76.4263117781981 -9.399999999999999 6.748841907552083
      vertex -76.4263117781981 -13.399999999999999 6.748841907552083
    endloop
  endfacet
  facet normal 0.9807852804032237 2.0766311478605162e-19 -0.1950903220161625
    outer loop
      vertex -76.4263117781981 -13.399999999999999 6.748841907552083
      vertex -76.3854813220625 -9.399999999999999 6.954110472164033
      vertex -76.3854813220625 -13.399999999999999 6.954110472164033
    endloop
  endfacet
  facet normal 0.9469301294951094 9.53806418354682e-19 -0.3214394653031508
    outer loop
      vertex -76.3854813220625 -13.399999999999999 6.954110472164033
      vertex -76.31820725201806 -9.399999999999999 7.152293491784143
      vertex -76.31820725201806 -13.399999999999999 7.152293491784143
    endloop
  endfacet
  facet normal 0.8968727415326868 0 -0.442288690219004
    outer loop
      vertex -76.2256406460551 -13.399999999999999 7.34
      vertex -76.31820725201806 -13.399999999999999 7.152293491784143
      vertex -76.2256406460551 -9.399999999999999 7.34
    endloop
  endfacet
  facet normal 0.8314696123025426 0 -0.5555702330196062
    outer loop
      vertex -76.10936534446597 -13.399999999999999 7.514018286413953
      vertex -76.2256406460551 -13.399999999999999 7.34
      vertex -76.10936534446597 -9.399999999999999 7.514018286413953
    endloop
  endfacet
  facet normal 0.751839807478994 0 -0.65934581510005
    outer loop
      vertex -75.97137084989848 -13.399999999999999 7.6713708498984765
      vertex -76.10936534446597 -13.399999999999999 7.514018286413953
      vertex -75.97137084989848 -9.399999999999999 7.6713708498984765
    endloop
  endfacet
  facet normal 0.6593458151000688 0 -0.7518398074789774
    outer loop
      vertex -75.81401828641395 -13.399999999999999 7.809365344465976
      vertex -75.97137084989848 -13.399999999999999 7.6713708498984765
      vertex -75.81401828641395 -9.399999999999999 7.809365344465976
    endloop
  endfacet
  facet normal 0.5555702330196013 0 -0.8314696123025458
    outer loop
      vertex -75.64 -13.399999999999999 7.925640646055102
      vertex -75.81401828641395 -13.399999999999999 7.809365344465976
      vertex -75.64 -9.399999999999999 7.925640646055102
    endloop
  endfacet
  facet normal 0.4422886902190023 0 -0.8968727415326878
    outer loop
      vertex -75.45229349178415 -13.399999999999999 8.018207252018058
      vertex -75.64 -13.399999999999999 7.925640646055102
      vertex -75.45229349178415 -9.399999999999999 8.018207252018058
    endloop
  endfacet
  facet normal -0.3214394653031725 0 0.9469301294951019
    outer loop
      vertex -74.22770650821586 -13.399999999999999 5.061792747981941
      vertex -74.22770650821586 -9.399999999999999 5.061792747981941
      vertex -74.42588952783596 -9.399999999999999 4.99451867793749
    endloop
  endfacet
  facet normal -0.44228869021897876 0 0.8968727415326995
    outer loop
      vertex -74.03999999999999 -13.399999999999999 5.154359353944898
      vertex -74.03999999999999 -9.399999999999999 5.154359353944898
      vertex -74.22770650821586 -9.399999999999999 5.061792747981941
    endloop
  endfacet
  facet normal -0.5555702330196327 0 0.8314696123025249
    outer loop
      vertex -73.86598171358605 -13.399999999999999 5.270634655534024
      vertex -73.86598171358605 -9.399999999999999 5.270634655534024
      vertex -74.03999999999999 -9.399999999999999 5.154359353944898
    endloop
  endfacet
  facet normal -0.6593458151000688 0 0.7518398074789774
    outer loop
      vertex -73.70862915010153 -13.399999999999999 5.408629150101524
      vertex -73.70862915010153 -9.399999999999999 5.408629150101524
      vertex -73.86598171358605 -9.399999999999999 5.270634655534024
    endloop
  endfacet
  facet normal -0.7518398074789604 0 0.6593458151000884
    outer loop
      vertex -73.57063465553402 -13.399999999999999 5.565981713586047
      vertex -73.57063465553402 -9.399999999999999 5.565981713586047
      vertex -73.70862915010153 -9.399999999999999 5.408629150101524
    endloop
  endfacet
  facet normal -0.19509032201612087 0 0.9807852804032319
    outer loop
      vertex -74.42588952783596 -13.399999999999999 4.99451867793749
      vertex -74.42588952783596 -9.399999999999999 4.99451867793749
      vertex -74.63115809244792 -9.399999999999999 4.953688221801904
    endloop
  endfacet
  facet normal -0.06540312923014602 0 0.9978589232386034
    outer loop
      vertex -74.63115809244792 -13.399999999999999 4.953688221801904
      vertex -74.63115809244792 -9.399999999999999 4.953688221801904
      vertex -74.84 -9.399999999999999 4.9399999999999995
    endloop
  endfacet
  facet normal 0.06540312923014602 0 0.9978589232386034
    outer loop
      vertex -74.84 -13.399999999999999 4.9399999999999995
      vertex -74.84 -9.399999999999999 4.9399999999999995
      vertex -75.04884190755209 -9.399999999999999 4.953688221801904
    endloop
  endfacet
  facet normal 0.19509032201613385 0 0.9807852804032293
    outer loop
      vertex -75.04884190755209 -13.399999999999999 4.953688221801904
      vertex -75.04884190755209 -9.399999999999999 4.953688221801904
      vertex -75.25411047216403 -9.399999999999999 4.99451867793749
    endloop
  endfacet
  facet normal 0.3214394653031518 0 0.9469301294951089
    outer loop
      vertex -75.25411047216403 -13.399999999999999 4.99451867793749
      vertex -75.25411047216403 -9.399999999999999 4.99451867793749
      vertex -75.45229349178415 -9.399999999999999 5.061792747981941
    endloop
  endfacet
  facet normal 0.4422886902190057 0 0.8968727415326861
    outer loop
      vertex -75.45229349178415 -13.399999999999999 5.061792747981941
      vertex -75.45229349178415 -9.399999999999999 5.061792747981941
      vertex -75.64 -9.399999999999999 5.154359353944898
    endloop
  endfacet
  facet normal 0.5555702330196013 0 0.8314696123025458
    outer loop
      vertex -75.64 -13.399999999999999 5.154359353944898
      vertex -75.64 -9.399999999999999 5.154359353944898
      vertex -75.81401828641395 -9.399999999999999 5.270634655534024
    endloop
  endfacet
  facet normal 0.6593458151000688 0 0.7518398074789774
    outer loop
      vertex -75.81401828641395 -13.399999999999999 5.270634655534024
      vertex -75.81401828641395 -9.399999999999999 5.270634655534024
      vertex -75.97137084989848 -9.399999999999999 5.408629150101524
    endloop
  endfacet
  facet normal 0.751839807478994 0 0.65934581510005
    outer loop
      vertex -75.97137084989848 -13.399999999999999 5.408629150101524
      vertex -75.97137084989848 -9.399999999999999 5.408629150101524
      vertex -76.10936534446597 -9.399999999999999 5.565981713586047
    endloop
  endfacet
  facet normal 0.8314696123025426 0 0.5555702330196062
    outer loop
      vertex -76.10936534446597 -13.399999999999999 5.565981713586047
      vertex -76.10936534446597 -9.399999999999999 5.565981713586047
      vertex -76.2256406460551 -9.399999999999999 5.74
    endloop
  endfacet
  facet normal 0 -1 0
    outer loop
      vertex -73.57063465553402 -9.399999999999999 5.565981713586047
      vertex -74.24 -9.399999999999999 5.500769515458674
      vertex -73.70862915010153 -9.399999999999999 5.408629150101524
    endloop
  endfacet
  facet normal 0 -1 0
    outer loop
      vertex -73.57063465553402 -9.399999999999999 5.565981713586047
      vertex -73.99147186257615 -9.399999999999999 5.691471862576143
      vertex -74.10948628518953 -9.399999999999999 5.587975991650518
    endloop
  endfacet
  facet normal 0 -1 0
    outer loop
      vertex -73.70862915010153 -9.399999999999999 5.408629150101524
      vertex -74.24 -9.399999999999999 5.500769515458674
      vertex -74.38077988116189 -9.399999999999999 5.431344560986456
    endloop
  endfacet
  facet normal 0 -1 0
    outer loop
      vertex -73.70862915010153 -9.399999999999999 5.408629150101524
      vertex -74.38077988116189 -9.399999999999999 5.431344560986456
      vertex -74.52941714587698 -9.399999999999999 5.380889008453118
    endloop
  endfacet
  facet normal 0 -1 0
    outer loop
      vertex -73.70862915010153 -9.399999999999999 5.408629150101524
      vertex -74.52941714587698 -9.399999999999999 5.380889008453118
      vertex -74.68336856933594 -9.399999999999999 5.350266166351428
    endloop
  endfacet
  facet normal 0 -1 0
    outer loop
      vertex -73.70862915010153 -9.399999999999999 5.408629150101524
      vertex -74.68336856933594 -9.399999999999999 5.350266166351428
      vertex -74.84 -9.399999999999999 5.34
    endloop
  endfacet
  facet normal 0 -1 0
    outer loop
      vertex -73.57063465553402 -9.399999999999999 5.565981713586047
      vertex -74.10948628518953 -9.399999999999999 5.587975991650518
      vertex -74.24 -9.399999999999999 5.500769515458674
    endloop
  endfacet
  facet normal 0 -1 0
    outer loop
      vertex -74.03999999999999 -9.399999999999999 5.154359353944898
      vertex -75.45229349178415 -9.399999999999999 5.061792747981941
      vertex -74.22770650821586 -9.399999999999999 5.061792747981941
    endloop
  endfacet
  facet normal 0 -1 0
    outer loop
      vertex -74.22770650821586 -9.399999999999999 5.061792747981941
      vertex -75.25411047216403 -9.399999999999999 4.99451867793749
      vertex -74.42588952783596 -9.399999999999999 4.99451867793749
    endloop
  endfacet
  facet normal 0 -1 0
    outer loop
      vertex -74.42588952783596 -9.399999999999999 4.99451867793749
      vertex -75.04884190755209 -9.399999999999999 4.953688221801904
      vertex -74.63115809244792 -9.399999999999999 4.953688221801904
    endloop
  endfacet
  facet normal 0 -1 0
    outer loop
      vertex -74.63115809244792 -9.399999999999999 4.953688221801904
      vertex -75.04884190755209 -9.399999999999999 4.953688221801904
      vertex -74.84 -9.399999999999999 4.9399999999999995
    endloop
  endfacet
  facet normal 0 -1 0
    outer loop
      vertex -74.42588952783596 -9.399999999999999 4.99451867793749
      vertex -75.25411047216403 -9.399999999999999 4.99451867793749
      vertex -75.04884190755209 -9.399999999999999 4.953688221801904
    endloop
  endfacet
  facet normal 0 -1 0
    outer loop
      vertex -74.03999999999999 -9.399999999999999 5.154359353944898
      vertex -73.86598171358605 -9.399999999999999 5.270634655534024
      vertex -75.64 -9.399999999999999 5.154359353944898
    endloop
  endfacet
  facet normal 0 -1 0
    outer loop
      vertex -74.22770650821586 -9.399999999999999 5.061792747981941
      vertex -75.45229349178415 -9.399999999999999 5.061792747981941
      vertex -75.25411047216403 -9.399999999999999 4.99451867793749
    endloop
  endfacet
  facet normal 0 -1 0
    outer loop
      vertex -74.03999999999999 -9.399999999999999 5.154359353944898
      vertex -75.64 -9.399999999999999 5.154359353944898
      vertex -75.45229349178415 -9.399999999999999 5.061792747981941
    endloop
  endfacet
  facet normal 0 -1 0
    outer loop
      vertex -73.86598171358605 -9.399999999999999 5.270634655534024
      vertex -75.81401828641395 -9.399999999999999 5.270634655534024
      vertex -75.64 -9.399999999999999 5.154359353944898
    endloop
  endfacet
  facet normal 0 -1 0
    outer loop
      vertex -73.70862915010153 -9.399999999999999 5.408629150101524
      vertex -75.81401828641395 -9.399999999999999 5.270634655534024
      vertex -73.86598171358605 -9.399999999999999 5.270634655534024
    endloop
  endfacet
  facet normal 0 -1 0
    outer loop
      vertex -73.70862915010153 -9.399999999999999 5.408629150101524
      vertex -74.84 -9.399999999999999 5.34
      vertex -75.81401828641395 -9.399999999999999 5.270634655534024
    endloop
  endfacet
  facet normal 0 -1 0
    outer loop
      vertex -74.84 -9.399999999999999 5.34
      vertex -74.99663143066407 -9.399999999999999 5.350266166351428
      vertex -75.81401828641395 -9.399999999999999 5.270634655534024
    endloop
  endfacet
  facet normal 0 -1 0
    outer loop
      vertex -74.99663143066407 -9.399999999999999 5.350266166351428
      vertex -75.15058285412303 -9.399999999999999 5.380889008453118
      vertex -75.81401828641395 -9.399999999999999 5.270634655534024
    endloop
  endfacet
  facet normal 0 -1 0
    outer loop
      vertex -75.15058285412303 -9.399999999999999 5.380889008453118
      vertex -75.29922011883811 -9.399999999999999 5.431344560986456
      vertex -75.81401828641395 -9.399999999999999 5.270634655534024
    endloop
  endfacet
  facet normal 0 -1 0
    outer loop
      vertex -75.29922011883811 -9.399999999999999 5.431344560986456
      vertex -75.44 -9.399999999999999 5.500769515458674
      vertex -75.97137084989848 -9.399999999999999 5.408629150101524
    endloop
  endfacet
  facet normal 0 -1 0
    outer loop
      vertex -75.29922011883811 -9.399999999999999 5.431344560986456
      vertex -75.97137084989848 -9.399999999999999 5.408629150101524
      vertex -75.81401828641395 -9.399999999999999 5.270634655534024
    endloop
  endfacet
  facet normal 0 -1 0
    outer loop
      vertex -75.44 -9.399999999999999 5.500769515458674
      vertex -75.57051371481046 -9.399999999999999 5.587975991650518
      vertex -75.97137084989848 -9.399999999999999 5.408629150101524
    endloop
  endfacet
  facet normal 0 -1 0
    outer loop
      vertex -75.57051371481046 -9.399999999999999 5.587975991650518
      vertex -76.10936534446597 -9.399999999999999 5.565981713586047
      vertex -75.97137084989848 -9.399999999999999 5.408629150101524
    endloop
  endfacet
  facet normal 0 -1 0
    outer loop
      vertex -75.57051371481046 -9.399999999999999 5.587975991650518
      vertex -75.68852813742386 -9.399999999999999 5.691471862576143
      vertex -76.10936534446597 -9.399999999999999 5.565981713586047
    endloop
  endfacet
  facet normal -0.8968727415326868 0 0.442288690219004
    outer loop
      vertex -73.36179274798194 -13.399999999999999 5.927706508215857
      vertex -73.36179274798194 -9.399999999999999 5.927706508215857
      vertex -73.4543593539449 -9.399999999999999 5.74
    endloop
  endfacet
  facet normal -0.9469301294951094 0 0.3214394653031508
    outer loop
      vertex -73.29451867793749 -13.399999999999999 6.125889527835967
      vertex -73.29451867793749 -9.399999999999999 6.125889527835967
      vertex -73.36179274798194 -9.399999999999999 5.927706508215857
    endloop
  endfacet
  facet normal -0.9807852804032366 0 0.19509032201609716
    outer loop
      vertex -73.25368822180191 -13.399999999999999 6.331158092447917
      vertex -73.25368822180191 -9.399999999999999 6.331158092447917
      vertex -73.29451867793749 -9.399999999999999 6.125889527835967
    endloop
  endfacet
  facet normal -0.9978589232386003 0 0.06540312923019305
    outer loop
      vertex -73.24 -13.399999999999999 6.54
      vertex -73.24 -9.399999999999999 6.54
      vertex -73.25368822180191 -9.399999999999999 6.331158092447917
    endloop
  endfacet
  facet normal -0.9978589232386003 0 -0.06540312923019305
    outer loop
      vertex -73.25368822180191 -13.399999999999999 6.748841907552083
      vertex -73.25368822180191 -9.399999999999999 6.748841907552083
      vertex -73.24 -9.399999999999999 6.54
    endloop
  endfacet
  facet normal -0.9807852804032366 0 -0.19509032201609716
    outer loop
      vertex -73.29451867793749 -13.399999999999999 6.954110472164033
      vertex -73.29451867793749 -9.399999999999999 6.954110472164033
      vertex -73.25368822180191 -9.399999999999999 6.748841907552083
    endloop
  endfacet
  facet normal -0.8314696123025426 0 0.5555702330196062
    outer loop
      vertex -73.4543593539449 -13.399999999999999 5.74
      vertex -73.4543593539449 -9.399999999999999 5.74
      vertex -73.57063465553402 -9.399999999999999 5.565981713586047
    endloop
  endfacet
  facet normal -0.9469301294951094 0 -0.3214394653031508
    outer loop
      vertex -73.36179274798194 -13.399999999999999 7.152293491784143
      vertex -73.36179274798194 -9.399999999999999 7.152293491784143
      vertex -73.29451867793749 -9.399999999999999 6.954110472164033
    endloop
  endfacet
  facet normal -0.8968727415326868 0 -0.442288690219004
    outer loop
      vertex -73.4543593539449 -13.399999999999999 7.34
      vertex -73.4543593539449 -9.399999999999999 7.34
      vertex -73.36179274798194 -9.399999999999999 7.152293491784143
    endloop
  endfacet
  facet normal -0.8314696123025426 0 -0.5555702330196062
    outer loop
      vertex -73.57063465553402 -13.399999999999999 7.514018286413953
      vertex -73.57063465553402 -9.399999999999999 7.514018286413953
      vertex -73.4543593539449 -9.399999999999999 7.34
    endloop
  endfacet
  facet normal -0.7518398074789604 0 -0.6593458151000884
    outer loop
      vertex -73.70862915010153 -13.399999999999999 7.6713708498984765
      vertex -73.70862915010153 -9.399999999999999 7.6713708498984765
      vertex -73.57063465553402 -9.399999999999999 7.514018286413953
    endloop
  endfacet
  facet normal -0.6593458151000688 0 -0.7518398074789774
    outer loop
      vertex -73.86598171358605 -13.399999999999999 7.809365344465976
      vertex -73.86598171358605 -9.399999999999999 7.809365344465976
      vertex -73.70862915010153 -9.399999999999999 7.6713708498984765
    endloop
  endfacet
  facet normal -0.5555702330196327 0 -0.8314696123025249
    outer loop
      vertex -74.03999999999999 -13.399999999999999 7.925640646055102
      vertex -74.03999999999999 -9.399999999999999 7.925640646055102
      vertex -73.86598171358605 -9.399999999999999 7.809365344465976
    endloop
  endfacet
  facet normal -0.4422886902189754 0 -0.8968727415327011
    outer loop
      vertex -74.22770650821586 -13.399999999999999 8.018207252018058
      vertex -74.22770650821586 -9.399999999999999 8.018207252018058
      vertex -74.03999999999999 -9.399999999999999 7.925640646055102
    endloop
  endfacet
  facet normal -0.32143946530317635 0 -0.9469301294951007
    outer loop
      vertex -74.42588952783596 -13.399999999999999 8.08548132206251
      vertex -74.42588952783596 -9.399999999999999 8.08548132206251
      vertex -74.22770650821586 -9.399999999999999 8.018207252018058
    endloop
  endfacet
  facet normal 0.32143946530315565 0 -0.9469301294951077
    outer loop
      vertex -75.45229349178415 -13.399999999999999 8.018207252018058
      vertex -75.45229349178415 -9.399999999999999 8.018207252018058
      vertex -75.25411047216403 -9.399999999999999 8.08548132206251
    endloop
  endfacet
  facet normal -0.19509032201612497 0 -0.9807852804032311
    outer loop
      vertex -74.63115809244792 -13.399999999999999 8.126311778198097
      vertex -74.63115809244792 -9.399999999999999 8.126311778198097
      vertex -74.42588952783596 -9.399999999999999 8.08548132206251
    endloop
  endfacet
  facet normal -0.06540312923014178 0 -0.9978589232386036
    outer loop
      vertex -74.84 -13.399999999999999 8.14
      vertex -74.84 -9.399999999999999 8.14
      vertex -74.63115809244792 -9.399999999999999 8.126311778198097
    endloop
  endfacet
  facet normal 0.06540312923014178 0 -0.9978589232386036
    outer loop
      vertex -75.04884190755209 -13.399999999999999 8.126311778198097
      vertex -75.04884190755209 -9.399999999999999 8.126311778198097
      vertex -74.84 -9.399999999999999 8.14
    endloop
  endfacet
  facet normal 0.19509032201613796 0 -0.9807852804032285
    outer loop
      vertex -75.25411047216403 -13.399999999999999 8.08548132206251
      vertex -75.25411047216403 -9.399999999999999 8.08548132206251
      vertex -75.04884190755209 -9.399999999999999 8.126311778198097
    endloop
  endfacet
  facet normal 0.8968727415326868 0 0.442288690219004
    outer loop
      vertex -76.2256406460551 -13.399999999999999 5.74
      vertex -76.2256406460551 -9.399999999999999 5.74
      vertex -76.31820725201806 -9.399999999999999 5.927706508215857
    endloop
  endfacet
  facet normal 0.9469301294951094 0 0.3214394653031508
    outer loop
      vertex -76.31820725201806 -13.399999999999999 5.927706508215857
      vertex -76.31820725201806 -9.399999999999999 5.927706508215857
      vertex -76.3854813220625 -9.399999999999999 6.125889527835967
    endloop
  endfacet
  facet normal 0.9807852804032237 0 0.1950903220161625
    outer loop
      vertex -76.3854813220625 -13.399999999999999 6.125889527835967
      vertex -76.3854813220625 -9.399999999999999 6.125889527835967
      vertex -76.4263117781981 -9.399999999999999 6.331158092447917
    endloop
  endfacet
  facet normal 0.9469301294951094 0 -0.3214394653031508
    outer loop
      vertex -76.3854813220625 -13.399999999999999 6.954110472164033
      vertex -76.3854813220625 -9.399999999999999 6.954110472164033
      vertex -76.31820725201806 -9.399999999999999 7.152293491784143
    endloop
  endfacet
  facet normal 0.9978589232386046 0 0.06540312923012544
    outer loop
      vertex -76.4263117781981 -13.399999999999999 6.331158092447917
      vertex -76.4263117781981 -9.399999999999999 6.331158092447917
      vertex -76.44 -9.399999999999999 6.54
    endloop
  endfacet
  facet normal 0.9978589232386046 0 -0.06540312923012544
    outer loop
      vertex -76.44 -13.399999999999999 6.54
      vertex -76.44 -9.399999999999999 6.54
      vertex -76.4263117781981 -9.399999999999999 6.748841907552083
    endloop
  endfacet
  facet normal 0.9807852804032237 0 -0.1950903220161625
    outer loop
      vertex -76.4263117781981 -13.399999999999999 6.748841907552083
      vertex -76.4263117781981 -9.399999999999999 6.748841907552083
      vertex -76.3854813220625 -9.399999999999999 6.954110472164033
    endloop
  endfacet
  facet normal 0.8968727415326868 0 -0.442288690219004
    outer loop
      vertex -76.31820725201806 -13.399999999999999 7.152293491784143
      vertex -76.31820725201806 -9.399999999999999 7.152293491784143
      vertex -76.2256406460551 -9.399999999999999 7.34
    endloop
  endfacet
  facet normal 0.8314696123025426 0 -0.5555702330196062
    outer loop
      vertex -76.2256406460551 -13.399999999999999 7.34
      vertex -76.2256406460551 -9.399999999999999 7.34
      vertex -76.10936534446597 -9.399999999999999 7.514018286413953
    endloop
  endfacet
  facet normal 0.751839807478994 1.2601656997893884e-18 -0.65934581510005
    outer loop
      vertex -75.97137084989848 -9.399999999999999 7.6713708498984765
      vertex -76.10936534446597 -13.399999999999999 7.514018286413953
      vertex -76.10936534446597 -9.399999999999999 7.514018286413953
    endloop
  endfacet
  facet normal 0.6593458151000688 0 -0.7518398074789774
    outer loop
      vertex -75.97137084989848 -13.399999999999999 7.6713708498984765
      vertex -75.97137084989848 -9.399999999999999 7.6713708498984765
      vertex -75.81401828641395 -9.399999999999999 7.809365344465976
    endloop
  endfacet
  facet normal 0.5555702330196013 0 -0.8314696123025458
    outer loop
      vertex -75.81401828641395 -13.399999999999999 7.809365344465976
      vertex -75.81401828641395 -9.399999999999999 7.809365344465976
      vertex -75.64 -9.399999999999999 7.925640646055102
    endloop
  endfacet
  facet normal 0.4422886902190023 0 -0.8968727415326878
    outer loop
      vertex -75.64 -13.399999999999999 7.925640646055102
      vertex -75.64 -9.399999999999999 7.925640646055102
      vertex -75.45229349178415 -9.399999999999999 8.018207252018058
    endloop
  endfacet
  facet normal 0 -1 0
    outer loop
      vertex -73.29451867793749 -9.399999999999999 6.125889527835967
      vertex -73.25368822180191 -9.399999999999999 6.331158092447917
      vertex -73.68088900845312 -9.399999999999999 6.229417145876975
    endloop
  endfacet
  facet normal 0 -1 0
    outer loop
      vertex -73.25368822180191 -9.399999999999999 6.331158092447917
      vertex -73.24 -9.399999999999999 6.54
      vertex -73.65026616635143 -9.399999999999999 6.383368569335938
    endloop
  endfacet
  facet normal 0 -1 0
    outer loop
      vertex -73.24 -9.399999999999999 6.54
      vertex -73.25368822180191 -9.399999999999999 6.748841907552083
      vertex -73.64 -9.399999999999999 6.54
    endloop
  endfacet
  facet normal 0 -1 0
    outer loop
      vertex -73.25368822180191 -9.399999999999999 6.748841907552083
      vertex -73.29451867793749 -9.399999999999999 6.954110472164033
      vertex -73.65026616635143 -9.399999999999999 6.696631430664062
    endloop
  endfacet
  facet normal 0 -1 0
    outer loop
      vertex -73.4543593539449 -9.399999999999999 5.74
      vertex -73.99147186257615 -9.399999999999999 5.691471862576143
      vertex -73.57063465553402 -9.399999999999999 5.565981713586047
    endloop
  endfacet
  facet normal 0 -1 0
    outer loop
      vertex -73.4543593539449 -9.399999999999999 5.74
      vertex -73.88797599165052 -9.399999999999999 5.809486285189536
      vertex -73.99147186257615 -9.399999999999999 5.691471862576143
    endloop
  endfacet
  facet normal 0 -1 0
    outer loop
      vertex -73.4543593539449 -9.399999999999999 5.74
      vertex -73.36179274798194 -9.399999999999999 5.927706508215857
      vertex -73.88797599165052 -9.399999999999999 5.809486285189536
    endloop
  endfacet
  facet normal 0 -1 0
    outer loop
      vertex -73.36179274798194 -9.399999999999999 5.927706508215857
      vertex -73.80076951545867 -9.399999999999999 5.94
      vertex -73.88797599165052 -9.399999999999999 5.809486285189536
    endloop
  endfacet
  facet normal 0 -1 0
    outer loop
      vertex -73.36179274798194 -9.399999999999999 5.927706508215857
      vertex -73.73134456098646 -9.399999999999999 6.0807798811618925
      vertex -73.80076951545867 -9.399999999999999 5.94
    endloop
  endfacet
  facet normal 0 -1 0
    outer loop
      vertex -73.36179274798194 -9.399999999999999 5.927706508215857
      vertex -73.29451867793749 -9.399999999999999 6.125889527835967
      vertex -73.73134456098646 -9.399999999999999 6.0807798811618925
    endloop
  endfacet
  facet normal 0 -1 0
    outer loop
      vertex -73.29451867793749 -9.399999999999999 6.125889527835967
      vertex -73.68088900845312 -9.399999999999999 6.229417145876975
      vertex -73.73134456098646 -9.399999999999999 6.0807798811618925
    endloop
  endfacet
  facet normal 0 -1 0
    outer loop
      vertex -73.25368822180191 -9.399999999999999 6.331158092447917
      vertex -73.65026616635143 -9.399999999999999 6.383368569335938
      vertex -73.68088900845312 -9.399999999999999 6.229417145876975
    endloop
  endfacet
  facet normal 0 -1 0
    outer loop
      vertex -73.24 -9.399999999999999 6.54
      vertex -73.64 -9.399999999999999 6.54
      vertex -73.65026616635143 -9.399999999999999 6.383368569335938
    endloop
  endfacet
  facet normal 0 -1 0
    outer loop
      vertex -73.25368822180191 -9.399999999999999 6.748841907552083
      vertex -73.65026616635143 -9.399999999999999 6.696631430664062
      vertex -73.64 -9.399999999999999 6.54
    endloop
  endfacet
  facet normal 0 -1 0
    outer loop
      vertex -73.65026616635143 -9.399999999999999 6.696631430664062
      vertex -73.29451867793749 -9.399999999999999 6.954110472164033
      vertex -73.68088900845312 -9.399999999999999 6.850582854123025
    endloop
  endfacet
  facet normal 0 -1 0
    outer loop
      vertex -73.29451867793749 -9.399999999999999 6.954110472164033
      vertex -73.36179274798194 -9.399999999999999 7.152293491784143
      vertex -73.68088900845312 -9.399999999999999 6.850582854123025
    endloop
  endfacet
  facet normal 0 -1 0
    outer loop
      vertex -73.36179274798194 -9.399999999999999 7.152293491784143
      vertex -73.73134456098646 -9.399999999999999 6.999220118838108
      vertex -73.68088900845312 -9.399999999999999 6.850582854123025
    endloop
  endfacet
  facet normal 0 -1 0
    outer loop
      vertex -73.36179274798194 -9.399999999999999 7.152293491784143
      vertex -73.80076951545867 -9.399999999999999 7.14
      vertex -73.73134456098646 -9.399999999999999 6.999220118838108
    endloop
  endfacet
  facet normal 0 -1 0
    outer loop
      vertex -73.36179274798194 -9.399999999999999 7.152293491784143
      vertex -73.4543593539449 -9.399999999999999 7.34
      vertex -73.80076951545867 -9.399999999999999 7.14
    endloop
  endfacet
  facet normal 0 -1 0
    outer loop
      vertex -73.4543593539449 -9.399999999999999 7.34
      vertex -73.57063465553402 -9.399999999999999 7.514018286413953
      vertex -73.88797599165052 -9.399999999999999 7.270513714810464
    endloop
  endfacet
  facet normal 0 -1 0
    outer loop
      vertex -73.4543593539449 -9.399999999999999 7.34
      vertex -73.88797599165052 -9.399999999999999 7.270513714810464
      vertex -73.80076951545867 -9.399999999999999 7.14
    endloop
  endfacet
  facet normal 0 -1 0
    outer loop
      vertex -73.57063465553402 -9.399999999999999 7.514018286413953
      vertex -73.99147186257615 -9.399999999999999 7.388528137423857
      vertex -73.88797599165052 -9.399999999999999 7.270513714810464
    endloop
  endfacet
  facet normal 0 -1 0
    outer loop
      vertex -73.57063465553402 -9.399999999999999 7.514018286413953
      vertex -74.10948628518953 -9.399999999999999 7.492024008349482
      vertex -73.99147186257615 -9.399999999999999 7.388528137423857
    endloop
  endfacet
  facet normal 0 -1 0
    outer loop
      vertex -73.57063465553402 -9.399999999999999 7.514018286413953
      vertex -73.70862915010153 -9.399999999999999 7.6713708498984765
      vertex -74.10948628518953 -9.399999999999999 7.492024008349482
    endloop
  endfacet
  facet normal 0 -1 0
    outer loop
      vertex -73.70862915010153 -9.399999999999999 7.6713708498984765
      vertex -74.24 -9.399999999999999 7.579230484541326
      vertex -74.10948628518953 -9.399999999999999 7.492024008349482
    endloop
  endfacet
  facet normal 0 -1 0
    outer loop
      vertex -73.70862915010153 -9.399999999999999 7.6713708498984765
      vertex -74.38077988116189 -9.399999999999999 7.648655439013544
      vertex -74.24 -9.399999999999999 7.579230484541326
    endloop
  endfacet
  facet normal 0 -1 0
    outer loop
      vertex -73.70862915010153 -9.399999999999999 7.6713708498984765
      vertex -73.86598171358605 -9.399999999999999 7.809365344465976
      vertex -74.38077988116189 -9.399999999999999 7.648655439013544
    endloop
  endfacet
  facet normal 0 -1 0
    outer loop
      vertex -73.86598171358605 -9.399999999999999 7.809365344465976
      vertex -74.52941714587698 -9.399999999999999 7.699110991546882
      vertex -74.38077988116189 -9.399999999999999 7.648655439013544
    endloop
  endfacet
  facet normal 0 -1 0
    outer loop
      vertex -74.84 -9.399999999999999 7.74
      vertex -75.97137084989848 -9.399999999999999 7.6713708498984765
      vertex -74.99663143066407 -9.399999999999999 7.729733833648572
    endloop
  endfacet
  facet normal 0 -1 0
    outer loop
      vertex -74.99663143066407 -9.399999999999999 7.729733833648572
      vertex -75.97137084989848 -9.399999999999999 7.6713708498984765
      vertex -75.15058285412303 -9.399999999999999 7.699110991546882
    endloop
  endfacet
  facet normal 0 -1 0
    outer loop
      vertex -73.86598171358605 -9.399999999999999 7.809365344465976
      vertex -74.68336856933594 -9.399999999999999 7.729733833648572
      vertex -74.52941714587698 -9.399999999999999 7.699110991546882
    endloop
  endfacet
  facet normal 0 -1 0
    outer loop
      vertex -73.86598171358605 -9.399999999999999 7.809365344465976
      vertex -74.84 -9.399999999999999 7.74
      vertex -74.68336856933594 -9.399999999999999 7.729733833648572
    endloop
  endfacet
  facet normal 0 -1 0
    outer loop
      vertex -73.86598171358605 -9.399999999999999 7.809365344465976
      vertex -74.03999999999999 -9.399999999999999 7.925640646055102
      vertex -75.81401828641395 -9.399999999999999 7.809365344465976
    endloop
  endfacet
  facet normal 0 -1 0
    outer loop
      vertex -73.86598171358605 -9.399999999999999 7.809365344465976
      vertex -75.97137084989848 -9.399999999999999 7.6713708498984765
      vertex -74.84 -9.399999999999999 7.74
    endloop
  endfacet
  facet normal 0 -1 0
    outer loop
      vertex -74.03999999999999 -9.399999999999999 7.925640646055102
      vertex -74.22770650821586 -9.399999999999999 8.018207252018058
      vertex -75.64 -9.399999999999999 7.925640646055102
    endloop
  endfacet
  facet normal 0 -1 0
    outer loop
      vertex -74.22770650821586 -9.399999999999999 8.018207252018058
      vertex -74.42588952783596 -9.399999999999999 8.08548132206251
      vertex -75.45229349178415 -9.399999999999999 8.018207252018058
    endloop
  endfacet
  facet normal 0 -1 0
    outer loop
      vertex -73.86598171358605 -9.399999999999999 7.809365344465976
      vertex -75.81401828641395 -9.399999999999999 7.809365344465976
      vertex -75.97137084989848 -9.399999999999999 7.6713708498984765
    endloop
  endfacet
  facet normal 0 -1 0
    outer loop
      vertex -74.03999999999999 -9.399999999999999 7.925640646055102
      vertex -75.64 -9.399999999999999 7.925640646055102
      vertex -75.81401828641395 -9.399999999999999 7.809365344465976
    endloop
  endfacet
  facet normal 0 -1 0
    outer loop
      vertex -74.22770650821586 -9.399999999999999 8.018207252018058
      vertex -75.45229349178415 -9.399999999999999 8.018207252018058
      vertex -75.64 -9.399999999999999 7.925640646055102
    endloop
  endfacet
  facet normal 0 -1 0
    outer loop
      vertex -74.42588952783596 -9.399999999999999 8.08548132206251
      vertex -75.25411047216403 -9.399999999999999 8.08548132206251
      vertex -75.45229349178415 -9.399999999999999 8.018207252018058
    endloop
  endfacet
  facet normal 0 -1 0
    outer loop
      vertex -74.42588952783596 -9.399999999999999 8.08548132206251
      vertex -74.63115809244792 -9.399999999999999 8.126311778198097
      vertex -75.25411047216403 -9.399999999999999 8.08548132206251
    endloop
  endfacet
  facet normal 0 -1 0
    outer loop
      vertex -74.63115809244792 -9.399999999999999 8.126311778198097
      vertex -74.84 -9.399999999999999 8.14
      vertex -75.04884190755209 -9.399999999999999 8.126311778198097
    endloop
  endfacet
  facet normal 0 -1 0
    outer loop
      vertex -74.63115809244792 -9.399999999999999 8.126311778198097
      vertex -75.04884190755209 -9.399999999999999 8.126311778198097
      vertex -75.25411047216403 -9.399999999999999 8.08548132206251
    endloop
  endfacet
  facet normal 0 -1 0
    outer loop
      vertex -75.68852813742386 -9.399999999999999 5.691471862576143
      vertex -75.79202400834949 -9.399999999999999 5.809486285189536
      vertex -76.10936534446597 -9.399999999999999 5.565981713586047
    endloop
  endfacet
  facet normal 0 -1 0
    outer loop
      vertex -75.79202400834949 -9.399999999999999 5.809486285189536
      vertex -76.2256406460551 -9.399999999999999 5.74
      vertex -76.10936534446597 -9.399999999999999 5.565981713586047
    endloop
  endfacet
  facet normal 0 -1 0
    outer loop
      vertex -75.79202400834949 -9.399999999999999 5.809486285189536
      vertex -75.87923048454132 -9.399999999999999 5.94
      vertex -76.2256406460551 -9.399999999999999 5.74
    endloop
  endfacet
  facet normal 0 -1 0
    outer loop
      vertex -75.87923048454132 -9.399999999999999 5.94
      vertex -76.31820725201806 -9.399999999999999 5.927706508215857
      vertex -76.2256406460551 -9.399999999999999 5.74
    endloop
  endfacet
  facet normal 0 -1 0
    outer loop
      vertex -75.87923048454132 -9.399999999999999 5.94
      vertex -75.94865543901355 -9.399999999999999 6.0807798811618925
      vertex -76.31820725201806 -9.399999999999999 5.927706508215857
    endloop
  endfacet
  facet normal 0 -1 0
    outer loop
      vertex -75.94865543901355 -9.399999999999999 6.0807798811618925
      vertex -75.99911099154689 -9.399999999999999 6.229417145876975
      vertex -76.31820725201806 -9.399999999999999 5.927706508215857
    endloop
  endfacet
  facet normal 0 -1 0
    outer loop
      vertex -75.99911099154689 -9.399999999999999 6.229417145876975
      vertex -76.3854813220625 -9.399999999999999 6.125889527835967
      vertex -76.31820725201806 -9.399999999999999 5.927706508215857
    endloop
  endfacet
  facet normal 0 -1 0
    outer loop
      vertex -75.99911099154689 -9.399999999999999 6.229417145876975
      vertex -76.02973383364858 -9.399999999999999 6.383368569335938
      vertex -76.3854813220625 -9.399999999999999 6.125889527835967
    endloop
  endfacet
  facet normal 0 -1 0
    outer loop
      vertex -76.02973383364858 -9.399999999999999 6.383368569335938
      vertex -76.4263117781981 -9.399999999999999 6.331158092447917
      vertex -76.3854813220625 -9.399999999999999 6.125889527835967
    endloop
  endfacet
  facet normal 0 -1 0
    outer loop
      vertex -76.02973383364858 -9.399999999999999 6.383368569335938
      vertex -76.03999999999999 -9.399999999999999 6.54
      vertex -76.4263117781981 -9.399999999999999 6.331158092447917
    endloop
  endfacet
  facet normal 0 -1 0
    outer loop
      vertex -76.03999999999999 -9.399999999999999 6.54
      vertex -76.44 -9.399999999999999 6.54
      vertex -76.4263117781981 -9.399999999999999 6.331158092447917
    endloop
  endfacet
  facet normal 0 -1 0
    outer loop
      vertex -76.03999999999999 -9.399999999999999 6.54
      vertex -76.02973383364858 -9.399999999999999 6.696631430664062
      vertex -76.44 -9.399999999999999 6.54
    endloop
  endfacet
  facet normal 0 -1 0
    outer loop
      vertex -76.02973383364858 -9.399999999999999 6.696631430664062
      vertex -76.4263117781981 -9.399999999999999 6.748841907552083
      vertex -76.44 -9.399999999999999 6.54
    endloop
  endfacet
  facet normal 0 -1 0
    outer loop
      vertex -75.99911099154689 -9.399999999999999 6.850582854123025
      vertex -76.4263117781981 -9.399999999999999 6.748841907552083
      vertex -76.02973383364858 -9.399999999999999 6.696631430664062
    endloop
  endfacet
  facet normal 0 -1 0
    outer loop
      vertex -75.99911099154689 -9.399999999999999 6.850582854123025
      vertex -76.3854813220625 -9.399999999999999 6.954110472164033
      vertex -76.4263117781981 -9.399999999999999 6.748841907552083
    endloop
  endfacet
  facet normal 0 -1 0
    outer loop
      vertex -75.99911099154689 -9.399999999999999 6.850582854123025
      vertex -75.94865543901355 -9.399999999999999 6.999220118838108
      vertex -76.3854813220625 -9.399999999999999 6.954110472164033
    endloop
  endfacet
  facet normal 0 -1 0
    outer loop
      vertex -75.68852813742386 -9.399999999999999 7.388528137423857
      vertex -76.2256406460551 -9.399999999999999 7.34
      vertex -75.79202400834949 -9.399999999999999 7.270513714810464
    endloop
  endfacet
  facet normal 0 -1 0
    outer loop
      vertex -75.87923048454132 -9.399999999999999 7.14
      vertex -76.31820725201806 -9.399999999999999 7.152293491784143
      vertex -75.94865543901355 -9.399999999999999 6.999220118838108
    endloop
  endfacet
  facet normal 0 -1 0
    outer loop
      vertex -75.87923048454132 -9.399999999999999 7.14
      vertex -75.79202400834949 -9.399999999999999 7.270513714810464
      vertex -76.31820725201806 -9.399999999999999 7.152293491784143
    endloop
  endfacet
  facet normal 0 -1 0
    outer loop
      vertex -75.94865543901355 -9.399999999999999 6.999220118838108
      vertex -76.31820725201806 -9.399999999999999 7.152293491784143
      vertex -76.3854813220625 -9.399999999999999 6.954110472164033
    endloop
  endfacet
  facet normal 0 -1 0
    outer loop
      vertex -75.79202400834949 -9.399999999999999 7.270513714810464
      vertex -76.2256406460551 -9.399999999999999 7.34
      vertex -76.31820725201806 -9.399999999999999 7.152293491784143
    endloop
  endfacet
  facet normal 0 -1 0
    outer loop
      vertex -75.57051371481046 -9.399999999999999 7.492024008349482
      vertex -76.10936534446597 -9.399999999999999 7.514018286413953
      vertex -75.68852813742386 -9.399999999999999 7.388528137423857
    endloop
  endfacet
  facet normal 0 -1 0
    outer loop
      vertex -75.57051371481046 -9.399999999999999 7.492024008349482
      vertex -75.44 -9.399999999999999 7.579230484541326
      vertex -76.10936534446597 -9.399999999999999 7.514018286413953
    endloop
  endfacet
  facet normal 0 -1 0
    outer loop
      vertex -75.29922011883811 -9.399999999999999 7.648655439013544
      vertex -75.97137084989848 -9.399999999999999 7.6713708498984765
      vertex -75.44 -9.399999999999999 7.579230484541326
    endloop
  endfacet
  facet normal 0 -1 0
    outer loop
      vertex -75.15058285412303 -9.399999999999999 7.699110991546882
      vertex -75.97137084989848 -9.399999999999999 7.6713708498984765
      vertex -75.29922011883811 -9.399999999999999 7.648655439013544
    endloop
  endfacet
  facet normal 0 -1 0
    outer loop
      vertex -75.44 -9.399999999999999 7.579230484541326
      vertex -75.97137084989848 -9.399999999999999 7.6713708498984765
      vertex -76.10936534446597 -9.399999999999999 7.514018286413953
    endloop
  endfacet
  facet normal 0 -1 0
    outer loop
      vertex -75.68852813742386 -9.399999999999999 7.388528137423857
      vertex -76.10936534446597 -9.399999999999999 7.514018286413953
      vertex -76.2256406460551 -9.399999999999999 7.34
    endloop
  endfacet
  facet normal -0.6593458151000905 9.078040550559874e-19 0.7518398074789585
    outer loop
      vertex -73.99147186257615 -9.399999999999999 5.691471862576143
      vertex -74.10948628518953 -7.299999999999999 5.587975991650518
      vertex -74.10948628518953 -9.399999999999999 5.587975991650518
    endloop
  endfacet
  facet normal -0.5555702330196107 -8.45397565186575e-19 0.8314696123025396
    outer loop
      vertex -74.10948628518953 -9.399999999999999 5.587975991650518
      vertex -74.24 -7.299999999999999 5.500769515458674
      vertex -74.24 -9.399999999999999 5.500769515458674
    endloop
  endfacet
  facet normal -0.44228869021900913 2.1334852284465256e-19 0.8968727415326844
    outer loop
      vertex -74.24 -9.399999999999999 5.500769515458674
      vertex -74.38077988116189 -7.299999999999999 5.431344560986456
      vertex -74.38077988116189 -9.399999999999999 5.431344560986456
    endloop
  endfacet
  facet normal -0.19509032201612383 -6.108970832239158e-19 0.9807852804032313
    outer loop
      vertex -74.52941714587698 -9.399999999999999 5.380889008453118
      vertex -74.68336856933594 -7.299999999999999 5.350266166351428
      vertex -74.68336856933594 -9.399999999999999 5.350266166351428
    endloop
  endfacet
  facet normal -0.3214394653031437 2.4158170835463765e-19 0.9469301294951117
    outer loop
      vertex -74.38077988116189 -9.399999999999999 5.431344560986456
      vertex -74.52941714587698 -7.299999999999999 5.380889008453118
      vertex -74.52941714587698 -9.399999999999999 5.380889008453118
    endloop
  endfacet
  facet normal -0.06540312923014742 -3.1126133945969732e-19 0.9978589232386033
    outer loop
      vertex -74.68336856933594 -9.399999999999999 5.350266166351428
      vertex -74.84 -7.299999999999999 5.34
      vertex -74.84 -9.399999999999999 5.34
    endloop
  endfacet
  facet normal 0.06540312923014742 3.1126133945969732e-19 0.9978589232386033
    outer loop
      vertex -74.84 -9.399999999999999 5.34
      vertex -74.99663143066407 -7.299999999999999 5.350266166351428
      vertex -74.99663143066407 -9.399999999999999 5.350266166351428
    endloop
  endfacet
  facet normal 0.19509032201612383 6.108970832239158e-19 0.9807852804032313
    outer loop
      vertex -74.99663143066407 -9.399999999999999 5.350266166351428
      vertex -75.15058285412303 -7.299999999999999 5.380889008453118
      vertex -75.15058285412303 -9.399999999999999 5.380889008453118
    endloop
  endfacet
  facet normal 0.3214394653031713 -1.1262982778103466e-18 0.9469301294951025
    outer loop
      vertex -75.15058285412303 -9.399999999999999 5.380889008453118
      vertex -75.29922011883811 -7.299999999999999 5.431344560986456
      vertex -75.29922011883811 -9.399999999999999 5.431344560986456
    endloop
  endfacet
  facet normal 0.44228869021900913 -2.1334852284465256e-19 0.8968727415326844
    outer loop
      vertex -75.29922011883811 -9.399999999999999 5.431344560986456
      vertex -75.44 -7.299999999999999 5.500769515458674
      vertex -75.44 -9.399999999999999 5.500769515458674
    endloop
  endfacet
  facet normal 0.5555702330196107 8.45397565186575e-19 0.8314696123025396
    outer loop
      vertex -75.44 -9.399999999999999 5.500769515458674
      vertex -75.57051371481046 -7.299999999999999 5.587975991650518
      vertex -75.57051371481046 -9.399999999999999 5.587975991650518
    endloop
  endfacet
  facet normal -0.8314696123025213 0 0.5555702330196381
    outer loop
      vertex -73.88797599165052 -9.399999999999999 5.809486285189536
      vertex -73.80076951545867 -9.399999999999999 5.94
      vertex -73.88797599165052 -7.299999999999999 5.809486285189536
    endloop
  endfacet
  facet normal -0.7518398074789722 1.850476236378742e-18 0.6593458151000748
    outer loop
      vertex -73.88797599165052 -9.399999999999999 5.809486285189536
      vertex -73.99147186257615 -7.299999999999999 5.691471862576143
      vertex -73.99147186257615 -9.399999999999999 5.691471862576143
    endloop
  endfacet
  facet normal -0.8968727415327046 0 0.4422886902189682
    outer loop
      vertex -73.80076951545867 -9.399999999999999 5.94
      vertex -73.73134456098646 -9.399999999999999 6.0807798811618925
      vertex -73.80076951545867 -7.299999999999999 5.94
    endloop
  endfacet
  facet normal -0.9469301294951094 0 0.3214394653031508
    outer loop
      vertex -73.73134456098646 -9.399999999999999 6.0807798811618925
      vertex -73.68088900845312 -9.399999999999999 6.229417145876975
      vertex -73.73134456098646 -7.299999999999999 6.0807798811618925
    endloop
  endfacet
  facet normal -0.9807852804032281 -7.720043490742984e-19 0.19509032201614018
    outer loop
      vertex -73.65026616635143 -9.399999999999999 6.383368569335938
      vertex -73.68088900845312 -7.299999999999999 6.229417145876975
      vertex -73.68088900845312 -9.399999999999999 6.229417145876975
    endloop
  endfacet
  facet normal -0.9978589232386031 0 0.06540312923014815
    outer loop
      vertex -73.65026616635143 -9.399999999999999 6.383368569335938
      vertex -73.64 -9.399999999999999 6.54
      vertex -73.65026616635143 -7.299999999999999 6.383368569335938
    endloop
  endfacet
  facet normal -0.9978589232386031 0 -0.06540312923014815
    outer loop
      vertex -73.64 -9.399999999999999 6.54
      vertex -73.65026616635143 -9.399999999999999 6.696631430664062
      vertex -73.64 -7.299999999999999 6.54
    endloop
  endfacet
  facet normal -0.9807852804032281 0 -0.19509032201614018
    outer loop
      vertex -73.65026616635143 -9.399999999999999 6.696631430664062
      vertex -73.68088900845312 -9.399999999999999 6.850582854123025
      vertex -73.65026616635143 -7.299999999999999 6.696631430664062
    endloop
  endfacet
  facet normal -0.9469301294951094 0 -0.3214394653031508
    outer loop
      vertex -73.68088900845312 -9.399999999999999 6.850582854123025
      vertex -73.73134456098646 -9.399999999999999 6.999220118838108
      vertex -73.68088900845312 -7.299999999999999 6.850582854123025
    endloop
  endfacet
  facet normal -0.8968727415327046 0 -0.4422886902189682
    outer loop
      vertex -73.73134456098646 -9.399999999999999 6.999220118838108
      vertex -73.80076951545867 -9.399999999999999 7.14
      vertex -73.73134456098646 -7.299999999999999 6.999220118838108
    endloop
  endfacet
  facet normal -0.8314696123025213 0 -0.5555702330196381
    outer loop
      vertex -73.80076951545867 -9.399999999999999 7.14
      vertex -73.88797599165052 -9.399999999999999 7.270513714810464
      vertex -73.80076951545867 -7.299999999999999 7.14
    endloop
  endfacet
  facet normal -0.7518398074789722 0 -0.6593458151000748
    outer loop
      vertex -73.88797599165052 -9.399999999999999 7.270513714810464
      vertex -73.99147186257615 -9.399999999999999 7.388528137423857
      vertex -73.88797599165052 -7.299999999999999 7.270513714810464
    endloop
  endfacet
  facet normal -0.6593458151000905 0 -0.7518398074789585
    outer loop
      vertex -73.99147186257615 -9.399999999999999 7.388528137423857
      vertex -74.10948628518953 -9.399999999999999 7.492024008349482
      vertex -73.99147186257615 -7.299999999999999 7.388528137423857
    endloop
  endfacet
  facet normal -0.5555702330196107 0 -0.8314696123025396
    outer loop
      vertex -74.10948628518953 -9.399999999999999 7.492024008349482
      vertex -74.24 -9.399999999999999 7.579230484541326
      vertex -74.10948628518953 -7.299999999999999 7.492024008349482
    endloop
  endfacet
  facet normal -0.44228869021900913 0 -0.8968727415326844
    outer loop
      vertex -74.24 -9.399999999999999 7.579230484541326
      vertex -74.38077988116189 -9.399999999999999 7.648655439013544
      vertex -74.24 -7.299999999999999 7.579230484541326
    endloop
  endfacet
  facet normal -0.3214394653031437 0 -0.9469301294951117
    outer loop
      vertex -74.38077988116189 -9.399999999999999 7.648655439013544
      vertex -74.52941714587698 -9.399999999999999 7.699110991546882
      vertex -74.38077988116189 -7.299999999999999 7.648655439013544
    endloop
  endfacet
  facet normal -0.19509032201612383 0 -0.9807852804032313
    outer loop
      vertex -74.52941714587698 -9.399999999999999 7.699110991546882
      vertex -74.68336856933594 -9.399999999999999 7.729733833648572
      vertex -74.52941714587698 -7.299999999999999 7.699110991546882
    endloop
  endfacet
  facet normal -0.06540312923014742 0 -0.9978589232386033
    outer loop
      vertex -74.68336856933594 -9.399999999999999 7.729733833648572
      vertex -74.84 -9.399999999999999 7.74
      vertex -74.68336856933594 -7.299999999999999 7.729733833648572
    endloop
  endfacet
  facet normal 0.19509032201612383 0 -0.9807852804032313
    outer loop
      vertex -74.99663143066407 -9.399999999999999 7.729733833648572
      vertex -75.15058285412303 -9.399999999999999 7.699110991546882
      vertex -74.99663143066407 -7.299999999999999 7.729733833648572
    endloop
  endfacet
  facet normal 0.44228869021900913 0 -0.8968727415326844
    outer loop
      vertex -75.29922011883811 -9.399999999999999 7.648655439013544
      vertex -75.44 -9.399999999999999 7.579230484541326
      vertex -75.29922011883811 -7.299999999999999 7.648655439013544
    endloop
  endfacet
  facet normal 0.3214394653031713 0 -0.9469301294951025
    outer loop
      vertex -75.15058285412303 -9.399999999999999 7.699110991546882
      vertex -75.29922011883811 -9.399999999999999 7.648655439013544
      vertex -75.15058285412303 -7.299999999999999 7.699110991546882
    endloop
  endfacet
  facet normal 0.06540312923014742 0 -0.9978589232386033
    outer loop
      vertex -74.84 -9.399999999999999 7.74
      vertex -74.99663143066407 -9.399999999999999 7.729733833648572
      vertex -74.84 -7.299999999999999 7.74
    endloop
  endfacet
  facet normal 0.6593458151000456 -5.618019653736588e-20 0.7518398074789978
    outer loop
      vertex -75.57051371481046 -9.399999999999999 5.587975991650518
      vertex -75.68852813742386 -7.299999999999999 5.691471862576143
      vertex -75.68852813742386 -9.399999999999999 5.691471862576143
    endloop
  endfacet
  facet normal 0.7518398074789722 -1.850476236378742e-18 0.6593458151000748
    outer loop
      vertex -75.68852813742386 -9.399999999999999 5.691471862576143
      vertex -75.79202400834949 -7.299999999999999 5.809486285189536
      vertex -75.79202400834949 -9.399999999999999 5.809486285189536
    endloop
  endfacet
  facet normal 0.8314696123025631 -1.4393918216261307e-19 0.5555702330195756
    outer loop
      vertex -75.79202400834949 -9.399999999999999 5.809486285189536
      vertex -75.87923048454132 -7.299999999999999 5.94
      vertex -75.87923048454132 -9.399999999999999 5.94
    endloop
  endfacet
  facet normal 0.8968727415326686 1.230992602898462e-18 0.4422886902190411
    outer loop
      vertex -75.87923048454132 -9.399999999999999 5.94
      vertex -75.94865543901355 -7.299999999999999 6.0807798811618925
      vertex -75.94865543901355 -9.399999999999999 6.0807798811618925
    endloop
  endfacet
  facet normal 0.9469301294951094 -4.692808254869108e-20 0.3214394653031508
    outer loop
      vertex -75.94865543901355 -9.399999999999999 6.0807798811618925
      vertex -75.99911099154689 -7.299999999999999 6.229417145876975
      vertex -75.99911099154689 -9.399999999999999 6.229417145876975
    endloop
  endfacet
  facet normal 0.9807852804032281 7.720043490742984e-19 0.19509032201614018
    outer loop
      vertex -75.99911099154689 -9.399999999999999 6.229417145876975
      vertex -76.02973383364858 -7.299999999999999 6.383368569335938
      vertex -76.02973383364858 -9.399999999999999 6.383368569335938
    endloop
  endfacet
  facet normal 0.997858923238609 -2.821803370311401e-19 0.06540312923005802
    outer loop
      vertex -76.02973383364858 -9.399999999999999 6.383368569335938
      vertex -76.03999999999999 -7.299999999999999 6.54
      vertex -76.03999999999999 -9.399999999999999 6.54
    endloop
  endfacet
  facet normal 0.997858923238609 2.821803370311401e-19 -0.06540312923005802
    outer loop
      vertex -76.03999999999999 -9.399999999999999 6.54
      vertex -76.02973383364858 -7.299999999999999 6.696631430664062
      vertex -76.02973383364858 -9.399999999999999 6.696631430664062
    endloop
  endfacet
  facet normal 0.9807852804032281 0 -0.19509032201614018
    outer loop
      vertex -75.99911099154689 -9.399999999999999 6.850582854123025
      vertex -76.02973383364858 -9.399999999999999 6.696631430664062
      vertex -75.99911099154689 -7.299999999999999 6.850582854123025
    endloop
  endfacet
  facet normal 0.9469301294951094 4.692808254869108e-20 -0.3214394653031508
    outer loop
      vertex -75.99911099154689 -9.399999999999999 6.850582854123025
      vertex -75.94865543901355 -7.299999999999999 6.999220118838108
      vertex -75.94865543901355 -9.399999999999999 6.999220118838108
    endloop
  endfacet
  facet normal 0.8314696123025631 1.4393918216261307e-19 -0.5555702330195756
    outer loop
      vertex -75.87923048454132 -9.399999999999999 7.14
      vertex -75.79202400834949 -7.299999999999999 7.270513714810464
      vertex -75.79202400834949 -9.399999999999999 7.270513714810464
    endloop
  endfacet
  facet normal 0.7518398074789722 0 -0.6593458151000748
    outer loop
      vertex -75.68852813742386 -9.399999999999999 7.388528137423857
      vertex -75.79202400834949 -9.399999999999999 7.270513714810464
      vertex -75.68852813742386 -7.299999999999999 7.388528137423857
    endloop
  endfacet
  facet normal 0.8968727415326686 0 -0.4422886902190411
    outer loop
      vertex -75.87923048454132 -9.399999999999999 7.14
      vertex -75.94865543901355 -9.399999999999999 6.999220118838108
      vertex -75.87923048454132 -7.299999999999999 7.14
    endloop
  endfacet
  facet normal 0.6593458151000456 0 -0.7518398074789978
    outer loop
      vertex -75.57051371481046 -9.399999999999999 7.492024008349482
      vertex -75.68852813742386 -9.399999999999999 7.388528137423857
      vertex -75.57051371481046 -7.299999999999999 7.492024008349482
    endloop
  endfacet
  facet normal 0.5555702330196107 -8.45397565186575e-19 -0.8314696123025396
    outer loop
      vertex -75.57051371481046 -9.399999999999999 7.492024008349482
      vertex -75.44 -7.299999999999999 7.579230484541326
      vertex -75.44 -9.399999999999999 7.579230484541326
    endloop
  endfacet
  facet normal -0.5555702330196107 0 0.8314696123025396
    outer loop
      vertex -74.10948628518953 -9.399999999999999 5.587975991650518
      vertex -74.10948628518953 -7.299999999999999 5.587975991650518
      vertex -74.24 -7.299999999999999 5.500769515458674
    endloop
  endfacet
  facet normal -0.44228869021900913 0 0.8968727415326844
    outer loop
      vertex -74.24 -9.399999999999999 5.500769515458674
      vertex -74.24 -7.299999999999999 5.500769515458674
      vertex -74.38077988116189 -7.299999999999999 5.431344560986456
    endloop
  endfacet
  facet normal -0.3214394653031437 0 0.9469301294951117
    outer loop
      vertex -74.38077988116189 -9.399999999999999 5.431344560986456
      vertex -74.38077988116189 -7.299999999999999 5.431344560986456
      vertex -74.52941714587698 -7.299999999999999 5.380889008453118
    endloop
  endfacet
  facet normal -0.19509032201612383 0 0.9807852804032313
    outer loop
      vertex -74.52941714587698 -9.399999999999999 5.380889008453118
      vertex -74.52941714587698 -7.299999999999999 5.380889008453118
      vertex -74.68336856933594 -7.299999999999999 5.350266166351428
    endloop
  endfacet
  facet normal -0.06540312923014742 0 0.9978589232386033
    outer loop
      vertex -74.68336856933594 -9.399999999999999 5.350266166351428
      vertex -74.68336856933594 -7.299999999999999 5.350266166351428
      vertex -74.84 -7.299999999999999 5.34
    endloop
  endfacet
  facet normal 0.06540312923014742 0 0.9978589232386033
    outer loop
      vertex -74.84 -9.399999999999999 5.34
      vertex -74.84 -7.299999999999999 5.34
      vertex -74.99663143066407 -7.299999999999999 5.350266166351428
    endloop
  endfacet
  facet normal 0.19509032201612383 0 0.9807852804032313
    outer loop
      vertex -74.99663143066407 -9.399999999999999 5.350266166351428
      vertex -74.99663143066407 -7.299999999999999 5.350266166351428
      vertex -75.15058285412303 -7.299999999999999 5.380889008453118
    endloop
  endfacet
  facet normal 0.3214394653031713 0 0.9469301294951025
    outer loop
      vertex -75.15058285412303 -9.399999999999999 5.380889008453118
      vertex -75.15058285412303 -7.299999999999999 5.380889008453118
      vertex -75.29922011883811 -7.299999999999999 5.431344560986456
    endloop
  endfacet
  facet normal 0.44228869021900913 0 0.8968727415326844
    outer loop
      vertex -75.29922011883811 -9.399999999999999 5.431344560986456
      vertex -75.29922011883811 -7.299999999999999 5.431344560986456
      vertex -75.44 -7.299999999999999 5.500769515458674
    endloop
  endfacet
  facet normal 0.5555702330196107 0 0.8314696123025396
    outer loop
      vertex -75.44 -9.399999999999999 5.500769515458674
      vertex -75.44 -7.299999999999999 5.500769515458674
      vertex -75.57051371481046 -7.299999999999999 5.587975991650518
    endloop
  endfacet
  facet normal 0.6593458151000456 0 0.7518398074789978
    outer loop
      vertex -75.57051371481046 -9.399999999999999 5.587975991650518
      vertex -75.57051371481046 -7.299999999999999 5.587975991650518
      vertex -75.68852813742386 -7.299999999999999 5.691471862576143
    endloop
  endfacet
  facet normal -0.8314696123025213 0 0.5555702330196381
    outer loop
      vertex -73.80076951545867 -9.399999999999999 5.94
      vertex -73.80076951545867 -7.299999999999999 5.94
      vertex -73.88797599165052 -7.299999999999999 5.809486285189536
    endloop
  endfacet
  facet normal -0.6593458151000905 0 0.7518398074789585
    outer loop
      vertex -73.99147186257615 -9.399999999999999 5.691471862576143
      vertex -73.99147186257615 -7.299999999999999 5.691471862576143
      vertex -74.10948628518953 -7.299999999999999 5.587975991650518
    endloop
  endfacet
  facet normal -0.7518398074789722 0 0.6593458151000748
    outer loop
      vertex -73.88797599165052 -9.399999999999999 5.809486285189536
      vertex -73.88797599165052 -7.299999999999999 5.809486285189536
      vertex -73.99147186257615 -7.299999999999999 5.691471862576143
    endloop
  endfacet
  facet normal -0.8968727415327046 2.617099033123272e-18 0.4422886902189682
    outer loop
      vertex -73.80076951545867 -7.299999999999999 5.94
      vertex -73.73134456098646 -9.399999999999999 6.0807798811618925
      vertex -73.73134456098646 -7.299999999999999 6.0807798811618925
    endloop
  endfacet
  facet normal -0.9469301294951094 0 0.3214394653031508
    outer loop
      vertex -73.68088900845312 -9.399999999999999 6.229417145876975
      vertex -73.68088900845312 -7.299999999999999 6.229417145876975
      vertex -73.73134456098646 -7.299999999999999 6.0807798811618925
    endloop
  endfacet
  facet normal -0.9807852804032281 0 0.19509032201614018
    outer loop
      vertex -73.65026616635143 -9.399999999999999 6.383368569335938
      vertex -73.65026616635143 -7.299999999999999 6.383368569335938
      vertex -73.68088900845312 -7.299999999999999 6.229417145876975
    endloop
  endfacet
  facet normal -0.9978589232386031 0 0.06540312923014815
    outer loop
      vertex -73.64 -9.399999999999999 6.54
      vertex -73.64 -7.299999999999999 6.54
      vertex -73.65026616635143 -7.299999999999999 6.383368569335938
    endloop
  endfacet
  facet normal -0.9978589232386031 0 -0.06540312923014815
    outer loop
      vertex -73.65026616635143 -9.399999999999999 6.696631430664062
      vertex -73.65026616635143 -7.299999999999999 6.696631430664062
      vertex -73.64 -7.299999999999999 6.54
    endloop
  endfacet
  facet normal -0.9807852804032281 0 -0.19509032201614018
    outer loop
      vertex -73.68088900845312 -9.399999999999999 6.850582854123025
      vertex -73.68088900845312 -7.299999999999999 6.850582854123025
      vertex -73.65026616635143 -7.299999999999999 6.696631430664062
    endloop
  endfacet
  facet normal -0.9469301294951094 0 -0.3214394653031508
    outer loop
      vertex -73.73134456098646 -9.399999999999999 6.999220118838108
      vertex -73.73134456098646 -7.299999999999999 6.999220118838108
      vertex -73.68088900845312 -7.299999999999999 6.850582854123025
    endloop
  endfacet
  facet normal -0.8968727415327046 -2.617099033123272e-18 -0.4422886902189682
    outer loop
      vertex -73.73134456098646 -7.299999999999999 6.999220118838108
      vertex -73.80076951545867 -9.399999999999999 7.14
      vertex -73.80076951545867 -7.299999999999999 7.14
    endloop
  endfacet
  facet normal -0.8314696123025213 0 -0.5555702330196381
    outer loop
      vertex -73.88797599165052 -9.399999999999999 7.270513714810464
      vertex -73.88797599165052 -7.299999999999999 7.270513714810464
      vertex -73.80076951545867 -7.299999999999999 7.14
    endloop
  endfacet
  facet normal -0.7518398074789722 0 -0.6593458151000748
    outer loop
      vertex -73.99147186257615 -9.399999999999999 7.388528137423857
      vertex -73.99147186257615 -7.299999999999999 7.388528137423857
      vertex -73.88797599165052 -7.299999999999999 7.270513714810464
    endloop
  endfacet
  facet normal -0.6593458151000905 0 -0.7518398074789585
    outer loop
      vertex -74.10948628518953 -9.399999999999999 7.492024008349482
      vertex -74.10948628518953 -7.299999999999999 7.492024008349482
      vertex -73.99147186257615 -7.299999999999999 7.388528137423857
    endloop
  endfacet
  facet normal -0.5555702330196107 0 -0.8314696123025396
    outer loop
      vertex -74.24 -9.399999999999999 7.579230484541326
      vertex -74.24 -7.299999999999999 7.579230484541326
      vertex -74.10948628518953 -7.299999999999999 7.492024008349482
    endloop
  endfacet
  facet normal -0.44228869021900913 0 -0.8968727415326844
    outer loop
      vertex -74.38077988116189 -9.399999999999999 7.648655439013544
      vertex -74.38077988116189 -7.299999999999999 7.648655439013544
      vertex -74.24 -7.299999999999999 7.579230484541326
    endloop
  endfacet
  facet normal -0.3214394653031437 0 -0.9469301294951117
    outer loop
      vertex -74.52941714587698 -9.399999999999999 7.699110991546882
      vertex -74.52941714587698 -7.299999999999999 7.699110991546882
      vertex -74.38077988116189 -7.299999999999999 7.648655439013544
    endloop
  endfacet
  facet normal -0.19509032201612383 0 -0.9807852804032313
    outer loop
      vertex -74.68336856933594 -9.399999999999999 7.729733833648572
      vertex -74.68336856933594 -7.299999999999999 7.729733833648572
      vertex -74.52941714587698 -7.299999999999999 7.699110991546882
    endloop
  endfacet
  facet normal 0.06540312923014742 0 -0.9978589232386033
    outer loop
      vertex -74.99663143066407 -9.399999999999999 7.729733833648572
      vertex -74.99663143066407 -7.299999999999999 7.729733833648572
      vertex -74.84 -7.299999999999999 7.74
    endloop
  endfacet
  facet normal 0.19509032201612383 0 -0.9807852804032313
    outer loop
      vertex -75.15058285412303 -9.399999999999999 7.699110991546882
      vertex -75.15058285412303 -7.299999999999999 7.699110991546882
      vertex -74.99663143066407 -7.299999999999999 7.729733833648572
    endloop
  endfacet
  facet normal 0.44228869021900913 0 -0.8968727415326844
    outer loop
      vertex -75.44 -9.399999999999999 7.579230484541326
      vertex -75.44 -7.299999999999999 7.579230484541326
      vertex -75.29922011883811 -7.299999999999999 7.648655439013544
    endloop
  endfacet
  facet normal 0.3214394653031713 0 -0.9469301294951025
    outer loop
      vertex -75.29922011883811 -9.399999999999999 7.648655439013544
      vertex -75.29922011883811 -7.299999999999999 7.648655439013544
      vertex -75.15058285412303 -7.299999999999999 7.699110991546882
    endloop
  endfacet
  facet normal -0.06540312923014742 0 -0.9978589232386033
    outer loop
      vertex -74.84 -9.399999999999999 7.74
      vertex -74.84 -7.299999999999999 7.74
      vertex -74.68336856933594 -7.299999999999999 7.729733833648572
    endloop
  endfacet
  facet normal 0.7518398074789722 0 0.6593458151000748
    outer loop
      vertex -75.68852813742386 -9.399999999999999 5.691471862576143
      vertex -75.68852813742386 -7.299999999999999 5.691471862576143
      vertex -75.79202400834949 -7.299999999999999 5.809486285189536
    endloop
  endfacet
  facet normal 0.8314696123025631 0 0.5555702330195756
    outer loop
      vertex -75.79202400834949 -9.399999999999999 5.809486285189536
      vertex -75.79202400834949 -7.299999999999999 5.809486285189536
      vertex -75.87923048454132 -7.299999999999999 5.94
    endloop
  endfacet
  facet normal 0.8968727415326686 0 0.4422886902190411
    outer loop
      vertex -75.87923048454132 -9.399999999999999 5.94
      vertex -75.87923048454132 -7.299999999999999 5.94
      vertex -75.94865543901355 -7.299999999999999 6.0807798811618925
    endloop
  endfacet
  facet normal 0.9469301294951094 0 0.3214394653031508
    outer loop
      vertex -75.94865543901355 -9.399999999999999 6.0807798811618925
      vertex -75.94865543901355 -7.299999999999999 6.0807798811618925
      vertex -75.99911099154689 -7.299999999999999 6.229417145876975
    endloop
  endfacet
  facet normal 0.9807852804032281 0 0.19509032201614018
    outer loop
      vertex -75.99911099154689 -9.399999999999999 6.229417145876975
      vertex -75.99911099154689 -7.299999999999999 6.229417145876975
      vertex -76.02973383364858 -7.299999999999999 6.383368569335938
    endloop
  endfacet
  facet normal 0.997858923238609 0 0.06540312923005802
    outer loop
      vertex -76.02973383364858 -9.399999999999999 6.383368569335938
      vertex -76.02973383364858 -7.299999999999999 6.383368569335938
      vertex -76.03999999999999 -7.299999999999999 6.54
    endloop
  endfacet
  facet normal 0.997858923238609 0 -0.06540312923005802
    outer loop
      vertex -76.03999999999999 -9.399999999999999 6.54
      vertex -76.03999999999999 -7.299999999999999 6.54
      vertex -76.02973383364858 -7.299999999999999 6.696631430664062
    endloop
  endfacet
  facet normal 0.9807852804032281 -7.720043490742984e-19 -0.19509032201614018
    outer loop
      vertex -75.99911099154689 -7.299999999999999 6.850582854123025
      vertex -76.02973383364858 -9.399999999999999 6.696631430664062
      vertex -76.02973383364858 -7.299999999999999 6.696631430664062
    endloop
  endfacet
  facet normal 0.9469301294951094 0 -0.3214394653031508
    outer loop
      vertex -75.99911099154689 -9.399999999999999 6.850582854123025
      vertex -75.99911099154689 -7.299999999999999 6.850582854123025
      vertex -75.94865543901355 -7.299999999999999 6.999220118838108
    endloop
  endfacet
  facet normal 0.8314696123025631 0 -0.5555702330195756
    outer loop
      vertex -75.87923048454132 -9.399999999999999 7.14
      vertex -75.87923048454132 -7.299999999999999 7.14
      vertex -75.79202400834949 -7.299999999999999 7.270513714810464
    endloop
  endfacet
  facet normal 0.7518398074789722 0 -0.6593458151000748
    outer loop
      vertex -75.79202400834949 -9.399999999999999 7.270513714810464
      vertex -75.79202400834949 -7.299999999999999 7.270513714810464
      vertex -75.68852813742386 -7.299999999999999 7.388528137423857
    endloop
  endfacet
  facet normal 0.8968727415326686 0 -0.4422886902190411
    outer loop
      vertex -75.94865543901355 -9.399999999999999 6.999220118838108
      vertex -75.94865543901355 -7.299999999999999 6.999220118838108
      vertex -75.87923048454132 -7.299999999999999 7.14
    endloop
  endfacet
  facet normal 0.6593458151000456 0 -0.7518398074789978
    outer loop
      vertex -75.68852813742386 -9.399999999999999 7.388528137423857
      vertex -75.68852813742386 -7.299999999999999 7.388528137423857
      vertex -75.57051371481046 -7.299999999999999 7.492024008349482
    endloop
  endfacet
  facet normal 0.5555702330196107 0 -0.8314696123025396
    outer loop
      vertex -75.57051371481046 -9.399999999999999 7.492024008349482
      vertex -75.57051371481046 -7.299999999999999 7.492024008349482
      vertex -75.44 -7.299999999999999 7.579230484541326
    endloop
  endfacet
  facet normal -0.6593458151000688 -1.9364356722168146e-19 0.7518398074789774
    outer loop
      vertex -94.02862915010152 -13.399999999999999 5.408629150101524
      vertex -94.18598171358605 -9.399999999999999 5.270634655534024
      vertex -94.18598171358605 -13.399999999999999 5.270634655534024
    endloop
  endfacet
  facet normal -0.751839807478994 1.2601656997893884e-18 0.65934581510005
    outer loop
      vertex -93.89063465553403 -13.399999999999999 5.565981713586047
      vertex -94.02862915010152 -9.399999999999999 5.408629150101524
      vertex -94.02862915010152 -13.399999999999999 5.408629150101524
    endloop
  endfacet
  facet normal -0.8314696123025426 0 0.5555702330196062
    outer loop
      vertex -93.89063465553403 -13.399999999999999 5.565981713586047
      vertex -93.7743593539449 -13.399999999999999 5.74
      vertex -93.89063465553403 -9.399999999999999 5.565981713586047
    endloop
  endfacet
  facet normal -0.4422886902190057 8.512074481573613e-19 0.8968727415326861
    outer loop
      vertex -94.36 -13.399999999999999 5.154359353944898
      vertex -94.54770650821585 -9.399999999999999 5.061792747981941
      vertex -94.54770650821585 -13.399999999999999 5.061792747981941
    endloop
  endfacet
  facet normal -0.3214394653031518 8.786060042087363e-19 0.9469301294951089
    outer loop
      vertex -94.54770650821585 -13.399999999999999 5.061792747981941
      vertex -94.74588952783597 -9.399999999999999 4.99451867793749
      vertex -94.74588952783597 -13.399999999999999 4.99451867793749
    endloop
  endfacet
  facet normal -0.5555702330196013 0 0.8314696123025458
    outer loop
      vertex -94.36 -13.399999999999999 5.154359353944898
      vertex -94.18598171358605 -13.399999999999999 5.270634655534024
      vertex -94.36 -9.399999999999999 5.154359353944898
    endloop
  endfacet
  facet normal -0.19509032201613385 3.5378894915097185e-19 0.9807852804032293
    outer loop
      vertex -94.74588952783597 -13.399999999999999 4.99451867793749
      vertex -94.95115809244791 -9.399999999999999 4.953688221801904
      vertex -94.95115809244791 -13.399999999999999 4.953688221801904
    endloop
  endfacet
  facet normal -0.06540312923014602 -2.2505949317899973e-19 0.9978589232386034
    outer loop
      vertex -94.95115809244791 -13.399999999999999 4.953688221801904
      vertex -95.16 -9.399999999999999 4.9399999999999995
      vertex -95.16 -13.399999999999999 4.9399999999999995
    endloop
  endfacet
  facet normal -0.8968727415326868 1.4480681717226727e-18 0.442288690219004
    outer loop
      vertex -93.68179274798194 -13.399999999999999 5.927706508215857
      vertex -93.7743593539449 -9.399999999999999 5.74
      vertex -93.7743593539449 -13.399999999999999 5.74
    endloop
  endfacet
  facet normal -0.9469301294951094 0 0.3214394653031508
    outer loop
      vertex -93.68179274798194 -13.399999999999999 5.927706508215857
      vertex -93.6145186779375 -13.399999999999999 6.125889527835967
      vertex -93.68179274798194 -9.399999999999999 5.927706508215857
    endloop
  endfacet
  facet normal -0.9807852804032237 2.0766311478605162e-19 0.1950903220161625
    outer loop
      vertex -93.5736882218019 -13.399999999999999 6.331158092447917
      vertex -93.6145186779375 -9.399999999999999 6.125889527835967
      vertex -93.6145186779375 -13.399999999999999 6.125889527835967
    endloop
  endfacet
  facet normal -0.9978589232386046 0 0.06540312923012544
    outer loop
      vertex -93.5736882218019 -13.399999999999999 6.331158092447917
      vertex -93.56 -13.399999999999999 6.54
      vertex -93.5736882218019 -9.399999999999999 6.331158092447917
    endloop
  endfacet
  facet normal -0.9978589232386046 0 -0.06540312923012544
    outer loop
      vertex -93.56 -13.399999999999999 6.54
      vertex -93.5736882218019 -13.399999999999999 6.748841907552083
      vertex -93.56 -9.399999999999999 6.54
    endloop
  endfacet
  facet normal -0.9807852804032237 0 -0.1950903220161625
    outer loop
      vertex -93.5736882218019 -13.399999999999999 6.748841907552083
      vertex -93.6145186779375 -13.399999999999999 6.954110472164033
      vertex -93.5736882218019 -9.399999999999999 6.748841907552083
    endloop
  endfacet
  facet normal -0.9469301294951094 0 -0.3214394653031508
    outer loop
      vertex -93.6145186779375 -13.399999999999999 6.954110472164033
      vertex -93.68179274798194 -13.399999999999999 7.152293491784143
      vertex -93.6145186779375 -9.399999999999999 6.954110472164033
    endloop
  endfacet
  facet normal -0.8968727415326868 0 -0.442288690219004
    outer loop
      vertex -93.68179274798194 -13.399999999999999 7.152293491784143
      vertex -93.7743593539449 -13.399999999999999 7.34
      vertex -93.68179274798194 -9.399999999999999 7.152293491784143
    endloop
  endfacet
  facet normal -0.8314696123025426 0 -0.5555702330196062
    outer loop
      vertex -93.7743593539449 -13.399999999999999 7.34
      vertex -93.89063465553403 -13.399999999999999 7.514018286413953
      vertex -93.7743593539449 -9.399999999999999 7.34
    endloop
  endfacet
  facet normal -0.751839807478994 0 -0.65934581510005
    outer loop
      vertex -93.89063465553403 -13.399999999999999 7.514018286413953
      vertex -94.02862915010152 -13.399999999999999 7.6713708498984765
      vertex -93.89063465553403 -9.399999999999999 7.514018286413953
    endloop
  endfacet
  facet normal -0.6593458151000688 0 -0.7518398074789774
    outer loop
      vertex -94.02862915010152 -13.399999999999999 7.6713708498984765
      vertex -94.18598171358605 -13.399999999999999 7.809365344465976
      vertex -94.02862915010152 -9.399999999999999 7.6713708498984765
    endloop
  endfacet
  facet normal -0.5555702330196013 0 -0.8314696123025458
    outer loop
      vertex -94.18598171358605 -13.399999999999999 7.809365344465976
      vertex -94.36 -13.399999999999999 7.925640646055102
      vertex -94.18598171358605 -9.399999999999999 7.809365344465976
    endloop
  endfacet
  facet normal -0.4422886902190023 0 -0.8968727415326878
    outer loop
      vertex -94.36 -13.399999999999999 7.925640646055102
      vertex -94.54770650821585 -13.399999999999999 8.018207252018058
      vertex -94.36 -9.399999999999999 7.925640646055102
    endloop
  endfacet
  facet normal -0.32143946530315565 0 -0.9469301294951077
    outer loop
      vertex -94.54770650821585 -13.399999999999999 8.018207252018058
      vertex -94.74588952783597 -13.399999999999999 8.08548132206251
      vertex -94.54770650821585 -9.399999999999999 8.018207252018058
    endloop
  endfacet
  facet normal -0.19509032201613796 0 -0.9807852804032285
    outer loop
      vertex -94.74588952783597 -13.399999999999999 8.08548132206251
      vertex -94.95115809244791 -13.399999999999999 8.126311778198097
      vertex -94.74588952783597 -9.399999999999999 8.08548132206251
    endloop
  endfacet
  facet normal -0.06540312923014178 0 -0.9978589232386036
    outer loop
      vertex -94.95115809244791 -13.399999999999999 8.126311778198097
      vertex -95.16 -13.399999999999999 8.14
      vertex -94.95115809244791 -9.399999999999999 8.126311778198097
    endloop
  endfacet
  facet normal 0.06540312923014178 0 -0.9978589232386036
    outer loop
      vertex -95.16 -13.399999999999999 8.14
      vertex -95.36884190755208 -13.399999999999999 8.126311778198097
      vertex -95.16 -9.399999999999999 8.14
    endloop
  endfacet
  facet normal 0.06540312923014602 2.2505949317899973e-19 0.9978589232386034
    outer loop
      vertex -95.16 -13.399999999999999 4.9399999999999995
      vertex -95.36884190755208 -9.399999999999999 4.953688221801904
      vertex -95.36884190755208 -13.399999999999999 4.953688221801904
    endloop
  endfacet
  facet normal 0.19509032201612087 7.17313702651158e-19 0.9807852804032319
    outer loop
      vertex -95.36884190755208 -13.399999999999999 4.953688221801904
      vertex -95.57411047216404 -9.399999999999999 4.99451867793749
      vertex -95.57411047216404 -13.399999999999999 4.99451867793749
    endloop
  endfacet
  facet normal 0.3214394653031725 -6.523646327400351e-19 0.9469301294951019
    outer loop
      vertex -95.57411047216404 -13.399999999999999 4.99451867793749
      vertex -95.77229349178414 -9.399999999999999 5.061792747981941
      vertex -95.77229349178414 -13.399999999999999 5.061792747981941
    endloop
  endfacet
  facet normal 0.44228869021897876 -1.4845320148107187e-18 0.8968727415326995
    outer loop
      vertex -95.77229349178414 -13.399999999999999 5.061792747981941
      vertex -95.96000000000001 -9.399999999999999 5.154359353944898
      vertex -95.96000000000001 -13.399999999999999 5.154359353944898
    endloop
  endfacet
  facet normal 0.5555702330196327 5.622007969408655e-19 0.8314696123025249
    outer loop
      vertex -95.96000000000001 -13.399999999999999 5.154359353944898
      vertex -96.13401828641395 -9.399999999999999 5.270634655534024
      vertex -96.13401828641395 -13.399999999999999 5.270634655534024
    endloop
  endfacet
  facet normal 0.6593458151000688 1.9364356722168146e-19 0.7518398074789774
    outer loop
      vertex -96.13401828641395 -13.399999999999999 5.270634655534024
      vertex -96.29137084989847 -9.399999999999999 5.408629150101524
      vertex -96.29137084989847 -13.399999999999999 5.408629150101524
    endloop
  endfacet
  facet normal 0.7518398074789604 7.452635590538619e-19 0.6593458151000884
    outer loop
      vertex -96.29137084989847 -13.399999999999999 5.408629150101524
      vertex -96.42936534446598 -9.399999999999999 5.565981713586047
      vertex -96.42936534446598 -13.399999999999999 5.565981713586047
    endloop
  endfacet
  facet normal 0.8314696123025426 3.722282225952703e-19 0.5555702330196062
    outer loop
      vertex -96.42936534446598 -13.399999999999999 5.565981713586047
      vertex -96.5456406460551 -9.399999999999999 5.74
      vertex -96.5456406460551 -13.399999999999999 5.74
    endloop
  endfacet
  facet normal 0.8968727415326868 -1.4480681717226727e-18 0.442288690219004
    outer loop
      vertex -96.5456406460551 -13.399999999999999 5.74
      vertex -96.63820725201806 -9.399999999999999 5.927706508215857
      vertex -96.63820725201806 -13.399999999999999 5.927706508215857
    endloop
  endfacet
  facet normal 0.9469301294951094 -9.53806418354682e-19 0.3214394653031508
    outer loop
      vertex -96.63820725201806 -13.399999999999999 5.927706508215857
      vertex -96.70548132206251 -9.399999999999999 6.125889527835967
      vertex -96.70548132206251 -13.399999999999999 6.125889527835967
    endloop
  endfacet
  facet normal 0.9807852804032366 9.529108718213644e-19 0.19509032201609716
    outer loop
      vertex -96.70548132206251 -13.399999999999999 6.125889527835967
      vertex -96.74631177819809 -9.399999999999999 6.331158092447917
      vertex -96.74631177819809 -13.399999999999999 6.331158092447917
    endloop
  endfacet
  facet normal 0.9978589232386003 -1.497602092315653e-19 0.06540312923019305
    outer loop
      vertex -96.74631177819809 -13.399999999999999 6.331158092447917
      vertex -96.76 -9.399999999999999 6.54
      vertex -96.76 -13.399999999999999 6.54
    endloop
  endfacet
  facet normal 0.9978589232386003 1.497602092315653e-19 -0.06540312923019305
    outer loop
      vertex -96.76 -13.399999999999999 6.54
      vertex -96.74631177819809 -9.399999999999999 6.748841907552083
      vertex -96.74631177819809 -13.399999999999999 6.748841907552083
    endloop
  endfacet
  facet normal 0.9807852804032366 -9.529108718213644e-19 -0.19509032201609716
    outer loop
      vertex -96.74631177819809 -13.399999999999999 6.748841907552083
      vertex -96.70548132206251 -9.399999999999999 6.954110472164033
      vertex -96.70548132206251 -13.399999999999999 6.954110472164033
    endloop
  endfacet
  facet normal 0.9469301294951094 9.53806418354682e-19 -0.3214394653031508
    outer loop
      vertex -96.70548132206251 -13.399999999999999 6.954110472164033
      vertex -96.63820725201806 -9.399999999999999 7.152293491784143
      vertex -96.63820725201806 -13.399999999999999 7.152293491784143
    endloop
  endfacet
  facet normal 0.8968727415326868 1.4480681717226727e-18 -0.442288690219004
    outer loop
      vertex -96.63820725201806 -13.399999999999999 7.152293491784143
      vertex -96.5456406460551 -9.399999999999999 7.34
      vertex -96.5456406460551 -13.399999999999999 7.34
    endloop
  endfacet
  facet normal 0.8314696123025426 0 -0.5555702330196062
    outer loop
      vertex -96.42936534446598 -13.399999999999999 7.514018286413953
      vertex -96.5456406460551 -13.399999999999999 7.34
      vertex -96.42936534446598 -9.399999999999999 7.514018286413953
    endloop
  endfacet
  facet normal 0.7518398074789604 -7.452635590538619e-19 -0.6593458151000884
    outer loop
      vertex -96.42936534446598 -13.399999999999999 7.514018286413953
      vertex -96.29137084989847 -9.399999999999999 7.6713708498984765
      vertex -96.29137084989847 -13.399999999999999 7.6713708498984765
    endloop
  endfacet
  facet normal 0.32143946530317635 0 -0.9469301294951007
    outer loop
      vertex -95.57411047216404 -13.399999999999999 8.08548132206251
      vertex -95.77229349178414 -13.399999999999999 8.018207252018058
      vertex -95.57411047216404 -9.399999999999999 8.08548132206251
    endloop
  endfacet
  facet normal 0.6593458151000688 0 -0.7518398074789774
    outer loop
      vertex -96.13401828641395 -13.399999999999999 7.809365344465976
      vertex -96.29137084989847 -13.399999999999999 7.6713708498984765
      vertex -96.13401828641395 -9.399999999999999 7.809365344465976
    endloop
  endfacet
  facet normal 0.5555702330196327 0 -0.8314696123025249
    outer loop
      vertex -95.96000000000001 -13.399999999999999 7.925640646055102
      vertex -96.13401828641395 -13.399999999999999 7.809365344465976
      vertex -95.96000000000001 -9.399999999999999 7.925640646055102
    endloop
  endfacet
  facet normal 0.4422886902189754 0 -0.8968727415327011
    outer loop
      vertex -95.77229349178414 -13.399999999999999 8.018207252018058
      vertex -95.96000000000001 -13.399999999999999 7.925640646055102
      vertex -95.77229349178414 -9.399999999999999 8.018207252018058
    endloop
  endfacet
  facet normal 0.19509032201612497 0 -0.9807852804032311
    outer loop
      vertex -95.36884190755208 -13.399999999999999 8.126311778198097
      vertex -95.57411047216404 -13.399999999999999 8.08548132206251
      vertex -95.36884190755208 -9.399999999999999 8.126311778198097
    endloop
  endfacet
  facet normal -0.5555702330196013 0 0.8314696123025458
    outer loop
      vertex -94.18598171358605 -13.399999999999999 5.270634655534024
      vertex -94.18598171358605 -9.399999999999999 5.270634655534024
      vertex -94.36 -9.399999999999999 5.154359353944898
    endloop
  endfacet
  facet normal -0.6593458151000688 0 0.7518398074789774
    outer loop
      vertex -94.02862915010152 -13.399999999999999 5.408629150101524
      vertex -94.02862915010152 -9.399999999999999 5.408629150101524
      vertex -94.18598171358605 -9.399999999999999 5.270634655534024
    endloop
  endfacet
  facet normal -0.751839807478994 0 0.65934581510005
    outer loop
      vertex -93.89063465553403 -13.399999999999999 5.565981713586047
      vertex -93.89063465553403 -9.399999999999999 5.565981713586047
      vertex -94.02862915010152 -9.399999999999999 5.408629150101524
    endloop
  endfacet
  facet normal -0.3214394653031518 0 0.9469301294951089
    outer loop
      vertex -94.54770650821585 -13.399999999999999 5.061792747981941
      vertex -94.54770650821585 -9.399999999999999 5.061792747981941
      vertex -94.74588952783597 -9.399999999999999 4.99451867793749
    endloop
  endfacet
  facet normal -0.4422886902190057 0 0.8968727415326861
    outer loop
      vertex -94.36 -13.399999999999999 5.154359353944898
      vertex -94.36 -9.399999999999999 5.154359353944898
      vertex -94.54770650821585 -9.399999999999999 5.061792747981941
    endloop
  endfacet
  facet normal -0.19509032201613385 0 0.9807852804032293
    outer loop
      vertex -94.74588952783597 -13.399999999999999 4.99451867793749
      vertex -94.74588952783597 -9.399999999999999 4.99451867793749
      vertex -94.95115809244791 -9.399999999999999 4.953688221801904
    endloop
  endfacet
  facet normal -0.06540312923014602 0 0.9978589232386034
    outer loop
      vertex -94.95115809244791 -13.399999999999999 4.953688221801904
      vertex -94.95115809244791 -9.399999999999999 4.953688221801904
      vertex -95.16 -9.399999999999999 4.9399999999999995
    endloop
  endfacet
  facet normal 0.06540312923014602 0 0.9978589232386034
    outer loop
      vertex -95.16 -13.399999999999999 4.9399999999999995
      vertex -95.16 -9.399999999999999 4.9399999999999995
      vertex -95.36884190755208 -9.399999999999999 4.953688221801904
    endloop
  endfacet
  facet normal 0 -1 0
    outer loop
      vertex -93.89063465553403 -9.399999999999999 5.565981713586047
      vertex -94.42948628518954 -9.399999999999999 5.587975991650518
      vertex -94.02862915010152 -9.399999999999999 5.408629150101524
    endloop
  endfacet
  facet normal 0 -1 0
    outer loop
      vertex -93.89063465553403 -9.399999999999999 5.565981713586047
      vertex -94.31147186257614 -9.399999999999999 5.691471862576143
      vertex -94.42948628518954 -9.399999999999999 5.587975991650518
    endloop
  endfacet
  facet normal 0 -1 0
    outer loop
      vertex -94.54770650821585 -9.399999999999999 5.061792747981941
      vertex -95.57411047216404 -9.399999999999999 4.99451867793749
      vertex -94.74588952783597 -9.399999999999999 4.99451867793749
    endloop
  endfacet
  facet normal 0 -1 0
    outer loop
      vertex -94.36 -9.399999999999999 5.154359353944898
      vertex -95.77229349178414 -9.399999999999999 5.061792747981941
      vertex -94.54770650821585 -9.399999999999999 5.061792747981941
    endloop
  endfacet
  facet normal 0 -1 0
    outer loop
      vertex -94.74588952783597 -9.399999999999999 4.99451867793749
      vertex -95.36884190755208 -9.399999999999999 4.953688221801904
      vertex -94.95115809244791 -9.399999999999999 4.953688221801904
    endloop
  endfacet
  facet normal 0 -1 0
    outer loop
      vertex -94.95115809244791 -9.399999999999999 4.953688221801904
      vertex -95.36884190755208 -9.399999999999999 4.953688221801904
      vertex -95.16 -9.399999999999999 4.9399999999999995
    endloop
  endfacet
  facet normal 0 -1 0
    outer loop
      vertex -94.74588952783597 -9.399999999999999 4.99451867793749
      vertex -95.57411047216404 -9.399999999999999 4.99451867793749
      vertex -95.36884190755208 -9.399999999999999 4.953688221801904
    endloop
  endfacet
  facet normal 0 -1 0
    outer loop
      vertex -94.36 -9.399999999999999 5.154359353944898
      vertex -94.18598171358605 -9.399999999999999 5.270634655534024
      vertex -95.96000000000001 -9.399999999999999 5.154359353944898
    endloop
  endfacet
  facet normal 0 -1 0
    outer loop
      vertex -94.02862915010152 -9.399999999999999 5.408629150101524
      vertex -94.56 -9.399999999999999 5.500769515458674
      vertex -94.70077988116189 -9.399999999999999 5.431344560986456
    endloop
  endfacet
  facet normal 0 -1 0
    outer loop
      vertex -94.02862915010152 -9.399999999999999 5.408629150101524
      vertex -94.70077988116189 -9.399999999999999 5.431344560986456
      vertex -94.84941714587697 -9.399999999999999 5.380889008453118
    endloop
  endfacet
  facet normal 0 -1 0
    outer loop
      vertex -94.02862915010152 -9.399999999999999 5.408629150101524
      vertex -94.84941714587697 -9.399999999999999 5.380889008453118
      vertex -95.00336856933593 -9.399999999999999 5.350266166351428
    endloop
  endfacet
  facet normal 0 -1 0
    outer loop
      vertex -94.02862915010152 -9.399999999999999 5.408629150101524
      vertex -95.00336856933593 -9.399999999999999 5.350266166351428
      vertex -95.16 -9.399999999999999 5.34
    endloop
  endfacet
  facet normal 0 -1 0
    outer loop
      vertex -94.02862915010152 -9.399999999999999 5.408629150101524
      vertex -94.42948628518954 -9.399999999999999 5.587975991650518
      vertex -94.56 -9.399999999999999 5.500769515458674
    endloop
  endfacet
  facet normal 0 -1 0
    outer loop
      vertex -94.02862915010152 -9.399999999999999 5.408629150101524
      vertex -96.13401828641395 -9.399999999999999 5.270634655534024
      vertex -94.18598171358605 -9.399999999999999 5.270634655534024
    endloop
  endfacet
  facet normal 0 -1 0
    outer loop
      vertex -94.02862915010152 -9.399999999999999 5.408629150101524
      vertex -95.16 -9.399999999999999 5.34
      vertex -96.13401828641395 -9.399999999999999 5.270634655534024
    endloop
  endfacet
  facet normal -0.8968727415326868 0 0.442288690219004
    outer loop
      vertex -93.68179274798194 -13.399999999999999 5.927706508215857
      vertex -93.68179274798194 -9.399999999999999 5.927706508215857
      vertex -93.7743593539449 -9.399999999999999 5.74
    endloop
  endfacet
  facet normal -0.8314696123025426 0 0.5555702330196062
    outer loop
      vertex -93.7743593539449 -13.399999999999999 5.74
      vertex -93.7743593539449 -9.399999999999999 5.74
      vertex -93.89063465553403 -9.399999999999999 5.565981713586047
    endloop
  endfacet
  facet normal -0.9469301294951094 0 0.3214394653031508
    outer loop
      vertex -93.6145186779375 -13.399999999999999 6.125889527835967
      vertex -93.6145186779375 -9.399999999999999 6.125889527835967
      vertex -93.68179274798194 -9.399999999999999 5.927706508215857
    endloop
  endfacet
  facet normal -0.9807852804032237 0 0.1950903220161625
    outer loop
      vertex -93.5736882218019 -13.399999999999999 6.331158092447917
      vertex -93.5736882218019 -9.399999999999999 6.331158092447917
      vertex -93.6145186779375 -9.399999999999999 6.125889527835967
    endloop
  endfacet
  facet normal -0.9978589232386046 0 0.06540312923012544
    outer loop
      vertex -93.56 -13.399999999999999 6.54
      vertex -93.56 -9.399999999999999 6.54
      vertex -93.5736882218019 -9.399999999999999 6.331158092447917
    endloop
  endfacet
  facet normal -0.9978589232386046 0 -0.06540312923012544
    outer loop
      vertex -93.5736882218019 -13.399999999999999 6.748841907552083
      vertex -93.5736882218019 -9.399999999999999 6.748841907552083
      vertex -93.56 -9.399999999999999 6.54
    endloop
  endfacet
  facet normal -0.9807852804032237 0 -0.1950903220161625
    outer loop
      vertex -93.6145186779375 -13.399999999999999 6.954110472164033
      vertex -93.6145186779375 -9.399999999999999 6.954110472164033
      vertex -93.5736882218019 -9.399999999999999 6.748841907552083
    endloop
  endfacet
  facet normal -0.9469301294951094 0 -0.3214394653031508
    outer loop
      vertex -93.68179274798194 -13.399999999999999 7.152293491784143
      vertex -93.68179274798194 -9.399999999999999 7.152293491784143
      vertex -93.6145186779375 -9.399999999999999 6.954110472164033
    endloop
  endfacet
  facet normal -0.8968727415326868 0 -0.442288690219004
    outer loop
      vertex -93.7743593539449 -13.399999999999999 7.34
      vertex -93.7743593539449 -9.399999999999999 7.34
      vertex -93.68179274798194 -9.399999999999999 7.152293491784143
    endloop
  endfacet
  facet normal -0.8314696123025426 0 -0.5555702330196062
    outer loop
      vertex -93.89063465553403 -13.399999999999999 7.514018286413953
      vertex -93.89063465553403 -9.399999999999999 7.514018286413953
      vertex -93.7743593539449 -9.399999999999999 7.34
    endloop
  endfacet
  facet normal -0.751839807478994 -1.2601656997893884e-18 -0.65934581510005
    outer loop
      vertex -93.89063465553403 -9.399999999999999 7.514018286413953
      vertex -94.02862915010152 -13.399999999999999 7.6713708498984765
      vertex -94.02862915010152 -9.399999999999999 7.6713708498984765
    endloop
  endfacet
  facet normal -0.6593458151000688 0 -0.7518398074789774
    outer loop
      vertex -94.18598171358605 -13.399999999999999 7.809365344465976
      vertex -94.18598171358605 -9.399999999999999 7.809365344465976
      vertex -94.02862915010152 -9.399999999999999 7.6713708498984765
    endloop
  endfacet
  facet normal -0.5555702330196013 0 -0.8314696123025458
    outer loop
      vertex -94.36 -13.399999999999999 7.925640646055102
      vertex -94.36 -9.399999999999999 7.925640646055102
      vertex -94.18598171358605 -9.399999999999999 7.809365344465976
    endloop
  endfacet
  facet normal -0.4422886902190023 0 -0.8968727415326878
    outer loop
      vertex -94.54770650821585 -13.399999999999999 8.018207252018058
      vertex -94.54770650821585 -9.399999999999999 8.018207252018058
      vertex -94.36 -9.399999999999999 7.925640646055102
    endloop
  endfacet
  facet normal -0.32143946530315565 0 -0.9469301294951077
    outer loop
      vertex -94.74588952783597 -13.399999999999999 8.08548132206251
      vertex -94.74588952783597 -9.399999999999999 8.08548132206251
      vertex -94.54770650821585 -9.399999999999999 8.018207252018058
    endloop
  endfacet
  facet normal -0.19509032201613796 0 -0.9807852804032285
    outer loop
      vertex -94.95115809244791 -13.399999999999999 8.126311778198097
      vertex -94.95115809244791 -9.399999999999999 8.126311778198097
      vertex -94.74588952783597 -9.399999999999999 8.08548132206251
    endloop
  endfacet
  facet normal -0.06540312923014178 0 -0.9978589232386036
    outer loop
      vertex -95.16 -13.399999999999999 8.14
      vertex -95.16 -9.399999999999999 8.14
      vertex -94.95115809244791 -9.399999999999999 8.126311778198097
    endloop
  endfacet
  facet normal 0 -1 0
    outer loop
      vertex -93.89063465553403 -9.399999999999999 5.565981713586047
      vertex -93.7743593539449 -9.399999999999999 5.74
      vertex -94.20797599165051 -9.399999999999999 5.809486285189536
    endloop
  endfacet
  facet normal 0 -1 0
    outer loop
      vertex -93.89063465553403 -9.399999999999999 5.565981713586047
      vertex -94.20797599165051 -9.399999999999999 5.809486285189536
      vertex -94.31147186257614 -9.399999999999999 5.691471862576143
    endloop
  endfacet
  facet normal 0 -1 0
    outer loop
      vertex -93.68179274798194 -9.399999999999999 5.927706508215857
      vertex -94.12076951545868 -9.399999999999999 5.94
      vertex -93.7743593539449 -9.399999999999999 5.74
    endloop
  endfacet
  facet normal 0 -1 0
    outer loop
      vertex -93.7743593539449 -9.399999999999999 5.74
      vertex -94.12076951545868 -9.399999999999999 5.94
      vertex -94.20797599165051 -9.399999999999999 5.809486285189536
    endloop
  endfacet
  facet normal 0 -1 0
    outer loop
      vertex -93.5736882218019 -9.399999999999999 6.331158092447917
      vertex -93.97026616635142 -9.399999999999999 6.383368569335938
      vertex -93.6145186779375 -9.399999999999999 6.125889527835967
    endloop
  endfacet
  facet normal 0 -1 0
    outer loop
      vertex -93.68179274798194 -9.399999999999999 5.927706508215857
      vertex -94.05134456098645 -9.399999999999999 6.0807798811618925
      vertex -94.12076951545868 -9.399999999999999 5.94
    endloop
  endfacet
  facet normal 0 -1 0
    outer loop
      vertex -93.68179274798194 -9.399999999999999 5.927706508215857
      vertex -93.6145186779375 -9.399999999999999 6.125889527835967
      vertex -94.00088900845311 -9.399999999999999 6.229417145876975
    endloop
  endfacet
  facet normal 0 -1 0
    outer loop
      vertex -93.68179274798194 -9.399999999999999 5.927706508215857
      vertex -94.00088900845311 -9.399999999999999 6.229417145876975
      vertex -94.05134456098645 -9.399999999999999 6.0807798811618925
    endloop
  endfacet
  facet normal 0 -1 0
    outer loop
      vertex -93.6145186779375 -9.399999999999999 6.125889527835967
      vertex -93.97026616635142 -9.399999999999999 6.383368569335938
      vertex -94.00088900845311 -9.399999999999999 6.229417145876975
    endloop
  endfacet
  facet normal 0 -1 0
    outer loop
      vertex -93.5736882218019 -9.399999999999999 6.331158092447917
      vertex -93.56 -9.399999999999999 6.54
      vertex -93.96000000000001 -9.399999999999999 6.54
    endloop
  endfacet
  facet normal 0 -1 0
    outer loop
      vertex -93.56 -9.399999999999999 6.54
      vertex -93.5736882218019 -9.399999999999999 6.748841907552083
      vertex -93.97026616635142 -9.399999999999999 6.696631430664062
    endloop
  endfacet
  facet normal 0 -1 0
    outer loop
      vertex -93.5736882218019 -9.399999999999999 6.331158092447917
      vertex -93.96000000000001 -9.399999999999999 6.54
      vertex -93.97026616635142 -9.399999999999999 6.383368569335938
    endloop
  endfacet
  facet normal 0 -1 0
    outer loop
      vertex -93.56 -9.399999999999999 6.54
      vertex -93.97026616635142 -9.399999999999999 6.696631430664062
      vertex -93.96000000000001 -9.399999999999999 6.54
    endloop
  endfacet
  facet normal 0 -1 0
    outer loop
      vertex -93.5736882218019 -9.399999999999999 6.748841907552083
      vertex -93.6145186779375 -9.399999999999999 6.954110472164033
      vertex -94.00088900845311 -9.399999999999999 6.850582854123025
    endloop
  endfacet
  facet normal 0 -1 0
    outer loop
      vertex -93.5736882218019 -9.399999999999999 6.748841907552083
      vertex -94.00088900845311 -9.399999999999999 6.850582854123025
      vertex -93.97026616635142 -9.399999999999999 6.696631430664062
    endloop
  endfacet
  facet normal 0 -1 0
    outer loop
      vertex -93.6145186779375 -9.399999999999999 6.954110472164033
      vertex -94.05134456098645 -9.399999999999999 6.999220118838108
      vertex -94.00088900845311 -9.399999999999999 6.850582854123025
    endloop
  endfacet
  facet normal 0 -1 0
    outer loop
      vertex -93.6145186779375 -9.399999999999999 6.954110472164033
      vertex -93.68179274798194 -9.399999999999999 7.152293491784143
      vertex -94.05134456098645 -9.399999999999999 6.999220118838108
    endloop
  endfacet
  facet normal 0 -1 0
    outer loop
      vertex -93.68179274798194 -9.399999999999999 7.152293491784143
      vertex -94.12076951545868 -9.399999999999999 7.14
      vertex -94.05134456098645 -9.399999999999999 6.999220118838108
    endloop
  endfacet
  facet normal 0 -1 0
    outer loop
      vertex -93.68179274798194 -9.399999999999999 7.152293491784143
      vertex -94.20797599165051 -9.399999999999999 7.270513714810464
      vertex -94.12076951545868 -9.399999999999999 7.14
    endloop
  endfacet
  facet normal 0 -1 0
    outer loop
      vertex -93.68179274798194 -9.399999999999999 7.152293491784143
      vertex -93.7743593539449 -9.399999999999999 7.34
      vertex -94.20797599165051 -9.399999999999999 7.270513714810464
    endloop
  endfacet
  facet normal 0 -1 0
    outer loop
      vertex -93.7743593539449 -9.399999999999999 7.34
      vertex -94.31147186257614 -9.399999999999999 7.388528137423857
      vertex -94.20797599165051 -9.399999999999999 7.270513714810464
    endloop
  endfacet
  facet normal 0 -1 0
    outer loop
      vertex -93.7743593539449 -9.399999999999999 7.34
      vertex -93.89063465553403 -9.399999999999999 7.514018286413953
      vertex -94.31147186257614 -9.399999999999999 7.388528137423857
    endloop
  endfacet
  facet normal 0 -1 0
    outer loop
      vertex -93.89063465553403 -9.399999999999999 7.514018286413953
      vertex -94.42948628518954 -9.399999999999999 7.492024008349482
      vertex -94.31147186257614 -9.399999999999999 7.388528137423857
    endloop
  endfacet
  facet normal 0 -1 0
    outer loop
      vertex -93.89063465553403 -9.399999999999999 7.514018286413953
      vertex -94.02862915010152 -9.399999999999999 7.6713708498984765
      vertex -94.56 -9.399999999999999 7.579230484541326
    endloop
  endfacet
  facet normal 0 -1 0
    outer loop
      vertex -93.89063465553403 -9.399999999999999 7.514018286413953
      vertex -94.56 -9.399999999999999 7.579230484541326
      vertex -94.42948628518954 -9.399999999999999 7.492024008349482
    endloop
  endfacet
  facet normal 0 -1 0
    outer loop
      vertex -94.02862915010152 -9.399999999999999 7.6713708498984765
      vertex -94.70077988116189 -9.399999999999999 7.648655439013544
      vertex -94.56 -9.399999999999999 7.579230484541326
    endloop
  endfacet
  facet normal 0 -1 0
    outer loop
      vertex -94.02862915010152 -9.399999999999999 7.6713708498984765
      vertex -94.18598171358605 -9.399999999999999 7.809365344465976
      vertex -94.84941714587697 -9.399999999999999 7.699110991546882
    endloop
  endfacet
  facet normal 0 -1 0
    outer loop
      vertex -94.02862915010152 -9.399999999999999 7.6713708498984765
      vertex -94.84941714587697 -9.399999999999999 7.699110991546882
      vertex -94.70077988116189 -9.399999999999999 7.648655439013544
    endloop
  endfacet
  facet normal 0 -1 0
    outer loop
      vertex -94.18598171358605 -9.399999999999999 7.809365344465976
      vertex -95.00336856933593 -9.399999999999999 7.729733833648572
      vertex -94.84941714587697 -9.399999999999999 7.699110991546882
    endloop
  endfacet
  facet normal 0 -1 0
    outer loop
      vertex -94.18598171358605 -9.399999999999999 7.809365344465976
      vertex -95.16 -9.399999999999999 7.74
      vertex -95.00336856933593 -9.399999999999999 7.729733833648572
    endloop
  endfacet
  facet normal 0 -1 0
    outer loop
      vertex -94.18598171358605 -9.399999999999999 7.809365344465976
      vertex -94.36 -9.399999999999999 7.925640646055102
      vertex -96.13401828641395 -9.399999999999999 7.809365344465976
    endloop
  endfacet
  facet normal 0 -1 0
    outer loop
      vertex -94.18598171358605 -9.399999999999999 7.809365344465976
      vertex -96.29137084989847 -9.399999999999999 7.6713708498984765
      vertex -95.16 -9.399999999999999 7.74
    endloop
  endfacet
  facet normal 0 -1 0
    outer loop
      vertex -94.36 -9.399999999999999 7.925640646055102
      vertex -94.54770650821585 -9.399999999999999 8.018207252018058
      vertex -95.96000000000001 -9.399999999999999 7.925640646055102
    endloop
  endfacet
  facet normal 0 -1 0
    outer loop
      vertex -94.54770650821585 -9.399999999999999 8.018207252018058
      vertex -94.74588952783597 -9.399999999999999 8.08548132206251
      vertex -95.77229349178414 -9.399999999999999 8.018207252018058
    endloop
  endfacet
  facet normal 0 -1 0
    outer loop
      vertex -94.74588952783597 -9.399999999999999 8.08548132206251
      vertex -94.95115809244791 -9.399999999999999 8.126311778198097
      vertex -95.57411047216404 -9.399999999999999 8.08548132206251
    endloop
  endfacet
  facet normal 0 -1 0
    outer loop
      vertex -94.95115809244791 -9.399999999999999 8.126311778198097
      vertex -95.16 -9.399999999999999 8.14
      vertex -95.36884190755208 -9.399999999999999 8.126311778198097
    endloop
  endfacet
  facet normal 0.19509032201612087 0 0.9807852804032319
    outer loop
      vertex -95.36884190755208 -13.399999999999999 4.953688221801904
      vertex -95.36884190755208 -9.399999999999999 4.953688221801904
      vertex -95.57411047216404 -9.399999999999999 4.99451867793749
    endloop
  endfacet
  facet normal 0.3214394653031725 0 0.9469301294951019
    outer loop
      vertex -95.57411047216404 -13.399999999999999 4.99451867793749
      vertex -95.57411047216404 -9.399999999999999 4.99451867793749
      vertex -95.77229349178414 -9.399999999999999 5.061792747981941
    endloop
  endfacet
  facet normal 0.44228869021897876 0 0.8968727415326995
    outer loop
      vertex -95.77229349178414 -13.399999999999999 5.061792747981941
      vertex -95.77229349178414 -9.399999999999999 5.061792747981941
      vertex -95.96000000000001 -9.399999999999999 5.154359353944898
    endloop
  endfacet
  facet normal 0.5555702330196327 0 0.8314696123025249
    outer loop
      vertex -95.96000000000001 -13.399999999999999 5.154359353944898
      vertex -95.96000000000001 -9.399999999999999 5.154359353944898
      vertex -96.13401828641395 -9.399999999999999 5.270634655534024
    endloop
  endfacet
  facet normal 0.6593458151000688 0 0.7518398074789774
    outer loop
      vertex -96.13401828641395 -13.399999999999999 5.270634655534024
      vertex -96.13401828641395 -9.399999999999999 5.270634655534024
      vertex -96.29137084989847 -9.399999999999999 5.408629150101524
    endloop
  endfacet
  facet normal 0.7518398074789604 0 0.6593458151000884
    outer loop
      vertex -96.29137084989847 -13.399999999999999 5.408629150101524
      vertex -96.29137084989847 -9.399999999999999 5.408629150101524
      vertex -96.42936534446598 -9.399999999999999 5.565981713586047
    endloop
  endfacet
  facet normal 0.8314696123025426 0 0.5555702330196062
    outer loop
      vertex -96.42936534446598 -13.399999999999999 5.565981713586047
      vertex -96.42936534446598 -9.399999999999999 5.565981713586047
      vertex -96.5456406460551 -9.399999999999999 5.74
    endloop
  endfacet
  facet normal 0 -1 0
    outer loop
      vertex -94.54770650821585 -9.399999999999999 5.061792747981941
      vertex -95.77229349178414 -9.399999999999999 5.061792747981941
      vertex -95.57411047216404 -9.399999999999999 4.99451867793749
    endloop
  endfacet
  facet normal 0 -1 0
    outer loop
      vertex -94.36 -9.399999999999999 5.154359353944898
      vertex -95.96000000000001 -9.399999999999999 5.154359353944898
      vertex -95.77229349178414 -9.399999999999999 5.061792747981941
    endloop
  endfacet
  facet normal 0 -1 0
    outer loop
      vertex -94.18598171358605 -9.399999999999999 5.270634655534024
      vertex -96.13401828641395 -9.399999999999999 5.270634655534024
      vertex -95.96000000000001 -9.399999999999999 5.154359353944898
    endloop
  endfacet
  facet normal 0 -1 0
    outer loop
      vertex -95.16 -9.399999999999999 5.34
      vertex -95.31663143066406 -9.399999999999999 5.350266166351428
      vertex -96.13401828641395 -9.399999999999999 5.270634655534024
    endloop
  endfacet
  facet normal 0 -1 0
    outer loop
      vertex -95.31663143066406 -9.399999999999999 5.350266166351428
      vertex -95.47058285412302 -9.399999999999999 5.380889008453118
      vertex -96.13401828641395 -9.399999999999999 5.270634655534024
    endloop
  endfacet
  facet normal 0 -1 0
    outer loop
      vertex -95.47058285412302 -9.399999999999999 5.380889008453118
      vertex -96.29137084989847 -9.399999999999999 5.408629150101524
      vertex -96.13401828641395 -9.399999999999999 5.270634655534024
    endloop
  endfacet
  facet normal 0 -1 0
    outer loop
      vertex -95.47058285412302 -9.399999999999999 5.380889008453118
      vertex -95.61922011883811 -9.399999999999999 5.431344560986456
      vertex -96.29137084989847 -9.399999999999999 5.408629150101524
    endloop
  endfacet
  facet normal 0 -1 0
    outer loop
      vertex -95.61922011883811 -9.399999999999999 5.431344560986456
      vertex -95.76 -9.399999999999999 5.500769515458674
      vertex -96.29137084989847 -9.399999999999999 5.408629150101524
    endloop
  endfacet
  facet normal 0 -1 0
    outer loop
      vertex -95.76 -9.399999999999999 5.500769515458674
      vertex -96.42936534446598 -9.399999999999999 5.565981713586047
      vertex -96.29137084989847 -9.399999999999999 5.408629150101524
    endloop
  endfacet
  facet normal 0 -1 0
    outer loop
      vertex -95.76 -9.399999999999999 5.500769515458674
      vertex -95.89051371481047 -9.399999999999999 5.587975991650518
      vertex -96.42936534446598 -9.399999999999999 5.565981713586047
    endloop
  endfacet
  facet normal 0 -1 0
    outer loop
      vertex -95.89051371481047 -9.399999999999999 5.587975991650518
      vertex -96.00852813742385 -9.399999999999999 5.691471862576143
      vertex -96.42936534446598 -9.399999999999999 5.565981713586047
    endloop
  endfacet
  facet normal 0.8968727415326868 0 0.442288690219004
    outer loop
      vertex -96.5456406460551 -13.399999999999999 5.74
      vertex -96.5456406460551 -9.399999999999999 5.74
      vertex -96.63820725201806 -9.399999999999999 5.927706508215857
    endloop
  endfacet
  facet normal 0.9469301294951094 0 0.3214394653031508
    outer loop
      vertex -96.63820725201806 -13.399999999999999 5.927706508215857
      vertex -96.63820725201806 -9.399999999999999 5.927706508215857
      vertex -96.70548132206251 -9.399999999999999 6.125889527835967
    endloop
  endfacet
  facet normal 0.9807852804032366 0 0.19509032201609716
    outer loop
      vertex -96.70548132206251 -13.399999999999999 6.125889527835967
      vertex -96.70548132206251 -9.399999999999999 6.125889527835967
      vertex -96.74631177819809 -9.399999999999999 6.331158092447917
    endloop
  endfacet
  facet normal 0.9978589232386003 0 0.06540312923019305
    outer loop
      vertex -96.74631177819809 -13.399999999999999 6.331158092447917
      vertex -96.74631177819809 -9.399999999999999 6.331158092447917
      vertex -96.76 -9.399999999999999 6.54
    endloop
  endfacet
  facet normal 0.9978589232386003 0 -0.06540312923019305
    outer loop
      vertex -96.76 -13.399999999999999 6.54
      vertex -96.76 -9.399999999999999 6.54
      vertex -96.74631177819809 -9.399999999999999 6.748841907552083
    endloop
  endfacet
  facet normal 0.9807852804032366 0 -0.19509032201609716
    outer loop
      vertex -96.74631177819809 -13.399999999999999 6.748841907552083
      vertex -96.74631177819809 -9.399999999999999 6.748841907552083
      vertex -96.70548132206251 -9.399999999999999 6.954110472164033
    endloop
  endfacet
  facet normal 0.9469301294951094 0 -0.3214394653031508
    outer loop
      vertex -96.70548132206251 -13.399999999999999 6.954110472164033
      vertex -96.70548132206251 -9.399999999999999 6.954110472164033
      vertex -96.63820725201806 -9.399999999999999 7.152293491784143
    endloop
  endfacet
  facet normal 0.6593458151000688 0 -0.7518398074789774
    outer loop
      vertex -96.29137084989847 -13.399999999999999 7.6713708498984765
      vertex -96.29137084989847 -9.399999999999999 7.6713708498984765
      vertex -96.13401828641395 -9.399999999999999 7.809365344465976
    endloop
  endfacet
  facet normal 0.8968727415326868 0 -0.442288690219004
    outer loop
      vertex -96.63820725201806 -13.399999999999999 7.152293491784143
      vertex -96.63820725201806 -9.399999999999999 7.152293491784143
      vertex -96.5456406460551 -9.399999999999999 7.34
    endloop
  endfacet
  facet normal 0.8314696123025426 0 -0.5555702330196062
    outer loop
      vertex -96.5456406460551 -13.399999999999999 7.34
      vertex -96.5456406460551 -9.399999999999999 7.34
      vertex -96.42936534446598 -9.399999999999999 7.514018286413953
    endloop
  endfacet
  facet normal 0.7518398074789604 0 -0.6593458151000884
    outer loop
      vertex -96.42936534446598 -13.399999999999999 7.514018286413953
      vertex -96.42936534446598 -9.399999999999999 7.514018286413953
      vertex -96.29137084989847 -9.399999999999999 7.6713708498984765
    endloop
  endfacet
  facet normal 0.32143946530317635 0 -0.9469301294951007
    outer loop
      vertex -95.77229349178414 -13.399999999999999 8.018207252018058
      vertex -95.77229349178414 -9.399999999999999 8.018207252018058
      vertex -95.57411047216404 -9.399999999999999 8.08548132206251
    endloop
  endfacet
  facet normal 0.5555702330196327 0 -0.8314696123025249
    outer loop
      vertex -96.13401828641395 -13.399999999999999 7.809365344465976
      vertex -96.13401828641395 -9.399999999999999 7.809365344465976
      vertex -95.96000000000001 -9.399999999999999 7.925640646055102
    endloop
  endfacet
  facet normal 0.4422886902189754 0 -0.8968727415327011
    outer loop
      vertex -95.96000000000001 -13.399999999999999 7.925640646055102
      vertex -95.96000000000001 -9.399999999999999 7.925640646055102
      vertex -95.77229349178414 -9.399999999999999 8.018207252018058
    endloop
  endfacet
  facet normal 0.06540312923014178 0 -0.9978589232386036
    outer loop
      vertex -95.36884190755208 -13.399999999999999 8.126311778198097
      vertex -95.36884190755208 -9.399999999999999 8.126311778198097
      vertex -95.16 -9.399999999999999 8.14
    endloop
  endfacet
  facet normal 0.19509032201612497 0 -0.9807852804032311
    outer loop
      vertex -95.57411047216404 -13.399999999999999 8.08548132206251
      vertex -95.57411047216404 -9.399999999999999 8.08548132206251
      vertex -95.36884190755208 -9.399999999999999 8.126311778198097
    endloop
  endfacet
  facet normal 0 -1 0
    outer loop
      vertex -96.00852813742385 -9.399999999999999 5.691471862576143
      vertex -96.11202400834948 -9.399999999999999 5.809486285189536
      vertex -96.5456406460551 -9.399999999999999 5.74
    endloop
  endfacet
  facet normal 0 -1 0
    outer loop
      vertex -96.00852813742385 -9.399999999999999 5.691471862576143
      vertex -96.5456406460551 -9.399999999999999 5.74
      vertex -96.42936534446598 -9.399999999999999 5.565981713586047
    endloop
  endfacet
  facet normal 0 -1 0
    outer loop
      vertex -96.11202400834948 -9.399999999999999 5.809486285189536
      vertex -96.63820725201806 -9.399999999999999 5.927706508215857
      vertex -96.5456406460551 -9.399999999999999 5.74
    endloop
  endfacet
  facet normal 0 -1 0
    outer loop
      vertex -96.11202400834948 -9.399999999999999 5.809486285189536
      vertex -96.19923048454133 -9.399999999999999 5.94
      vertex -96.63820725201806 -9.399999999999999 5.927706508215857
    endloop
  endfacet
  facet normal 0 -1 0
    outer loop
      vertex -96.19923048454133 -9.399999999999999 5.94
      vertex -96.26865543901354 -9.399999999999999 6.0807798811618925
      vertex -96.63820725201806 -9.399999999999999 5.927706508215857
    endloop
  endfacet
  facet normal 0 -1 0
    outer loop
      vertex -96.26865543901354 -9.399999999999999 6.0807798811618925
      vertex -96.31911099154688 -9.399999999999999 6.229417145876975
      vertex -96.70548132206251 -9.399999999999999 6.125889527835967
    endloop
  endfacet
  facet normal 0 -1 0
    outer loop
      vertex -96.63820725201806 -9.399999999999999 5.927706508215857
      vertex -96.26865543901354 -9.399999999999999 6.0807798811618925
      vertex -96.70548132206251 -9.399999999999999 6.125889527835967
    endloop
  endfacet
  facet normal 0 -1 0
    outer loop
      vertex -96.31911099154688 -9.399999999999999 6.229417145876975
      vertex -96.34973383364857 -9.399999999999999 6.383368569335938
      vertex -96.74631177819809 -9.399999999999999 6.331158092447917
    endloop
  endfacet
  facet normal 0 -1 0
    outer loop
      vertex -96.31911099154688 -9.399999999999999 6.229417145876975
      vertex -96.74631177819809 -9.399999999999999 6.331158092447917
      vertex -96.70548132206251 -9.399999999999999 6.125889527835967
    endloop
  endfacet
  facet normal 0 -1 0
    outer loop
      vertex -96.34973383364857 -9.399999999999999 6.383368569335938
      vertex -96.36 -9.399999999999999 6.54
      vertex -96.76 -9.399999999999999 6.54
    endloop
  endfacet
  facet normal 0 -1 0
    outer loop
      vertex -96.34973383364857 -9.399999999999999 6.383368569335938
      vertex -96.76 -9.399999999999999 6.54
      vertex -96.74631177819809 -9.399999999999999 6.331158092447917
    endloop
  endfacet
  facet normal 0 -1 0
    outer loop
      vertex -96.36 -9.399999999999999 6.54
      vertex -96.34973383364857 -9.399999999999999 6.696631430664062
      vertex -96.74631177819809 -9.399999999999999 6.748841907552083
    endloop
  endfacet
  facet normal 0 -1 0
    outer loop
      vertex -96.36 -9.399999999999999 6.54
      vertex -96.74631177819809 -9.399999999999999 6.748841907552083
      vertex -96.76 -9.399999999999999 6.54
    endloop
  endfacet
  facet normal 0 -1 0
    outer loop
      vertex -96.34973383364857 -9.399999999999999 6.696631430664062
      vertex -96.31911099154688 -9.399999999999999 6.850582854123025
      vertex -96.70548132206251 -9.399999999999999 6.954110472164033
    endloop
  endfacet
  facet normal 0 -1 0
    outer loop
      vertex -96.34973383364857 -9.399999999999999 6.696631430664062
      vertex -96.70548132206251 -9.399999999999999 6.954110472164033
      vertex -96.74631177819809 -9.399999999999999 6.748841907552083
    endloop
  endfacet
  facet normal 0 -1 0
    outer loop
      vertex -96.31911099154688 -9.399999999999999 6.850582854123025
      vertex -96.26865543901354 -9.399999999999999 6.999220118838108
      vertex -96.63820725201806 -9.399999999999999 7.152293491784143
    endloop
  endfacet
  facet normal 0 -1 0
    outer loop
      vertex -96.31911099154688 -9.399999999999999 6.850582854123025
      vertex -96.63820725201806 -9.399999999999999 7.152293491784143
      vertex -96.70548132206251 -9.399999999999999 6.954110472164033
    endloop
  endfacet
  facet normal 0 -1 0
    outer loop
      vertex -95.16 -9.399999999999999 7.74
      vertex -96.29137084989847 -9.399999999999999 7.6713708498984765
      vertex -95.31663143066406 -9.399999999999999 7.729733833648572
    endloop
  endfacet
  facet normal 0 -1 0
    outer loop
      vertex -95.31663143066406 -9.399999999999999 7.729733833648572
      vertex -96.29137084989847 -9.399999999999999 7.6713708498984765
      vertex -95.47058285412302 -9.399999999999999 7.699110991546882
    endloop
  endfacet
  facet normal 0 -1 0
    outer loop
      vertex -95.89051371481047 -9.399999999999999 7.492024008349482
      vertex -96.42936534446598 -9.399999999999999 7.514018286413953
      vertex -96.00852813742385 -9.399999999999999 7.388528137423857
    endloop
  endfacet
  facet normal 0 -1 0
    outer loop
      vertex -96.00852813742385 -9.399999999999999 7.388528137423857
      vertex -96.42936534446598 -9.399999999999999 7.514018286413953
      vertex -96.11202400834948 -9.399999999999999 7.270513714810464
    endloop
  endfacet
  facet normal 0 -1 0
    outer loop
      vertex -95.61922011883811 -9.399999999999999 7.648655439013544
      vertex -96.29137084989847 -9.399999999999999 7.6713708498984765
      vertex -95.76 -9.399999999999999 7.579230484541326
    endloop
  endfacet
  facet normal 0 -1 0
    outer loop
      vertex -95.89051371481047 -9.399999999999999 7.492024008349482
      vertex -95.76 -9.399999999999999 7.579230484541326
      vertex -96.29137084989847 -9.399999999999999 7.6713708498984765
    endloop
  endfacet
  facet normal 0 -1 0
    outer loop
      vertex -95.47058285412302 -9.399999999999999 7.699110991546882
      vertex -96.29137084989847 -9.399999999999999 7.6713708498984765
      vertex -95.61922011883811 -9.399999999999999 7.648655439013544
    endloop
  endfacet
  facet normal 0 -1 0
    outer loop
      vertex -95.89051371481047 -9.399999999999999 7.492024008349482
      vertex -96.29137084989847 -9.399999999999999 7.6713708498984765
      vertex -96.42936534446598 -9.399999999999999 7.514018286413953
    endloop
  endfacet
  facet normal 0 -1 0
    outer loop
      vertex -96.19923048454133 -9.399999999999999 7.14
      vertex -96.63820725201806 -9.399999999999999 7.152293491784143
      vertex -96.26865543901354 -9.399999999999999 6.999220118838108
    endloop
  endfacet
  facet normal 0 -1 0
    outer loop
      vertex -96.19923048454133 -9.399999999999999 7.14
      vertex -96.11202400834948 -9.399999999999999 7.270513714810464
      vertex -96.5456406460551 -9.399999999999999 7.34
    endloop
  endfacet
  facet normal 0 -1 0
    outer loop
      vertex -96.19923048454133 -9.399999999999999 7.14
      vertex -96.5456406460551 -9.399999999999999 7.34
      vertex -96.63820725201806 -9.399999999999999 7.152293491784143
    endloop
  endfacet
  facet normal 0 -1 0
    outer loop
      vertex -96.11202400834948 -9.399999999999999 7.270513714810464
      vertex -96.42936534446598 -9.399999999999999 7.514018286413953
      vertex -96.5456406460551 -9.399999999999999 7.34
    endloop
  endfacet
  facet normal 0 -1 0
    outer loop
      vertex -94.36 -9.399999999999999 7.925640646055102
      vertex -95.96000000000001 -9.399999999999999 7.925640646055102
      vertex -96.13401828641395 -9.399999999999999 7.809365344465976
    endloop
  endfacet
  facet normal 0 -1 0
    outer loop
      vertex -94.18598171358605 -9.399999999999999 7.809365344465976
      vertex -96.13401828641395 -9.399999999999999 7.809365344465976
      vertex -96.29137084989847 -9.399999999999999 7.6713708498984765
    endloop
  endfacet
  facet normal 0 -1 0
    outer loop
      vertex -94.54770650821585 -9.399999999999999 8.018207252018058
      vertex -95.77229349178414 -9.399999999999999 8.018207252018058
      vertex -95.96000000000001 -9.399999999999999 7.925640646055102
    endloop
  endfacet
  facet normal 0 -1 0
    outer loop
      vertex -94.74588952783597 -9.399999999999999 8.08548132206251
      vertex -95.57411047216404 -9.399999999999999 8.08548132206251
      vertex -95.77229349178414 -9.399999999999999 8.018207252018058
    endloop
  endfacet
  facet normal 0 -1 0
    outer loop
      vertex -94.95115809244791 -9.399999999999999 8.126311778198097
      vertex -95.36884190755208 -9.399999999999999 8.126311778198097
      vertex -95.57411047216404 -9.399999999999999 8.08548132206251
    endloop
  endfacet
  facet normal -0.6593458151000456 0 0.7518398074789978
    outer loop
      vertex -94.42948628518954 -9.399999999999999 5.587975991650518
      vertex -94.31147186257614 -9.399999999999999 5.691471862576143
      vertex -94.42948628518954 -7.299999999999999 5.587975991650518
    endloop
  endfacet
  facet normal -0.5555702330196107 -8.45397565186575e-19 0.8314696123025396
    outer loop
      vertex -94.42948628518954 -9.399999999999999 5.587975991650518
      vertex -94.56 -7.299999999999999 5.500769515458674
      vertex -94.56 -9.399999999999999 5.500769515458674
    endloop
  endfacet
  facet normal -0.44228869021900913 2.1334852284465256e-19 0.8968727415326844
    outer loop
      vertex -94.56 -9.399999999999999 5.500769515458674
      vertex -94.70077988116189 -7.299999999999999 5.431344560986456
      vertex -94.70077988116189 -9.399999999999999 5.431344560986456
    endloop
  endfacet
  facet normal -0.19509032201612383 -6.108970832239158e-19 0.9807852804032313
    outer loop
      vertex -94.84941714587697 -9.399999999999999 5.380889008453118
      vertex -95.00336856933593 -7.299999999999999 5.350266166351428
      vertex -95.00336856933593 -9.399999999999999 5.350266166351428
    endloop
  endfacet
  facet normal -0.3214394653031713 1.1262982778103466e-18 0.9469301294951025
    outer loop
      vertex -94.70077988116189 -9.399999999999999 5.431344560986456
      vertex -94.84941714587697 -7.299999999999999 5.380889008453118
      vertex -94.84941714587697 -9.399999999999999 5.380889008453118
    endloop
  endfacet
  facet normal -0.06540312923014742 -3.1126133945969732e-19 0.9978589232386033
    outer loop
      vertex -95.00336856933593 -9.399999999999999 5.350266166351428
      vertex -95.16 -7.299999999999999 5.34
      vertex -95.16 -9.399999999999999 5.34
    endloop
  endfacet
  facet normal -0.8314696123025631 1.4393918216261307e-19 0.5555702330195756
    outer loop
      vertex -94.12076951545868 -9.399999999999999 5.94
      vertex -94.20797599165051 -7.299999999999999 5.809486285189536
      vertex -94.20797599165051 -9.399999999999999 5.809486285189536
    endloop
  endfacet
  facet normal -0.8968727415326686 0 0.4422886902190411
    outer loop
      vertex -94.12076951545868 -9.399999999999999 5.94
      vertex -94.05134456098645 -9.399999999999999 6.0807798811618925
      vertex -94.12076951545868 -7.299999999999999 5.94
    endloop
  endfacet
  facet normal -0.9469301294951094 0 0.3214394653031508
    outer loop
      vertex -94.05134456098645 -9.399999999999999 6.0807798811618925
      vertex -94.00088900845311 -9.399999999999999 6.229417145876975
      vertex -94.05134456098645 -7.299999999999999 6.0807798811618925
    endloop
  endfacet
  facet normal -0.9807852804032281 -7.720043490742984e-19 0.19509032201614018
    outer loop
      vertex -93.97026616635142 -9.399999999999999 6.383368569335938
      vertex -94.00088900845311 -7.299999999999999 6.229417145876975
      vertex -94.00088900845311 -9.399999999999999 6.229417145876975
    endloop
  endfacet
  facet normal -0.7518398074789722 1.850476236378742e-18 0.6593458151000748
    outer loop
      vertex -94.20797599165051 -9.399999999999999 5.809486285189536
      vertex -94.31147186257614 -7.299999999999999 5.691471862576143
      vertex -94.31147186257614 -9.399999999999999 5.691471862576143
    endloop
  endfacet
  facet normal -0.997858923238609 0 0.06540312923005802
    outer loop
      vertex -93.97026616635142 -9.399999999999999 6.383368569335938
      vertex -93.96000000000001 -9.399999999999999 6.54
      vertex -93.97026616635142 -7.299999999999999 6.383368569335938
    endloop
  endfacet
  facet normal -0.997858923238609 0 -0.06540312923005802
    outer loop
      vertex -93.96000000000001 -9.399999999999999 6.54
      vertex -93.97026616635142 -9.399999999999999 6.696631430664062
      vertex -93.96000000000001 -7.299999999999999 6.54
    endloop
  endfacet
  facet normal -0.9807852804032281 0 -0.19509032201614018
    outer loop
      vertex -93.97026616635142 -9.399999999999999 6.696631430664062
      vertex -94.00088900845311 -9.399999999999999 6.850582854123025
      vertex -93.97026616635142 -7.299999999999999 6.696631430664062
    endloop
  endfacet
  facet normal -0.9469301294951094 0 -0.3214394653031508
    outer loop
      vertex -94.00088900845311 -9.399999999999999 6.850582854123025
      vertex -94.05134456098645 -9.399999999999999 6.999220118838108
      vertex -94.00088900845311 -7.299999999999999 6.850582854123025
    endloop
  endfacet
  facet normal -0.8968727415326686 0 -0.4422886902190411
    outer loop
      vertex -94.05134456098645 -9.399999999999999 6.999220118838108
      vertex -94.12076951545868 -9.399999999999999 7.14
      vertex -94.05134456098645 -7.299999999999999 6.999220118838108
    endloop
  endfacet
  facet normal -0.8314696123025631 0 -0.5555702330195756
    outer loop
      vertex -94.12076951545868 -9.399999999999999 7.14
      vertex -94.20797599165051 -9.399999999999999 7.270513714810464
      vertex -94.12076951545868 -7.299999999999999 7.14
    endloop
  endfacet
  facet normal -0.7518398074789722 0 -0.6593458151000748
    outer loop
      vertex -94.20797599165051 -9.399999999999999 7.270513714810464
      vertex -94.31147186257614 -9.399999999999999 7.388528137423857
      vertex -94.20797599165051 -7.299999999999999 7.270513714810464
    endloop
  endfacet
  facet normal -0.6593458151000456 0 -0.7518398074789978
    outer loop
      vertex -94.31147186257614 -9.399999999999999 7.388528137423857
      vertex -94.42948628518954 -9.399999999999999 7.492024008349482
      vertex -94.31147186257614 -7.299999999999999 7.388528137423857
    endloop
  endfacet
  facet normal -0.5555702330196107 0 -0.8314696123025396
    outer loop
      vertex -94.42948628518954 -9.399999999999999 7.492024008349482
      vertex -94.56 -9.399999999999999 7.579230484541326
      vertex -94.42948628518954 -7.299999999999999 7.492024008349482
    endloop
  endfacet
  facet normal -0.44228869021900913 0 -0.8968727415326844
    outer loop
      vertex -94.56 -9.399999999999999 7.579230484541326
      vertex -94.70077988116189 -9.399999999999999 7.648655439013544
      vertex -94.56 -7.299999999999999 7.579230484541326
    endloop
  endfacet
  facet normal -0.3214394653031713 0 -0.9469301294951025
    outer loop
      vertex -94.70077988116189 -9.399999999999999 7.648655439013544
      vertex -94.84941714587697 -9.399999999999999 7.699110991546882
      vertex -94.70077988116189 -7.299999999999999 7.648655439013544
    endloop
  endfacet
  facet normal -0.19509032201612383 0 -0.9807852804032313
    outer loop
      vertex -94.84941714587697 -9.399999999999999 7.699110991546882
      vertex -95.00336856933593 -9.399999999999999 7.729733833648572
      vertex -94.84941714587697 -7.299999999999999 7.699110991546882
    endloop
  endfacet
  facet normal -0.06540312923014742 0 -0.9978589232386033
    outer loop
      vertex -95.00336856933593 -9.399999999999999 7.729733833648572
      vertex -95.16 -9.399999999999999 7.74
      vertex -95.00336856933593 -7.299999999999999 7.729733833648572
    endloop
  endfacet
  facet normal 0.06540312923014742 0 -0.9978589232386033
    outer loop
      vertex -95.16 -9.399999999999999 7.74
      vertex -95.31663143066406 -9.399999999999999 7.729733833648572
      vertex -95.16 -7.299999999999999 7.74
    endloop
  endfacet
  facet normal -0.3214394653031713 0 0.9469301294951025
    outer loop
      vertex -94.70077988116189 -9.399999999999999 5.431344560986456
      vertex -94.70077988116189 -7.299999999999999 5.431344560986456
      vertex -94.84941714587697 -7.299999999999999 5.380889008453118
    endloop
  endfacet
  facet normal -0.5555702330196107 0 0.8314696123025396
    outer loop
      vertex -94.42948628518954 -9.399999999999999 5.587975991650518
      vertex -94.42948628518954 -7.299999999999999 5.587975991650518
      vertex -94.56 -7.299999999999999 5.500769515458674
    endloop
  endfacet
  facet normal -0.44228869021900913 0 0.8968727415326844
    outer loop
      vertex -94.56 -9.399999999999999 5.500769515458674
      vertex -94.56 -7.299999999999999 5.500769515458674
      vertex -94.70077988116189 -7.299999999999999 5.431344560986456
    endloop
  endfacet
  facet normal -0.19509032201612383 0 0.9807852804032313
    outer loop
      vertex -94.84941714587697 -9.399999999999999 5.380889008453118
      vertex -94.84941714587697 -7.299999999999999 5.380889008453118
      vertex -95.00336856933593 -7.299999999999999 5.350266166351428
    endloop
  endfacet
  facet normal -0.06540312923014742 0 0.9978589232386033
    outer loop
      vertex -95.00336856933593 -9.399999999999999 5.350266166351428
      vertex -95.00336856933593 -7.299999999999999 5.350266166351428
      vertex -95.16 -7.299999999999999 5.34
    endloop
  endfacet
  facet normal 0.06540312923014742 0 0.9978589232386033
    outer loop
      vertex -95.16 -9.399999999999999 5.34
      vertex -95.16 -7.299999999999999 5.34
      vertex -95.31663143066406 -7.299999999999999 5.350266166351428
    endloop
  endfacet
  facet normal -0.7518398074789722 0 0.6593458151000748
    outer loop
      vertex -94.20797599165051 -9.399999999999999 5.809486285189536
      vertex -94.20797599165051 -7.299999999999999 5.809486285189536
      vertex -94.31147186257614 -7.299999999999999 5.691471862576143
    endloop
  endfacet
  facet normal -0.8314696123025631 0 0.5555702330195756
    outer loop
      vertex -94.12076951545868 -9.399999999999999 5.94
      vertex -94.12076951545868 -7.299999999999999 5.94
      vertex -94.20797599165051 -7.299999999999999 5.809486285189536
    endloop
  endfacet
  facet normal -0.8968727415326686 -1.230992602898462e-18 0.4422886902190411
    outer loop
      vertex -94.12076951545868 -7.299999999999999 5.94
      vertex -94.05134456098645 -9.399999999999999 6.0807798811618925
      vertex -94.05134456098645 -7.299999999999999 6.0807798811618925
    endloop
  endfacet
  facet normal -0.9469301294951094 0 0.3214394653031508
    outer loop
      vertex -94.00088900845311 -9.399999999999999 6.229417145876975
      vertex -94.00088900845311 -7.299999999999999 6.229417145876975
      vertex -94.05134456098645 -7.299999999999999 6.0807798811618925
    endloop
  endfacet
  facet normal -0.6593458151000456 0 0.7518398074789978
    outer loop
      vertex -94.31147186257614 -9.399999999999999 5.691471862576143
      vertex -94.31147186257614 -7.299999999999999 5.691471862576143
      vertex -94.42948628518954 -7.299999999999999 5.587975991650518
    endloop
  endfacet
  facet normal -0.9807852804032281 0 0.19509032201614018
    outer loop
      vertex -93.97026616635142 -9.399999999999999 6.383368569335938
      vertex -93.97026616635142 -7.299999999999999 6.383368569335938
      vertex -94.00088900845311 -7.299999999999999 6.229417145876975
    endloop
  endfacet
  facet normal -0.997858923238609 0 0.06540312923005802
    outer loop
      vertex -93.96000000000001 -9.399999999999999 6.54
      vertex -93.96000000000001 -7.299999999999999 6.54
      vertex -93.97026616635142 -7.299999999999999 6.383368569335938
    endloop
  endfacet
  facet normal -0.997858923238609 0 -0.06540312923005802
    outer loop
      vertex -93.97026616635142 -9.399999999999999 6.696631430664062
      vertex -93.97026616635142 -7.299999999999999 6.696631430664062
      vertex -93.96000000000001 -7.299999999999999 6.54
    endloop
  endfacet
  facet normal -0.9807852804032281 7.720043490742984e-19 -0.19509032201614018
    outer loop
      vertex -93.97026616635142 -7.299999999999999 6.696631430664062
      vertex -94.00088900845311 -9.399999999999999 6.850582854123025
      vertex -94.00088900845311 -7.299999999999999 6.850582854123025
    endloop
  endfacet
  facet normal -0.9469301294951094 0 -0.3214394653031508
    outer loop
      vertex -94.05134456098645 -9.399999999999999 6.999220118838108
      vertex -94.05134456098645 -7.299999999999999 6.999220118838108
      vertex -94.00088900845311 -7.299999999999999 6.850582854123025
    endloop
  endfacet
  facet normal -0.8968727415326686 0 -0.4422886902190411
    outer loop
      vertex -94.12076951545868 -9.399999999999999 7.14
      vertex -94.12076951545868 -7.299999999999999 7.14
      vertex -94.05134456098645 -7.299999999999999 6.999220118838108
    endloop
  endfacet
  facet normal -0.8314696123025631 0 -0.5555702330195756
    outer loop
      vertex -94.20797599165051 -9.399999999999999 7.270513714810464
      vertex -94.20797599165051 -7.299999999999999 7.270513714810464
      vertex -94.12076951545868 -7.299999999999999 7.14
    endloop
  endfacet
  facet normal -0.7518398074789722 0 -0.6593458151000748
    outer loop
      vertex -94.31147186257614 -9.399999999999999 7.388528137423857
      vertex -94.31147186257614 -7.299999999999999 7.388528137423857
      vertex -94.20797599165051 -7.299999999999999 7.270513714810464
    endloop
  endfacet
  facet normal -0.6593458151000456 0 -0.7518398074789978
    outer loop
      vertex -94.42948628518954 -9.399999999999999 7.492024008349482
      vertex -94.42948628518954 -7.299999999999999 7.492024008349482
      vertex -94.31147186257614 -7.299999999999999 7.388528137423857
    endloop
  endfacet
  facet normal -0.5555702330196107 0 -0.8314696123025396
    outer loop
      vertex -94.56 -9.399999999999999 7.579230484541326
      vertex -94.56 -7.299999999999999 7.579230484541326
      vertex -94.42948628518954 -7.299999999999999 7.492024008349482
    endloop
  endfacet
  facet normal -0.44228869021900913 0 -0.8968727415326844
    outer loop
      vertex -94.70077988116189 -9.399999999999999 7.648655439013544
      vertex -94.70077988116189 -7.299999999999999 7.648655439013544
      vertex -94.56 -7.299999999999999 7.579230484541326
    endloop
  endfacet
  facet normal -0.3214394653031713 0 -0.9469301294951025
    outer loop
      vertex -94.84941714587697 -9.399999999999999 7.699110991546882
      vertex -94.84941714587697 -7.299999999999999 7.699110991546882
      vertex -94.70077988116189 -7.299999999999999 7.648655439013544
    endloop
  endfacet
  facet normal -0.19509032201612383 0 -0.9807852804032313
    outer loop
      vertex -95.00336856933593 -9.399999999999999 7.729733833648572
      vertex -95.00336856933593 -7.299999999999999 7.729733833648572
      vertex -94.84941714587697 -7.299999999999999 7.699110991546882
    endloop
  endfacet
  facet normal -0.06540312923014742 0 -0.9978589232386033
    outer loop
      vertex -95.16 -9.399999999999999 7.74
      vertex -95.16 -7.299999999999999 7.74
      vertex -95.00336856933593 -7.299999999999999 7.729733833648572
    endloop
  endfacet
  facet normal 0.06540312923014742 3.1126133945969732e-19 0.9978589232386033
    outer loop
      vertex -95.16 -9.399999999999999 5.34
      vertex -95.31663143066406 -7.299999999999999 5.350266166351428
      vertex -95.31663143066406 -9.399999999999999 5.350266166351428
    endloop
  endfacet
  facet normal 0.19509032201612383 6.108970832239158e-19 0.9807852804032313
    outer loop
      vertex -95.31663143066406 -9.399999999999999 5.350266166351428
      vertex -95.47058285412302 -7.299999999999999 5.380889008453118
      vertex -95.47058285412302 -9.399999999999999 5.380889008453118
    endloop
  endfacet
  facet normal 0.3214394653031437 -2.4158170835463765e-19 0.9469301294951117
    outer loop
      vertex -95.47058285412302 -9.399999999999999 5.380889008453118
      vertex -95.61922011883811 -7.299999999999999 5.431344560986456
      vertex -95.61922011883811 -9.399999999999999 5.431344560986456
    endloop
  endfacet
  facet normal 0.44228869021900913 -2.1334852284465256e-19 0.8968727415326844
    outer loop
      vertex -95.61922011883811 -9.399999999999999 5.431344560986456
      vertex -95.76 -7.299999999999999 5.500769515458674
      vertex -95.76 -9.399999999999999 5.500769515458674
    endloop
  endfacet
  facet normal 0.5555702330196107 8.45397565186575e-19 0.8314696123025396
    outer loop
      vertex -95.76 -9.399999999999999 5.500769515458674
      vertex -95.89051371481047 -7.299999999999999 5.587975991650518
      vertex -95.89051371481047 -9.399999999999999 5.587975991650518
    endloop
  endfacet
  facet normal 0.6593458151000905 -9.078040550559874e-19 0.7518398074789585
    outer loop
      vertex -95.89051371481047 -9.399999999999999 5.587975991650518
      vertex -96.00852813742385 -7.299999999999999 5.691471862576143
      vertex -96.00852813742385 -9.399999999999999 5.691471862576143
    endloop
  endfacet
  facet normal 0.7518398074789722 -1.850476236378742e-18 0.6593458151000748
    outer loop
      vertex -96.00852813742385 -9.399999999999999 5.691471862576143
      vertex -96.11202400834948 -7.299999999999999 5.809486285189536
      vertex -96.11202400834948 -9.399999999999999 5.809486285189536
    endloop
  endfacet
  facet normal 0.8314696123025213 -1.0299086760789297e-18 0.5555702330196381
    outer loop
      vertex -96.11202400834948 -9.399999999999999 5.809486285189536
      vertex -96.19923048454133 -7.299999999999999 5.94
      vertex -96.19923048454133 -9.399999999999999 5.94
    endloop
  endfacet
  facet normal 0.8968727415327046 -2.617099033123272e-18 0.4422886902189682
    outer loop
      vertex -96.19923048454133 -9.399999999999999 5.94
      vertex -96.26865543901354 -7.299999999999999 6.0807798811618925
      vertex -96.26865543901354 -9.399999999999999 6.0807798811618925
    endloop
  endfacet
  facet normal 0.9469301294951094 -4.692808254869108e-20 0.3214394653031508
    outer loop
      vertex -96.26865543901354 -9.399999999999999 6.0807798811618925
      vertex -96.31911099154688 -7.299999999999999 6.229417145876975
      vertex -96.31911099154688 -9.399999999999999 6.229417145876975
    endloop
  endfacet
  facet normal 0.9807852804032281 7.720043490742984e-19 0.19509032201614018
    outer loop
      vertex -96.31911099154688 -9.399999999999999 6.229417145876975
      vertex -96.34973383364857 -7.299999999999999 6.383368569335938
      vertex -96.34973383364857 -9.399999999999999 6.383368569335938
    endloop
  endfacet
  facet normal 0.9978589232386031 -2.804963017777706e-19 0.06540312923014815
    outer loop
      vertex -96.34973383364857 -9.399999999999999 6.383368569335938
      vertex -96.36 -7.299999999999999 6.54
      vertex -96.36 -9.399999999999999 6.54
    endloop
  endfacet
  facet normal 0.9978589232386031 2.804963017777706e-19 -0.06540312923014815
    outer loop
      vertex -96.36 -9.399999999999999 6.54
      vertex -96.34973383364857 -7.299999999999999 6.696631430664062
      vertex -96.34973383364857 -9.399999999999999 6.696631430664062
    endloop
  endfacet
  facet normal 0.9807852804032281 -7.720043490742984e-19 -0.19509032201614018
    outer loop
      vertex -96.34973383364857 -9.399999999999999 6.696631430664062
      vertex -96.31911099154688 -7.299999999999999 6.850582854123025
      vertex -96.31911099154688 -9.399999999999999 6.850582854123025
    endloop
  endfacet
  facet normal 0.9469301294951094 4.692808254869108e-20 -0.3214394653031508
    outer loop
      vertex -96.31911099154688 -9.399999999999999 6.850582854123025
      vertex -96.26865543901354 -7.299999999999999 6.999220118838108
      vertex -96.26865543901354 -9.399999999999999 6.999220118838108
    endloop
  endfacet
  facet normal 0.8968727415327046 0 -0.4422886902189682
    outer loop
      vertex -96.19923048454133 -9.399999999999999 7.14
      vertex -96.26865543901354 -9.399999999999999 6.999220118838108
      vertex -96.19923048454133 -7.299999999999999 7.14
    endloop
  endfacet
  facet normal 0.8314696123025213 1.0299086760789297e-18 -0.5555702330196381
    outer loop
      vertex -96.19923048454133 -9.399999999999999 7.14
      vertex -96.11202400834948 -7.299999999999999 7.270513714810464
      vertex -96.11202400834948 -9.399999999999999 7.270513714810464
    endloop
  endfacet
  facet normal 0.7518398074789722 0 -0.6593458151000748
    outer loop
      vertex -96.00852813742385 -9.399999999999999 7.388528137423857
      vertex -96.11202400834948 -9.399999999999999 7.270513714810464
      vertex -96.00852813742385 -7.299999999999999 7.388528137423857
    endloop
  endfacet
  facet normal 0.19509032201612383 0 -0.9807852804032313
    outer loop
      vertex -95.31663143066406 -9.399999999999999 7.729733833648572
      vertex -95.47058285412302 -9.399999999999999 7.699110991546882
      vertex -95.31663143066406 -7.299999999999999 7.729733833648572
    endloop
  endfacet
  facet normal 0.44228869021900913 0 -0.8968727415326844
    outer loop
      vertex -95.61922011883811 -9.399999999999999 7.648655439013544
      vertex -95.76 -9.399999999999999 7.579230484541326
      vertex -95.61922011883811 -7.299999999999999 7.648655439013544
    endloop
  endfacet
  facet normal 0.3214394653031437 0 -0.9469301294951117
    outer loop
      vertex -95.47058285412302 -9.399999999999999 7.699110991546882
      vertex -95.61922011883811 -9.399999999999999 7.648655439013544
      vertex -95.47058285412302 -7.299999999999999 7.699110991546882
    endloop
  endfacet
  facet normal 0.6593458151000905 0 -0.7518398074789585
    outer loop
      vertex -95.89051371481047 -9.399999999999999 7.492024008349482
      vertex -96.00852813742385 -9.399999999999999 7.388528137423857
      vertex -95.89051371481047 -7.299999999999999 7.492024008349482
    endloop
  endfacet
  facet normal 0.5555702330196107 -8.45397565186575e-19 -0.8314696123025396
    outer loop
      vertex -95.89051371481047 -9.399999999999999 7.492024008349482
      vertex -95.76 -7.299999999999999 7.579230484541326
      vertex -95.76 -9.399999999999999 7.579230484541326
    endloop
  endfacet
  facet normal 0.19509032201612383 0 0.9807852804032313
    outer loop
      vertex -95.31663143066406 -9.399999999999999 5.350266166351428
      vertex -95.31663143066406 -7.299999999999999 5.350266166351428
      vertex -95.47058285412302 -7.299999999999999 5.380889008453118
    endloop
  endfacet
  facet normal 0.3214394653031437 0 0.9469301294951117
    outer loop
      vertex -95.47058285412302 -9.399999999999999 5.380889008453118
      vertex -95.47058285412302 -7.299999999999999 5.380889008453118
      vertex -95.61922011883811 -7.299999999999999 5.431344560986456
    endloop
  endfacet
  facet normal 0.44228869021900913 0 0.8968727415326844
    outer loop
      vertex -95.61922011883811 -9.399999999999999 5.431344560986456
      vertex -95.61922011883811 -7.299999999999999 5.431344560986456
      vertex -95.76 -7.299999999999999 5.500769515458674
    endloop
  endfacet
  facet normal 0.5555702330196107 0 0.8314696123025396
    outer loop
      vertex -95.76 -9.399999999999999 5.500769515458674
      vertex -95.76 -7.299999999999999 5.500769515458674
      vertex -95.89051371481047 -7.299999999999999 5.587975991650518
    endloop
  endfacet
  facet normal 0.6593458151000905 0 0.7518398074789585
    outer loop
      vertex -95.89051371481047 -9.399999999999999 5.587975991650518
      vertex -95.89051371481047 -7.299999999999999 5.587975991650518
      vertex -96.00852813742385 -7.299999999999999 5.691471862576143
    endloop
  endfacet
  facet normal 0.7518398074789722 0 0.6593458151000748
    outer loop
      vertex -96.00852813742385 -9.399999999999999 5.691471862576143
      vertex -96.00852813742385 -7.299999999999999 5.691471862576143
      vertex -96.11202400834948 -7.299999999999999 5.809486285189536
    endloop
  endfacet
  facet normal 0.8314696123025213 0 0.5555702330196381
    outer loop
      vertex -96.11202400834948 -9.399999999999999 5.809486285189536
      vertex -96.11202400834948 -7.299999999999999 5.809486285189536
      vertex -96.19923048454133 -7.299999999999999 5.94
    endloop
  endfacet
  facet normal 0.8968727415327046 0 0.4422886902189682
    outer loop
      vertex -96.19923048454133 -9.399999999999999 5.94
      vertex -96.19923048454133 -7.299999999999999 5.94
      vertex -96.26865543901354 -7.299999999999999 6.0807798811618925
    endloop
  endfacet
  facet normal 0.9469301294951094 0 0.3214394653031508
    outer loop
      vertex -96.26865543901354 -9.399999999999999 6.0807798811618925
      vertex -96.26865543901354 -7.299999999999999 6.0807798811618925
      vertex -96.31911099154688 -7.299999999999999 6.229417145876975
    endloop
  endfacet
  facet normal 0.9807852804032281 0 0.19509032201614018
    outer loop
      vertex -96.31911099154688 -9.399999999999999 6.229417145876975
      vertex -96.31911099154688 -7.299999999999999 6.229417145876975
      vertex -96.34973383364857 -7.299999999999999 6.383368569335938
    endloop
  endfacet
  facet normal 0.9978589232386031 0 0.06540312923014815
    outer loop
      vertex -96.34973383364857 -9.399999999999999 6.383368569335938
      vertex -96.34973383364857 -7.299999999999999 6.383368569335938
      vertex -96.36 -7.299999999999999 6.54
    endloop
  endfacet
  facet normal 0.9978589232386031 0 -0.06540312923014815
    outer loop
      vertex -96.36 -9.399999999999999 6.54
      vertex -96.36 -7.299999999999999 6.54
      vertex -96.34973383364857 -7.299999999999999 6.696631430664062
    endloop
  endfacet
  facet normal 0.9807852804032281 0 -0.19509032201614018
    outer loop
      vertex -96.34973383364857 -9.399999999999999 6.696631430664062
      vertex -96.34973383364857 -7.299999999999999 6.696631430664062
      vertex -96.31911099154688 -7.299999999999999 6.850582854123025
    endloop
  endfacet
  facet normal 0.9469301294951094 0 -0.3214394653031508
    outer loop
      vertex -96.31911099154688 -9.399999999999999 6.850582854123025
      vertex -96.31911099154688 -7.299999999999999 6.850582854123025
      vertex -96.26865543901354 -7.299999999999999 6.999220118838108
    endloop
  endfacet
  facet normal 0.8314696123025213 0 -0.5555702330196381
    outer loop
      vertex -96.19923048454133 -9.399999999999999 7.14
      vertex -96.19923048454133 -7.299999999999999 7.14
      vertex -96.11202400834948 -7.299999999999999 7.270513714810464
    endloop
  endfacet
  facet normal 0.7518398074789722 0 -0.6593458151000748
    outer loop
      vertex -96.11202400834948 -9.399999999999999 7.270513714810464
      vertex -96.11202400834948 -7.299999999999999 7.270513714810464
      vertex -96.00852813742385 -7.299999999999999 7.388528137423857
    endloop
  endfacet
  facet normal 0.06540312923014742 0 -0.9978589232386033
    outer loop
      vertex -95.31663143066406 -9.399999999999999 7.729733833648572
      vertex -95.31663143066406 -7.299999999999999 7.729733833648572
      vertex -95.16 -7.299999999999999 7.74
    endloop
  endfacet
  facet normal 0.19509032201612383 0 -0.9807852804032313
    outer loop
      vertex -95.47058285412302 -9.399999999999999 7.699110991546882
      vertex -95.47058285412302 -7.299999999999999 7.699110991546882
      vertex -95.31663143066406 -7.299999999999999 7.729733833648572
    endloop
  endfacet
  facet normal 0.44228869021900913 0 -0.8968727415326844
    outer loop
      vertex -95.76 -9.399999999999999 7.579230484541326
      vertex -95.76 -7.299999999999999 7.579230484541326
      vertex -95.61922011883811 -7.299999999999999 7.648655439013544
    endloop
  endfacet
  facet normal 0.3214394653031437 0 -0.9469301294951117
    outer loop
      vertex -95.61922011883811 -9.399999999999999 7.648655439013544
      vertex -95.61922011883811 -7.299999999999999 7.648655439013544
      vertex -95.47058285412302 -7.299999999999999 7.699110991546882
    endloop
  endfacet
  facet normal 0.6593458151000905 0 -0.7518398074789585
    outer loop
      vertex -96.00852813742385 -9.399999999999999 7.388528137423857
      vertex -96.00852813742385 -7.299999999999999 7.388528137423857
      vertex -95.89051371481047 -7.299999999999999 7.492024008349482
    endloop
  endfacet
  facet normal 0.5555702330196107 0 -0.8314696123025396
    outer loop
      vertex -95.89051371481047 -9.399999999999999 7.492024008349482
      vertex -95.89051371481047 -7.299999999999999 7.492024008349482
      vertex -95.76 -7.299999999999999 7.579230484541326
    endloop
  endfacet
  facet normal 0.8968727415327046 2.617099033123272e-18 -0.4422886902189682
    outer loop
      vertex -96.19923048454133 -7.299999999999999 7.14
      vertex -96.26865543901354 -9.399999999999999 6.999220118838108
      vertex -96.26865543901354 -7.299999999999999 6.999220118838108
    endloop
  endfacet
endsolid OpenSCAD_Model
