solid OpenSCAD_Model
  facet normal -0.1403375316384509 0.7055245366379705 -0.6946513552966004
    outer loop
      vertex -8.315299046039584 -8.012518410384654 0
      vertex -8.456421186029914 -8.040589344501495 0
      vertex -8.392944765090945 -7.72274066209793 0.31
    endloop
  endfacet
  facet normal -0.47429815234321476 0.5408333969864236 -0.6946513509581177
    outer loop
      vertex -7.930362430214885 -7.822688673436641 0
      vertex -8.112990853190425 -7.584682670235633 0.31
      vertex -7.822182540595534 -7.727817457914352 0
    endloop
  endfacet
  facet normal -0.5408333969864236 0.47429815234321476 -0.6946513509581177
    outer loop
      vertex -7.822182540595534 -7.727817457914352 0
      vertex -7.965317328274253 -7.437009145319461 0.31
      vertex -7.727311325073245 -7.619637568295001 0
    endloop
  endfacet
  facet normal -0.3181588735639733 0.6451623317930213 -0.6946513491010401
    outer loop
      vertex -8.179048222303393 -7.966267485916614 0
      vertex -8.200000000000003 -7.642820325493812 0.31
      vertex -8.050000001490119 -7.902627941966056 0
    endloop
  endfacet
  facet normal -0.399647544570267 0.5981148248923999 -0.6946513487807321
    outer loop
      vertex -7.930362430214885 -7.822688673436641 0
      vertex -8.050000001490119 -7.902627941966056 0
      vertex -8.200000000000003 -7.642820325493812 0.31
    endloop
  endfacet
  facet normal -0.23122638726620443 0.6811709408388954 -0.6946513565728303
    outer loop
      vertex -8.315299046039584 -8.012518410384654 0
      vertex -8.392944765090945 -7.72274066209793 0.31
      vertex -8.179048222303393 -7.966267485916614 0
    endloop
  endfacet
  facet normal -0.4742981776115301 0.5408333639645246 -0.6946513594150648
    outer loop
      vertex -7.822182540595534 -7.727817457914352 0
      vertex -8.112990853190425 -7.584682670235633 0.31
      vertex -8.034314577281478 -7.515685421228408 0.31
    endloop
  endfacet
  facet normal -0.3181588323556807 0.6451623427755473 -0.694651357774846
    outer loop
      vertex -8.179048222303393 -7.966267485916614 0
      vertex -8.293853250145915 -7.689103622734546 0.31
      vertex -8.200000000000003 -7.642820325493812 0.31
    endloop
  endfacet
  facet normal -0.14033753068673122 0.7055245366366943 -0.6946513554901685
    outer loop
      vertex -8.456421186029914 -8.040589344501495 0
      vertex -8.495579046010974 -7.743155886232852 0.31
      vertex -8.392944765090945 -7.72274066209793 0.31
    endloop
  endfacet
  facet normal -0.23122639351318197 0.6811709372210235 -0.694651358041082
    outer loop
      vertex -8.179048222303393 -7.966267485916614 0
      vertex -8.392944765090945 -7.72274066209793 0.31
      vertex -8.293853250145915 -7.689103622734546 0.31
    endloop
  endfacet
  facet normal -0.39964755569735577 0.59811481373543 -0.694651351985556
    outer loop
      vertex -7.930362430214885 -7.822688673436641 0
      vertex -8.200000000000003 -7.642820325493812 0.31
      vertex -8.112990853190425 -7.584682670235633 0.31
    endloop
  endfacet
  facet normal -0.04704753906616513 0.7178063972997011 -0.694651355043263
    outer loop
      vertex -8.599999998509887 -8.050000001490115 0
      vertex -8.495579046010974 -7.743155886232852 0.31
      vertex -8.456421186029914 -8.040589344501495 0
    endloop
  endfacet
  facet normal -0.04704751650476462 0.7178063942986539 -0.6946513596723897
    outer loop
      vertex -8.599999998509887 -8.050000001490115 0
      vertex -8.599999998509887 -7.749999997019767 0.31
      vertex -8.495579046010974 -7.743155886232852 0.31
    endloop
  endfacet
  facet normal -0.5981148248923999 0.399647544570267 -0.6946513487807321
    outer loop
      vertex -7.727311325073245 -7.619637568295001 0
      vertex -7.907179673016074 -7.349999998509883 0.31
      vertex -7.64737205654383 -7.499999997019767 0
    endloop
  endfacet
  facet normal -0.6451623317930213 0.3181588735639733 -0.6946513491010401
    outer loop
      vertex -7.64737205654383 -7.499999997019767 0
      vertex -7.907179673016074 -7.349999998509883 0.31
      vertex -7.583732512593272 -7.370951776206493 0
    endloop
  endfacet
  facet normal -0.6811709408388954 0.23122638726620443 -0.6946513565728303
    outer loop
      vertex -7.583732512593272 -7.370951776206493 0
      vertex -7.827259336411956 -7.157055233418941 0.31
      vertex -7.537481588125232 -7.234700952470302 0
    endloop
  endfacet
  facet normal -0.5408333639645246 0.4742981776115301 -0.6946513594150648
    outer loop
      vertex -7.822182540595534 -7.727817457914352 0
      vertex -8.034314577281478 -7.515685421228408 0.31
      vertex -7.965317328274253 -7.437009145319461 0.31
    endloop
  endfacet
  facet normal -0.59811481373543 0.39964755569735577 -0.694651351985556
    outer loop
      vertex -7.727311325073245 -7.619637568295001 0
      vertex -7.965317328274253 -7.437009145319461 0.31
      vertex -7.907179673016074 -7.349999998509883 0.31
    endloop
  endfacet
  facet normal -0.6451623427755473 0.3181588323556807 -0.694651357774846
    outer loop
      vertex -7.583732512593272 -7.370951776206493 0
      vertex -7.907179673016074 -7.349999998509883 0.31
      vertex -7.86089637577534 -7.256146748363971 0.31
    endloop
  endfacet
  facet normal -0.6811709372210235 0.23122639351318197 -0.694651358041082
    outer loop
      vertex -7.583732512593272 -7.370951776206493 0
      vertex -7.86089637577534 -7.256146748363971 0.31
      vertex -7.827259336411956 -7.157055233418941 0.31
    endloop
  endfacet
  facet normal -0.7055245366379705 0.1403375316384509 -0.6946513552966004
    outer loop
      vertex -7.537481588125232 -7.234700952470302 0
      vertex -7.827259336411956 -7.157055233418941 0.31
      vertex -7.509410654008391 -7.093578812479972 0
    endloop
  endfacet
  facet normal -0.7178063972997011 0.04704753906616513 -0.694651355043263
    outer loop
      vertex -7.509410654008391 -7.093578812479972 0
      vertex -7.806844112277034 -7.054420952498912 0.31
      vertex -7.499999997019771 -6.949999999999999 0
    endloop
  endfacet
  facet normal -0.7055245366366943 0.14033753068673124 -0.6946513554901685
    outer loop
      vertex -7.827259336411956 -7.157055233418941 0.31
      vertex -7.806844112277034 -7.054420952498912 0.31
      vertex -7.509410654008391 -7.093578812479972 0
    endloop
  endfacet
  facet normal -0.7178063942986539 0.04704751650476472 -0.6946513596723897
    outer loop
      vertex -7.806844112277034 -7.054420952498912 0.31
      vertex -7.800000001490119 -6.949999999999999 0.31
      vertex -7.499999997019771 -6.949999999999999 0
    endloop
  endfacet
  facet normal -0.7186021365880816 0 -0.6954214328671817
    outer loop
      vertex -7.499999997019771 -6.949999999999999 0
      vertex -7.800000001490119 -6.949999999999999 0.31
      vertex -7.499999997019771 9.05 0
    endloop
  endfacet
  facet normal 0 0.7186021365880816 -0.6954214328671818
    outer loop
      vertex -8.599999998509887 -8.050000001490115 0
      vertex -60.80000000149012 -8.050000001490115 0
      vertex -8.599999998509887 -7.749999997019767 0.31
    endloop
  endfacet
  facet normal 0 0.7186021365880816 -0.6954214328671818
    outer loop
      vertex -8.599999998509887 -7.749999997019767 0.31
      vertex -60.80000000149012 -8.050000001490115 0
      vertex -60.80000000149012 -7.749999997019767 0.31
    endloop
  endfacet
  facet normal -0.7186021365880816 0 -0.6954214328671817
    outer loop
      vertex -7.800000001490119 -6.949999999999999 0.31
      vertex -7.800000001490119 9.05 0.31
      vertex -7.499999997019771 9.05 0
    endloop
  endfacet
  facet normal -0.7178063972997011 -0.04704753906616513 -0.694651355043263
    outer loop
      vertex -7.499999997019771 9.05 0
      vertex -7.806844112277034 9.154420952498914 0.31
      vertex -7.509410654008391 9.193578812479974 0
    endloop
  endfacet
  facet normal -0.7055245366379705 -0.1403375316384509 -0.6946513552966004
    outer loop
      vertex -7.509410654008391 9.193578812479974 0
      vertex -7.827259336411956 9.257055233418942 0.31
      vertex -7.537481588125232 9.334700952470303 0
    endloop
  endfacet
  facet normal -0.7178063942986539 -0.0470475165047646 -0.6946513596723897
    outer loop
      vertex -7.499999997019771 9.05 0
      vertex -7.800000001490119 9.05 0.31
      vertex -7.806844112277034 9.154420952498914 0.31
    endloop
  endfacet
  facet normal -0.7055245366366943 -0.14033753068673122 -0.6946513554901685
    outer loop
      vertex -7.509410654008391 9.193578812479974 0
      vertex -7.806844112277034 9.154420952498914 0.31
      vertex -7.827259336411956 9.257055233418942 0.31
    endloop
  endfacet
  facet normal -0.6811709408388953 -0.23122638726620445 -0.6946513565728303
    outer loop
      vertex -7.827259336411956 9.257055233418942 0.31
      vertex -7.583732512593272 9.470951776206494 0
      vertex -7.537481588125232 9.334700952470303 0
    endloop
  endfacet
  facet normal -0.6451623317930213 -0.31815887356397343 -0.6946513491010401
    outer loop
      vertex -7.907179673016074 9.449999998509885 0.31
      vertex -7.64737205654383 9.599999997019768 0
      vertex -7.583732512593272 9.470951776206494 0
    endloop
  endfacet
  facet normal -0.5981148248923999 -0.399647544570267 -0.6946513487807321
    outer loop
      vertex -7.907179673016074 9.449999998509885 0.31
      vertex -7.727311325073245 9.719637568295003 0
      vertex -7.64737205654383 9.599999997019768 0
    endloop
  endfacet
  facet normal -0.6811709372210234 -0.23122639351318194 -0.694651358041082
    outer loop
      vertex -7.827259336411956 9.257055233418942 0.31
      vertex -7.86089637577534 9.356146748363972 0.31
      vertex -7.583732512593272 9.470951776206494 0
    endloop
  endfacet
  facet normal -0.6451623427755473 -0.3181588323556807 -0.694651357774846
    outer loop
      vertex -7.86089637577534 9.356146748363972 0.31
      vertex -7.907179673016074 9.449999998509885 0.31
      vertex -7.583732512593272 9.470951776206494 0
    endloop
  endfacet
  facet normal -0.59811481373543 -0.39964755569735566 -0.694651351985556
    outer loop
      vertex -7.907179673016074 9.449999998509885 0.31
      vertex -7.965317328274253 9.537009145319463 0.31
      vertex -7.727311325073245 9.719637568295003 0
    endloop
  endfacet
  facet normal -0.5408333969864236 -0.47429815234321476 -0.6946513509581177
    outer loop
      vertex -7.727311325073245 9.719637568295003 0
      vertex -7.965317328274253 9.537009145319463 0.31
      vertex -7.822182540595534 9.827817457914353 0
    endloop
  endfacet
  facet normal -0.47429815234321476 -0.5408333969864236 -0.6946513509581177
    outer loop
      vertex -7.822182540595534 9.827817457914353 0
      vertex -8.112990853190425 9.684682670235635 0.31
      vertex -7.930362430214885 9.922688673436642 0
    endloop
  endfacet
  facet normal -0.399647544570267 -0.5981148248923999 -0.6946513487807321
    outer loop
      vertex -7.930362430214885 9.922688673436642 0
      vertex -8.200000000000003 9.742820325493813 0.31
      vertex -8.050000001490119 10.002627941966058 0
    endloop
  endfacet
  facet normal -0.31815887356397343 -0.6451623317930213 -0.6946513491010401
    outer loop
      vertex -8.200000000000003 9.742820325493813 0.31
      vertex -8.179048222303393 10.066267485916615 0
      vertex -8.050000001490119 10.002627941966058 0
    endloop
  endfacet
  facet normal -0.5408333639645245 -0.47429817761153004 -0.6946513594150648
    outer loop
      vertex -7.822182540595534 9.827817457914353 0
      vertex -7.965317328274253 9.537009145319463 0.31
      vertex -8.034314577281478 9.61568542122841 0.31
    endloop
  endfacet
  facet normal -0.47429817761153004 -0.5408333639645245 -0.6946513594150648
    outer loop
      vertex -7.822182540595534 9.827817457914353 0
      vertex -8.034314577281478 9.61568542122841 0.31
      vertex -8.112990853190425 9.684682670235635 0.31
    endloop
  endfacet
  facet normal -0.39964755569735577 -0.59811481373543 -0.694651351985556
    outer loop
      vertex -7.930362430214885 9.922688673436642 0
      vertex -8.112990853190425 9.684682670235635 0.31
      vertex -8.200000000000003 9.742820325493813 0.31
    endloop
  endfacet
  facet normal -0.3181588323556807 -0.6451623427755473 -0.694651357774846
    outer loop
      vertex -8.200000000000003 9.742820325493813 0.31
      vertex -8.293853250145915 9.789103622734547 0.31
      vertex -8.179048222303393 10.066267485916615 0
    endloop
  endfacet
  facet normal -0.23122639351318194 -0.6811709372210234 -0.694651358041082
    outer loop
      vertex -8.293853250145915 9.789103622734547 0.31
      vertex -8.392944765090945 9.822740662097932 0.31
      vertex -8.179048222303393 10.066267485916615 0
    endloop
  endfacet
  facet normal -0.14033753068673124 -0.7055245366366943 -0.6946513554901685
    outer loop
      vertex -8.392944765090945 9.822740662097932 0.31
      vertex -8.495579046010974 9.843155886232854 0.31
      vertex -8.456421186029914 10.140589344501496 0
    endloop
  endfacet
  facet normal -0.23122638726620445 -0.6811709408388953 -0.6946513565728303
    outer loop
      vertex -8.392944765090945 9.822740662097932 0.31
      vertex -8.315299046039584 10.112518410384656 0
      vertex -8.179048222303393 10.066267485916615 0
    endloop
  endfacet
  facet normal -0.14033753163845086 -0.7055245366379705 -0.6946513552966004
    outer loop
      vertex -8.392944765090945 9.822740662097932 0.31
      vertex -8.456421186029914 10.140589344501496 0
      vertex -8.315299046039584 10.112518410384656 0
    endloop
  endfacet
  facet normal -0.04704751650476472 -0.7178063942986539 -0.6946513596723897
    outer loop
      vertex -8.495579046010974 9.843155886232854 0.31
      vertex -8.599999998509887 9.849999997019768 0.31
      vertex -8.599999998509887 10.150000001490117 0
    endloop
  endfacet
  facet normal -0.04704753906616511 -0.7178063972997011 -0.694651355043263
    outer loop
      vertex -8.495579046010974 9.843155886232854 0.31
      vertex -8.599999998509887 10.150000001490117 0
      vertex -8.456421186029914 10.140589344501496 0
    endloop
  endfacet
  facet normal 2.2679024470486166e-19 -0.7186021365880816 -0.6954214328671818
    outer loop
      vertex -8.599999998509887 9.849999997019768 0.31
      vertex -60.80000000149012 10.150000001490117 0
      vertex -8.599999998509887 10.150000001490117 0
    endloop
  endfacet
  facet normal 0 -0.7186021365880816 -0.6954214328671818
    outer loop
      vertex -8.599999998509887 9.849999997019768 0.31
      vertex -60.80000000149012 9.849999997019768 0.31
      vertex -60.80000000149012 10.150000001490117 0
    endloop
  endfacet
  facet normal 0.04704753906616513 0.7178063972997011 -0.694651355043263
    outer loop
      vertex -60.80000000149012 -8.050000001490115 0
      vertex -60.94357881397009 -8.040589344501495 0
      vertex -60.90442095398903 -7.743155886232852 0.31
    endloop
  endfacet
  facet normal 0.1403375316384509 0.7055245366379705 -0.6946513552966004
    outer loop
      vertex -60.94357881397009 -8.040589344501495 0
      vertex -61.08470095396042 -8.012518410384654 0
      vertex -61.00705523490906 -7.72274066209793 0.31
    endloop
  endfacet
  facet normal 0.23122638726620443 0.6811709408388954 -0.6946513565728303
    outer loop
      vertex -61.08470095396042 -8.012518410384654 0
      vertex -61.22095177769661 -7.966267485916614 0
      vertex -61.00705523490906 -7.72274066209793 0.31
    endloop
  endfacet
  facet normal 0.3181588735639733 0.6451623317930213 -0.6946513491010401
    outer loop
      vertex -61.22095177769661 -7.966267485916614 0
      vertex -61.34999999850989 -7.902627941966056 0
      vertex -61.2 -7.642820325493812 0.31
    endloop
  endfacet
  facet normal 0.399647544570267 0.5981148248923999 -0.6946513487807321
    outer loop
      vertex -61.34999999850989 -7.902627941966056 0
      vertex -61.46963756978512 -7.822688673436641 0
      vertex -61.2 -7.642820325493812 0.31
    endloop
  endfacet
  facet normal 0.47429815234321476 0.5408333969864236 -0.6946513509581177
    outer loop
      vertex -61.46963756978512 -7.822688673436641 0
      vertex -61.57781745940447 -7.727817457914352 0
      vertex -61.28700914680958 -7.584682670235633 0.31
    endloop
  endfacet
  facet normal 0.0470475165047646 0.7178063942986539 -0.6946513596723897
    outer loop
      vertex -60.80000000149012 -8.050000001490115 0
      vertex -60.90442095398903 -7.743155886232852 0.31
      vertex -60.80000000149012 -7.749999997019767 0.31
    endloop
  endfacet
  facet normal 0.14033753068673122 0.7055245366366943 -0.6946513554901685
    outer loop
      vertex -60.94357881397009 -8.040589344501495 0
      vertex -61.00705523490906 -7.72274066209793 0.31
      vertex -60.90442095398903 -7.743155886232852 0.31
    endloop
  endfacet
  facet normal 0.23122639351318203 0.6811709372210234 -0.694651358041082
    outer loop
      vertex -61.22095177769661 -7.966267485916614 0
      vertex -61.10614674985409 -7.689103622734546 0.31
      vertex -61.00705523490906 -7.72274066209793 0.31
    endloop
  endfacet
  facet normal 0.31815883235568065 0.6451623427755473 -0.694651357774846
    outer loop
      vertex -61.22095177769661 -7.966267485916614 0
      vertex -61.2 -7.642820325493812 0.31
      vertex -61.10614674985409 -7.689103622734546 0.31
    endloop
  endfacet
  facet normal 0.39964755569735577 0.59811481373543 -0.694651351985556
    outer loop
      vertex -61.46963756978512 -7.822688673436641 0
      vertex -61.28700914680958 -7.584682670235633 0.31
      vertex -61.2 -7.642820325493812 0.31
    endloop
  endfacet
  facet normal 0.4742981776115299 0.5408333639645246 -0.6946513594150648
    outer loop
      vertex -61.28700914680958 -7.584682670235633 0.31
      vertex -61.57781745940447 -7.727817457914352 0
      vertex -61.36568542271853 -7.515685421228408 0.31
    endloop
  endfacet
  facet normal 0.5408333639645245 0.47429817761153004 -0.6946513594150648
    outer loop
      vertex -61.57781745940447 -7.727817457914352 0
      vertex -61.43468267172575 -7.437009145319461 0.31
      vertex -61.36568542271853 -7.515685421228408 0.31
    endloop
  endfacet
  facet normal 0.5408333969864236 0.47429815234321476 -0.6946513509581177
    outer loop
      vertex -61.57781745940447 -7.727817457914352 0
      vertex -61.67268867492676 -7.619637568295001 0
      vertex -61.43468267172575 -7.437009145319461 0.31
    endloop
  endfacet
  facet normal 0.5981148248923999 0.399647544570267 -0.6946513487807321
    outer loop
      vertex -61.67268867492676 -7.619637568295001 0
      vertex -61.752627943456176 -7.499999997019767 0
      vertex -61.49282032698393 -7.349999998509883 0.31
    endloop
  endfacet
  facet normal 0.6451623317930213 0.31815887356397343 -0.6946513491010401
    outer loop
      vertex -61.49282032698393 -7.349999998509883 0.31
      vertex -61.752627943456176 -7.499999997019767 0
      vertex -61.81626748740673 -7.370951776206493 0
    endloop
  endfacet
  facet normal 0.6811709408388954 0.23122638726620443 -0.6946513565728303
    outer loop
      vertex -61.81626748740673 -7.370951776206493 0
      vertex -61.862518411874774 -7.234700952470302 0
      vertex -61.57274066358805 -7.157055233418941 0.31
    endloop
  endfacet
  facet normal 0.59811481373543 0.39964755569735577 -0.694651351985556
    outer loop
      vertex -61.67268867492676 -7.619637568295001 0
      vertex -61.49282032698393 -7.349999998509883 0.31
      vertex -61.43468267172575 -7.437009145319461 0.31
    endloop
  endfacet
  facet normal 0.6451623427755473 0.3181588323556807 -0.694651357774846
    outer loop
      vertex -61.49282032698393 -7.349999998509883 0.31
      vertex -61.81626748740673 -7.370951776206493 0
      vertex -61.539103624224666 -7.256146748363971 0.31
    endloop
  endfacet
  facet normal 0.6811709372210234 0.23122639351318203 -0.694651358041082
    outer loop
      vertex -61.81626748740673 -7.370951776206493 0
      vertex -61.57274066358805 -7.157055233418941 0.31
      vertex -61.539103624224666 -7.256146748363971 0.31
    endloop
  endfacet
  facet normal 0.7055245366379705 0.1403375316384509 -0.6946513552966004
    outer loop
      vertex -61.862518411874774 -7.234700952470302 0
      vertex -61.890589345991614 -7.093578812479972 0
      vertex -61.57274066358805 -7.157055233418941 0.31
    endloop
  endfacet
  facet normal 0.7178063972997011 0.04704753906616513 -0.694651355043263
    outer loop
      vertex -61.890589345991614 -7.093578812479972 0
      vertex -61.900000002980235 -6.949999999999999 0
      vertex -61.59315588772297 -7.054420952498912 0.31
    endloop
  endfacet
  facet normal 0.7055245366366943 0.14033753068673124 -0.6946513554901685
    outer loop
      vertex -61.57274066358805 -7.157055233418941 0.31
      vertex -61.890589345991614 -7.093578812479972 0
      vertex -61.59315588772297 -7.054420952498912 0.31
    endloop
  endfacet
  facet normal 0.7178063942986539 0.04704751650476472 -0.6946513596723897
    outer loop
      vertex -61.59315588772297 -7.054420952498912 0.31
      vertex -61.900000002980235 -6.949999999999999 0
      vertex -61.59999999850989 -6.949999999999999 0.31
    endloop
  endfacet
  facet normal 0.7186021365880816 0 -0.6954214328671817
    outer loop
      vertex -61.900000002980235 -6.949999999999999 0
      vertex -61.900000002980235 9.05 0
      vertex -61.59999999850989 -6.949999999999999 0.31
    endloop
  endfacet
  facet normal 0.7186021365880816 0 -0.6954214328671817
    outer loop
      vertex -61.59999999850989 -6.949999999999999 0.31
      vertex -61.900000002980235 9.05 0
      vertex -61.59999999850989 9.05 0.31
    endloop
  endfacet
  facet normal 0.7178063972997011 -0.04704753906616513 -0.694651355043263
    outer loop
      vertex -61.900000002980235 9.05 0
      vertex -61.890589345991614 9.193578812479974 0
      vertex -61.59315588772297 9.154420952498914 0.31
    endloop
  endfacet
  facet normal 0.7055245366379705 -0.1403375316384509 -0.6946513552966004
    outer loop
      vertex -61.890589345991614 9.193578812479974 0
      vertex -61.862518411874774 9.334700952470303 0
      vertex -61.57274066358805 9.257055233418942 0.31
    endloop
  endfacet
  facet normal 0.7178063942986539 -0.04704751650476462 -0.6946513596723897
    outer loop
      vertex -61.900000002980235 9.05 0
      vertex -61.59315588772297 9.154420952498914 0.31
      vertex -61.59999999850989 9.05 0.31
    endloop
  endfacet
  facet normal 0.7055245366366943 -0.14033753068673122 -0.6946513554901685
    outer loop
      vertex -61.890589345991614 9.193578812479974 0
      vertex -61.57274066358805 9.257055233418942 0.31
      vertex -61.59315588772297 9.154420952498914 0.31
    endloop
  endfacet
  facet normal 0.6811709408388954 -0.23122638726620443 -0.6946513565728303
    outer loop
      vertex -61.57274066358805 9.257055233418942 0.31
      vertex -61.862518411874774 9.334700952470303 0
      vertex -61.81626748740673 9.470951776206494 0
    endloop
  endfacet
  facet normal 0.6451623317930213 -0.3181588735639734 -0.6946513491010401
    outer loop
      vertex -61.49282032698393 9.449999998509885 0.31
      vertex -61.81626748740673 9.470951776206494 0
      vertex -61.752627943456176 9.599999997019768 0
    endloop
  endfacet
  facet normal 0.5981148248923999 -0.39964754457026697 -0.6946513487807321
    outer loop
      vertex -61.49282032698393 9.449999998509885 0.31
      vertex -61.752627943456176 9.599999997019768 0
      vertex -61.67268867492676 9.719637568295003 0
    endloop
  endfacet
  facet normal 0.6811709372210234 -0.23122639351318194 -0.694651358041082
    outer loop
      vertex -61.57274066358805 9.257055233418942 0.31
      vertex -61.81626748740673 9.470951776206494 0
      vertex -61.539103624224666 9.356146748363972 0.31
    endloop
  endfacet
  facet normal 0.6451623427755473 -0.3181588323556807 -0.694651357774846
    outer loop
      vertex -61.49282032698393 9.449999998509885 0.31
      vertex -61.539103624224666 9.356146748363972 0.31
      vertex -61.81626748740673 9.470951776206494 0
    endloop
  endfacet
  facet normal 0.59811481373543 -0.39964755569735566 -0.694651351985556
    outer loop
      vertex -61.49282032698393 9.449999998509885 0.31
      vertex -61.67268867492676 9.719637568295003 0
      vertex -61.43468267172575 9.537009145319463 0.31
    endloop
  endfacet
  facet normal 0.3181588735639734 -0.6451623317930213 -0.6946513491010401
    outer loop
      vertex -61.2 9.742820325493813 0.31
      vertex -61.34999999850989 10.002627941966058 0
      vertex -61.22095177769661 10.066267485916615 0
    endloop
  endfacet
  facet normal 0.4742981523432148 -0.5408333969864235 -0.6946513509581178
    outer loop
      vertex -61.28700914680958 9.684682670235635 0.31
      vertex -61.57781745940447 9.827817457914353 0
      vertex -61.46963756978512 9.922688673436642 0
    endloop
  endfacet
  facet normal 0.39964754457026697 -0.5981148248923999 -0.6946513487807321
    outer loop
      vertex -61.2 9.742820325493813 0.31
      vertex -61.46963756978512 9.922688673436642 0
      vertex -61.34999999850989 10.002627941966058 0
    endloop
  endfacet
  facet normal 0.04704751650476472 -0.7178063942986539 -0.6946513596723897
    outer loop
      vertex -60.80000000149012 9.849999997019768 0.31
      vertex -60.90442095398903 9.843155886232854 0.31
      vertex -60.80000000149012 10.150000001490117 0
    endloop
  endfacet
  facet normal 0.14033753068673124 -0.7055245366366943 -0.6946513554901685
    outer loop
      vertex -61.00705523490906 9.822740662097932 0.31
      vertex -60.94357881397009 10.140589344501496 0
      vertex -60.90442095398903 9.843155886232854 0.31
    endloop
  endfacet
  facet normal 0.5408333639645246 -0.4742981776115299 -0.6946513594150648
    outer loop
      vertex -61.43468267172575 9.537009145319463 0.31
      vertex -61.57781745940447 9.827817457914353 0
      vertex -61.36568542271853 9.61568542122841 0.31
    endloop
  endfacet
  facet normal 0.4742981776115299 -0.5408333639645246 -0.6946513594150648
    outer loop
      vertex -61.36568542271853 9.61568542122841 0.31
      vertex -61.57781745940447 9.827817457914353 0
      vertex -61.28700914680958 9.684682670235635 0.31
    endloop
  endfacet
  facet normal 0.39964755569735566 -0.59811481373543 -0.694651351985556
    outer loop
      vertex -61.28700914680958 9.684682670235635 0.31
      vertex -61.46963756978512 9.922688673436642 0
      vertex -61.2 9.742820325493813 0.31
    endloop
  endfacet
  facet normal 0.3181588323556807 -0.6451623427755473 -0.694651357774846
    outer loop
      vertex -61.2 9.742820325493813 0.31
      vertex -61.22095177769661 10.066267485916615 0
      vertex -61.10614674985409 9.789103622734547 0.31
    endloop
  endfacet
  facet normal 0.23122639351318194 -0.6811709372210234 -0.694651358041082
    outer loop
      vertex -61.10614674985409 9.789103622734547 0.31
      vertex -61.22095177769661 10.066267485916615 0
      vertex -61.00705523490906 9.822740662097932 0.31
    endloop
  endfacet
  facet normal 0.04704753906616505 -0.7178063972997011 -0.694651355043263
    outer loop
      vertex -60.90442095398903 9.843155886232854 0.31
      vertex -60.94357881397009 10.140589344501496 0
      vertex -60.80000000149012 10.150000001490117 0
    endloop
  endfacet
  facet normal 0.14033753163845086 -0.7055245366379705 -0.6946513552966004
    outer loop
      vertex -61.00705523490906 9.822740662097932 0.31
      vertex -61.08470095396042 10.112518410384656 0
      vertex -60.94357881397009 10.140589344501496 0
    endloop
  endfacet
  facet normal 0.23122638726620443 -0.6811709408388954 -0.6946513565728303
    outer loop
      vertex -61.00705523490906 9.822740662097932 0.31
      vertex -61.22095177769661 10.066267485916615 0
      vertex -61.08470095396042 10.112518410384656 0
    endloop
  endfacet
  facet normal 0.5408333969864235 -0.4742981523432148 -0.6946513509581178
    outer loop
      vertex -61.43468267172575 9.537009145319463 0.31
      vertex -61.67268867492676 9.719637568295003 0
      vertex -61.57781745940447 9.827817457914353 0
    endloop
  endfacet
  facet normal -0.44228866111006393 0.896872755887627 0
    outer loop
      vertex -8.293853250145915 -7.689103622734546 0.31
      vertex -8.200000000000003 -7.642820325493812 3
      vertex -8.200000000000003 -7.642820325493812 0.31
    endloop
  endfacet
  facet normal -0.5555702466055247 0.831469603224722 0
    outer loop
      vertex -8.112990853190425 -7.584682670235633 0.31
      vertex -8.200000000000003 -7.642820325493812 0.31
      vertex -8.112990853190425 -7.584682670235633 3
    endloop
  endfacet
  facet normal -0.3214394875653658 0.9469301219381054 0
    outer loop
      vertex -8.392944765090945 -7.72274066209793 0.31
      vertex -8.293853250145915 -7.689103622734546 3
      vertex -8.293853250145915 -7.689103622734546 0.31
    endloop
  endfacet
  facet normal -0.1950902883977413 0.9807852870903428 0
    outer loop
      vertex -8.495579046010974 -7.743155886232852 0.31
      vertex -8.392944765090945 -7.72274066209793 3
      vertex -8.392944765090945 -7.72274066209793 0.31
    endloop
  endfacet
  facet normal -0.06540312894155129 0.9978589232575187 0
    outer loop
      vertex -8.495579046010974 -7.743155886232852 0.31
      vertex -8.599999998509887 -7.749999997019767 0.31
      vertex -8.495579046010974 -7.743155886232852 3
    endloop
  endfacet
  facet normal -0.7518397750806569 0.6593458520432712 0
    outer loop
      vertex -8.034314577281478 -7.515685421228408 0.31
      vertex -7.965317328274253 -7.437009145319461 3
      vertex -7.965317328274253 -7.437009145319461 0.31
    endloop
  endfacet
  facet normal -0.831469603224722 0.5555702466055247 0
    outer loop
      vertex -7.907179673016074 -7.349999998509883 0.31
      vertex -7.965317328274253 -7.437009145319461 0.31
      vertex -7.907179673016074 -7.349999998509883 3
    endloop
  endfacet
  facet normal -0.896872755887627 0.44228866111006393 0
    outer loop
      vertex -7.907179673016074 -7.349999998509883 0.31
      vertex -7.86089637577534 -7.256146748363971 3
      vertex -7.86089637577534 -7.256146748363971 0.31
    endloop
  endfacet
  facet normal -0.6593458520432712 0.7518397750806569 0
    outer loop
      vertex -8.112990853190425 -7.584682670235633 0.31
      vertex -8.034314577281478 -7.515685421228408 3
      vertex -8.034314577281478 -7.515685421228408 0.31
    endloop
  endfacet
  facet normal -0.9469301219381054 0.3214394875653658 0
    outer loop
      vertex -7.86089637577534 -7.256146748363971 0.31
      vertex -7.827259336411956 -7.157055233418941 3
      vertex -7.827259336411956 -7.157055233418941 0.31
    endloop
  endfacet
  facet normal -0.9807852870903428 0.1950902883977413 0
    outer loop
      vertex -7.827259336411956 -7.157055233418941 0.31
      vertex -7.806844112277034 -7.054420952498912 3
      vertex -7.806844112277034 -7.054420952498912 0.31
    endloop
  endfacet
  facet normal -0.9978589232575187 0.06540312894155129 0
    outer loop
      vertex -7.806844112277034 -7.054420952498912 0.31
      vertex -7.800000001490119 -6.949999999999999 3
      vertex -7.800000001490119 -6.949999999999999 0.31
    endloop
  endfacet
  facet normal -0.1950902883977413 0.9807852870903428 0
    outer loop
      vertex -8.495579046010974 -7.743155886232852 0.31
      vertex -8.495579046010974 -7.743155886232852 3
      vertex -8.392944765090945 -7.72274066209793 3
    endloop
  endfacet
  facet normal -0.5555702466055247 0.831469603224722 0
    outer loop
      vertex -8.200000000000003 -7.642820325493812 0.31
      vertex -8.200000000000003 -7.642820325493812 3
      vertex -8.112990853190425 -7.584682670235633 3
    endloop
  endfacet
  facet normal -0.3214394875653658 0.9469301219381054 0
    outer loop
      vertex -8.392944765090945 -7.72274066209793 0.31
      vertex -8.392944765090945 -7.72274066209793 3
      vertex -8.293853250145915 -7.689103622734546 3
    endloop
  endfacet
  facet normal -0.44228866111006393 0.896872755887627 0
    outer loop
      vertex -8.293853250145915 -7.689103622734546 0.31
      vertex -8.293853250145915 -7.689103622734546 3
      vertex -8.200000000000003 -7.642820325493812 3
    endloop
  endfacet
  facet normal -0.06540312894155129 0.9978589232575187 0
    outer loop
      vertex -8.599999998509887 -7.749999997019767 0.31
      vertex -8.599999998509887 -7.749999997019767 3
      vertex -8.495579046010974 -7.743155886232852 3
    endloop
  endfacet
  facet normal -0.7518397750806569 0.6593458520432712 0
    outer loop
      vertex -8.034314577281478 -7.515685421228408 0.31
      vertex -8.034314577281478 -7.515685421228408 3
      vertex -7.965317328274253 -7.437009145319461 3
    endloop
  endfacet
  facet normal -0.831469603224722 0.5555702466055247 0
    outer loop
      vertex -7.907179673016074 -7.349999998509883 3
      vertex -7.965317328274253 -7.437009145319461 0.31
      vertex -7.965317328274253 -7.437009145319461 3
    endloop
  endfacet
  facet normal -0.896872755887627 0.44228866111006393 0
    outer loop
      vertex -7.907179673016074 -7.349999998509883 0.31
      vertex -7.907179673016074 -7.349999998509883 3
      vertex -7.86089637577534 -7.256146748363971 3
    endloop
  endfacet
  facet normal -0.9469301219381054 0.3214394875653658 0
    outer loop
      vertex -7.86089637577534 -7.256146748363971 0.31
      vertex -7.86089637577534 -7.256146748363971 3
      vertex -7.827259336411956 -7.157055233418941 3
    endloop
  endfacet
  facet normal -0.6593458520432712 0.7518397750806569 0
    outer loop
      vertex -8.112990853190425 -7.584682670235633 0.31
      vertex -8.112990853190425 -7.584682670235633 3
      vertex -8.034314577281478 -7.515685421228408 3
    endloop
  endfacet
  facet normal -0.9807852870903428 0.1950902883977413 0
    outer loop
      vertex -7.827259336411956 -7.157055233418941 0.31
      vertex -7.827259336411956 -7.157055233418941 3
      vertex -7.806844112277034 -7.054420952498912 3
    endloop
  endfacet
  facet normal -0.9978589232575187 0.06540312894155129 0
    outer loop
      vertex -7.806844112277034 -7.054420952498912 0.31
      vertex -7.806844112277034 -7.054420952498912 3
      vertex -7.800000001490119 -6.949999999999999 3
    endloop
  endfacet
  facet normal -1 0 0
    outer loop
      vertex -7.800000001490119 -6.949999999999999 0.31
      vertex -7.800000001490119 -6.949999999999999 3
      vertex -7.800000001490119 9.05 3
    endloop
  endfacet
  facet normal 0 1 0
    outer loop
      vertex -8.599999998509887 -7.749999997019767 0.31
      vertex -60.80000000149012 -7.749999997019767 0.31
      vertex -8.599999998509887 -7.749999997019767 3
    endloop
  endfacet
  facet normal 0 1 0
    outer loop
      vertex -8.599999998509887 -7.749999997019767 3
      vertex -60.80000000149012 -7.749999997019767 0.31
      vertex -60.80000000149012 -7.749999997019767 3
    endloop
  endfacet
  facet normal -1 0 0
    outer loop
      vertex -7.800000001490119 -6.949999999999999 0.31
      vertex -7.800000001490119 9.05 3
      vertex -7.800000001490119 9.05 0.31
    endloop
  endfacet
  facet normal -0.9978589232575187 -0.06540312894155129 0
    outer loop
      vertex -7.800000001490119 9.05 0.31
      vertex -7.806844112277034 9.154420952498914 3
      vertex -7.806844112277034 9.154420952498914 0.31
    endloop
  endfacet
  facet normal -0.9807852870903428 -0.1950902883977413 0
    outer loop
      vertex -7.806844112277034 9.154420952498914 0.31
      vertex -7.827259336411956 9.257055233418942 3
      vertex -7.827259336411956 9.257055233418942 0.31
    endloop
  endfacet
  facet normal -0.9469301219381054 -0.3214394875653658 0
    outer loop
      vertex -7.827259336411956 9.257055233418942 0.31
      vertex -7.86089637577534 9.356146748363972 3
      vertex -7.86089637577534 9.356146748363972 0.31
    endloop
  endfacet
  facet normal -0.896872755887627 -0.44228866111006393 0
    outer loop
      vertex -7.86089637577534 9.356146748363972 0.31
      vertex -7.907179673016074 9.449999998509885 3
      vertex -7.907179673016074 9.449999998509885 0.31
    endloop
  endfacet
  facet normal -0.831469603224722 -0.5555702466055247 0
    outer loop
      vertex -7.907179673016074 9.449999998509885 0.31
      vertex -7.965317328274253 9.537009145319463 3
      vertex -7.965317328274253 9.537009145319463 0.31
    endloop
  endfacet
  facet normal -0.7518397750806569 -0.6593458520432712 0
    outer loop
      vertex -7.965317328274253 9.537009145319463 0.31
      vertex -8.034314577281478 9.61568542122841 3
      vertex -8.034314577281478 9.61568542122841 0.31
    endloop
  endfacet
  facet normal -0.6593458520432712 -0.7518397750806569 0
    outer loop
      vertex -8.034314577281478 9.61568542122841 0.31
      vertex -8.112990853190425 9.684682670235635 3
      vertex -8.112990853190425 9.684682670235635 0.31
    endloop
  endfacet
  facet normal -0.5555702466055247 -0.831469603224722 0
    outer loop
      vertex -8.112990853190425 9.684682670235635 0.31
      vertex -8.200000000000003 9.742820325493813 3
      vertex -8.200000000000003 9.742820325493813 0.31
    endloop
  endfacet
  facet normal -0.44228866111006393 -0.896872755887627 0
    outer loop
      vertex -8.200000000000003 9.742820325493813 0.31
      vertex -8.293853250145915 9.789103622734547 3
      vertex -8.293853250145915 9.789103622734547 0.31
    endloop
  endfacet
  facet normal -0.3214394875653658 -0.9469301219381054 0
    outer loop
      vertex -8.293853250145915 9.789103622734547 0.31
      vertex -8.392944765090945 9.822740662097932 3
      vertex -8.392944765090945 9.822740662097932 0.31
    endloop
  endfacet
  facet normal -0.1950902883977413 -0.9807852870903428 0
    outer loop
      vertex -8.392944765090945 9.822740662097932 0.31
      vertex -8.495579046010974 9.843155886232854 3
      vertex -8.495579046010974 9.843155886232854 0.31
    endloop
  endfacet
  facet normal -0.06540312894155129 -0.9978589232575187 0
    outer loop
      vertex -8.495579046010974 9.843155886232854 0.31
      vertex -8.599999998509887 9.849999997019768 3
      vertex -8.599999998509887 9.849999997019768 0.31
    endloop
  endfacet
  facet normal -0.9978589232575187 -0.06540312894155129 0
    outer loop
      vertex -7.800000001490119 9.05 0.31
      vertex -7.800000001490119 9.05 3
      vertex -7.806844112277034 9.154420952498914 3
    endloop
  endfacet
  facet normal -0.9807852870903428 -0.1950902883977413 0
    outer loop
      vertex -7.806844112277034 9.154420952498914 0.31
      vertex -7.806844112277034 9.154420952498914 3
      vertex -7.827259336411956 9.257055233418942 3
    endloop
  endfacet
  facet normal -0.9469301219381054 -0.3214394875653658 0
    outer loop
      vertex -7.827259336411956 9.257055233418942 0.31
      vertex -7.827259336411956 9.257055233418942 3
      vertex -7.86089637577534 9.356146748363972 3
    endloop
  endfacet
  facet normal -0.896872755887627 -0.44228866111006393 0
    outer loop
      vertex -7.86089637577534 9.356146748363972 0.31
      vertex -7.86089637577534 9.356146748363972 3
      vertex -7.907179673016074 9.449999998509885 3
    endloop
  endfacet
  facet normal -0.831469603224722 -0.5555702466055247 0
    outer loop
      vertex -7.907179673016074 9.449999998509885 0.31
      vertex -7.907179673016074 9.449999998509885 3
      vertex -7.965317328274253 9.537009145319463 3
    endloop
  endfacet
  facet normal -0.7518397750806569 -0.6593458520432712 0
    outer loop
      vertex -7.965317328274253 9.537009145319463 0.31
      vertex -7.965317328274253 9.537009145319463 3
      vertex -8.034314577281478 9.61568542122841 3
    endloop
  endfacet
  facet normal -0.6593458520432712 -0.7518397750806569 0
    outer loop
      vertex -8.034314577281478 9.61568542122841 0.31
      vertex -8.034314577281478 9.61568542122841 3
      vertex -8.112990853190425 9.684682670235635 3
    endloop
  endfacet
  facet normal -0.5555702466055247 -0.831469603224722 0
    outer loop
      vertex -8.112990853190425 9.684682670235635 0.31
      vertex -8.112990853190425 9.684682670235635 3
      vertex -8.200000000000003 9.742820325493813 3
    endloop
  endfacet
  facet normal -0.44228866111006393 -0.896872755887627 0
    outer loop
      vertex -8.200000000000003 9.742820325493813 0.31
      vertex -8.200000000000003 9.742820325493813 3
      vertex -8.293853250145915 9.789103622734547 3
    endloop
  endfacet
  facet normal -0.3214394875653658 -0.9469301219381054 0
    outer loop
      vertex -8.293853250145915 9.789103622734547 0.31
      vertex -8.293853250145915 9.789103622734547 3
      vertex -8.392944765090945 9.822740662097932 3
    endloop
  endfacet
  facet normal -0.1950902883977413 -0.9807852870903428 0
    outer loop
      vertex -8.392944765090945 9.822740662097932 0.31
      vertex -8.392944765090945 9.822740662097932 3
      vertex -8.495579046010974 9.843155886232854 3
    endloop
  endfacet
  facet normal -0.06540312894155129 -0.9978589232575187 0
    outer loop
      vertex -8.495579046010974 9.843155886232854 0.31
      vertex -8.495579046010974 9.843155886232854 3
      vertex -8.599999998509887 9.849999997019768 3
    endloop
  endfacet
  facet normal 0 -1 0
    outer loop
      vertex -8.599999998509887 9.849999997019768 0.31
      vertex -8.599999998509887 9.849999997019768 3
      vertex -60.80000000149012 9.849999997019768 3
    endloop
  endfacet
  facet normal 0 -1 0
    outer loop
      vertex -8.599999998509887 9.849999997019768 0.31
      vertex -60.80000000149012 9.849999997019768 3
      vertex -60.80000000149012 9.849999997019768 0.31
    endloop
  endfacet
  facet normal 0.06540312894155129 0.9978589232575187 0
    outer loop
      vertex -60.80000000149012 -7.749999997019767 0.31
      vertex -60.90442095398903 -7.743155886232852 0.31
      vertex -60.80000000149012 -7.749999997019767 3
    endloop
  endfacet
  facet normal 0.1950902883977413 0.9807852870903428 0
    outer loop
      vertex -60.90442095398903 -7.743155886232852 0.31
      vertex -61.00705523490906 -7.72274066209793 0.31
      vertex -60.90442095398903 -7.743155886232852 3
    endloop
  endfacet
  facet normal 0.3214394875653658 0.9469301219381054 0
    outer loop
      vertex -61.00705523490906 -7.72274066209793 0.31
      vertex -61.10614674985409 -7.689103622734546 0.31
      vertex -61.00705523490906 -7.72274066209793 3
    endloop
  endfacet
  facet normal 0.44228866111006393 0.896872755887627 0
    outer loop
      vertex -61.10614674985409 -7.689103622734546 0.31
      vertex -61.2 -7.642820325493812 0.31
      vertex -61.10614674985409 -7.689103622734546 3
    endloop
  endfacet
  facet normal 0.5555702466055247 0.831469603224722 0
    outer loop
      vertex -61.2 -7.642820325493812 0.31
      vertex -61.28700914680958 -7.584682670235633 0.31
      vertex -61.2 -7.642820325493812 3
    endloop
  endfacet
  facet normal 0.6593458520432712 0.7518397750806569 0
    outer loop
      vertex -61.28700914680958 -7.584682670235633 0.31
      vertex -61.36568542271853 -7.515685421228408 0.31
      vertex -61.28700914680958 -7.584682670235633 3
    endloop
  endfacet
  facet normal 0.7518397750806569 0.6593458520432712 0
    outer loop
      vertex -61.36568542271853 -7.515685421228408 0.31
      vertex -61.43468267172575 -7.437009145319461 0.31
      vertex -61.36568542271853 -7.515685421228408 3
    endloop
  endfacet
  facet normal 0.831469603224722 0.5555702466055247 0
    outer loop
      vertex -61.43468267172575 -7.437009145319461 0.31
      vertex -61.49282032698393 -7.349999998509883 0.31
      vertex -61.43468267172575 -7.437009145319461 3
    endloop
  endfacet
  facet normal 0.896872755887627 0.44228866111006393 0
    outer loop
      vertex -61.49282032698393 -7.349999998509883 0.31
      vertex -61.539103624224666 -7.256146748363971 0.31
      vertex -61.49282032698393 -7.349999998509883 3
    endloop
  endfacet
  facet normal 0.9469301219381054 0.3214394875653658 0
    outer loop
      vertex -61.539103624224666 -7.256146748363971 0.31
      vertex -61.57274066358805 -7.157055233418941 0.31
      vertex -61.539103624224666 -7.256146748363971 3
    endloop
  endfacet
  facet normal 0.9807852870903428 0.1950902883977413 0
    outer loop
      vertex -61.57274066358805 -7.157055233418941 0.31
      vertex -61.59315588772297 -7.054420952498912 0.31
      vertex -61.57274066358805 -7.157055233418941 3
    endloop
  endfacet
  facet normal 0.9978589232575187 0.06540312894155129 0
    outer loop
      vertex -61.59315588772297 -7.054420952498912 0.31
      vertex -61.59999999850989 -6.949999999999999 0.31
      vertex -61.59315588772297 -7.054420952498912 3
    endloop
  endfacet
  facet normal 0.06540312894155129 0.9978589232575187 0
    outer loop
      vertex -60.90442095398903 -7.743155886232852 0.31
      vertex -60.90442095398903 -7.743155886232852 3
      vertex -60.80000000149012 -7.749999997019767 3
    endloop
  endfacet
  facet normal 0.1950902883977413 0.9807852870903428 0
    outer loop
      vertex -61.00705523490906 -7.72274066209793 0.31
      vertex -61.00705523490906 -7.72274066209793 3
      vertex -60.90442095398903 -7.743155886232852 3
    endloop
  endfacet
  facet normal 0.3214394875653658 0.9469301219381054 0
    outer loop
      vertex -61.10614674985409 -7.689103622734546 0.31
      vertex -61.10614674985409 -7.689103622734546 3
      vertex -61.00705523490906 -7.72274066209793 3
    endloop
  endfacet
  facet normal 0.44228866111006393 0.896872755887627 0
    outer loop
      vertex -61.2 -7.642820325493812 0.31
      vertex -61.2 -7.642820325493812 3
      vertex -61.10614674985409 -7.689103622734546 3
    endloop
  endfacet
  facet normal 0.5555702466055247 0.831469603224722 0
    outer loop
      vertex -61.28700914680958 -7.584682670235633 0.31
      vertex -61.28700914680958 -7.584682670235633 3
      vertex -61.2 -7.642820325493812 3
    endloop
  endfacet
  facet normal 0.6593458520432712 0.7518397750806569 0
    outer loop
      vertex -61.36568542271853 -7.515685421228408 0.31
      vertex -61.36568542271853 -7.515685421228408 3
      vertex -61.28700914680958 -7.584682670235633 3
    endloop
  endfacet
  facet normal 0.7518397750806569 0.6593458520432712 0
    outer loop
      vertex -61.43468267172575 -7.437009145319461 0.31
      vertex -61.43468267172575 -7.437009145319461 3
      vertex -61.36568542271853 -7.515685421228408 3
    endloop
  endfacet
  facet normal 0.831469603224722 0.5555702466055247 0
    outer loop
      vertex -61.49282032698393 -7.349999998509883 0.31
      vertex -61.49282032698393 -7.349999998509883 3
      vertex -61.43468267172575 -7.437009145319461 3
    endloop
  endfacet
  facet normal 0.896872755887627 0.44228866111006393 0
    outer loop
      vertex -61.539103624224666 -7.256146748363971 0.31
      vertex -61.539103624224666 -7.256146748363971 3
      vertex -61.49282032698393 -7.349999998509883 3
    endloop
  endfacet
  facet normal 0.9469301219381054 0.3214394875653658 0
    outer loop
      vertex -61.57274066358805 -7.157055233418941 0.31
      vertex -61.57274066358805 -7.157055233418941 3
      vertex -61.539103624224666 -7.256146748363971 3
    endloop
  endfacet
  facet normal 0.9807852870903428 0.1950902883977413 0
    outer loop
      vertex -61.59315588772297 -7.054420952498912 0.31
      vertex -61.59315588772297 -7.054420952498912 3
      vertex -61.57274066358805 -7.157055233418941 3
    endloop
  endfacet
  facet normal 0.9978589232575187 0.06540312894155129 0
    outer loop
      vertex -61.59999999850989 -6.949999999999999 0.31
      vertex -61.59999999850989 -6.949999999999999 3
      vertex -61.59315588772297 -7.054420952498912 3
    endloop
  endfacet
  facet normal 1 0 0
    outer loop
      vertex -61.59999999850989 -6.949999999999999 0.31
      vertex -61.59999999850989 9.05 0.31
      vertex -61.59999999850989 -6.949999999999999 3
    endloop
  endfacet
  facet normal 1 0 0
    outer loop
      vertex -61.59999999850989 -6.949999999999999 3
      vertex -61.59999999850989 9.05 0.31
      vertex -61.59999999850989 9.05 3
    endloop
  endfacet
  facet normal 0.831469603224722 -0.5555702466055247 0
    outer loop
      vertex -61.49282032698393 9.449999998509885 0.31
      vertex -61.43468267172575 9.537009145319463 0.31
      vertex -61.49282032698393 9.449999998509885 3
    endloop
  endfacet
  facet normal 0.7518397750806569 -0.6593458520432712 0
    outer loop
      vertex -61.43468267172575 9.537009145319463 0.31
      vertex -61.36568542271853 9.61568542122841 0.31
      vertex -61.43468267172575 9.537009145319463 3
    endloop
  endfacet
  facet normal 0.9978589232575187 -0.06540312894155129 0
    outer loop
      vertex -61.59999999850989 9.05 0.31
      vertex -61.59315588772297 9.154420952498914 0.31
      vertex -61.59999999850989 9.05 3
    endloop
  endfacet
  facet normal 0.9807852870903428 -0.1950902883977413 0
    outer loop
      vertex -61.59315588772297 9.154420952498914 0.31
      vertex -61.57274066358805 9.257055233418942 0.31
      vertex -61.59315588772297 9.154420952498914 3
    endloop
  endfacet
  facet normal 0.9469301219381054 -0.3214394875653658 0
    outer loop
      vertex -61.57274066358805 9.257055233418942 0.31
      vertex -61.539103624224666 9.356146748363972 0.31
      vertex -61.57274066358805 9.257055233418942 3
    endloop
  endfacet
  facet normal 0.896872755887627 -0.44228866111006393 0
    outer loop
      vertex -61.49282032698393 9.449999998509885 0.31
      vertex -61.539103624224666 9.356146748363972 3
      vertex -61.539103624224666 9.356146748363972 0.31
    endloop
  endfacet
  facet normal 0.06540312894155129 -0.9978589232575187 0
    outer loop
      vertex -60.80000000149012 9.849999997019768 0.31
      vertex -60.90442095398903 9.843155886232854 3
      vertex -60.90442095398903 9.843155886232854 0.31
    endloop
  endfacet
  facet normal 0.1950902883977413 -0.9807852870903428 0
    outer loop
      vertex -61.00705523490906 9.822740662097932 0.31
      vertex -60.90442095398903 9.843155886232854 0.31
      vertex -61.00705523490906 9.822740662097932 3
    endloop
  endfacet
  facet normal 0.5555702466055247 -0.831469603224722 0
    outer loop
      vertex -61.28700914680958 9.684682670235635 0.31
      vertex -61.2 9.742820325493813 0.31
      vertex -61.28700914680958 9.684682670235635 3
    endloop
  endfacet
  facet normal 0.44228866111006393 -0.896872755887627 0
    outer loop
      vertex -61.2 9.742820325493813 0.31
      vertex -61.10614674985409 9.789103622734547 0.31
      vertex -61.2 9.742820325493813 3
    endloop
  endfacet
  facet normal 0.6593458520432712 -0.7518397750806569 0
    outer loop
      vertex -61.36568542271853 9.61568542122841 0.31
      vertex -61.28700914680958 9.684682670235635 0.31
      vertex -61.36568542271853 9.61568542122841 3
    endloop
  endfacet
  facet normal 0.3214394875653658 -0.9469301219381054 0
    outer loop
      vertex -61.10614674985409 9.789103622734547 0.31
      vertex -61.00705523490906 9.822740662097932 0.31
      vertex -61.10614674985409 9.789103622734547 3
    endloop
  endfacet
  facet normal 0.831469603224722 -0.5555702466055247 0
    outer loop
      vertex -61.43468267172575 9.537009145319463 0.31
      vertex -61.43468267172575 9.537009145319463 3
      vertex -61.49282032698393 9.449999998509885 3
    endloop
  endfacet
  facet normal 0.7518397750806569 -0.6593458520432712 0
    outer loop
      vertex -61.36568542271853 9.61568542122841 0.31
      vertex -61.36568542271853 9.61568542122841 3
      vertex -61.43468267172575 9.537009145319463 3
    endloop
  endfacet
  facet normal 0.9978589232575187 -0.06540312894155129 0
    outer loop
      vertex -61.59315588772297 9.154420952498914 0.31
      vertex -61.59315588772297 9.154420952498914 3
      vertex -61.59999999850989 9.05 3
    endloop
  endfacet
  facet normal 0.9807852870903428 -0.1950902883977413 0
    outer loop
      vertex -61.57274066358805 9.257055233418942 0.31
      vertex -61.57274066358805 9.257055233418942 3
      vertex -61.59315588772297 9.154420952498914 3
    endloop
  endfacet
  facet normal 0.9469301219381054 -0.3214394875653658 0
    outer loop
      vertex -61.539103624224666 9.356146748363972 0.31
      vertex -61.539103624224666 9.356146748363972 3
      vertex -61.57274066358805 9.257055233418942 3
    endloop
  endfacet
  facet normal 0.896872755887627 -0.44228866111006393 0
    outer loop
      vertex -61.49282032698393 9.449999998509885 0.31
      vertex -61.49282032698393 9.449999998509885 3
      vertex -61.539103624224666 9.356146748363972 3
    endloop
  endfacet
  facet normal 0.06540312894155129 -0.9978589232575187 0
    outer loop
      vertex -60.80000000149012 9.849999997019768 0.31
      vertex -60.80000000149012 9.849999997019768 3
      vertex -60.90442095398903 9.843155886232854 3
    endloop
  endfacet
  facet normal 0.1950902883977413 -0.9807852870903428 0
    outer loop
      vertex -60.90442095398903 9.843155886232854 0.31
      vertex -60.90442095398903 9.843155886232854 3
      vertex -61.00705523490906 9.822740662097932 3
    endloop
  endfacet
  facet normal 0.44228866111006393 -0.896872755887627 0
    outer loop
      vertex -61.10614674985409 9.789103622734547 0.31
      vertex -61.10614674985409 9.789103622734547 3
      vertex -61.2 9.742820325493813 3
    endloop
  endfacet
  facet normal 0.5555702466055247 -0.831469603224722 0
    outer loop
      vertex -61.2 9.742820325493813 0.31
      vertex -61.2 9.742820325493813 3
      vertex -61.28700914680958 9.684682670235635 3
    endloop
  endfacet
  facet normal 0.6593458520432712 -0.7518397750806569 0
    outer loop
      vertex -61.36568542271853 9.61568542122841 3
      vertex -61.28700914680958 9.684682670235635 0.31
      vertex -61.28700914680958 9.684682670235635 3
    endloop
  endfacet
  facet normal 0.3214394875653658 -0.9469301219381054 0
    outer loop
      vertex -61.00705523490906 9.822740662097932 0.31
      vertex -61.00705523490906 9.822740662097932 3
      vertex -61.10614674985409 9.789103622734547 3
    endloop
  endfacet
  facet normal -0.14033753329148294 0.7055245449483252 -0.6946513465222108
    outer loop
      vertex -77.11529904603958 -6.462518405914306 0
      vertex -77.25642118602991 -6.490589340031146 0
      vertex -77.19294476509094 -6.172740665078162 0.31
    endloop
  endfacet
  facet normal -0.39964754856103996 0.5981148308650137 -0.6946513413421637
    outer loop
      vertex -76.85000000149012 -6.352627937495708 0
      vertex -77 -6.092820328474044 0.31
      vertex -76.73036243021488 -6.272688668966293 0
    endloop
  endfacet
  facet normal -0.14033753233976318 0.7055245449470491 -0.694651346715779
    outer loop
      vertex -77.25642118602991 -6.490589340031146 0
      vertex -77.29557904601097 -6.1931558892130845 0.31
      vertex -77.19294476509094 -6.172740665078162 0.31
    endloop
  endfacet
  facet normal -0.5408334012690506 0.47429815609897774 -0.694651345059419
    outer loop
      vertex -76.62218254059553 -6.177817453444003 0
      vertex -76.76531732827425 -5.887009148299693 0.31
      vertex -76.52731132507324 -6.069637563824653 0
    endloop
  endfacet
  facet normal -0.645162335219976 0.3181588752539604 -0.694651345144197
    outer loop
      vertex -76.44737205654383 -5.949999992549419 0
      vertex -76.70717967301607 -5.800000001490115 0.31
      vertex -76.38373251259327 -5.820951771736144 0
    endloop
  endfacet
  facet normal -0.3996475596881287 0.5981148197080436 -0.6946513445469877
    outer loop
      vertex -76.73036243021488 -6.272688668966293 0
      vertex -77 -6.092820328474044 0.31
      vertex -76.91299085319042 -6.034682673215865 0.31
    endloop
  endfacet
  facet normal -0.7186021365880816 0 -0.6954214328671818
    outer loop
      vertex -76.29999999701977 -5.399999995529651 0
      vertex -76.60000000149012 -5.4000000029802315 0.31
      vertex -76.29999999701977 7.499999995529652 0
    endloop
  endfacet
  facet normal 0.047047539629983925 0.7178064059019095 -0.6946513461161278
    outer loop
      vertex -92.60000000149012 -6.499999997019767 0
      vertex -92.74357881397009 -6.490589340031146 0
      vertex -92.70442095398903 -6.1931558892130845 0.31
    endloop
  endfacet
  facet normal 0.04704751706858321 0.7178064029008622 -0.6946513507452544
    outer loop
      vertex -92.60000000149012 -6.499999997019767 0
      vertex -92.70442095398903 -6.1931558892130845 0.31
      vertex -92.60000000149012 -6.199999999999999 0.31
    endloop
  endfacet
  facet normal 0.7178063978635199 0.04704753910311978 -0.6946513544581474
    outer loop
      vertex -93.69058934599161 -5.543578808009624 0
      vertex -93.70000000298023 -5.399999995529651 0
      vertex -93.39315588772297 -5.504420955479144 0.31
    endloop
  endfacet
  facet normal -0.7186021365880815 0 -0.6954214328671817
    outer loop
      vertex -76.60000000149012 -5.4000000029802315 0.31
      vertex -76.60000000149012 7.500000002980233 0.31
      vertex -76.29999999701977 7.499999995529652 0
    endloop
  endfacet
  facet normal -0.6451623352199759 -0.3181588752539605 -0.6946513451441969
    outer loop
      vertex -76.70717967301607 7.900000001490117 0.31
      vertex -76.44737205654383 8.04999999254942 0
      vertex -76.38373251259327 7.920951771736146 0
    endloop
  endfacet
  facet normal -0.4742981818941569 -0.5408333688479243 -0.6946513526888883
    outer loop
      vertex -76.83431457728148 8.065685424208642 0.31
      vertex -76.91299085319042 8.134682673215867 0.31
      vertex -76.62218254059553 8.277817453444005 0
    endloop
  endfacet
  facet normal -0.4742981566258418 -0.5408334018698239 -0.6946513442319407
    outer loop
      vertex -76.91299085319042 8.134682673215867 0.31
      vertex -76.73036243021488 8.372688668966294 0
      vertex -76.62218254059553 8.277817453444005 0
    endloop
  endfacet
  facet normal -0.23122638989579924 -0.6811709485854313 -0.6946513481013188
    outer loop
      vertex -77.19294476509094 8.272740665078164 0.31
      vertex -77.11529904603958 8.562518405914307 0
      vertex -76.97904822230339 8.516267481446267 0
    endloop
  endfacet
  facet normal -0.04704751706858324 -0.7178064029008622 -0.6946513507452544
    outer loop
      vertex -77.29557904601097 8.293155889213086 0.31
      vertex -77.39999999850988 8.3 0.31
      vertex -77.39999999850988 8.599999997019768 0
    endloop
  endfacet
  facet normal 0.7186021365880816 0 -0.6954214328671818
    outer loop
      vertex -93.70000000298023 -5.399999995529651 0
      vertex -93.70000000298023 7.499999995529652 0
      vertex -93.39999999850988 7.500000002980233 0.31
    endloop
  endfacet
  facet normal 0 -0.7186021452189303 -0.695421423948638
    outer loop
      vertex -77.39999999850988 8.599999997019768 0
      vertex -92.60000000149012 8.3 0.31
      vertex -92.60000000149012 8.599999997019768 0
    endloop
  endfacet
  facet normal 0.7178063978635199 -0.04704753910311978 -0.6946513544581474
    outer loop
      vertex -93.70000000298023 7.499999995529652 0
      vertex -93.69058934599161 7.643578808009625 0
      vertex -93.39315588772297 7.604420955479146 0.31
    endloop
  endfacet
  facet normal 0.7055245382910026 -0.14033753196725934 -0.6946513535512662
    outer loop
      vertex -93.69058934599161 7.643578808009625 0
      vertex -93.66251841187477 7.784700947999955 0
      vertex -93.37274066358805 7.7070552363991744 0.31
    endloop
  endfacet
  facet normal 0.14033753329148285 -0.7055245449483252 -0.6946513465222108
    outer loop
      vertex -92.80705523490906 8.272740665078164 0.31
      vertex -92.88470095396042 8.562518405914307 0
      vertex -92.74357881397009 8.590589340031148 0
    endloop
  endfacet
  facet normal 0.04704751706858324 -0.7178064029008622 -0.6946513507452544
    outer loop
      vertex -92.70442095398903 8.293155889213086 0.31
      vertex -92.60000000149012 8.599999997019768 0
      vertex -92.60000000149012 8.3 0.31
    endloop
  endfacet
  facet normal 0.14033753233976326 -0.705524544947049 -0.6946513467157789
    outer loop
      vertex -92.70442095398903 8.293155889213086 0.31
      vertex -92.80705523490906 8.272740665078164 0.31
      vertex -92.74357881397009 8.590589340031148 0
    endloop
  endfacet
  facet normal -0.31815887699092793 0.6451623387421974 -0.6946513410773564
    outer loop
      vertex -76.97904822230339 -6.4162674814462655 0
      vertex -77 -6.092820328474044 0.31
      vertex -76.85000000149012 -6.352627937495708 0
    endloop
  endfacet
  facet normal -0.23122638989579916 0.6811709485854313 -0.6946513481013189
    outer loop
      vertex -77.11529904603958 -6.462518405914306 0
      vertex -77.19294476509094 -6.172740665078162 0.31
      vertex -76.97904822230339 -6.4162674814462655 0
    endloop
  endfacet
  facet normal -0.047047539629983925 0.7178064059019095 -0.6946513461161278
    outer loop
      vertex -77.25642118602991 -6.490589340031146 0
      vertex -77.39999999850988 -6.499999997019767 0
      vertex -77.29557904601097 -6.1931558892130845 0.31
    endloop
  endfacet
  facet normal -0.2312263961427767 0.6811709449675594 -0.6946513495695706
    outer loop
      vertex -76.97904822230339 -6.4162674814462655 0
      vertex -77.19294476509094 -6.172740665078162 0.31
      vertex -77.09385325014591 -6.139103625714778 0.31
    endloop
  endfacet
  facet normal -0.31815883578263493 0.6451623497247237 -0.6946513497511624
    outer loop
      vertex -76.97904822230339 -6.4162674814462655 0
      vertex -77.09385325014591 -6.139103625714778 0.31
      vertex -77 -6.092820328474044 0.31
    endloop
  endfacet
  facet normal -0.04704751706858324 0.7178064029008622 -0.6946513507452544
    outer loop
      vertex -77.29557904601097 -6.1931558892130845 0.31
      vertex -77.39999999850988 -6.499999997019767 0
      vertex -77.39999999850988 -6.199999999999999 0.31
    endloop
  endfacet
  facet normal -0.4742981566258418 0.5408334018698239 -0.6946513442319407
    outer loop
      vertex -76.73036243021488 -6.272688668966293 0
      vertex -76.91299085319042 -6.034682673215865 0.31
      vertex -76.62218254059553 -6.177817453444003 0
    endloop
  endfacet
  facet normal -0.5981148288831728 0.3996475472368162 -0.6946513438104397
    outer loop
      vertex -76.52731132507324 -6.069637563824653 0
      vertex -76.70717967301607 -5.800000001490115 0.31
      vertex -76.44737205654383 -5.949999992549419 0
    endloop
  endfacet
  facet normal -0.5408333682471517 0.47429818136729346 -0.6946513535163658
    outer loop
      vertex -76.62218254059553 -6.177817453444003 0
      vertex -76.83431457728148 -5.96568542420864 0.31
      vertex -76.76531732827425 -5.887009148299693 0.31
    endloop
  endfacet
  facet normal -0.5981148177262029 0.39964755836390514 -0.6946513470152635
    outer loop
      vertex -76.52731132507324 -6.069637563824653 0
      vertex -76.76531732827425 -5.887009148299693 0.31
      vertex -76.70717967301607 -5.800000001490115 0.31
    endloop
  endfacet
  facet normal -0.68117094346849 0.2312263881588316 -0.6946513536971396
    outer loop
      vertex -76.38373251259327 -5.820951771736144 0
      vertex -76.62725933641195 -5.607055236399173 0.31
      vertex -76.33748158812523 -5.6847009479999535 0
    endloop
  endfacet
  facet normal -0.7055245382910026 0.14033753196725934 -0.6946513535512662
    outer loop
      vertex -76.33748158812523 -5.6847009479999535 0
      vertex -76.62725933641195 -5.607055236399173 0.31
      vertex -76.30941065400839 -5.543578808009624 0
    endloop
  endfacet
  facet normal -0.6451623462025016 0.3181588340456674 -0.6946513538180036
    outer loop
      vertex -76.38373251259327 -5.820951771736144 0
      vertex -76.70717967301607 -5.800000001490115 0.31
      vertex -76.66089637577534 -5.706146751344203 0.31
    endloop
  endfacet
  facet normal -0.6811709398506184 0.23122639440580925 -0.6946513551653913
    outer loop
      vertex -76.38373251259327 -5.820951771736144 0
      vertex -76.66089637577534 -5.706146751344203 0.31
      vertex -76.62725933641195 -5.607055236399173 0.31
    endloop
  endfacet
  facet normal -0.7055245382897265 0.14033753101553967 -0.6946513537448343
    outer loop
      vertex -76.30941065400839 -5.543578808009624 0
      vertex -76.62725933641195 -5.607055236399173 0.31
      vertex -76.60684411227703 -5.504420955479144 0.31
    endloop
  endfacet
  facet normal -0.47429818189415696 0.5408333688479242 -0.6946513526888883
    outer loop
      vertex -76.62218254059553 -6.177817453444003 0
      vertex -76.91299085319042 -6.034682673215865 0.31
      vertex -76.83431457728148 -5.96568542420864 0.31
    endloop
  endfacet
  facet normal -0.7178063978635199 0.04704753910311978 -0.6946513544581474
    outer loop
      vertex -76.30941065400839 -5.543578808009624 0
      vertex -76.60684411227703 -5.504420955479144 0.31
      vertex -76.29999999701977 -5.399999995529651 0
    endloop
  endfacet
  facet normal -0.7178063948624723 0.047047516541719334 -0.6946513590872743
    outer loop
      vertex -76.60684411227703 -5.504420955479144 0.31
      vertex -76.60000000149012 -5.4000000029802315 0.31
      vertex -76.29999999701977 -5.399999995529651 0
    endloop
  endfacet
  facet normal -1.8624565088209214e-19 0.7186021452189303 -0.695421423948638
    outer loop
      vertex -77.39999999850988 -6.499999997019767 0
      vertex -92.60000000149012 -6.199999999999999 0.31
      vertex -77.39999999850988 -6.199999999999999 0.31
    endloop
  endfacet
  facet normal 0 0.7186021452189303 -0.695421423948638
    outer loop
      vertex -77.39999999850988 -6.499999997019767 0
      vertex -92.60000000149012 -6.499999997019767 0
      vertex -92.60000000149012 -6.199999999999999 0.31
    endloop
  endfacet
  facet normal 0.14033753329148294 0.7055245449483252 -0.6946513465222108
    outer loop
      vertex -92.74357881397009 -6.490589340031146 0
      vertex -92.88470095396042 -6.462518405914306 0
      vertex -92.80705523490906 -6.172740665078162 0.31
    endloop
  endfacet
  facet normal 0.23122638989579916 0.6811709485854313 -0.6946513481013189
    outer loop
      vertex -92.88470095396042 -6.462518405914306 0
      vertex -93.02095177769661 -6.4162674814462655 0
      vertex -92.80705523490906 -6.172740665078162 0.31
    endloop
  endfacet
  facet normal 0.14033753233976332 0.705524544947049 -0.6946513467157789
    outer loop
      vertex -92.74357881397009 -6.490589340031146 0
      vertex -92.80705523490906 -6.172740665078162 0.31
      vertex -92.70442095398903 -6.1931558892130845 0.31
    endloop
  endfacet
  facet normal 0.2312263961427769 0.6811709449675593 -0.6946513495695706
    outer loop
      vertex -93.02095177769661 -6.4162674814462655 0
      vertex -92.90614674985409 -6.139103625714778 0.31
      vertex -92.80705523490906 -6.172740665078162 0.31
    endloop
  endfacet
  facet normal 0.31815887699092793 0.6451623387421974 -0.6946513410773564
    outer loop
      vertex -93.02095177769661 -6.4162674814462655 0
      vertex -93.14999999850988 -6.352627937495708 0
      vertex -93 -6.092820328474044 0.31
    endloop
  endfacet
  facet normal 0.39964754856103996 0.5981148308650137 -0.6946513413421637
    outer loop
      vertex -93.14999999850988 -6.352627937495708 0
      vertex -93.26963756978512 -6.272688668966293 0
      vertex -93 -6.092820328474044 0.31
    endloop
  endfacet
  facet normal 0.318158835782635 0.6451623497247236 -0.6946513497511623
    outer loop
      vertex -93.02095177769661 -6.4162674814462655 0
      vertex -93 -6.092820328474044 0.31
      vertex -92.90614674985409 -6.139103625714778 0.31
    endloop
  endfacet
  facet normal 0.4742981566258418 0.5408334018698239 -0.6946513442319407
    outer loop
      vertex -93.26963756978512 -6.272688668966293 0
      vertex -93.37781745940447 -6.177817453444003 0
      vertex -93.08700914680958 -6.034682673215865 0.31
    endloop
  endfacet
  facet normal 0.5408334012690506 0.47429815609897774 -0.6946513450594188
    outer loop
      vertex -93.23468267172575 -5.887009148299693 0.31
      vertex -93.37781745940447 -6.177817453444003 0
      vertex -93.47268867492676 -6.069637563824653 0
    endloop
  endfacet
  facet normal 0.5981148288831728 0.3996475472368162 -0.6946513438104397
    outer loop
      vertex -93.47268867492676 -6.069637563824653 0
      vertex -93.55262794345617 -5.949999992549419 0
      vertex -93.29282032698393 -5.800000001490115 0.31
    endloop
  endfacet
  facet normal 0.645162335219976 0.3181588752539604 -0.694651345144197
    outer loop
      vertex -93.55262794345617 -5.949999992549419 0
      vertex -93.61626748740673 -5.820951771736144 0
      vertex -93.29282032698393 -5.800000001490115 0.31
    endloop
  endfacet
  facet normal 0.3996475596881287 0.5981148197080436 -0.6946513445469877
    outer loop
      vertex -93.26963756978512 -6.272688668966293 0
      vertex -93.08700914680958 -6.034682673215865 0.31
      vertex -93 -6.092820328474044 0.31
    endloop
  endfacet
  facet normal 0.4742981818941569 0.5408333688479243 -0.6946513526888883
    outer loop
      vertex -93.08700914680958 -6.034682673215865 0.31
      vertex -93.37781745940447 -6.177817453444003 0
      vertex -93.16568542271852 -5.96568542420864 0.31
    endloop
  endfacet
  facet normal 0.5408333682471517 0.47429818136729335 -0.6946513535163659
    outer loop
      vertex -93.16568542271852 -5.96568542420864 0.31
      vertex -93.37781745940447 -6.177817453444003 0
      vertex -93.23468267172575 -5.887009148299693 0.31
    endloop
  endfacet
  facet normal 0.5981148177262031 0.3996475583639051 -0.6946513470152635
    outer loop
      vertex -93.23468267172575 -5.887009148299693 0.31
      vertex -93.47268867492676 -6.069637563824653 0
      vertex -93.29282032698393 -5.800000001490115 0.31
    endloop
  endfacet
  facet normal 0.68117094346849 0.2312263881588316 -0.6946513536971396
    outer loop
      vertex -93.61626748740673 -5.820951771736144 0
      vertex -93.66251841187477 -5.6847009479999535 0
      vertex -93.37274066358805 -5.607055236399173 0.31
    endloop
  endfacet
  facet normal 0.7055245382910026 0.14033753196725934 -0.6946513535512662
    outer loop
      vertex -93.66251841187477 -5.6847009479999535 0
      vertex -93.69058934599161 -5.543578808009624 0
      vertex -93.37274066358805 -5.607055236399173 0.31
    endloop
  endfacet
  facet normal 0.6451623462025016 0.31815883404566736 -0.6946513538180036
    outer loop
      vertex -93.61626748740673 -5.820951771736144 0
      vertex -93.33910362422466 -5.706146751344203 0.31
      vertex -93.29282032698393 -5.800000001490115 0.31
    endloop
  endfacet
  facet normal 0.6811709398506183 0.23122639440580925 -0.6946513551653912
    outer loop
      vertex -93.61626748740673 -5.820951771736144 0
      vertex -93.37274066358805 -5.607055236399173 0.31
      vertex -93.33910362422466 -5.706146751344203 0.31
    endloop
  endfacet
  facet normal 0.7055245382897264 0.1403375310155397 -0.6946513537448342
    outer loop
      vertex -93.37274066358805 -5.607055236399173 0.31
      vertex -93.69058934599161 -5.543578808009624 0
      vertex -93.39315588772297 -5.504420955479144 0.31
    endloop
  endfacet
  facet normal 0.7178063948624723 0.047047516541719334 -0.6946513590872743
    outer loop
      vertex -93.39315588772297 -5.504420955479144 0.31
      vertex -93.70000000298023 -5.399999995529651 0
      vertex -93.39999999850988 -5.4000000029802315 0.31
    endloop
  endfacet
  facet normal 0.7186021365880815 -9.177093619224565e-19 -0.6954214328671817
    outer loop
      vertex -93.70000000298023 -5.399999995529651 0
      vertex -93.39999999850988 7.500000002980233 0.31
      vertex -93.39999999850988 -5.4000000029802315 0.31
    endloop
  endfacet
  facet normal -0.7178063948624723 -0.047047516541719216 -0.6946513590872743
    outer loop
      vertex -76.29999999701977 7.499999995529652 0
      vertex -76.60000000149012 7.500000002980233 0.31
      vertex -76.60684411227703 7.604420955479146 0.31
    endloop
  endfacet
  facet normal -0.7178063978635199 -0.04704753910311978 -0.6946513544581474
    outer loop
      vertex -76.29999999701977 7.499999995529652 0
      vertex -76.60684411227703 7.604420955479146 0.31
      vertex -76.30941065400839 7.643578808009625 0
    endloop
  endfacet
  facet normal -0.7055245382910026 -0.14033753196725934 -0.6946513535512662
    outer loop
      vertex -76.30941065400839 7.643578808009625 0
      vertex -76.62725933641195 7.7070552363991744 0.31
      vertex -76.33748158812523 7.784700947999955 0
    endloop
  endfacet
  facet normal -0.68117094346849 -0.2312263881588316 -0.6946513536971396
    outer loop
      vertex -76.33748158812523 7.784700947999955 0
      vertex -76.62725933641195 7.7070552363991744 0.31
      vertex -76.38373251259327 7.920951771736146 0
    endloop
  endfacet
  facet normal -0.7055245382897265 -0.1403375310155397 -0.6946513537448343
    outer loop
      vertex -76.30941065400839 7.643578808009625 0
      vertex -76.60684411227703 7.604420955479146 0.31
      vertex -76.62725933641195 7.7070552363991744 0.31
    endloop
  endfacet
  facet normal -0.6811709398506184 -0.23122639440580922 -0.6946513551653913
    outer loop
      vertex -76.62725933641195 7.7070552363991744 0.31
      vertex -76.66089637577534 7.806146751344205 0.31
      vertex -76.38373251259327 7.920951771736146 0
    endloop
  endfacet
  facet normal -0.6451623462025016 -0.31815883404566736 -0.6946513538180035
    outer loop
      vertex -76.66089637577534 7.806146751344205 0.31
      vertex -76.70717967301607 7.900000001490117 0.31
      vertex -76.38373251259327 7.920951771736146 0
    endloop
  endfacet
  facet normal -0.5981148288831729 -0.3996475472368162 -0.6946513438104397
    outer loop
      vertex -76.70717967301607 7.900000001490117 0.31
      vertex -76.52731132507324 8.169637563824654 0
      vertex -76.44737205654383 8.04999999254942 0
    endloop
  endfacet
  facet normal -0.5408334012690506 -0.47429815609897774 -0.6946513450594188
    outer loop
      vertex -76.76531732827425 7.987009148299695 0.31
      vertex -76.62218254059553 8.277817453444005 0
      vertex -76.52731132507324 8.169637563824654 0
    endloop
  endfacet
  facet normal -0.5981148177262031 -0.3996475583639051 -0.6946513470152635
    outer loop
      vertex -76.70717967301607 7.900000001490117 0.31
      vertex -76.76531732827425 7.987009148299695 0.31
      vertex -76.52731132507324 8.169637563824654 0
    endloop
  endfacet
  facet normal -0.5408333682471517 -0.47429818136729335 -0.6946513535163659
    outer loop
      vertex -76.76531732827425 7.987009148299695 0.31
      vertex -76.83431457728148 8.065685424208642 0.31
      vertex -76.62218254059553 8.277817453444005 0
    endloop
  endfacet
  facet normal -0.3996475596881287 -0.5981148197080437 -0.6946513445469877
    outer loop
      vertex -76.91299085319042 8.134682673215867 0.31
      vertex -77 8.192820328474046 0.31
      vertex -76.73036243021488 8.372688668966294 0
    endloop
  endfacet
  facet normal -0.3996475485610399 -0.5981148308650137 -0.6946513413421637
    outer loop
      vertex -77 8.192820328474046 0.31
      vertex -76.85000000149012 8.45262793749571 0
      vertex -76.73036243021488 8.372688668966294 0
    endloop
  endfacet
  facet normal -0.3181588769909279 -0.6451623387421974 -0.6946513410773564
    outer loop
      vertex -77 8.192820328474046 0.31
      vertex -76.97904822230339 8.516267481446267 0
      vertex -76.85000000149012 8.45262793749571 0
    endloop
  endfacet
  facet normal -0.14033753329148296 -0.7055245449483252 -0.6946513465222108
    outer loop
      vertex -77.19294476509094 8.272740665078164 0.31
      vertex -77.25642118602991 8.590589340031148 0
      vertex -77.11529904603958 8.562518405914307 0
    endloop
  endfacet
  facet normal -0.04704753962998397 -0.7178064059019095 -0.6946513461161278
    outer loop
      vertex -77.29557904601097 8.293155889213086 0.31
      vertex -77.39999999850988 8.599999997019768 0
      vertex -77.25642118602991 8.590589340031148 0
    endloop
  endfacet
  facet normal -0.31815883578263493 -0.6451623497247236 -0.6946513497511623
    outer loop
      vertex -77 8.192820328474046 0.31
      vertex -77.09385325014591 8.23910362571478 0.31
      vertex -76.97904822230339 8.516267481446267 0
    endloop
  endfacet
  facet normal -0.23122639614277676 -0.6811709449675594 -0.6946513495695708
    outer loop
      vertex -77.09385325014591 8.23910362571478 0.31
      vertex -77.19294476509094 8.272740665078164 0.31
      vertex -76.97904822230339 8.516267481446267 0
    endloop
  endfacet
  facet normal -0.14033753233976326 -0.705524544947049 -0.6946513467157789
    outer loop
      vertex -77.19294476509094 8.272740665078164 0.31
      vertex -77.29557904601097 8.293155889213086 0.31
      vertex -77.25642118602991 8.590589340031148 0
    endloop
  endfacet
  facet normal 0 -0.7186021452189303 -0.695421423948638
    outer loop
      vertex -77.39999999850988 8.3 0.31
      vertex -92.60000000149012 8.3 0.31
      vertex -77.39999999850988 8.599999997019768 0
    endloop
  endfacet
  facet normal 0.7178063948624723 -0.04704751654171923 -0.6946513590872743
    outer loop
      vertex -93.70000000298023 7.499999995529652 0
      vertex -93.39315588772297 7.604420955479146 0.31
      vertex -93.39999999850988 7.500000002980233 0.31
    endloop
  endfacet
  facet normal 0.68117094346849 -0.23122638815883162 -0.6946513536971396
    outer loop
      vertex -93.37274066358805 7.7070552363991744 0.31
      vertex -93.66251841187477 7.784700947999955 0
      vertex -93.61626748740673 7.920951771736146 0
    endloop
  endfacet
  facet normal 0.7055245382897265 -0.14033753101553967 -0.6946513537448343
    outer loop
      vertex -93.69058934599161 7.643578808009625 0
      vertex -93.37274066358805 7.7070552363991744 0.31
      vertex -93.39315588772297 7.604420955479146 0.31
    endloop
  endfacet
  facet normal 0.6811709398506184 -0.23122639440580922 -0.6946513551653913
    outer loop
      vertex -93.37274066358805 7.7070552363991744 0.31
      vertex -93.61626748740673 7.920951771736146 0
      vertex -93.33910362422466 7.806146751344205 0.31
    endloop
  endfacet
  facet normal 0.6451623462025016 -0.31815883404566736 -0.6946513538180035
    outer loop
      vertex -93.33910362422466 7.806146751344205 0.31
      vertex -93.61626748740673 7.920951771736146 0
      vertex -93.29282032698393 7.900000001490117 0.31
    endloop
  endfacet
  facet normal 0.5408334012690507 -0.4742981560989777 -0.6946513450594188
    outer loop
      vertex -93.23468267172575 7.987009148299695 0.31
      vertex -93.47268867492676 8.169637563824654 0
      vertex -93.37781745940447 8.277817453444005 0
    endloop
  endfacet
  facet normal 0.6451623352199759 -0.31815887525396047 -0.694651345144197
    outer loop
      vertex -93.29282032698393 7.900000001490117 0.31
      vertex -93.61626748740673 7.920951771736146 0
      vertex -93.55262794345617 8.04999999254942 0
    endloop
  endfacet
  facet normal 0.5981148288831728 -0.39964754723681617 -0.6946513438104397
    outer loop
      vertex -93.29282032698393 7.900000001490117 0.31
      vertex -93.55262794345617 8.04999999254942 0
      vertex -93.47268867492676 8.169637563824654 0
    endloop
  endfacet
  facet normal 0.5981148177262031 -0.3996475583639051 -0.6946513470152635
    outer loop
      vertex -93.23468267172575 7.987009148299695 0.31
      vertex -93.29282032698393 7.900000001490117 0.31
      vertex -93.47268867492676 8.169637563824654 0
    endloop
  endfacet
  facet normal 0.3996475596881287 -0.5981148197080437 -0.6946513445469877
    outer loop
      vertex -93.08700914680958 8.134682673215867 0.31
      vertex -93.26963756978512 8.372688668966294 0
      vertex -93 8.192820328474046 0.31
    endloop
  endfacet
  facet normal 0.5408333682471517 -0.47429818136729335 -0.6946513535163659
    outer loop
      vertex -93.23468267172575 7.987009148299695 0.31
      vertex -93.37781745940447 8.277817453444005 0
      vertex -93.16568542271852 8.065685424208642 0.31
    endloop
  endfacet
  facet normal 0.4742981818941569 -0.5408333688479243 -0.6946513526888883
    outer loop
      vertex -93.16568542271852 8.065685424208642 0.31
      vertex -93.37781745940447 8.277817453444005 0
      vertex -93.08700914680958 8.134682673215867 0.31
    endloop
  endfacet
  facet normal 0.04704753962998401 -0.7178064059019095 -0.6946513461161278
    outer loop
      vertex -92.70442095398903 8.293155889213086 0.31
      vertex -92.74357881397009 8.590589340031148 0
      vertex -92.60000000149012 8.599999997019768 0
    endloop
  endfacet
  facet normal 0.2312263898957991 -0.6811709485854314 -0.6946513481013188
    outer loop
      vertex -92.80705523490906 8.272740665078164 0.31
      vertex -93.02095177769661 8.516267481446267 0
      vertex -92.88470095396042 8.562518405914307 0
    endloop
  endfacet
  facet normal 0.23122639614277676 -0.6811709449675594 -0.6946513495695708
    outer loop
      vertex -92.90614674985409 8.23910362571478 0.31
      vertex -93.02095177769661 8.516267481446267 0
      vertex -92.80705523490906 8.272740665078164 0.31
    endloop
  endfacet
  facet normal 0.39964754856104007 -0.5981148308650137 -0.6946513413421637
    outer loop
      vertex -93 8.192820328474046 0.31
      vertex -93.26963756978512 8.372688668966294 0
      vertex -93.14999999850988 8.45262793749571 0
    endloop
  endfacet
  facet normal 0.31815887699092793 -0.6451623387421974 -0.6946513410773564
    outer loop
      vertex -93 8.192820328474046 0.31
      vertex -93.14999999850988 8.45262793749571 0
      vertex -93.02095177769661 8.516267481446267 0
    endloop
  endfacet
  facet normal 0.47429815662584174 -0.5408334018698238 -0.6946513442319407
    outer loop
      vertex -93.08700914680958 8.134682673215867 0.31
      vertex -93.37781745940447 8.277817453444005 0
      vertex -93.26963756978512 8.372688668966294 0
    endloop
  endfacet
  facet normal 0.31815883578263493 -0.6451623497247236 -0.6946513497511623
    outer loop
      vertex -93 8.192820328474046 0.31
      vertex -93.02095177769661 8.516267481446267 0
      vertex -92.90614674985409 8.23910362571478 0.31
    endloop
  endfacet
  facet normal -0.06540312894155129 0.9978589232575187 0
    outer loop
      vertex -77.29557904601097 -6.1931558892130845 0.31
      vertex -77.39999999850988 -6.199999999999999 0.31
      vertex -77.29557904601097 -6.1931558892130845 3
    endloop
  endfacet
  facet normal -0.6593458520432712 0.7518397750806569 0
    outer loop
      vertex -76.91299085319042 -6.034682673215865 0.31
      vertex -76.83431457728148 -5.96568542420864 3
      vertex -76.83431457728148 -5.96568542420864 0.31
    endloop
  endfacet
  facet normal -1 0 0
    outer loop
      vertex -76.60000000149012 -5.4000000029802315 0.31
      vertex -76.60000000149012 -5.4000000029802315 3
      vertex -76.60000000149012 -0.6979674804824472 3
    endloop
  endfacet
  facet normal 0 1 0
    outer loop
      vertex -77.39999999850988 -6.199999999999999 0.31
      vertex -92.60000000149012 -6.199999999999999 3
      vertex -77.39999999850988 -6.199999999999999 3
    endloop
  endfacet
  facet normal 0.19509028839773684 0.9807852870903436 0
    outer loop
      vertex -92.80705523490906 -6.172740665078162 0.31
      vertex -92.80705523490906 -6.172740665078162 3
      vertex -92.73223512226004 -6.18762330814671 3
    endloop
  endfacet
  facet normal 0.6593458520433131 0.7518397750806203 0
    outer loop
      vertex -93.16568542271852 -5.96568542420864 0.31
      vertex -93.16568542271852 -5.96568542420864 3
      vertex -93.10833063079575 -6.015984231750493 3
    endloop
  endfacet
  facet normal -0.9978589232575187 -0.06540312894155366 0
    outer loop
      vertex -76.60000000149012 7.500000002980233 0.31
      vertex -76.60000000149012 7.500000002980233 3
      vertex -76.60498933970605 7.5761225943683295 3
    endloop
  endfacet
  facet normal -0.6593458520433065 -0.7518397750806259 0
    outer loop
      vertex -76.83431457728148 8.065685424208642 0.31
      vertex -76.83431457728148 8.065685424208642 3
      vertex -76.89166936920425 8.115984231750494 3
    endloop
  endfacet
  facet normal -0.19509028839773684 -0.9807852870903436 0
    outer loop
      vertex -77.19294476509094 8.272740665078164 0.31
      vertex -77.19294476509094 8.272740665078164 3
      vertex -77.26776487773996 8.287623308146712 3
    endloop
  endfacet
  facet normal 1 0 0
    outer loop
      vertex -93.39999999850988 -1.9040650420153358 3
      vertex -93.39999999850988 7.500000002980233 0.31
      vertex -93.39999999850988 7.500000002980233 3
    endloop
  endfacet
  facet normal 0.1950902883977413 -0.9807852870903428 0
    outer loop
      vertex -92.70442095398903 8.293155889213086 0.31
      vertex -92.80705523490906 8.272740665078164 3
      vertex -92.80705523490906 8.272740665078164 0.31
    endloop
  endfacet
  facet normal 0 0 1
    outer loop
      vertex -2 -21 3
      vertex -5 -21 3
      vertex 5 -22 3
    endloop
  endfacet
  facet normal 0 0 1
    outer loop
      vertex -2 -21 3
      vertex 5 -22 3
      vertex -2 -18 3
    endloop
  endfacet
  facet normal 0 0 1
    outer loop
      vertex -2 -18 3
      vertex 5 -22 3
      vertex -2 -15 3
    endloop
  endfacet
  facet normal 0 0 -1
    outer loop
      vertex -7.822182540595534 -7.727817457914352 0
      vertex -7.727311325073245 -7.619637568295001 0
      vertex 5 -22 0
    endloop
  endfacet
  facet normal 0 0 -1
    outer loop
      vertex -8.179048222303393 -7.966267485916614 0
      vertex -8.050000001490119 -7.902627941966056 0
      vertex 5 -22 0
    endloop
  endfacet
  facet normal 0 0 -1
    outer loop
      vertex -7.930362430214885 -7.822688673436641 0
      vertex 5 -22 0
      vertex -8.050000001490119 -7.902627941966056 0
    endloop
  endfacet
  facet normal 0 0 -1
    outer loop
      vertex -8.315299046039584 -8.012518410384654 0
      vertex -8.179048222303393 -7.966267485916614 0
      vertex 5 -22 0
    endloop
  endfacet
  facet normal 0 0 -1
    outer loop
      vertex -8.315299046039584 -8.012518410384654 0
      vertex 5 -22 0
      vertex -8.456421186029914 -8.040589344501495 0
    endloop
  endfacet
  facet normal 0 0 -1
    outer loop
      vertex -7.930362430214885 -7.822688673436641 0
      vertex -7.822182540595534 -7.727817457914352 0
      vertex 5 -22 0
    endloop
  endfacet
  facet normal 0 0 -1
    outer loop
      vertex -8.599999998509887 -8.050000001490115 0
      vertex -8.456421186029914 -8.040589344501495 0
      vertex 5 -22 0
    endloop
  endfacet
  facet normal 0 0 -1
    outer loop
      vertex -7.64737205654383 -7.499999997019767 0
      vertex -7.583732512593272 -7.370951776206493 0
      vertex 5 -22 0
    endloop
  endfacet
  facet normal 0 0 -1
    outer loop
      vertex -7.727311325073245 -7.619637568295001 0
      vertex -7.64737205654383 -7.499999997019767 0
      vertex 5 -22 0
    endloop
  endfacet
  facet normal 0 0 -1
    outer loop
      vertex -7.583732512593272 -7.370951776206493 0
      vertex -7.537481588125232 -7.234700952470302 0
      vertex 5 -22 0
    endloop
  endfacet
  facet normal 0 0 -1
    outer loop
      vertex -7.537481588125232 -7.234700952470302 0
      vertex -7.509410654008391 -7.093578812479972 0
      vertex 5 -22 0
    endloop
  endfacet
  facet normal 0 0 1
    outer loop
      vertex -2 -12.5 3
      vertex 5 -22 3
      vertex 5 -10.13055599891038 3
    endloop
  endfacet
  facet normal 0 0 1
    outer loop
      vertex -2 -15 3
      vertex 5 -22 3
      vertex -2 -12.5 3
    endloop
  endfacet
  facet normal 0 0 1
    outer loop
      vertex -2 -12.5 3
      vertex -7.75 -9.1 3
      vertex -7.75 -12.5 3
    endloop
  endfacet
  facet normal 0 0 1
    outer loop
      vertex -5 -21 3
      vertex -62 -21 3
      vertex 5 -22 3
    endloop
  endfacet
  facet normal 0 0 -1
    outer loop
      vertex -8.599999998509887 -8.050000001490115 0
      vertex 5 -22 0
      vertex -60.80000000149012 -8.050000001490115 0
    endloop
  endfacet
  facet normal 0 0 1
    outer loop
      vertex -2 -12.5 3
      vertex 5 -10.13055599891038 3
      vertex -7.75 -9.1 3
    endloop
  endfacet
  facet normal 0 0 1
    outer loop
      vertex -7.75 -9.1 3
      vertex 5 -10.13055599891038 3
      vertex -8.599999998509887 -7.749999997019767 3
    endloop
  endfacet
  facet normal 0 0 1
    outer loop
      vertex -8.495579046010974 -7.743155886232852 3
      vertex 5 -10.13055599891038 3
      vertex -8.392944765090945 -7.72274066209793 3
    endloop
  endfacet
  facet normal 0 0 1
    outer loop
      vertex -8.392944765090945 -7.72274066209793 3
      vertex 5 -10.13055599891038 3
      vertex -8.293853250145915 -7.689103622734546 3
    endloop
  endfacet
  facet normal 0 0 1
    outer loop
      vertex -8.293853250145915 -7.689103622734546 3
      vertex 5 -10.13055599891038 3
      vertex -8.200000000000003 -7.642820325493812 3
    endloop
  endfacet
  facet normal 0 0 1
    outer loop
      vertex -8.112990853190425 -7.584682670235633 3
      vertex -8.200000000000003 -7.642820325493812 3
      vertex 5 -10.13055599891038 3
    endloop
  endfacet
  facet normal 0 0 1
    outer loop
      vertex -8.112990853190425 -7.584682670235633 3
      vertex 5 -10.13055599891038 3
      vertex -8.034314577281478 -7.515685421228408 3
    endloop
  endfacet
  facet normal 0 0 1
    outer loop
      vertex -8.034314577281478 -7.515685421228408 3
      vertex 5 -10.13055599891038 3
      vertex -7.965317328274253 -7.437009145319461 3
    endloop
  endfacet
  facet normal 0 0 1
    outer loop
      vertex -7.907179673016074 -7.349999998509883 3
      vertex -7.965317328274253 -7.437009145319461 3
      vertex 5 -10.13055599891038 3
    endloop
  endfacet
  facet normal 0 0 1
    outer loop
      vertex -8.495579046010974 -7.743155886232852 3
      vertex -8.599999998509887 -7.749999997019767 3
      vertex 5 -10.13055599891038 3
    endloop
  endfacet
  facet normal 0 0 1
    outer loop
      vertex -7.907179673016074 -7.349999998509883 3
      vertex 5 -10.13055599891038 3
      vertex -7.86089637577534 -7.256146748363971 3
    endloop
  endfacet
  facet normal 0 0 1
    outer loop
      vertex -7.86089637577534 -7.256146748363971 3
      vertex 5 -10.13055599891038 3
      vertex -7.827259336411956 -7.157055233418941 3
    endloop
  endfacet
  facet normal 0 0 1
    outer loop
      vertex -7.827259336411956 -7.157055233418941 3
      vertex 5 -10.13055599891038 3
      vertex -7.806844112277034 -7.054420952498912 3
    endloop
  endfacet
  facet normal 0 0 1
    outer loop
      vertex -7.806844112277034 -7.054420952498912 3
      vertex 5 -10.13055599891038 3
      vertex -7.800000001490119 -6.949999999999999 3
    endloop
  endfacet
  facet normal 0 0 -1
    outer loop
      vertex -7.509410654008391 -7.093578812479972 0
      vertex 5 22 0
      vertex 5 -22 0
    endloop
  endfacet
  facet normal 0 0 1
    outer loop
      vertex -7.800000001490119 -6.949999999999999 3
      vertex 5 -10.13055599891038 3
      vertex -7.800000001490119 9.05 3
    endloop
  endfacet
  facet normal 0 0 1
    outer loop
      vertex -7.75 -9.1 3
      vertex -8.599999998509887 -7.749999997019767 3
      vertex -13.25 -9.1 3
    endloop
  endfacet
  facet normal 0 0 1
    outer loop
      vertex -5 -21 3
      vertex -5 -18 3
      vertex -62 -18 3
    endloop
  endfacet
  facet normal 0 -1 0
    outer loop
      vertex 5 -22 0
      vertex 5 -22 3
      vertex -110 -22 3
    endloop
  endfacet
  facet normal 0 0 -1
    outer loop
      vertex -67.03221325530086 -13.875701685346144 0
      vertex 5 -22 0
      vertex -68.16345352735352 -13.95 0
    endloop
  endfacet
  facet normal 0 0 1
    outer loop
      vertex -62 -21 3
      vertex -65 -21 3
      vertex 5 -22 3
    endloop
  endfacet
  facet normal 0 0 1
    outer loop
      vertex -5 -21 3
      vertex -62 -18 3
      vertex -62 -21 3
    endloop
  endfacet
  facet normal 0 0 -1
    outer loop
      vertex -60.80000000149012 -8.050000001490115 0
      vertex 5 -22 0
      vertex -67.03221325530086 -13.875701685346144 0
    endloop
  endfacet
  facet normal 0 0 1
    outer loop
      vertex -13.25 -12.5 3
      vertex -56.75 -9.1 3
      vertex -56.75 -12.5 3
    endloop
  endfacet
  facet normal 0 0 1
    outer loop
      vertex -13.25 -12.5 3
      vertex -13.25 -9.1 3
      vertex -60.80000000149012 -7.749999997019767 3
    endloop
  endfacet
  facet normal 0 0 1
    outer loop
      vertex -13.25 -9.1 3
      vertex -8.599999998509887 -7.749999997019767 3
      vertex -60.80000000149012 -7.749999997019767 3
    endloop
  endfacet
  facet normal 0 0 1
    outer loop
      vertex -13.25 -12.5 3
      vertex -67 -7.446381731365627 3
      vertex -56.75 -9.1 3
    endloop
  endfacet
  facet normal 0 0 1
    outer loop
      vertex -13.25 -12.5 3
      vertex -60.80000000149012 -7.749999997019767 3
      vertex -67 -7.446381731365627 3
    endloop
  endfacet
  facet normal 0 0 -1
    outer loop
      vertex -7.509410654008391 -7.093578812479972 0
      vertex -7.499999997019771 -6.949999999999999 0
      vertex 5 22 0
    endloop
  endfacet
  facet normal 0 0 1
    outer loop
      vertex -7.800000001490119 9.05 3
      vertex 5 -10.13055599891038 3
      vertex -7.806844112277034 9.154420952498914 3
    endloop
  endfacet
  facet normal 0 0 1
    outer loop
      vertex -7.806844112277034 9.154420952498914 3
      vertex 5 -10.13055599891038 3
      vertex -7.827259336411956 9.257055233418942 3
    endloop
  endfacet
  facet normal 0 0 1
    outer loop
      vertex -7.827259336411956 9.257055233418942 3
      vertex 5 -10.13055599891038 3
      vertex -7.86089637577534 9.356146748363972 3
    endloop
  endfacet
  facet normal 0 0 1
    outer loop
      vertex -7.86089637577534 9.356146748363972 3
      vertex 5 -10.13055599891038 3
      vertex -7.907179673016074 9.449999998509885 3
    endloop
  endfacet
  facet normal 0 0 -1
    outer loop
      vertex -7.499999997019771 -6.949999999999999 0
      vertex -7.499999997019771 9.05 0
      vertex 5 22 0
    endloop
  endfacet
  facet normal 0 0 1
    outer loop
      vertex -7.907179673016074 9.449999998509885 3
      vertex 5 -10.13055599891038 3
      vertex 5 22 3
    endloop
  endfacet
  facet normal 0 0 -1
    outer loop
      vertex -7.499999997019771 9.05 0
      vertex -7.509410654008391 9.193578812479974 0
      vertex 5 22 0
    endloop
  endfacet
  facet normal 0 0 -1
    outer loop
      vertex -7.509410654008391 9.193578812479974 0
      vertex -7.537481588125232 9.334700952470303 0
      vertex 5 22 0
    endloop
  endfacet
  facet normal 0 0 -1
    outer loop
      vertex -7.537481588125232 9.334700952470303 0
      vertex -7.583732512593272 9.470951776206494 0
      vertex 5 22 0
    endloop
  endfacet
  facet normal 0 0 -1
    outer loop
      vertex -7.583732512593272 9.470951776206494 0
      vertex -7.64737205654383 9.599999997019768 0
      vertex 5 22 0
    endloop
  endfacet
  facet normal 0 0 -1
    outer loop
      vertex -7.64737205654383 9.599999997019768 0
      vertex -7.727311325073245 9.719637568295003 0
      vertex 5 22 0
    endloop
  endfacet
  facet normal 0 0 -1
    outer loop
      vertex -7.727311325073245 9.719637568295003 0
      vertex -7.822182540595534 9.827817457914353 0
      vertex 5 22 0
    endloop
  endfacet
  facet normal 0 0 -1
    outer loop
      vertex -7.822182540595534 9.827817457914353 0
      vertex -7.930362430214885 9.922688673436642 0
      vertex 5 22 0
    endloop
  endfacet
  facet normal 0 0 -1
    outer loop
      vertex -7.930362430214885 9.922688673436642 0
      vertex -8.050000001490119 10.002627941966058 0
      vertex 5 22 0
    endloop
  endfacet
  facet normal 0 0 -1
    outer loop
      vertex -8.050000001490119 10.002627941966058 0
      vertex -8.179048222303393 10.066267485916615 0
      vertex 5 22 0
    endloop
  endfacet
  facet normal 0 0 -1
    outer loop
      vertex -8.179048222303393 10.066267485916615 0
      vertex -8.315299046039584 10.112518410384656 0
      vertex 5 22 0
    endloop
  endfacet
  facet normal 0 0 -1
    outer loop
      vertex -8.315299046039584 10.112518410384656 0
      vertex -8.456421186029914 10.140589344501496 0
      vertex 5 22 0
    endloop
  endfacet
  facet normal 0 0 -1
    outer loop
      vertex -8.456421186029914 10.140589344501496 0
      vertex -8.599999998509887 10.150000001490117 0
      vertex 5 22 0
    endloop
  endfacet
  facet normal 0 0 1
    outer loop
      vertex -7.907179673016074 9.449999998509885 3
      vertex 5 22 3
      vertex -7.965317328274253 9.537009145319463 3
    endloop
  endfacet
  facet normal 0 0 1
    outer loop
      vertex -7.965317328274253 9.537009145319463 3
      vertex 5 22 3
      vertex -8.034314577281478 9.61568542122841 3
    endloop
  endfacet
  facet normal 0 0 1
    outer loop
      vertex -8.034314577281478 9.61568542122841 3
      vertex 5 22 3
      vertex -8.112990853190425 9.684682670235635 3
    endloop
  endfacet
  facet normal 0 0 1
    outer loop
      vertex -8.112990853190425 9.684682670235635 3
      vertex 5 22 3
      vertex -8.200000000000003 9.742820325493813 3
    endloop
  endfacet
  facet normal 0 0 1
    outer loop
      vertex -8.200000000000003 9.742820325493813 3
      vertex 5 22 3
      vertex -8.293853250145915 9.789103622734547 3
    endloop
  endfacet
  facet normal 0 0 1
    outer loop
      vertex -8.293853250145915 9.789103622734547 3
      vertex 5 22 3
      vertex -8.392944765090945 9.822740662097932 3
    endloop
  endfacet
  facet normal 0 0 1
    outer loop
      vertex -8.392944765090945 9.822740662097932 3
      vertex 5 22 3
      vertex -8.495579046010974 9.843155886232854 3
    endloop
  endfacet
  facet normal 0 0 1
    outer loop
      vertex -8.495579046010974 9.843155886232854 3
      vertex 5 22 3
      vertex -8.599999998509887 9.849999997019768 3
    endloop
  endfacet
  facet normal 0 0 -1
    outer loop
      vertex -8.599999998509887 10.150000001490117 0
      vertex -60.80000000149012 10.150000001490117 0
      vertex 5 22 0
    endloop
  endfacet
  facet normal 0 0 1
    outer loop
      vertex -8.599999998509887 9.849999997019768 3
      vertex 5 22 3
      vertex -60.80000000149012 9.849999997019768 3
    endloop
  endfacet
  facet normal 0 1 0
    outer loop
      vertex 5 22 0
      vertex -110 22 0
      vertex 5 22 3
    endloop
  endfacet
  facet normal 0 0 -1
    outer loop
      vertex -60.80000000149012 10.150000001490117 0
      vertex -71.52226334472246 11.892435308603908 0
      vertex 5 22 0
    endloop
  endfacet
  facet normal 0 0 -1
    outer loop
      vertex -71.52226334472246 11.892435308603908 0
      vertex -72.56687411537982 12.062191136335333 0
      vertex 5 22 0
    endloop
  endfacet
  facet normal 0 0 1
    outer loop
      vertex -60.80000000149012 9.849999997019768 3
      vertex 5 22 3
      vertex -67 16.05 3
    endloop
  endfacet
  facet normal 0 0 -1
    outer loop
      vertex -68.16345352735352 -13.95 0
      vertex 5 -22 0
      vertex -95.03293790800616 -13.95 0
    endloop
  endfacet
  facet normal 0 0 -1
    outer loop
      vertex -95.03293790800616 -13.95 0
      vertex 5 -22 0
      vertex -110 -22 0
    endloop
  endfacet
  facet normal 0 0 1
    outer loop
      vertex -65 -21 3
      vertex -110 -22 3
      vertex 5 -22 3
    endloop
  endfacet
  facet normal 0 0 1
    outer loop
      vertex -65 -15 3
      vertex -65 -12.5 3
      vertex -67 -13.95 3
    endloop
  endfacet
  facet normal 0 0 1
    outer loop
      vertex -62.25 -12.5 3
      vertex -62.25 -9.1 3
      vertex -65 -12.5 3
    endloop
  endfacet
  facet normal 0 0 1
    outer loop
      vertex -67 -13.95 3
      vertex -65 -12.5 3
      vertex -67 -7.446381731365627 3
    endloop
  endfacet
  facet normal 0 -1 0
    outer loop
      vertex 5 -22 0
      vertex -110 -22 3
      vertex -110 -22 0
    endloop
  endfacet
  facet normal 0 0 1
    outer loop
      vertex -65 -21 3
      vertex -65 -18 3
      vertex -110 -22 3
    endloop
  endfacet
  facet normal 0 0 1
    outer loop
      vertex -65 -18 3
      vertex -65 -15 3
      vertex -110 -22 3
    endloop
  endfacet
  facet normal 0 0 -1
    outer loop
      vertex -67.03221325530086 -13.875701685346144 0
      vertex -68.16345352735352 -13.95 0
      vertex -67.27518660693265 -13.869916397564491 0
    endloop
  endfacet
  facet normal 0 0 1
    outer loop
      vertex -65 -15 3
      vertex -67 -13.95 3
      vertex -103 -13.95 3
    endloop
  endfacet
  facet normal 0 0 -1
    outer loop
      vertex -60.80000000149012 -8.050000001490115 0
      vertex -67.03221325530086 -13.875701685346144 0
      vertex -60.94357881397009 -8.040589344501495 0
    endloop
  endfacet
  facet normal 0 0 -1
    outer loop
      vertex -60.94357881397009 -8.040589344501495 0
      vertex -67.03221325530086 -13.875701685346144 0
      vertex -61.08470095396042 -8.012518410384654 0
    endloop
  endfacet
  facet normal 0 0 -1
    outer loop
      vertex -61.08470095396042 -8.012518410384654 0
      vertex -67.03221325530086 -13.875701685346144 0
      vertex -61.22095177769661 -7.966267485916614 0
    endloop
  endfacet
  facet normal 0 0 -1
    outer loop
      vertex -61.22095177769661 -7.966267485916614 0
      vertex -67.03221325530086 -13.875701685346144 0
      vertex -61.34999999850989 -7.902627941966056 0
    endloop
  endfacet
  facet normal 0 0 -1
    outer loop
      vertex -61.34999999850989 -7.902627941966056 0
      vertex -67.03221325530086 -13.875701685346144 0
      vertex -61.46963756978512 -7.822688673436641 0
    endloop
  endfacet
  facet normal 0 0 -1
    outer loop
      vertex -61.46963756978512 -7.822688673436641 0
      vertex -67.03221325530086 -13.875701685346144 0
      vertex -61.57781745940447 -7.727817457914352 0
    endloop
  endfacet
  facet normal 0 0 -1
    outer loop
      vertex -61.57781745940447 -7.727817457914352 0
      vertex -67.03221325530086 -13.875701685346144 0
      vertex -61.67268867492676 -7.619637568295001 0
    endloop
  endfacet
  facet normal 0 0 -1
    outer loop
      vertex -61.67268867492676 -7.619637568295001 0
      vertex -67.03221325530086 -13.875701685346144 0
      vertex -61.752627943456176 -7.499999997019767 0
    endloop
  endfacet
  facet normal 0 0 -1
    outer loop
      vertex -61.752627943456176 -7.499999997019767 0
      vertex -67.03221325530086 -13.875701685346144 0
      vertex -61.81626748740673 -7.370951776206493 0
    endloop
  endfacet
  facet normal 0 0 -1
    outer loop
      vertex -61.81626748740673 -7.370951776206493 0
      vertex -67.03221325530086 -13.875701685346144 0
      vertex -61.862518411874774 -7.234700952470302 0
    endloop
  endfacet
  facet normal 0 0 -1
    outer loop
      vertex -61.862518411874774 -7.234700952470302 0
      vertex -67.03221325530086 -13.875701685346144 0
      vertex -61.890589345991614 -7.093578812479972 0
    endloop
  endfacet
  facet normal 0 0 -1
    outer loop
      vertex -61.890589345991614 -7.093578812479972 0
      vertex -67.03221325530086 -13.875701685346144 0
      vertex -61.900000002980235 -6.949999999999999 0
    endloop
  endfacet
  facet normal 0 0 1
    outer loop
      vertex -56.75 -9.1 3
      vertex -67 -7.446381731365627 3
      vertex -62.25 -9.1 3
    endloop
  endfacet
  facet normal 0 0 1
    outer loop
      vertex -62.25 -9.1 3
      vertex -67 -7.446381731365627 3
      vertex -65 -12.5 3
    endloop
  endfacet
  facet normal 0 0 1
    outer loop
      vertex -60.80000000149012 -7.749999997019767 3
      vertex -60.90442095398903 -7.743155886232852 3
      vertex -67 -7.446381731365627 3
    endloop
  endfacet
  facet normal 0 0 1
    outer loop
      vertex -60.90442095398903 -7.743155886232852 3
      vertex -61.00705523490906 -7.72274066209793 3
      vertex -67 -7.446381731365627 3
    endloop
  endfacet
  facet normal 0 0 1
    outer loop
      vertex -61.00705523490906 -7.72274066209793 3
      vertex -61.10614674985409 -7.689103622734546 3
      vertex -67 -7.446381731365627 3
    endloop
  endfacet
  facet normal 0 0 1
    outer loop
      vertex -61.10614674985409 -7.689103622734546 3
      vertex -61.2 -7.642820325493812 3
      vertex -67 -7.446381731365627 3
    endloop
  endfacet
  facet normal 0 0 1
    outer loop
      vertex -61.2 -7.642820325493812 3
      vertex -61.28700914680958 -7.584682670235633 3
      vertex -67 -7.446381731365627 3
    endloop
  endfacet
  facet normal 0 0 1
    outer loop
      vertex -61.28700914680958 -7.584682670235633 3
      vertex -61.36568542271853 -7.515685421228408 3
      vertex -67 -7.446381731365627 3
    endloop
  endfacet
  facet normal 0 0 1
    outer loop
      vertex -61.36568542271853 -7.515685421228408 3
      vertex -61.43468267172575 -7.437009145319461 3
      vertex -67 -7.446381731365627 3
    endloop
  endfacet
  facet normal 0 0 1
    outer loop
      vertex -61.43468267172575 -7.437009145319461 3
      vertex -61.49282032698393 -7.349999998509883 3
      vertex -67 -7.446381731365627 3
    endloop
  endfacet
  facet normal 0 0 1
    outer loop
      vertex -61.49282032698393 -7.349999998509883 3
      vertex -61.539103624224666 -7.256146748363971 3
      vertex -67 -7.446381731365627 3
    endloop
  endfacet
  facet normal 0 0 1
    outer loop
      vertex -61.539103624224666 -7.256146748363971 3
      vertex -61.57274066358805 -7.157055233418941 3
      vertex -67 -7.446381731365627 3
    endloop
  endfacet
  facet normal 0 0 1
    outer loop
      vertex -61.57274066358805 -7.157055233418941 3
      vertex -61.59315588772297 -7.054420952498912 3
      vertex -67 -7.446381731365627 3
    endloop
  endfacet
  facet normal 0 0 -1
    outer loop
      vertex -61.900000002980235 -6.949999999999999 0
      vertex -67.03221325530086 -13.875701685346144 0
      vertex -61.900000002980235 9.05 0
    endloop
  endfacet
  facet normal 0 0 -1
    outer loop
      vertex -77.05195655505533 -6.509405377145653 0
      vertex -77.25642118602991 -6.490589340031146 0
      vertex -77.11529904603958 -6.462518405914306 0
    endloop
  endfacet
  facet normal 0 0 -1
    outer loop
      vertex -76.36934149628158 -6.200299768762021 0
      vertex -76.62218254059553 -6.177817453444003 0
      vertex -76.52731132507324 -6.069637563824653 0
    endloop
  endfacet
  facet normal 0 0 -1
    outer loop
      vertex -76.21070156868548 -5.970847017164417 0
      vertex -76.44737205654383 -5.949999992549419 0
      vertex -76.38373251259327 -5.820951771736144 0
    endloop
  endfacet
  facet normal 0 0 -1
    outer loop
      vertex -67.03221325530086 -13.875701685346144 0
      vertex -72.40262935279337 -1.489096813935224 0
      vertex -61.900000002980235 9.05 0
    endloop
  endfacet
  facet normal 0 0 1
    outer loop
      vertex -65 -15 3
      vertex -103 -13.95 3
      vertex -110 -22 3
    endloop
  endfacet
  facet normal 0 0 -1
    outer loop
      vertex -67.49128945610565 -13.807027091826635 0
      vertex -101.64981305281097 -12.98279877288237 0
      vertex -92.84933559810023 -6.567505378149673 0
    endloop
  endfacet
  facet normal 0 0 -1
    outer loop
      vertex -95.03293790800616 -13.95 0
      vertex -110 -22 0
      vertex -102.8282460634728 -13.792097187253125 0
    endloop
  endfacet
  facet normal 0 0 -1
    outer loop
      vertex -102.8282460634728 -13.792097187253125 0
      vertex -110 -22 0
      vertex -110 -12.155729853504397 0
    endloop
  endfacet
  facet normal 0 0 -1
    outer loop
      vertex -67.49128945610565 -13.807027091826635 0
      vertex -92.84933559810023 -6.567505378149673 0
      vertex -92.60000000149012 -6.499999997019767 0
    endloop
  endfacet
  facet normal 0 0 -1
    outer loop
      vertex -92.84933559810023 -6.567505378149673 0
      vertex -92.74357881397009 -6.490589340031146 0
      vertex -92.60000000149012 -6.499999997019767 0
    endloop
  endfacet
  facet normal 0 0 -1
    outer loop
      vertex -93.69058934599161 -5.543578808009624 0
      vertex -93.77037211139537 -5.615622845465102 0
      vertex -93.78845390738762 -5.481320520617927 0
    endloop
  endfacet
  facet normal 0 0 -1
    outer loop
      vertex -93.69058934599161 -5.543578808009624 0
      vertex -93.7770638613964 -5.470849026713938 0
      vertex -93.70000000298023 -5.399999995529651 0
    endloop
  endfacet
  facet normal 0 0 -1
    outer loop
      vertex -93.69058934599161 -5.543578808009624 0
      vertex -93.78845390738762 -5.481320520617927 0
      vertex -93.7770638613964 -5.470849026713938 0
    endloop
  endfacet
  facet normal 0 0 -1
    outer loop
      vertex -102.8282460634728 -13.792097187253125 0
      vertex -110 -12.155729853504397 0
      vertex -93.78845390738762 -5.481320520617927 0
    endloop
  endfacet
  facet normal 0 0 -1
    outer loop
      vertex -93.78845390738762 -5.481320520617927 0
      vertex -110 -12.155729853504397 0
      vertex -93.7770638613964 -5.470849026713938 0
    endloop
  endfacet
  facet normal 0 0 -1
    outer loop
      vertex -93.7770638613964 -5.470849026713938 0
      vertex -110 -12.155729853504397 0
      vertex -103 2.3634657535116412 0
    endloop
  endfacet
  facet normal 0 0 1
    outer loop
      vertex -103 -13.95 3
      vertex -110 22 3
      vertex -110 -22 3
    endloop
  endfacet
  facet normal 0 0 1
    outer loop
      vertex -103 -13.95 3
      vertex -103 -8.917345239831011 3
      vertex -110 22 3
    endloop
  endfacet
  facet normal 0 0 1
    outer loop
      vertex -61.59315588772297 -7.054420952498912 3
      vertex -61.59999999850989 -6.949999999999999 3
      vertex -67 16.05 3
    endloop
  endfacet
  facet normal 0 0 1
    outer loop
      vertex -61.59315588772297 -7.054420952498912 3
      vertex -67 16.05 3
      vertex -67 -7.446381731365627 3
    endloop
  endfacet
  facet normal 0 0 -1
    outer loop
      vertex -61.900000002980235 9.05 0
      vertex -76.29999999701977 7.499999995529652 0
      vertex -61.890589345991614 9.193578812479974 0
    endloop
  endfacet
  facet normal 0 0 -1
    outer loop
      vertex -61.890589345991614 9.193578812479974 0
      vertex -76.29999999701977 7.499999995529652 0
      vertex -61.862518411874774 9.334700952470303 0
    endloop
  endfacet
  facet normal 0 0 -1
    outer loop
      vertex -61.81626748740673 9.470951776206494 0
      vertex -76.29999999701977 7.499999995529652 0
      vertex -61.752627943456176 9.599999997019768 0
    endloop
  endfacet
  facet normal 0 0 -1
    outer loop
      vertex -61.862518411874774 9.334700952470303 0
      vertex -76.29999999701977 7.499999995529652 0
      vertex -61.81626748740673 9.470951776206494 0
    endloop
  endfacet
  facet normal 0 0 -1
    outer loop
      vertex -60.94357881397009 10.140589344501496 0
      vertex -61.08470095396042 10.112518410384656 0
      vertex -76.29999999701977 7.499999995529652 0
    endloop
  endfacet
  facet normal 0 0 -1
    outer loop
      vertex -61.34999999850989 10.002627941966058 0
      vertex -76.29999999701977 7.499999995529652 0
      vertex -61.22095177769661 10.066267485916615 0
    endloop
  endfacet
  facet normal 0 0 -1
    outer loop
      vertex -61.46963756978512 9.922688673436642 0
      vertex -76.29999999701977 7.499999995529652 0
      vertex -61.34999999850989 10.002627941966058 0
    endloop
  endfacet
  facet normal 0 0 -1
    outer loop
      vertex -61.22095177769661 10.066267485916615 0
      vertex -76.29999999701977 7.499999995529652 0
      vertex -61.08470095396042 10.112518410384656 0
    endloop
  endfacet
  facet normal 0 0 -1
    outer loop
      vertex -61.67268867492676 9.719637568295003 0
      vertex -76.29999999701977 7.499999995529652 0
      vertex -61.57781745940447 9.827817457914353 0
    endloop
  endfacet
  facet normal 0 0 -1
    outer loop
      vertex -61.752627943456176 9.599999997019768 0
      vertex -76.29999999701977 7.499999995529652 0
      vertex -61.67268867492676 9.719637568295003 0
    endloop
  endfacet
  facet normal 0 0 -1
    outer loop
      vertex -61.46963756978512 9.922688673436642 0
      vertex -61.57781745940447 9.827817457914353 0
      vertex -76.29999999701977 7.499999995529652 0
    endloop
  endfacet
  facet normal 0 0 -1
    outer loop
      vertex -60.94357881397009 10.140589344501496 0
      vertex -71.52226334472246 11.892435308603908 0
      vertex -60.80000000149012 10.150000001490117 0
    endloop
  endfacet
  facet normal 0 0 1
    outer loop
      vertex -61.59999999850989 -6.949999999999999 3
      vertex -61.59999999850989 9.05 3
      vertex -67 16.05 3
    endloop
  endfacet
  facet normal 0 0 -1
    outer loop
      vertex -72.40262935279337 -1.489096813935224 0
      vertex -76.29999999701977 7.499999995529652 0
      vertex -61.900000002980235 9.05 0
    endloop
  endfacet
  facet normal 0 0 -1
    outer loop
      vertex -76.29999999701977 -5.399999995529651 0
      vertex -76.29999999701977 7.499999995529652 0
      vertex -72.40262935279337 -1.489096813935224 0
    endloop
  endfacet
  facet normal 0 0 -1
    outer loop
      vertex -60.94357881397009 10.140589344501496 0
      vertex -76.29999999701977 7.499999995529652 0
      vertex -71.52226334472246 11.892435308603908 0
    endloop
  endfacet
  facet normal 0 0 -1
    outer loop
      vertex -76.38373251259327 7.920951771736146 0
      vertex -76.44737205654383 8.04999999254942 0
      vertex -76.21070156868548 8.070847017164418 0
    endloop
  endfacet
  facet normal 0 0 -1
    outer loop
      vertex -76.62218254059553 8.277817453444005 0
      vertex -76.73036243021488 8.372688668966294 0
      vertex -76.47925520904808 8.393264994268797 0
    endloop
  endfacet
  facet normal 0 0 1
    outer loop
      vertex -61.43468267172575 9.537009145319463 3
      vertex -61.36568542271853 9.61568542122841 3
      vertex -67 16.05 3
    endloop
  endfacet
  facet normal 0 0 1
    outer loop
      vertex -61.28700914680958 9.684682670235635 3
      vertex -61.2 9.742820325493813 3
      vertex -67 16.05 3
    endloop
  endfacet
  facet normal 0 0 1
    outer loop
      vertex -61.36568542271853 9.61568542122841 3
      vertex -61.28700914680958 9.684682670235635 3
      vertex -67 16.05 3
    endloop
  endfacet
  facet normal 0 0 1
    outer loop
      vertex -60.80000000149012 9.849999997019768 3
      vertex -67 16.05 3
      vertex -60.90442095398903 9.843155886232854 3
    endloop
  endfacet
  facet normal 0 0 1
    outer loop
      vertex -61.10614674985409 9.789103622734547 3
      vertex -61.00705523490906 9.822740662097932 3
      vertex -67 16.05 3
    endloop
  endfacet
  facet normal 0 0 1
    outer loop
      vertex -61.00705523490906 9.822740662097932 3
      vertex -60.90442095398903 9.843155886232854 3
      vertex -67 16.05 3
    endloop
  endfacet
  facet normal 0 0 1
    outer loop
      vertex -61.2 9.742820325493813 3
      vertex -61.10614674985409 9.789103622734547 3
      vertex -67 16.05 3
    endloop
  endfacet
  facet normal 0 0 1
    outer loop
      vertex -61.59999999850989 9.05 3
      vertex -61.59315588772297 9.154420952498914 3
      vertex -67 16.05 3
    endloop
  endfacet
  facet normal 0 0 1
    outer loop
      vertex -61.59315588772297 9.154420952498914 3
      vertex -61.57274066358805 9.257055233418942 3
      vertex -67 16.05 3
    endloop
  endfacet
  facet normal 0 0 1
    outer loop
      vertex -61.57274066358805 9.257055233418942 3
      vertex -61.539103624224666 9.356146748363972 3
      vertex -67 16.05 3
    endloop
  endfacet
  facet normal 0 0 1
    outer loop
      vertex -61.49282032698393 9.449999998509885 3
      vertex -67 16.05 3
      vertex -61.539103624224666 9.356146748363972 3
    endloop
  endfacet
  facet normal 0 0 1
    outer loop
      vertex -61.49282032698393 9.449999998509885 3
      vertex -61.43468267172575 9.537009145319463 3
      vertex -67 16.05 3
    endloop
  endfacet
  facet normal 0 0 -1
    outer loop
      vertex -72.56687411537982 12.062191136335333 0
      vertex -110 22 0
      vertex 5 22 0
    endloop
  endfacet
  facet normal 0 0 1
    outer loop
      vertex -67 16.05 3
      vertex 5 22 3
      vertex -110 22 3
    endloop
  endfacet
  facet normal 0 1 0
    outer loop
      vertex 5 22 3
      vertex -110 22 0
      vertex -110 22 3
    endloop
  endfacet
  facet normal 0 0 -1
    outer loop
      vertex -77.39999999850988 8.599999997019768 0
      vertex -92.60000000149012 8.599999997019768 0
      vertex -95.36521733710111 10.580852801009641 0
    endloop
  endfacet
  facet normal 0 0 -1
    outer loop
      vertex -92.74357881397009 8.590589340031148 0
      vertex -92.88470095396042 8.562518405914307 0
      vertex -92.98315019768755 8.635391871839886 0
    endloop
  endfacet
  facet normal 0 0 -1
    outer loop
      vertex -103 2.3634657535116412 0
      vertex -110 -12.155729853504397 0
      vertex -103 15.992059427165586 0
    endloop
  endfacet
  facet normal 0 0 -1
    outer loop
      vertex -103 15.992059427165586 0
      vertex -110 -12.155729853504397 0
      vertex -110 22 0
    endloop
  endfacet
  facet normal 0 0 1
    outer loop
      vertex -103 -8.917345239831011 3
      vertex -103 16.05 3
      vertex -110 22 3
    endloop
  endfacet
  facet normal 0 0 -1
    outer loop
      vertex -73.2782014767713 11.552634516600165 0
      vertex -110 22 0
      vertex -72.56687411537982 12.062191136335333 0
    endloop
  endfacet
  facet normal 0 0 -1
    outer loop
      vertex -73.2782014767713 11.552634516600165 0
      vertex -102.58388392397607 15.928903720021955 0
      vertex -110 22 0
    endloop
  endfacet
  facet normal 0 0 1
    outer loop
      vertex -67 16.05 3
      vertex -110 22 3
      vertex -103 16.05 3
    endloop
  endfacet
  facet normal 0 0 -1
    outer loop
      vertex -102.58388392397607 15.928903720021955 0
      vertex -103 15.992059427165586 0
      vertex -110 22 0
    endloop
  endfacet
  facet normal -1 0 0
    outer loop
      vertex -13.25 -12.5 3
      vertex -13.25 -15 14
      vertex -13.25 -9.1 3
    endloop
  endfacet
  facet normal 1 0 0
    outer loop
      vertex -7.75 -12.5 3
      vertex -7.75 -9.1 3
      vertex -7.75 -9.1 14
    endloop
  endfacet
  facet normal 0 1 0
    outer loop
      vertex -7.75 -9.1 3
      vertex -13.25 -9.1 3
      vertex -13.25 -9.1 14
    endloop
  endfacet
  facet normal 1 0 0
    outer loop
      vertex -7.75 -15 5.5
      vertex -7.75 -12.5 3
      vertex -7.75 -9.1 14
    endloop
  endfacet
  facet normal -1 0 0
    outer loop
      vertex -13.25 -15 5.5
      vertex -13.25 -15 14
      vertex -13.25 -12.5 3
    endloop
  endfacet
  facet normal -1 0 0
    outer loop
      vertex -13.25 -9.1 3
      vertex -13.25 -15 14
      vertex -13.25 -9.1 14
    endloop
  endfacet
  facet normal 1 0 0
    outer loop
      vertex -7.75 -15 5.5
      vertex -7.75 -9.1 14
      vertex -7.75 -15 14
    endloop
  endfacet
  facet normal 0 1 0
    outer loop
      vertex -7.75 -9.1 3
      vertex -13.25 -9.1 14
      vertex -7.75 -9.1 14
    endloop
  endfacet
  facet normal -1 0 0
    outer loop
      vertex -62.25 -12.5 3
      vertex -62.25 -15 14
      vertex -62.25 -9.1 3
    endloop
  endfacet
  facet normal 1 0 0
    outer loop
      vertex -56.75 -12.5 3
      vertex -56.75 -9.1 3
      vertex -56.75 -9.1 14
    endloop
  endfacet
  facet normal 0 1 0
    outer loop
      vertex -56.75 -9.1 3
      vertex -62.25 -9.1 3
      vertex -62.25 -9.1 14
    endloop
  endfacet
  facet normal 1 0 0
    outer loop
      vertex -56.75 -15 5.5
      vertex -56.75 -12.5 3
      vertex -56.75 -9.1 14
    endloop
  endfacet
  facet normal -1 0 0
    outer loop
      vertex -62.25 -15 5.5
      vertex -62.25 -15 14
      vertex -62.25 -12.5 3
    endloop
  endfacet
  facet normal -1 0 0
    outer loop
      vertex -62.25 -9.1 3
      vertex -62.25 -15 14
      vertex -62.25 -9.1 14
    endloop
  endfacet
  facet normal 1 0 0
    outer loop
      vertex -56.75 -15 5.5
      vertex -56.75 -9.1 14
      vertex -56.75 -15 14
    endloop
  endfacet
  facet normal 0 1 0
    outer loop
      vertex -56.75 -9.1 3
      vertex -62.25 -9.1 14
      vertex -56.75 -9.1 14
    endloop
  endfacet
  facet normal 1 0 0
    outer loop
      vertex -2 -21 3
      vertex -2 -18 3
      vertex -2 -20.175 14
    endloop
  endfacet
  facet normal 0 -0.9971993098884565 0.07478994824163417
    outer loop
      vertex -2 -21 3
      vertex -2 -20.175 14
      vertex -5 -21 3
    endloop
  endfacet
  facet normal -1 0 0
    outer loop
      vertex -5 -21 3
      vertex -5 -20.175 14
      vertex -5 -18 3
    endloop
  endfacet
  facet normal 1 0 0
    outer loop
      vertex -2 -18 3
      vertex -2 -18 14
      vertex -2 -20.175 14
    endloop
  endfacet
  facet normal 0 -0.9971993098884565 0.07478994824163417
    outer loop
      vertex -5 -21 3
      vertex -2 -20.175 14
      vertex -5 -20.175 14
    endloop
  endfacet
  facet normal -1 0 0
    outer loop
      vertex -5 -18 3
      vertex -5 -20.175 14
      vertex -5 -18 14
    endloop
  endfacet
  facet normal 0 -0.9971993098884565 0.07478994824163417
    outer loop
      vertex -62 -21 3
      vertex -62 -20.175 14
      vertex -65 -21 3
    endloop
  endfacet
  facet normal 1 0 0
    outer loop
      vertex -62 -21 3
      vertex -62 -18 3
      vertex -62 -20.175 14
    endloop
  endfacet
  facet normal -1 0 0
    outer loop
      vertex -65 -21 3
      vertex -65 -20.175 14
      vertex -65 -18 3
    endloop
  endfacet
  facet normal 0 -0.9971993098884565 0.07478994824163417
    outer loop
      vertex -65 -21 3
      vertex -62 -20.175 14
      vertex -65 -20.175 14
    endloop
  endfacet
  facet normal 1 0 0
    outer loop
      vertex -62 -18 3
      vertex -62 -18 14
      vertex -62 -20.175 14
    endloop
  endfacet
  facet normal -1 0 0
    outer loop
      vertex -65 -18 3
      vertex -65 -20.175 14
      vertex -65 -18 14
    endloop
  endfacet
  facet normal 1 0 0
    outer loop
      vertex -2 -18 3
      vertex -2 -15 3
      vertex -2 -15 5.5
    endloop
  endfacet
  facet normal 0 -1 0
    outer loop
      vertex -5 -18 3
      vertex -5 -18 14
      vertex -62 -18 3
    endloop
  endfacet
  facet normal 1 0 0
    outer loop
      vertex -2 -18 3
      vertex -2 -15 14
      vertex -2 -18 14
    endloop
  endfacet
  facet normal 1 0 0
    outer loop
      vertex -2 -18 3
      vertex -2 -15 5.5
      vertex -2 -15 14
    endloop
  endfacet
  facet normal 0 1 0
    outer loop
      vertex -2 -15 5.5
      vertex -7.75 -15 5.5
      vertex -7.75 -15 14
    endloop
  endfacet
  facet normal 0 1 0
    outer loop
      vertex -2 -15 5.5
      vertex -7.75 -15 14
      vertex -2 -15 14
    endloop
  endfacet
  facet normal 0 -1 0
    outer loop
      vertex -62 -18 3
      vertex -5 -18 14
      vertex -62 -18 14
    endloop
  endfacet
  facet normal 0 1 0
    outer loop
      vertex -13.25 -15 5.5
      vertex -56.75 -15 5.5
      vertex -56.75 -15 14
    endloop
  endfacet
  facet normal 0 1 0
    outer loop
      vertex -13.25 -15 5.5
      vertex -56.75 -15 14
      vertex -13.25 -15 14
    endloop
  endfacet
  facet normal -1 0 0
    outer loop
      vertex -65 -18 3
      vertex -65 -18 14
      vertex -65 -15 3
    endloop
  endfacet
  facet normal -1 0 0
    outer loop
      vertex -65 -15 3
      vertex -65 -18 14
      vertex -65 -15 5.5
    endloop
  endfacet
  facet normal 0 1 0
    outer loop
      vertex -62.25 -15 5.5
      vertex -65 -15 5.5
      vertex -65 -15 14
    endloop
  endfacet
  facet normal 0 1 0
    outer loop
      vertex -62.25 -15 5.5
      vertex -65 -15 14
      vertex -62.25 -15 14
    endloop
  endfacet
  facet normal -1 0 0
    outer loop
      vertex -65 -15 5.5
      vertex -65 -18 14
      vertex -65 -15 14
    endloop
  endfacet
  facet normal 1 0 0
    outer loop
      vertex -2 -15 3
      vertex -2 -12.5 3
      vertex -2 -15 5.5
    endloop
  endfacet
  facet normal 0 0.7071067811865475 0.7071067811865475
    outer loop
      vertex -2 -15 5.5
      vertex -7.75 -12.5 3
      vertex -7.75 -15 5.5
    endloop
  endfacet
  facet normal 0 0.7071067811865475 0.7071067811865475
    outer loop
      vertex -2 -15 5.5
      vertex -2 -12.5 3
      vertex -7.75 -12.5 3
    endloop
  endfacet
  facet normal 0 0.7071067811865476 0.7071067811865476
    outer loop
      vertex -13.25 -15 5.5
      vertex -13.25 -12.5 3
      vertex -56.75 -12.5 3
    endloop
  endfacet
  facet normal 0 0.7071067811865476 0.7071067811865476
    outer loop
      vertex -13.25 -15 5.5
      vertex -56.75 -12.5 3
      vertex -56.75 -15 5.5
    endloop
  endfacet
  facet normal -1 0 0
    outer loop
      vertex -65 -15 3
      vertex -65 -15 5.5
      vertex -65 -12.5 3
    endloop
  endfacet
  facet normal 0 0.7071067811865475 0.7071067811865475
    outer loop
      vertex -62.25 -15 5.5
      vertex -65 -12.5 3
      vertex -65 -15 5.5
    endloop
  endfacet
  facet normal 0 0.7071067811865475 0.7071067811865475
    outer loop
      vertex -62.25 -15 5.5
      vertex -62.25 -12.5 3
      vertex -65 -12.5 3
    endloop
  endfacet
  facet normal -0.831469603224722 0.5555702466055248 0
    outer loop
      vertex -76.76531732827425 -5.887009148299693 0.31
      vertex -76.70717967301607 -5.800000001490115 4
      vertex -76.70717967301607 -5.800000001490115 0.31
    endloop
  endfacet
  facet normal -0.896872755887627 0.4422886611100639 0
    outer loop
      vertex -76.70717967301607 -5.800000001490115 0.31
      vertex -76.66089637577534 -5.706146751344203 4
      vertex -76.66089637577534 -5.706146751344203 0.31
    endloop
  endfacet
  facet normal -0.9469301219381053 0.3214394875653658 0
    outer loop
      vertex -76.66089637577534 -5.706146751344203 0.31
      vertex -76.62725933641195 -5.607055236399173 4
      vertex -76.62725933641195 -5.607055236399173 0.31
    endloop
  endfacet
  facet normal -0.9807852870903427 0.1950902883977413 0
    outer loop
      vertex -76.62725933641195 -5.607055236399173 0.31
      vertex -76.60684411227703 -5.504420955479144 4
      vertex -76.60684411227703 -5.504420955479144 0.31
    endloop
  endfacet
  facet normal -0.5555702466055248 0.831469603224722 0
    outer loop
      vertex -77 -6.092820328474044 0.31
      vertex -76.91299085319042 -6.034682673215865 4
      vertex -76.91299085319042 -6.034682673215865 0.31
    endloop
  endfacet
  facet normal -0.4422886611100639 0.896872755887627 0
    outer loop
      vertex -77.09385325014591 -6.139103625714778 0.31
      vertex -77 -6.092820328474044 4
      vertex -77 -6.092820328474044 0.31
    endloop
  endfacet
  facet normal -0.3214394875653658 0.9469301219381053 0
    outer loop
      vertex -77.09385325014591 -6.139103625714778 0.31
      vertex -77.19294476509094 -6.172740665078162 0.31
      vertex -77.09385325014591 -6.139103625714778 4
    endloop
  endfacet
  facet normal -0.7518397750806569 0.6593458520432712 0
    outer loop
      vertex -76.83431457728148 -5.96568542420864 0.31
      vertex -76.76531732827425 -5.887009148299693 4
      vertex -76.76531732827425 -5.887009148299693 0.31
    endloop
  endfacet
  facet normal -0.1950902883977413 0.9807852870903427 0
    outer loop
      vertex -77.29557904601097 -6.1931558892130845 0.31
      vertex -77.19294476509094 -6.172740665078162 4
      vertex -77.19294476509094 -6.172740665078162 0.31
    endloop
  endfacet
  facet normal -0.0654031289415513 0.9978589232575188 0
    outer loop
      vertex -77.39999999850988 -6.199999999999999 0.31
      vertex -77.29557904601097 -6.1931558892130845 4
      vertex -77.29557904601097 -6.1931558892130845 3
    endloop
  endfacet
  facet normal -0.06540312894155129 0.9978589232575187 0
    outer loop
      vertex -77.39999999850988 -6.199999999999999 0.31
      vertex -77.39999999850988 -6.199999999999999 3
      vertex -77.29557904601097 -6.1931558892130845 4
    endloop
  endfacet
  facet normal -0.6593458520432711 0.751839775080657 0
    outer loop
      vertex -76.91299085319042 -6.034682673215865 0.31
      vertex -76.83431457728148 -5.96568542420864 4
      vertex -76.83431457728148 -5.96568542420864 3
    endloop
  endfacet
  facet normal -0.7518397750806569 0.6593458520432712 0
    outer loop
      vertex -76.83431457728148 -5.96568542420864 0.31
      vertex -76.83431457728148 -5.96568542420864 3
      vertex -76.76531732827425 -5.887009148299693 4
    endloop
  endfacet
  facet normal -0.1950902883977413 0.9807852870903428 0
    outer loop
      vertex -77.29557904601097 -6.1931558892130845 0.31
      vertex -77.29557904601097 -6.1931558892130845 3
      vertex -77.19294476509094 -6.172740665078162 4
    endloop
  endfacet
  facet normal -0.831469603224722 0.5555702466055248 0
    outer loop
      vertex -76.76531732827425 -5.887009148299693 0.31
      vertex -76.76531732827425 -5.887009148299693 4
      vertex -76.70717967301607 -5.800000001490115 4
    endloop
  endfacet
  facet normal -0.896872755887627 0.4422886611100639 0
    outer loop
      vertex -76.70717967301607 -5.800000001490115 0.31
      vertex -76.70717967301607 -5.800000001490115 4
      vertex -76.66089637577534 -5.706146751344203 4
    endloop
  endfacet
  facet normal -0.9469301219381053 0.3214394875653658 0
    outer loop
      vertex -76.66089637577534 -5.706146751344203 0.31
      vertex -76.66089637577534 -5.706146751344203 4
      vertex -76.62725933641195 -5.607055236399173 4
    endloop
  endfacet
  facet normal -0.9807852870903427 0.1950902883977413 0
    outer loop
      vertex -76.62725933641195 -5.607055236399173 0.31
      vertex -76.62725933641195 -5.607055236399173 4
      vertex -76.60684411227703 -5.504420955479144 4
    endloop
  endfacet
  facet normal -0.5555702466055248 0.831469603224722 0
    outer loop
      vertex -77 -6.092820328474044 0.31
      vertex -77 -6.092820328474044 4
      vertex -76.91299085319042 -6.034682673215865 4
    endloop
  endfacet
  facet normal -0.4422886611100639 0.896872755887627 0
    outer loop
      vertex -77.09385325014591 -6.139103625714778 0.31
      vertex -77.09385325014591 -6.139103625714778 4
      vertex -77 -6.092820328474044 4
    endloop
  endfacet
  facet normal -0.3214394875653658 0.9469301219381053 0
    outer loop
      vertex -77.19294476509094 -6.172740665078162 0.31
      vertex -77.19294476509094 -6.172740665078162 4
      vertex -77.09385325014591 -6.139103625714778 4
    endloop
  endfacet
  facet normal -0.6593458520432712 0.7518397750806569 0
    outer loop
      vertex -76.91299085319042 -6.034682673215865 0.31
      vertex -76.91299085319042 -6.034682673215865 4
      vertex -76.83431457728148 -5.96568542420864 4
    endloop
  endfacet
  facet normal -0.9978589232575187 0.06540312894155129 0
    outer loop
      vertex -76.60684411227703 -5.504420955479144 0.31
      vertex -76.60000000149012 -5.4000000029802315 3
      vertex -76.60000000149012 -5.4000000029802315 0.31
    endloop
  endfacet
  facet normal -0.9978589232575188 0.06540312894155129 0
    outer loop
      vertex -76.60684411227703 -5.504420955479144 0.31
      vertex -76.60000000149012 -5.4000000029802315 4
      vertex -76.60000000149012 -5.4000000029802315 3
    endloop
  endfacet
  facet normal -0.9978589232575188 0.06540312894155129 0
    outer loop
      vertex -76.60684411227703 -5.504420955479144 0.31
      vertex -76.60684411227703 -5.504420955479144 4
      vertex -76.60000000149012 -5.4000000029802315 4
    endloop
  endfacet
  facet normal -1 0 0
    outer loop
      vertex -76.60000000149012 -5.4000000029802315 3
      vertex -76.60000000149012 -5.4000000029802315 4
      vertex -76.60000000149012 -0.6979674804824472 3
    endloop
  endfacet
  facet normal -0.0654031289415513 0.9978589232575188 0
    outer loop
      vertex -77.29557904601097 -6.1931558892130845 4
      vertex -77.39999999850988 -6.199999999999999 3
      vertex -77.39999999850988 -6.199999999999999 4
    endloop
  endfacet
  facet normal -0.7518397750806569 0.6593458520432712 0
    outer loop
      vertex -76.83431457728148 -5.96568542420864 3
      vertex -76.83431457728148 -5.96568542420864 4
      vertex -76.76531732827425 -5.887009148299693 4
    endloop
  endfacet
  facet normal -0.1950902883977413 0.9807852870903427 0
    outer loop
      vertex -77.29557904601097 -6.1931558892130845 3
      vertex -77.29557904601097 -6.1931558892130845 4
      vertex -77.19294476509094 -6.172740665078162 4
    endloop
  endfacet
  facet normal 0 1 0
    outer loop
      vertex -77.39999999850988 -6.199999999999999 0.31
      vertex -92.60000000149012 -6.199999999999999 0.31
      vertex -92.60000000149012 -6.199999999999999 3
    endloop
  endfacet
  facet normal 0.06540312894155129 0.9978589232575187 0
    outer loop
      vertex -92.60000000149012 -6.199999999999999 0.31
      vertex -92.70442095398903 -6.1931558892130845 0.31
      vertex -92.60000000149012 -6.199999999999999 3
    endloop
  endfacet
  facet normal 0.1950902883977413 0.9807852870903428 -1.2895983111630897e-16
    outer loop
      vertex -92.70442095398903 -6.1931558892130845 0.31
      vertex -92.80705523490906 -6.172740665078162 0.31
      vertex -92.73223512226004 -6.18762330814671 3
    endloop
  endfacet
  facet normal 0.3214394875653658 0.9469301219381054 0
    outer loop
      vertex -92.80705523490906 -6.172740665078162 0.31
      vertex -92.90614674985409 -6.139103625714778 0.31
      vertex -92.80705523490906 -6.172740665078162 3
    endloop
  endfacet
  facet normal 0.6593458520432712 0.7518397750806569 1.5780302592656556e-15
    outer loop
      vertex -93.08700914680958 -6.034682673215865 0.31
      vertex -93.16568542271852 -5.96568542420864 0.31
      vertex -93.10833063079575 -6.015984231750493 3
    endloop
  endfacet
  facet normal 0.7518397750806569 0.6593458520432712 0
    outer loop
      vertex -93.16568542271852 -5.96568542420864 0.31
      vertex -93.23468267172575 -5.887009148299693 0.31
      vertex -93.16568542271852 -5.96568542420864 3
    endloop
  endfacet
  facet normal 0.4422886611100639 0.896872755887627 0
    outer loop
      vertex -92.90614674985409 -6.139103625714778 0.31
      vertex -93 -6.092820328474044 0.31
      vertex -92.90614674985409 -6.139103625714778 4
    endloop
  endfacet
  facet normal 0.5555702466055248 0.831469603224722 0
    outer loop
      vertex -93 -6.092820328474044 0.31
      vertex -93.08700914680958 -6.034682673215865 0.31
      vertex -93 -6.092820328474044 4
    endloop
  endfacet
  facet normal 0.831469603224722 0.5555702466055248 0
    outer loop
      vertex -93.23468267172575 -5.887009148299693 0.31
      vertex -93.29282032698393 -5.800000001490115 0.31
      vertex -93.23468267172575 -5.887009148299693 4
    endloop
  endfacet
  facet normal 0.896872755887627 0.4422886611100639 0
    outer loop
      vertex -93.29282032698393 -5.800000001490115 0.31
      vertex -93.33910362422466 -5.706146751344203 0.31
      vertex -93.29282032698393 -5.800000001490115 4
    endloop
  endfacet
  facet normal 0.9469301219381053 0.3214394875653658 0
    outer loop
      vertex -93.33910362422466 -5.706146751344203 0.31
      vertex -93.37274066358805 -5.607055236399173 0.31
      vertex -93.33910362422466 -5.706146751344203 4
    endloop
  endfacet
  facet normal 0.9807852870903427 0.1950902883977413 0
    outer loop
      vertex -93.37274066358805 -5.607055236399173 0.31
      vertex -93.39315588772297 -5.504420955479144 0.31
      vertex -93.37274066358805 -5.607055236399173 4
    endloop
  endfacet
  facet normal 0 1 0
    outer loop
      vertex -77.39999999850988 -6.199999999999999 3
      vertex -92.60000000149012 -6.199999999999999 3
      vertex -77.39999999850988 -6.199999999999999 4
    endloop
  endfacet
  facet normal 0.0654031289415513 0.9978589232575188 0
    outer loop
      vertex -92.70442095398903 -6.1931558892130845 0.31
      vertex -92.60000000149012 -6.199999999999999 4
      vertex -92.60000000149012 -6.199999999999999 3
    endloop
  endfacet
  facet normal 0.1950902883977533 0.9807852870903404 0
    outer loop
      vertex -92.70442095398903 -6.1931558892130845 0.31
      vertex -92.73223512226004 -6.18762330814671 3
      vertex -92.70442095398903 -6.1931558892130845 4
    endloop
  endfacet
  facet normal 0.3214394875653658 0.9469301219381053 0
    outer loop
      vertex -92.90614674985409 -6.139103625714778 0.31
      vertex -92.80705523490906 -6.172740665078162 4
      vertex -92.80705523490906 -6.172740665078162 3
    endloop
  endfacet
  facet normal 0.6593458520431587 0.7518397750807556 0
    outer loop
      vertex -93.08700914680958 -6.034682673215865 0.31
      vertex -93.10833063079575 -6.015984231750493 3
      vertex -93.08700914680958 -6.034682673215865 4
    endloop
  endfacet
  facet normal 0.7518397750806568 0.6593458520432713 0
    outer loop
      vertex -93.23468267172575 -5.887009148299693 0.31
      vertex -93.16568542271852 -5.96568542420864 4
      vertex -93.16568542271852 -5.96568542420864 3
    endloop
  endfacet
  facet normal 0.06540312894155129 0.9978589232575188 0
    outer loop
      vertex -92.70442095398903 -6.1931558892130845 0.31
      vertex -92.70442095398903 -6.1931558892130845 4
      vertex -92.60000000149012 -6.199999999999999 4
    endloop
  endfacet
  facet normal 0.3214394875653658 0.9469301219381053 0
    outer loop
      vertex -92.90614674985409 -6.139103625714778 0.31
      vertex -92.90614674985409 -6.139103625714778 4
      vertex -92.80705523490906 -6.172740665078162 4
    endloop
  endfacet
  facet normal 0.4422886611100639 0.896872755887627 0
    outer loop
      vertex -93 -6.092820328474044 0.31
      vertex -93 -6.092820328474044 4
      vertex -92.90614674985409 -6.139103625714778 4
    endloop
  endfacet
  facet normal 0.5555702466055248 0.831469603224722 0
    outer loop
      vertex -93.08700914680958 -6.034682673215865 0.31
      vertex -93.08700914680958 -6.034682673215865 4
      vertex -93 -6.092820328474044 4
    endloop
  endfacet
  facet normal 0.7518397750806569 0.6593458520432712 0
    outer loop
      vertex -93.23468267172575 -5.887009148299693 0.31
      vertex -93.23468267172575 -5.887009148299693 4
      vertex -93.16568542271852 -5.96568542420864 4
    endloop
  endfacet
  facet normal 0.831469603224722 0.5555702466055248 0
    outer loop
      vertex -93.29282032698393 -5.800000001490115 0.31
      vertex -93.29282032698393 -5.800000001490115 4
      vertex -93.23468267172575 -5.887009148299693 4
    endloop
  endfacet
  facet normal 0.896872755887627 0.4422886611100639 0
    outer loop
      vertex -93.33910362422466 -5.706146751344203 0.31
      vertex -93.33910362422466 -5.706146751344203 4
      vertex -93.29282032698393 -5.800000001490115 4
    endloop
  endfacet
  facet normal 0.9469301219381053 0.3214394875653658 0
    outer loop
      vertex -93.37274066358805 -5.607055236399173 0.31
      vertex -93.37274066358805 -5.607055236399173 4
      vertex -93.33910362422466 -5.706146751344203 4
    endloop
  endfacet
  facet normal 0.9807852870903427 0.1950902883977413 0
    outer loop
      vertex -93.39315588772297 -5.504420955479144 0.31
      vertex -93.39315588772297 -5.504420955479144 4
      vertex -93.37274066358805 -5.607055236399173 4
    endloop
  endfacet
  facet normal 0.19509028839773684 0.9807852870903436 -6.716668525921963e-19
    outer loop
      vertex -92.73223512226004 -6.18762330814671 3
      vertex -92.80705523490906 -6.172740665078162 3
      vertex -92.80705523490906 -6.172740665078162 4
    endloop
  endfacet
  facet normal 0.6593458520433131 0.7518397750806202 3.683844356746916e-19
    outer loop
      vertex -93.10833063079575 -6.015984231750493 3
      vertex -93.16568542271852 -5.96568542420864 3
      vertex -93.16568542271852 -5.96568542420864 4
    endloop
  endfacet
  facet normal 0.9978589232575188 0.06540312894155129 0
    outer loop
      vertex -93.39315588772297 -5.504420955479144 0.31
      vertex -93.39999999850988 -5.4000000029802315 0.31
      vertex -93.39315588772297 -5.504420955479144 4
    endloop
  endfacet
  facet normal 1 0 0
    outer loop
      vertex -93.39999999850988 -5.4000000029802315 0.31
      vertex -93.39999999850988 -1.9040650420153358 3
      vertex -93.39999999850988 -5.4000000029802315 4
    endloop
  endfacet
  facet normal 0.9978589232575188 0.06540312894155129 0
    outer loop
      vertex -93.39315588772297 -5.504420955479144 4
      vertex -93.39999999850988 -5.4000000029802315 0.31
      vertex -93.39999999850988 -5.4000000029802315 4
    endloop
  endfacet
  facet normal 0 1 0
    outer loop
      vertex -77.39999999850988 -6.199999999999999 4
      vertex -92.60000000149012 -6.199999999999999 3
      vertex -92.60000000149012 -6.199999999999999 4
    endloop
  endfacet
  facet normal 0.1950902883977413 0.9807852870903427 3.4697131820604826e-16
    outer loop
      vertex -92.73223512226004 -6.18762330814671 3
      vertex -92.80705523490906 -6.172740665078162 4
      vertex -92.70442095398903 -6.1931558892130845 4
    endloop
  endfacet
  facet normal 0.6593458520432712 0.7518397750806569 -4.246205868639239e-15
    outer loop
      vertex -93.10833063079575 -6.015984231750493 3
      vertex -93.16568542271852 -5.96568542420864 4
      vertex -93.08700914680958 -6.034682673215865 4
    endloop
  endfacet
  facet normal -1 0 0
    outer loop
      vertex -76.60000000149012 -5.4000000029802315 0.31
      vertex -76.60000000149012 7.500000002980233 3
      vertex -76.60000000149012 7.500000002980233 0.31
    endloop
  endfacet
  facet normal -1 0 0
    outer loop
      vertex -76.60000000149012 -5.4000000029802315 0.31
      vertex -76.60000000149012 -0.6979674804824472 3
      vertex -76.60000000149012 7.500000002980233 4
    endloop
  endfacet
  facet normal -1 0 0
    outer loop
      vertex -76.60000000149012 -5.4000000029802315 0.31
      vertex -76.60000000149012 7.500000002980233 4
      vertex -76.60000000149012 7.500000002980233 3
    endloop
  endfacet
  facet normal -0.9978589232575187 -0.06540312894155129 -6.701268950808042e-17
    outer loop
      vertex -76.60000000149012 7.500000002980233 0.31
      vertex -76.60498933970605 7.5761225943683295 3
      vertex -76.60684411227703 7.604420955479146 0.31
    endloop
  endfacet
  facet normal -0.7518397750806569 -0.6593458520432712 0
    outer loop
      vertex -76.76531732827425 7.987009148299695 0.31
      vertex -76.83431457728148 8.065685424208642 3
      vertex -76.83431457728148 8.065685424208642 0.31
    endloop
  endfacet
  facet normal -0.6593458520432712 -0.7518397750806569 1.3298026295045012e-15
    outer loop
      vertex -76.83431457728148 8.065685424208642 0.31
      vertex -76.89166936920425 8.115984231750494 3
      vertex -76.91299085319042 8.134682673215867 0.31
    endloop
  endfacet
  facet normal -0.9807852870903427 -0.1950902883977413 0
    outer loop
      vertex -76.60684411227703 7.604420955479146 0.31
      vertex -76.62725933641195 7.7070552363991744 4
      vertex -76.62725933641195 7.7070552363991744 0.31
    endloop
  endfacet
  facet normal -0.9469301219381053 -0.3214394875653658 0
    outer loop
      vertex -76.62725933641195 7.7070552363991744 0.31
      vertex -76.66089637577534 7.806146751344205 4
      vertex -76.66089637577534 7.806146751344205 0.31
    endloop
  endfacet
  facet normal -0.896872755887627 -0.4422886611100639 0
    outer loop
      vertex -76.66089637577534 7.806146751344205 0.31
      vertex -76.70717967301607 7.900000001490117 4
      vertex -76.70717967301607 7.900000001490117 0.31
    endloop
  endfacet
  facet normal -0.831469603224722 -0.5555702466055248 0
    outer loop
      vertex -76.70717967301607 7.900000001490117 0.31
      vertex -76.76531732827425 7.987009148299695 4
      vertex -76.76531732827425 7.987009148299695 0.31
    endloop
  endfacet
  facet normal -0.5555702466055248 -0.831469603224722 0
    outer loop
      vertex -76.91299085319042 8.134682673215867 0.31
      vertex -77 8.192820328474046 4
      vertex -77 8.192820328474046 0.31
    endloop
  endfacet
  facet normal -0.4422886611100639 -0.896872755887627 0
    outer loop
      vertex -77 8.192820328474046 0.31
      vertex -77.09385325014591 8.23910362571478 4
      vertex -77.09385325014591 8.23910362571478 0.31
    endloop
  endfacet
  facet normal -0.3214394875653658 -0.9469301219381054 0
    outer loop
      vertex -77.09385325014591 8.23910362571478 0.31
      vertex -77.19294476509094 8.272740665078164 3
      vertex -77.19294476509094 8.272740665078164 0.31
    endloop
  endfacet
  facet normal -0.1950902883977413 -0.9807852870903428 -1.2897506443606104e-16
    outer loop
      vertex -77.19294476509094 8.272740665078164 0.31
      vertex -77.26776487773996 8.287623308146712 3
      vertex -77.29557904601097 8.293155889213086 0.31
    endloop
  endfacet
  facet normal -0.06540312894155129 -0.9978589232575188 0
    outer loop
      vertex -77.29557904601097 8.293155889213086 0.31
      vertex -77.39999999850988 8.3 4
      vertex -77.39999999850988 8.3 0.31
    endloop
  endfacet
  facet normal -0.9978589232575193 -0.06540312894154497 0
    outer loop
      vertex -76.60684411227703 7.604420955479146 0.31
      vertex -76.60498933970605 7.5761225943683295 3
      vertex -76.60684411227703 7.604420955479146 4
    endloop
  endfacet
  facet normal -0.7518397750806568 -0.6593458520432713 0
    outer loop
      vertex -76.76531732827425 7.987009148299695 0.31
      vertex -76.83431457728148 8.065685424208642 4
      vertex -76.83431457728148 8.065685424208642 3
    endloop
  endfacet
  facet normal -0.6593458520431764 -0.7518397750807401 0
    outer loop
      vertex -76.91299085319042 8.134682673215867 0.31
      vertex -76.89166936920425 8.115984231750494 3
      vertex -76.91299085319042 8.134682673215867 4
    endloop
  endfacet
  facet normal -0.9807852870903427 -0.1950902883977413 0
    outer loop
      vertex -76.60684411227703 7.604420955479146 0.31
      vertex -76.60684411227703 7.604420955479146 4
      vertex -76.62725933641195 7.7070552363991744 4
    endloop
  endfacet
  facet normal -0.9469301219381053 -0.3214394875653658 0
    outer loop
      vertex -76.62725933641195 7.7070552363991744 0.31
      vertex -76.62725933641195 7.7070552363991744 4
      vertex -76.66089637577534 7.806146751344205 4
    endloop
  endfacet
  facet normal -0.896872755887627 -0.4422886611100639 0
    outer loop
      vertex -76.66089637577534 7.806146751344205 0.31
      vertex -76.66089637577534 7.806146751344205 4
      vertex -76.70717967301607 7.900000001490117 4
    endloop
  endfacet
  facet normal -0.831469603224722 -0.5555702466055248 0
    outer loop
      vertex -76.70717967301607 7.900000001490117 0.31
      vertex -76.70717967301607 7.900000001490117 4
      vertex -76.76531732827425 7.987009148299695 4
    endloop
  endfacet
  facet normal -0.7518397750806569 -0.6593458520432712 0
    outer loop
      vertex -76.76531732827425 7.987009148299695 0.31
      vertex -76.76531732827425 7.987009148299695 4
      vertex -76.83431457728148 8.065685424208642 4
    endloop
  endfacet
  facet normal -0.5555702466055248 -0.831469603224722 0
    outer loop
      vertex -76.91299085319042 8.134682673215867 0.31
      vertex -76.91299085319042 8.134682673215867 4
      vertex -77 8.192820328474046 4
    endloop
  endfacet
  facet normal -0.4422886611100639 -0.896872755887627 0
    outer loop
      vertex -77 8.192820328474046 0.31
      vertex -77 8.192820328474046 4
      vertex -77.09385325014591 8.23910362571478 4
    endloop
  endfacet
  facet normal -0.9978589232575186 -0.06540312894155365 0
    outer loop
      vertex -76.60000000149012 7.500000002980233 3
      vertex -76.60000000149012 7.500000002980233 4
      vertex -76.60498933970605 7.5761225943683295 3
    endloop
  endfacet
  facet normal -0.6593458520433064 -0.7518397750806258 0
    outer loop
      vertex -76.83431457728148 8.065685424208642 3
      vertex -76.83431457728148 8.065685424208642 4
      vertex -76.89166936920425 8.115984231750494 3
    endloop
  endfacet
  facet normal -0.3214394875653658 -0.9469301219381053 0
    outer loop
      vertex -77.09385325014591 8.23910362571478 0.31
      vertex -77.19294476509094 8.272740665078164 4
      vertex -77.19294476509094 8.272740665078164 3
    endloop
  endfacet
  facet normal -0.1950902883977533 -0.9807852870903404 0
    outer loop
      vertex -77.29557904601097 8.293155889213086 0.31
      vertex -77.26776487773996 8.287623308146712 3
      vertex -77.29557904601097 8.293155889213086 4
    endloop
  endfacet
  facet normal -0.3214394875653658 -0.9469301219381053 0
    outer loop
      vertex -77.09385325014591 8.23910362571478 0.31
      vertex -77.09385325014591 8.23910362571478 4
      vertex -77.19294476509094 8.272740665078164 4
    endloop
  endfacet
  facet normal -0.06540312894155129 -0.9978589232575188 0
    outer loop
      vertex -77.29557904601097 8.293155889213086 0.31
      vertex -77.29557904601097 8.293155889213086 4
      vertex -77.39999999850988 8.3 4
    endloop
  endfacet
  facet normal -0.19509028839773684 -0.9807852870903436 0
    outer loop
      vertex -77.19294476509094 8.272740665078164 3
      vertex -77.19294476509094 8.272740665078164 4
      vertex -77.26776487773996 8.287623308146712 3
    endloop
  endfacet
  facet normal -1 0 0
    outer loop
      vertex -76.60000000149012 -5.4000000029802315 4
      vertex -76.60000000149012 7.500000002980233 4
      vertex -76.60000000149012 -0.6979674804824472 3
    endloop
  endfacet
  facet normal -0.9978589232575188 -0.0654031289415513 1.8003818867907674e-16
    outer loop
      vertex -76.60000000149012 7.500000002980233 4
      vertex -76.60684411227703 7.604420955479146 4
      vertex -76.60498933970605 7.5761225943683295 3
    endloop
  endfacet
  facet normal -0.6593458520432712 -0.7518397750806569 -3.577055461708302e-15
    outer loop
      vertex -76.89166936920425 8.115984231750494 3
      vertex -76.83431457728148 8.065685424208642 4
      vertex -76.91299085319042 8.134682673215867 4
    endloop
  endfacet
  facet normal -0.1950902883977413 -0.9807852870903427 3.4697131820604826e-16
    outer loop
      vertex -77.26776487773996 8.287623308146712 3
      vertex -77.19294476509094 8.272740665078164 4
      vertex -77.29557904601097 8.293155889213086 4
    endloop
  endfacet
  facet normal 1 0 0
    outer loop
      vertex -93.39999999850988 -5.4000000029802315 0.31
      vertex -93.39999999850988 7.500000002980233 0.31
      vertex -93.39999999850988 -1.9040650420153358 3
    endloop
  endfacet
  facet normal 1 0 0
    outer loop
      vertex -93.39999999850988 -1.9040650420153358 3
      vertex -93.39999999850988 7.500000002980233 3
      vertex -93.39999999850988 7.500000002980233 4
    endloop
  endfacet
  facet normal 0 -1 0
    outer loop
      vertex -77.39999999850988 8.3 0.31
      vertex -92.60000000149012 8.3 4
      vertex -92.60000000149012 8.3 0.31
    endloop
  endfacet
  facet normal 0.9978589232575187 -0.06540312894155129 0
    outer loop
      vertex -93.39999999850988 7.500000002980233 0.31
      vertex -93.39315588772297 7.604420955479146 0.31
      vertex -93.39999999850988 7.500000002980233 3
    endloop
  endfacet
  facet normal 0.9469301219381053 -0.3214394875653658 0
    outer loop
      vertex -93.37274066358805 7.7070552363991744 0.31
      vertex -93.33910362422466 7.806146751344205 0.31
      vertex -93.37274066358805 7.7070552363991744 4
    endloop
  endfacet
  facet normal 0.896872755887627 -0.4422886611100639 0
    outer loop
      vertex -93.33910362422466 7.806146751344205 0.31
      vertex -93.29282032698393 7.900000001490117 0.31
      vertex -93.33910362422466 7.806146751344205 4
    endloop
  endfacet
  facet normal 0.9807852870903427 -0.1950902883977413 0
    outer loop
      vertex -93.39315588772297 7.604420955479146 0.31
      vertex -93.37274066358805 7.7070552363991744 0.31
      vertex -93.39315588772297 7.604420955479146 4
    endloop
  endfacet
  facet normal 0.831469603224722 -0.5555702466055248 0
    outer loop
      vertex -93.23468267172575 7.987009148299695 0.31
      vertex -93.29282032698393 7.900000001490117 4
      vertex -93.29282032698393 7.900000001490117 0.31
    endloop
  endfacet
  facet normal 0.7518397750806569 -0.6593458520432712 0
    outer loop
      vertex -93.23468267172575 7.987009148299695 0.31
      vertex -93.16568542271852 8.065685424208642 0.31
      vertex -93.23468267172575 7.987009148299695 4
    endloop
  endfacet
  facet normal 0.6593458520432712 -0.7518397750806569 0
    outer loop
      vertex -93.16568542271852 8.065685424208642 0.31
      vertex -93.08700914680958 8.134682673215867 0.31
      vertex -93.16568542271852 8.065685424208642 4
    endloop
  endfacet
  facet normal 0.5555702466055248 -0.831469603224722 0
    outer loop
      vertex -93.08700914680958 8.134682673215867 0.31
      vertex -93 8.192820328474046 0.31
      vertex -93.08700914680958 8.134682673215867 4
    endloop
  endfacet
  facet normal 0.4422886611100639 -0.896872755887627 0
    outer loop
      vertex -93 8.192820328474046 0.31
      vertex -92.90614674985409 8.23910362571478 0.31
      vertex -93 8.192820328474046 4
    endloop
  endfacet
  facet normal 0.06540312894155129 -0.9978589232575188 0
    outer loop
      vertex -92.70442095398903 8.293155889213086 0.31
      vertex -92.60000000149012 8.3 0.31
      vertex -92.70442095398903 8.293155889213086 4
    endloop
  endfacet
  facet normal 0.3214394875653658 -0.9469301219381053 0
    outer loop
      vertex -92.90614674985409 8.23910362571478 0.31
      vertex -92.80705523490906 8.272740665078164 0.31
      vertex -92.90614674985409 8.23910362571478 4
    endloop
  endfacet
  facet normal 0 -1 0
    outer loop
      vertex -77.39999999850988 8.3 0.31
      vertex -77.39999999850988 8.3 4
      vertex -92.60000000149012 8.3 4
    endloop
  endfacet
  facet normal 0.9978589232575188 -0.06540312894155129 0
    outer loop
      vertex -93.39315588772297 7.604420955479146 0.31
      vertex -93.39999999850988 7.500000002980233 4
      vertex -93.39999999850988 7.500000002980233 3
    endloop
  endfacet
  facet normal 0.9469301219381053 -0.3214394875653658 0
    outer loop
      vertex -93.33910362422466 7.806146751344205 0.31
      vertex -93.33910362422466 7.806146751344205 4
      vertex -93.37274066358805 7.7070552363991744 4
    endloop
  endfacet
  facet normal 0.896872755887627 -0.4422886611100639 0
    outer loop
      vertex -93.29282032698393 7.900000001490117 0.31
      vertex -93.29282032698393 7.900000001490117 4
      vertex -93.33910362422466 7.806146751344205 4
    endloop
  endfacet
  facet normal 0.9978589232575188 -0.06540312894155129 0
    outer loop
      vertex -93.39315588772297 7.604420955479146 0.31
      vertex -93.39315588772297 7.604420955479146 4
      vertex -93.39999999850988 7.500000002980233 4
    endloop
  endfacet
  facet normal 0.9807852870903427 -0.1950902883977413 0
    outer loop
      vertex -93.37274066358805 7.7070552363991744 0.31
      vertex -93.37274066358805 7.7070552363991744 4
      vertex -93.39315588772297 7.604420955479146 4
    endloop
  endfacet
  facet normal 0.831469603224722 -0.5555702466055248 0
    outer loop
      vertex -93.23468267172575 7.987009148299695 0.31
      vertex -93.23468267172575 7.987009148299695 4
      vertex -93.29282032698393 7.900000001490117 4
    endloop
  endfacet
  facet normal 0.7518397750806569 -0.6593458520432712 0
    outer loop
      vertex -93.16568542271852 8.065685424208642 0.31
      vertex -93.16568542271852 8.065685424208642 4
      vertex -93.23468267172575 7.987009148299695 4
    endloop
  endfacet
  facet normal 0.6593458520432712 -0.7518397750806569 0
    outer loop
      vertex -93.08700914680958 8.134682673215867 0.31
      vertex -93.08700914680958 8.134682673215867 4
      vertex -93.16568542271852 8.065685424208642 4
    endloop
  endfacet
  facet normal 0.5555702466055248 -0.831469603224722 0
    outer loop
      vertex -93 8.192820328474046 0.31
      vertex -93 8.192820328474046 4
      vertex -93.08700914680958 8.134682673215867 4
    endloop
  endfacet
  facet normal 0.4422886611100639 -0.896872755887627 0
    outer loop
      vertex -92.90614674985409 8.23910362571478 0.31
      vertex -92.90614674985409 8.23910362571478 4
      vertex -93 8.192820328474046 4
    endloop
  endfacet
  facet normal 0.19509028839774137 -0.9807852870903427 0
    outer loop
      vertex -92.70442095398903 8.293155889213086 0.31
      vertex -92.80705523490906 8.272740665078164 4
      vertex -92.80705523490906 8.272740665078164 3
    endloop
  endfacet
  facet normal 0.3214394875653658 -0.9469301219381054 0
    outer loop
      vertex -92.90614674985409 8.23910362571478 4
      vertex -92.80705523490906 8.272740665078164 0.31
      vertex -92.80705523490906 8.272740665078164 3
    endloop
  endfacet
  facet normal 0.06540312894155129 -0.9978589232575188 0
    outer loop
      vertex -92.60000000149012 8.3 0.31
      vertex -92.60000000149012 8.3 4
      vertex -92.70442095398903 8.293155889213086 4
    endloop
  endfacet
  facet normal 0.1950902883977413 -0.9807852870903427 0
    outer loop
      vertex -92.70442095398903 8.293155889213086 0.31
      vertex -92.70442095398903 8.293155889213086 4
      vertex -92.80705523490906 8.272740665078164 4
    endloop
  endfacet
  facet normal 1 0 0
    outer loop
      vertex -93.39999999850988 -5.4000000029802315 4
      vertex -93.39999999850988 -1.9040650420153358 3
      vertex -93.39999999850988 7.500000002980233 4
    endloop
  endfacet
  facet normal 0.3214394875653658 -0.9469301219381053 0
    outer loop
      vertex -92.90614674985409 8.23910362571478 4
      vertex -92.80705523490906 8.272740665078164 3
      vertex -92.80705523490906 8.272740665078164 4
    endloop
  endfacet
  facet normal 0 0 -1
    outer loop
      vertex -67.27518660693265 -13.869916397564491 0
      vertex -68.16345352735352 -13.95 0
      vertex -67.49128945610565 -13.807027091826635 0
    endloop
  endfacet
  facet normal 0 0 -1
    outer loop
      vertex -67.27518660693265 -13.869916397564491 0
      vertex -67.49128945610565 -13.807027091826635 0
      vertex -77.05195655505533 -6.509405377145653 0
    endloop
  endfacet
  facet normal 0 0 -1
    outer loop
      vertex -68.16345352735352 -13.95 0
      vertex -95.03293790800616 -13.95 0
      vertex -67.49128945610565 -13.807027091826635 0
    endloop
  endfacet
  facet normal 1 0 0
    outer loop
      vertex -67 -13.95 3
      vertex -67 -7.446381731365627 3
      vertex -67 -13.95 4
    endloop
  endfacet
  facet normal 0 0 1
    outer loop
      vertex -67 -13.95 4
      vertex -68 -10.899999999999999 4
      vertex -70 -13.399999999999999 4
    endloop
  endfacet
  facet normal 0 0 1
    outer loop
      vertex -70 -13.399999999999999 4
      vertex -68 -10.899999999999999 4
      vertex -70 -10.899999999999999 4
    endloop
  endfacet
  facet normal 0 -1 0
    outer loop
      vertex -67 -13.95 3
      vertex -67 -13.95 4
      vertex -103 -13.95 4
    endloop
  endfacet
  facet normal 0 0 1
    outer loop
      vertex -67 -13.95 4
      vertex -70 -13.399999999999999 4
      vertex -103 -13.95 4
    endloop
  endfacet
  facet normal 0 0 -1
    outer loop
      vertex -67.03221325530086 -13.875701685346144 0
      vertex -67.27518660693265 -13.869916397564491 0
      vertex -72.40262935279337 -1.489096813935224 0
    endloop
  endfacet
  facet normal 0 0 -1
    outer loop
      vertex -67.27518660693265 -13.869916397564491 0
      vertex -76.73036243021488 -6.272688668966293 0
      vertex -76.62218254059553 -6.177817453444003 0
    endloop
  endfacet
  facet normal 0 0 -1
    outer loop
      vertex -67.27518660693265 -13.869916397564491 0
      vertex -76.36934149628158 -6.200299768762021 0
      vertex -76.44737205654383 -5.949999992549419 0
    endloop
  endfacet
  facet normal 0 0 -1
    outer loop
      vertex -67.27518660693265 -13.869916397564491 0
      vertex -76.44737205654383 -5.949999992549419 0
      vertex -76.21070156868548 -5.970847017164417 0
    endloop
  endfacet
  facet normal 0 0 -1
    outer loop
      vertex -67.27518660693265 -13.869916397564491 0
      vertex -76.62218254059553 -6.177817453444003 0
      vertex -76.36934149628158 -6.200299768762021 0
    endloop
  endfacet
  facet normal 0 0 -1
    outer loop
      vertex -67.27518660693265 -13.869916397564491 0
      vertex -77.05195655505533 -6.509405377145653 0
      vertex -76.73036243021488 -6.272688668966293 0
    endloop
  endfacet
  facet normal 0 0 -1
    outer loop
      vertex -67.27518660693265 -13.869916397564491 0
      vertex -76.21070156868548 -5.970847017164417 0
      vertex -76.33748158812523 -5.6847009479999535 0
    endloop
  endfacet
  facet normal 0 0 -1
    outer loop
      vertex -67.27518660693265 -13.869916397564491 0
      vertex -76.33748158812523 -5.6847009479999535 0
      vertex -76.30941065400839 -5.543578808009624 0
    endloop
  endfacet
  facet normal 0 0 -1
    outer loop
      vertex -67.27518660693265 -13.869916397564491 0
      vertex -76.30941065400839 -5.543578808009624 0
      vertex -76.29999999701977 -5.399999995529651 0
    endloop
  endfacet
  facet normal 0 0 -1
    outer loop
      vertex -67.27518660693265 -13.869916397564491 0
      vertex -76.29999999701977 -5.399999995529651 0
      vertex -72.40262935279337 -1.489096813935224 0
    endloop
  endfacet
  facet normal 0 0 -1
    outer loop
      vertex -67.49128945610565 -13.807027091826635 0
      vertex -92.60000000149012 -6.499999997019767 0
      vertex -77.05195655505533 -6.509405377145653 0
    endloop
  endfacet
  facet normal 0 0 -1
    outer loop
      vertex -77.05195655505533 -6.509405377145653 0
      vertex -76.97904822230339 -6.4162674814462655 0
      vertex -76.85000000149012 -6.352627937495708 0
    endloop
  endfacet
  facet normal 0 0 -1
    outer loop
      vertex -77.05195655505533 -6.509405377145653 0
      vertex -76.85000000149012 -6.352627937495708 0
      vertex -76.73036243021488 -6.272688668966293 0
    endloop
  endfacet
  facet normal 0 0 -1
    outer loop
      vertex -77.05195655505533 -6.509405377145653 0
      vertex -77.11529904603958 -6.462518405914306 0
      vertex -76.97904822230339 -6.4162674814462655 0
    endloop
  endfacet
  facet normal 0 0 -1
    outer loop
      vertex -77.05195655505533 -6.509405377145653 0
      vertex -77.39999999850988 -6.499999997019767 0
      vertex -77.25642118602991 -6.490589340031146 0
    endloop
  endfacet
  facet normal 0 0 -1
    outer loop
      vertex -76.36934149628158 -6.200299768762021 0
      vertex -76.52731132507324 -6.069637563824653 0
      vertex -76.44737205654383 -5.949999992549419 0
    endloop
  endfacet
  facet normal 0 0 -1
    outer loop
      vertex -76.21070156868548 -5.970847017164417 0
      vertex -76.38373251259327 -5.820951771736144 0
      vertex -76.33748158812523 -5.6847009479999535 0
    endloop
  endfacet
  facet normal 0 0 1
    outer loop
      vertex -68 -5.899999999999999 4
      vertex -70 -4.899999999999999 4
      vertex -70 -5.899999999999999 4
    endloop
  endfacet
  facet normal 0 0 1
    outer loop
      vertex -72 -7.299999999999999 4
      vertex -72 -4.899999999999999 4
      vertex -76.60000000149012 -5.4000000029802315 4
    endloop
  endfacet
  facet normal 0 0 1
    outer loop
      vertex -72 -7.299999999999999 4
      vertex -77.39999999850988 -6.199999999999999 4
      vertex -77.2 -7.299999999999999 4
    endloop
  endfacet
  facet normal 0 0 1
    outer loop
      vertex -72 -7.299999999999999 4
      vertex -77.09385325014591 -6.139103625714778 4
      vertex -77.19294476509094 -6.172740665078162 4
    endloop
  endfacet
  facet normal 0 0 1
    outer loop
      vertex -72 -7.299999999999999 4
      vertex -77.19294476509094 -6.172740665078162 4
      vertex -77.29557904601097 -6.1931558892130845 4
    endloop
  endfacet
  facet normal 0 0 1
    outer loop
      vertex -72 -7.299999999999999 4
      vertex -77.29557904601097 -6.1931558892130845 4
      vertex -77.39999999850988 -6.199999999999999 4
    endloop
  endfacet
  facet normal 0 0 1
    outer loop
      vertex -72 -7.299999999999999 4
      vertex -77 -6.092820328474044 4
      vertex -77.09385325014591 -6.139103625714778 4
    endloop
  endfacet
  facet normal 0 0 1
    outer loop
      vertex -72 -7.299999999999999 4
      vertex -76.91299085319042 -6.034682673215865 4
      vertex -77 -6.092820328474044 4
    endloop
  endfacet
  facet normal 0 0 1
    outer loop
      vertex -72 -7.299999999999999 4
      vertex -76.83431457728148 -5.96568542420864 4
      vertex -76.91299085319042 -6.034682673215865 4
    endloop
  endfacet
  facet normal 0 0 1
    outer loop
      vertex -72 -7.299999999999999 4
      vertex -76.76531732827425 -5.887009148299693 4
      vertex -76.83431457728148 -5.96568542420864 4
    endloop
  endfacet
  facet normal 0 0 1
    outer loop
      vertex -72 -7.299999999999999 4
      vertex -76.70717967301607 -5.800000001490115 4
      vertex -76.76531732827425 -5.887009148299693 4
    endloop
  endfacet
  facet normal 0 0 1
    outer loop
      vertex -72 -7.299999999999999 4
      vertex -76.66089637577534 -5.706146751344203 4
      vertex -76.70717967301607 -5.800000001490115 4
    endloop
  endfacet
  facet normal 0 0 1
    outer loop
      vertex -72 -7.299999999999999 4
      vertex -76.62725933641195 -5.607055236399173 4
      vertex -76.66089637577534 -5.706146751344203 4
    endloop
  endfacet
  facet normal 0 0 1
    outer loop
      vertex -72 -7.299999999999999 4
      vertex -76.60684411227703 -5.504420955479144 4
      vertex -76.62725933641195 -5.607055236399173 4
    endloop
  endfacet
  facet normal 0 0 1
    outer loop
      vertex -72 -7.299999999999999 4
      vertex -76.60000000149012 -5.4000000029802315 4
      vertex -76.60684411227703 -5.504420955479144 4
    endloop
  endfacet
  facet normal 0 0 1
    outer loop
      vertex -67 -13.95 4
      vertex -67 16.05 4
      vertex -68 -10.899999999999999 4
    endloop
  endfacet
  facet normal 1 0 0
    outer loop
      vertex -67 -13.95 4
      vertex -67 -7.446381731365627 3
      vertex -67 16.05 4
    endloop
  endfacet
  facet normal 0 0 1
    outer loop
      vertex -68 -10.899999999999999 4
      vertex -67 16.05 4
      vertex -68 -5.899999999999999 4
    endloop
  endfacet
  facet normal 0 0 1
    outer loop
      vertex -72 -4.899999999999999 4
      vertex -76.60000000149012 7.500000002980233 4
      vertex -76.60000000149012 -5.4000000029802315 4
    endloop
  endfacet
  facet normal 0 0 -1
    outer loop
      vertex -67.49128945610565 -13.807027091826635 0
      vertex -95.03293790800616 -13.95 0
      vertex -101.64981305281097 -12.98279877288237 0
    endloop
  endfacet
  facet normal 0 -1 0
    outer loop
      vertex -67 -13.95 3
      vertex -103 -13.95 4
      vertex -103 -13.95 3
    endloop
  endfacet
  facet normal 0 0 -1
    outer loop
      vertex -102.8282460634728 -13.792097187253125 0
      vertex -92.84933559810023 -6.567505378149673 0
      vertex -101.64981305281097 -12.98279877288237 0
    endloop
  endfacet
  facet normal 0 0 -1
    outer loop
      vertex -95.03293790800616 -13.95 0
      vertex -102.8282460634728 -13.792097187253125 0
      vertex -101.64981305281097 -12.98279877288237 0
    endloop
  endfacet
  facet normal -1 0 0
    outer loop
      vertex -103 -13.95 3
      vertex -103 -13.95 4
      vertex -103 -8.917345239831011 3
    endloop
  endfacet
  facet normal 0 0 1
    outer loop
      vertex -70 -13.399999999999999 4
      vertex -100 -13.399999999999999 4
      vertex -103 -13.95 4
    endloop
  endfacet
  facet normal 0 0 1
    outer loop
      vertex -103 -13.95 4
      vertex -100 -13.399999999999999 4
      vertex -102 -10.899999999999999 4
    endloop
  endfacet
  facet normal 0 0 1
    outer loop
      vertex -100 -13.399999999999999 4
      vertex -100 -10.899999999999999 4
      vertex -102 -10.899999999999999 4
    endloop
  endfacet
  facet normal 0 0 -1
    outer loop
      vertex -77.05195655505533 -6.509405377145653 0
      vertex -92.60000000149012 -6.499999997019767 0
      vertex -77.39999999850988 -6.499999997019767 0
    endloop
  endfacet
  facet normal 0 0 -1
    outer loop
      vertex -92.84933559810023 -6.567505378149673 0
      vertex -92.88470095396042 -6.462518405914306 0
      vertex -92.74357881397009 -6.490589340031146 0
    endloop
  endfacet
  facet normal 0 0 -1
    outer loop
      vertex -92.84933559810023 -6.567505378149673 0
      vertex -93.02095177769661 -6.4162674814462655 0
      vertex -92.88470095396042 -6.462518405914306 0
    endloop
  endfacet
  facet normal 0 0 -1
    outer loop
      vertex -92.84933559810023 -6.567505378149673 0
      vertex -93.14999999850988 -6.352627937495708 0
      vertex -93.02095177769661 -6.4162674814462655 0
    endloop
  endfacet
  facet normal 0 0 -1
    outer loop
      vertex -92.84933559810023 -6.567505378149673 0
      vertex -93.26963756978512 -6.272688668966293 0
      vertex -93.14999999850988 -6.352627937495708 0
    endloop
  endfacet
  facet normal 0 0 -1
    outer loop
      vertex -93.61626748740673 -5.820951771736144 0
      vertex -93.77037211139537 -5.615622845465102 0
      vertex -93.66251841187477 -5.6847009479999535 0
    endloop
  endfacet
  facet normal 0 0 -1
    outer loop
      vertex -93.66251841187477 -5.6847009479999535 0
      vertex -93.77037211139537 -5.615622845465102 0
      vertex -93.69058934599161 -5.543578808009624 0
    endloop
  endfacet
  facet normal 0 0 -1
    outer loop
      vertex -102.8282460634728 -13.792097187253125 0
      vertex -93.26963756978512 -6.272688668966293 0
      vertex -92.84933559810023 -6.567505378149673 0
    endloop
  endfacet
  facet normal 0 0 -1
    outer loop
      vertex -102.8282460634728 -13.792097187253125 0
      vertex -93.37781745940447 -6.177817453444003 0
      vertex -93.26963756978512 -6.272688668966293 0
    endloop
  endfacet
  facet normal 0 0 -1
    outer loop
      vertex -102.8282460634728 -13.792097187253125 0
      vertex -93.47268867492676 -6.069637563824653 0
      vertex -93.37781745940447 -6.177817453444003 0
    endloop
  endfacet
  facet normal 0 0 -1
    outer loop
      vertex -102.8282460634728 -13.792097187253125 0
      vertex -93.55262794345617 -5.949999992549419 0
      vertex -93.47268867492676 -6.069637563824653 0
    endloop
  endfacet
  facet normal 0 0 -1
    outer loop
      vertex -102.8282460634728 -13.792097187253125 0
      vertex -93.61626748740673 -5.820951771736144 0
      vertex -93.55262794345617 -5.949999992549419 0
    endloop
  endfacet
  facet normal 0 0 -1
    outer loop
      vertex -102.8282460634728 -13.792097187253125 0
      vertex -93.77037211139537 -5.615622845465102 0
      vertex -93.61626748740673 -5.820951771736144 0
    endloop
  endfacet
  facet normal 0 0 -1
    outer loop
      vertex -102.8282460634728 -13.792097187253125 0
      vertex -93.78845390738762 -5.481320520617927 0
      vertex -93.77037211139537 -5.615622845465102 0
    endloop
  endfacet
  facet normal 0 0 -1
    outer loop
      vertex -93.70000000298023 -5.399999995529651 0
      vertex -93.7770638613964 -5.470849026713938 0
      vertex -103 2.3634657535116412 0
    endloop
  endfacet
  facet normal 0 0 1
    outer loop
      vertex -77.2 -10.899999999999999 4
      vertex -77.2 -7.299999999999999 4
      vertex -92.8 -10.899999999999999 4
    endloop
  endfacet
  facet normal 0 0 1
    outer loop
      vertex -77.2 -7.299999999999999 4
      vertex -92.8 -7.299999999999999 4
      vertex -92.8 -10.899999999999999 4
    endloop
  endfacet
  facet normal 0 0 1
    outer loop
      vertex -77.2 -7.299999999999999 4
      vertex -77.39999999850988 -6.199999999999999 4
      vertex -92.8 -7.299999999999999 4
    endloop
  endfacet
  facet normal 0 0 1
    outer loop
      vertex -77.39999999850988 -6.199999999999999 4
      vertex -92.60000000149012 -6.199999999999999 4
      vertex -92.8 -7.299999999999999 4
    endloop
  endfacet
  facet normal 0 0 1
    outer loop
      vertex -92.8 -7.299999999999999 4
      vertex -92.60000000149012 -6.199999999999999 4
      vertex -98 -7.299999999999999 4
    endloop
  endfacet
  facet normal 0 0 1
    outer loop
      vertex -92.60000000149012 -6.199999999999999 4
      vertex -92.70442095398903 -6.1931558892130845 4
      vertex -98 -7.299999999999999 4
    endloop
  endfacet
  facet normal 0 0 1
    outer loop
      vertex -92.70442095398903 -6.1931558892130845 4
      vertex -92.80705523490906 -6.172740665078162 4
      vertex -98 -7.299999999999999 4
    endloop
  endfacet
  facet normal 0 0 1
    outer loop
      vertex -92.80705523490906 -6.172740665078162 4
      vertex -92.90614674985409 -6.139103625714778 4
      vertex -98 -7.299999999999999 4
    endloop
  endfacet
  facet normal 0 0 1
    outer loop
      vertex -92.90614674985409 -6.139103625714778 4
      vertex -93 -6.092820328474044 4
      vertex -98 -7.299999999999999 4
    endloop
  endfacet
  facet normal 0 0 1
    outer loop
      vertex -93 -6.092820328474044 4
      vertex -93.08700914680958 -6.034682673215865 4
      vertex -98 -7.299999999999999 4
    endloop
  endfacet
  facet normal 0 0 1
    outer loop
      vertex -93.08700914680958 -6.034682673215865 4
      vertex -93.16568542271852 -5.96568542420864 4
      vertex -98 -7.299999999999999 4
    endloop
  endfacet
  facet normal 0 0 1
    outer loop
      vertex -93.16568542271852 -5.96568542420864 4
      vertex -93.23468267172575 -5.887009148299693 4
      vertex -98 -7.299999999999999 4
    endloop
  endfacet
  facet normal 0 0 1
    outer loop
      vertex -93.23468267172575 -5.887009148299693 4
      vertex -93.29282032698393 -5.800000001490115 4
      vertex -98 -7.299999999999999 4
    endloop
  endfacet
  facet normal 0 0 1
    outer loop
      vertex -93.29282032698393 -5.800000001490115 4
      vertex -93.33910362422466 -5.706146751344203 4
      vertex -98 -7.299999999999999 4
    endloop
  endfacet
  facet normal 0 0 1
    outer loop
      vertex -93.33910362422466 -5.706146751344203 4
      vertex -93.37274066358805 -5.607055236399173 4
      vertex -98 -7.299999999999999 4
    endloop
  endfacet
  facet normal 0 0 1
    outer loop
      vertex -93.37274066358805 -5.607055236399173 4
      vertex -93.39315588772297 -5.504420955479144 4
      vertex -98 -7.299999999999999 4
    endloop
  endfacet
  facet normal 0 0 1
    outer loop
      vertex -93.39315588772297 -5.504420955479144 4
      vertex -93.39999999850988 -5.4000000029802315 4
      vertex -98 -7.299999999999999 4
    endloop
  endfacet
  facet normal 0 0 1
    outer loop
      vertex -93.39999999850988 -5.4000000029802315 4
      vertex -98 -4.899999999999999 4
      vertex -98 -7.299999999999999 4
    endloop
  endfacet
  facet normal 0 0 1
    outer loop
      vertex -100 -5.899999999999999 4
      vertex -100 -4.899999999999999 4
      vertex -102 -5.899999999999999 4
    endloop
  endfacet
  facet normal 0 0 1
    outer loop
      vertex -103 -13.95 4
      vertex -102 -10.899999999999999 4
      vertex -103 16.05 4
    endloop
  endfacet
  facet normal 0 0 1
    outer loop
      vertex -102 -10.899999999999999 4
      vertex -102 -5.899999999999999 4
      vertex -103 16.05 4
    endloop
  endfacet
  facet normal -1 0 0
    outer loop
      vertex -103 -13.95 4
      vertex -103 16.05 4
      vertex -103 -8.917345239831011 3
    endloop
  endfacet
  facet normal 0 0 -1
    outer loop
      vertex -76.97904822230339 8.516267481446267 0
      vertex -72.56687411537982 12.062191136335333 0
      vertex -71.52226334472246 11.892435308603908 0
    endloop
  endfacet
  facet normal 0 0 -1
    outer loop
      vertex -76.33748158812523 7.784700947999955 0
      vertex -76.38373251259327 7.920951771736146 0
      vertex -76.21070156868548 8.070847017164418 0
    endloop
  endfacet
  facet normal 0 0 -1
    outer loop
      vertex -76.29999999701977 7.499999995529652 0
      vertex -76.30941065400839 7.643578808009625 0
      vertex -71.52226334472246 11.892435308603908 0
    endloop
  endfacet
  facet normal 0 0 -1
    outer loop
      vertex -76.30941065400839 7.643578808009625 0
      vertex -76.33748158812523 7.784700947999955 0
      vertex -71.52226334472246 11.892435308603908 0
    endloop
  endfacet
  facet normal 0 0 -1
    outer loop
      vertex -76.33748158812523 7.784700947999955 0
      vertex -76.21070156868548 8.070847017164418 0
      vertex -71.52226334472246 11.892435308603908 0
    endloop
  endfacet
  facet normal 0 0 -1
    outer loop
      vertex -76.21070156868548 8.070847017164418 0
      vertex -76.44737205654383 8.04999999254942 0
      vertex -71.52226334472246 11.892435308603908 0
    endloop
  endfacet
  facet normal 0 0 -1
    outer loop
      vertex -76.44737205654383 8.04999999254942 0
      vertex -76.52731132507324 8.169637563824654 0
      vertex -71.52226334472246 11.892435308603908 0
    endloop
  endfacet
  facet normal 0 0 -1
    outer loop
      vertex -76.52731132507324 8.169637563824654 0
      vertex -76.47925520904808 8.393264994268797 0
      vertex -71.52226334472246 11.892435308603908 0
    endloop
  endfacet
  facet normal 0 0 -1
    outer loop
      vertex -76.47925520904808 8.393264994268797 0
      vertex -76.73036243021488 8.372688668966294 0
      vertex -71.52226334472246 11.892435308603908 0
    endloop
  endfacet
  facet normal 0 0 -1
    outer loop
      vertex -76.73036243021488 8.372688668966294 0
      vertex -76.85000000149012 8.45262793749571 0
      vertex -71.52226334472246 11.892435308603908 0
    endloop
  endfacet
  facet normal 0 0 -1
    outer loop
      vertex -76.85000000149012 8.45262793749571 0
      vertex -76.97904822230339 8.516267481446267 0
      vertex -71.52226334472246 11.892435308603908 0
    endloop
  endfacet
  facet normal 0 0 -1
    outer loop
      vertex -76.52731132507324 8.169637563824654 0
      vertex -76.62218254059553 8.277817453444005 0
      vertex -76.47925520904808 8.393264994268797 0
    endloop
  endfacet
  facet normal 0 0 -1
    outer loop
      vertex -77.25642118602991 8.590589340031148 0
      vertex -77.39999999850988 8.599999997019768 0
      vertex -73.2782014767713 11.552634516600165 0
    endloop
  endfacet
  facet normal 0 0 -1
    outer loop
      vertex -76.97904822230339 8.516267481446267 0
      vertex -77.11529904603958 8.562518405914307 0
      vertex -72.56687411537982 12.062191136335333 0
    endloop
  endfacet
  facet normal 0 0 -1
    outer loop
      vertex -77.11529904603958 8.562518405914307 0
      vertex -77.25642118602991 8.590589340031148 0
      vertex -72.56687411537982 12.062191136335333 0
    endloop
  endfacet
  facet normal 0 0 -1
    outer loop
      vertex -77.25642118602991 8.590589340031148 0
      vertex -73.2782014767713 11.552634516600165 0
      vertex -72.56687411537982 12.062191136335333 0
    endloop
  endfacet
  facet normal 1 0 0
    outer loop
      vertex -67 -7.446381731365627 3
      vertex -67 16.05 3
      vertex -67 16.05 4
    endloop
  endfacet
  facet normal 0 0 1
    outer loop
      vertex -68 -5.899999999999999 4
      vertex -67 16.05 4
      vertex -70 -4.899999999999999 4
    endloop
  endfacet
  facet normal 0 0 1
    outer loop
      vertex -70 -4.899999999999999 4
      vertex -67 16.05 4
      vertex -72 -4.899999999999999 4
    endloop
  endfacet
  facet normal 0 0 1
    outer loop
      vertex -72 -4.899999999999999 4
      vertex -67 16.05 4
      vertex -76.60000000149012 7.500000002980233 4
    endloop
  endfacet
  facet normal 0 0 1
    outer loop
      vertex -76.60000000149012 7.500000002980233 4
      vertex -67 16.05 4
      vertex -76.60684411227703 7.604420955479146 4
    endloop
  endfacet
  facet normal 0 0 1
    outer loop
      vertex -76.60684411227703 7.604420955479146 4
      vertex -67 16.05 4
      vertex -76.62725933641195 7.7070552363991744 4
    endloop
  endfacet
  facet normal 0 0 1
    outer loop
      vertex -76.62725933641195 7.7070552363991744 4
      vertex -67 16.05 4
      vertex -76.66089637577534 7.806146751344205 4
    endloop
  endfacet
  facet normal 0 0 1
    outer loop
      vertex -76.66089637577534 7.806146751344205 4
      vertex -67 16.05 4
      vertex -76.70717967301607 7.900000001490117 4
    endloop
  endfacet
  facet normal 0 0 1
    outer loop
      vertex -76.70717967301607 7.900000001490117 4
      vertex -67 16.05 4
      vertex -76.76531732827425 7.987009148299695 4
    endloop
  endfacet
  facet normal 0 0 1
    outer loop
      vertex -76.76531732827425 7.987009148299695 4
      vertex -67 16.05 4
      vertex -76.83431457728148 8.065685424208642 4
    endloop
  endfacet
  facet normal 0 0 1
    outer loop
      vertex -76.83431457728148 8.065685424208642 4
      vertex -67 16.05 4
      vertex -76.91299085319042 8.134682673215867 4
    endloop
  endfacet
  facet normal 0 0 1
    outer loop
      vertex -76.91299085319042 8.134682673215867 4
      vertex -67 16.05 4
      vertex -77 8.192820328474046 4
    endloop
  endfacet
  facet normal 0 0 1
    outer loop
      vertex -77 8.192820328474046 4
      vertex -67 16.05 4
      vertex -77.09385325014591 8.23910362571478 4
    endloop
  endfacet
  facet normal 0 0 1
    outer loop
      vertex -77.09385325014591 8.23910362571478 4
      vertex -67 16.05 4
      vertex -77.19294476509094 8.272740665078164 4
    endloop
  endfacet
  facet normal 0 0 1
    outer loop
      vertex -77.19294476509094 8.272740665078164 4
      vertex -67 16.05 4
      vertex -77.29557904601097 8.293155889213086 4
    endloop
  endfacet
  facet normal 0 0 1
    outer loop
      vertex -77.29557904601097 8.293155889213086 4
      vertex -67 16.05 4
      vertex -77.39999999850988 8.3 4
    endloop
  endfacet
  facet normal 0 0 1
    outer loop
      vertex -77.39999999850988 8.3 4
      vertex -67 16.05 4
      vertex -92.60000000149012 8.3 4
    endloop
  endfacet
  facet normal 0 1 0
    outer loop
      vertex -67 16.05 3
      vertex -103 16.05 3
      vertex -67 16.05 4
    endloop
  endfacet
  facet normal 0 0 -1
    outer loop
      vertex -92.88470095396042 8.562518405914307 0
      vertex -93.02095177769661 8.516267481446267 0
      vertex -92.98315019768755 8.635391871839886 0
    endloop
  endfacet
  facet normal 0 0 -1
    outer loop
      vertex -93.14999999850988 8.45262793749571 0
      vertex -92.98315019768755 8.635391871839886 0
      vertex -93.02095177769661 8.516267481446267 0
    endloop
  endfacet
  facet normal 0 0 -1
    outer loop
      vertex -92.74357881397009 8.590589340031148 0
      vertex -95.36521733710111 10.580852801009641 0
      vertex -92.60000000149012 8.599999997019768 0
    endloop
  endfacet
  facet normal 0 0 -1
    outer loop
      vertex -93.70000000298023 -5.399999995529651 0
      vertex -103 2.3634657535116412 0
      vertex -103 15.992059427165586 0
    endloop
  endfacet
  facet normal 0 0 -1
    outer loop
      vertex -93.70000000298023 -5.399999995529651 0
      vertex -102.58388392397607 15.928903720021955 0
      vertex -93.70000000298023 7.499999995529652 0
    endloop
  endfacet
  facet normal 0 0 -1
    outer loop
      vertex -93.47268867492676 8.169637563824654 0
      vertex -102.58388392397607 15.928903720021955 0
      vertex -93.37781745940447 8.277817453444005 0
    endloop
  endfacet
  facet normal 0 0 -1
    outer loop
      vertex -93.37781745940447 8.277817453444005 0
      vertex -102.58388392397607 15.928903720021955 0
      vertex -93.26963756978512 8.372688668966294 0
    endloop
  endfacet
  facet normal 0 0 -1
    outer loop
      vertex -93.14999999850988 8.45262793749571 0
      vertex -93.26963756978512 8.372688668966294 0
      vertex -102.58388392397607 15.928903720021955 0
    endloop
  endfacet
  facet normal 0 0 -1
    outer loop
      vertex -93.70000000298023 7.499999995529652 0
      vertex -102.58388392397607 15.928903720021955 0
      vertex -93.69058934599161 7.643578808009625 0
    endloop
  endfacet
  facet normal 0 0 -1
    outer loop
      vertex -93.69058934599161 7.643578808009625 0
      vertex -102.58388392397607 15.928903720021955 0
      vertex -93.66251841187477 7.784700947999955 0
    endloop
  endfacet
  facet normal 0 0 -1
    outer loop
      vertex -93.66251841187477 7.784700947999955 0
      vertex -102.58388392397607 15.928903720021955 0
      vertex -93.61626748740673 7.920951771736146 0
    endloop
  endfacet
  facet normal 0 0 -1
    outer loop
      vertex -93.61626748740673 7.920951771736146 0
      vertex -102.58388392397607 15.928903720021955 0
      vertex -93.55262794345617 8.04999999254942 0
    endloop
  endfacet
  facet normal 0 0 -1
    outer loop
      vertex -93.55262794345617 8.04999999254942 0
      vertex -102.58388392397607 15.928903720021955 0
      vertex -93.47268867492676 8.169637563824654 0
    endloop
  endfacet
  facet normal 0 0 -1
    outer loop
      vertex -93.70000000298023 -5.399999995529651 0
      vertex -103 15.992059427165586 0
      vertex -102.58388392397607 15.928903720021955 0
    endloop
  endfacet
  facet normal -1 0 0
    outer loop
      vertex -103 -8.917345239831011 3
      vertex -103 16.05 4
      vertex -103 16.05 3
    endloop
  endfacet
  facet normal 0 0 1
    outer loop
      vertex -93.39999999850988 -5.4000000029802315 4
      vertex -103 16.05 4
      vertex -98 -4.899999999999999 4
    endloop
  endfacet
  facet normal 0 0 1
    outer loop
      vertex -98 -4.899999999999999 4
      vertex -103 16.05 4
      vertex -100 -4.899999999999999 4
    endloop
  endfacet
  facet normal 0 0 1
    outer loop
      vertex -102 -5.899999999999999 4
      vertex -100 -4.899999999999999 4
      vertex -103 16.05 4
    endloop
  endfacet
  facet normal 0 0 1
    outer loop
      vertex -93.39999999850988 -5.4000000029802315 4
      vertex -93.39999999850988 7.500000002980233 4
      vertex -103 16.05 4
    endloop
  endfacet
  facet normal 0 0 1
    outer loop
      vertex -93.23468267172575 7.987009148299695 4
      vertex -103 16.05 4
      vertex -93.29282032698393 7.900000001490117 4
    endloop
  endfacet
  facet normal 0 0 1
    outer loop
      vertex -93.23468267172575 7.987009148299695 4
      vertex -93.16568542271852 8.065685424208642 4
      vertex -103 16.05 4
    endloop
  endfacet
  facet normal 0 0 1
    outer loop
      vertex -93 8.192820328474046 4
      vertex -92.90614674985409 8.23910362571478 4
      vertex -103 16.05 4
    endloop
  endfacet
  facet normal 0 0 1
    outer loop
      vertex -93.08700914680958 8.134682673215867 4
      vertex -93 8.192820328474046 4
      vertex -103 16.05 4
    endloop
  endfacet
  facet normal 0 0 1
    outer loop
      vertex -93.16568542271852 8.065685424208642 4
      vertex -93.08700914680958 8.134682673215867 4
      vertex -103 16.05 4
    endloop
  endfacet
  facet normal 0 0 1
    outer loop
      vertex -92.60000000149012 8.3 4
      vertex -103 16.05 4
      vertex -92.70442095398903 8.293155889213086 4
    endloop
  endfacet
  facet normal 0 0 1
    outer loop
      vertex -92.70442095398903 8.293155889213086 4
      vertex -103 16.05 4
      vertex -92.80705523490906 8.272740665078164 4
    endloop
  endfacet
  facet normal 0 0 1
    outer loop
      vertex -92.90614674985409 8.23910362571478 4
      vertex -92.80705523490906 8.272740665078164 4
      vertex -103 16.05 4
    endloop
  endfacet
  facet normal 0 0 1
    outer loop
      vertex -93.39999999850988 7.500000002980233 4
      vertex -93.39315588772297 7.604420955479146 4
      vertex -103 16.05 4
    endloop
  endfacet
  facet normal 0 0 1
    outer loop
      vertex -93.39315588772297 7.604420955479146 4
      vertex -93.37274066358805 7.7070552363991744 4
      vertex -103 16.05 4
    endloop
  endfacet
  facet normal 0 0 1
    outer loop
      vertex -93.37274066358805 7.7070552363991744 4
      vertex -93.33910362422466 7.806146751344205 4
      vertex -103 16.05 4
    endloop
  endfacet
  facet normal 0 0 1
    outer loop
      vertex -93.33910362422466 7.806146751344205 4
      vertex -93.29282032698393 7.900000001490117 4
      vertex -103 16.05 4
    endloop
  endfacet
  facet normal 0 0 -1
    outer loop
      vertex -77.39999999850988 8.599999997019768 0
      vertex -102.58388392397607 15.928903720021955 0
      vertex -73.2782014767713 11.552634516600165 0
    endloop
  endfacet
  facet normal 0 0 -1
    outer loop
      vertex -77.39999999850988 8.599999997019768 0
      vertex -95.36521733710111 10.580852801009641 0
      vertex -102.58388392397607 15.928903720021955 0
    endloop
  endfacet
  facet normal 0 0 -1
    outer loop
      vertex -92.74357881397009 8.590589340031148 0
      vertex -92.98315019768755 8.635391871839886 0
      vertex -102.58388392397607 15.928903720021955 0
    endloop
  endfacet
  facet normal 0 0 -1
    outer loop
      vertex -93.14999999850988 8.45262793749571 0
      vertex -102.58388392397607 15.928903720021955 0
      vertex -92.98315019768755 8.635391871839886 0
    endloop
  endfacet
  facet normal 0 0 -1
    outer loop
      vertex -92.74357881397009 8.590589340031148 0
      vertex -102.58388392397607 15.928903720021955 0
      vertex -95.36521733710111 10.580852801009641 0
    endloop
  endfacet
  facet normal 0 0 1
    outer loop
      vertex -92.60000000149012 8.3 4
      vertex -67 16.05 4
      vertex -103 16.05 4
    endloop
  endfacet
  facet normal 0 1 0
    outer loop
      vertex -67 16.05 4
      vertex -103 16.05 3
      vertex -103 16.05 4
    endloop
  endfacet
  facet normal -1 0 0
    outer loop
      vertex -72 -7.299999999999999 4
      vertex -72 -7.299999999999999 9.34
      vertex -72 -4.899999999999999 4
    endloop
  endfacet
  facet normal 1 0 0
    outer loop
      vertex -70 -10.899999999999999 9
      vertex -70 -5.899999999999999 4
      vertex -70 -7.299999999999999 5.49793964216426
    endloop
  endfacet
  facet normal 1 0 0
    outer loop
      vertex -70 -7.299999999999999 5.49793964216426
      vertex -70 -5.899999999999999 4
      vertex -70 -7.299999999999999 9.34
    endloop
  endfacet
  facet normal 1 0 0
    outer loop
      vertex -70 -10.899999999999999 9
      vertex -70 -7.299999999999999 5.49793964216426
      vertex -70 -10.845628997867802 9.291609808102345
    endloop
  endfacet
  facet normal 1 0 0
    outer loop
      vertex -70 -10.899999999999999 9
      vertex -70 -10.845628997867802 9.291609808102345
      vertex -70 -10.899999999999999 9.34
    endloop
  endfacet
  facet normal 1 0 0
    outer loop
      vertex -70 -5.899999999999999 4
      vertex -70 -4.899999999999999 14
      vertex -70 -7.299999999999999 9.34
    endloop
  endfacet
  facet normal -1 0 0
    outer loop
      vertex -72 -7.299999999999999 9.34
      vertex -72 -7.299999999999999 14
      vertex -72 -4.899999999999999 4
    endloop
  endfacet
  facet normal 1 0 0
    outer loop
      vertex -70 -5.899999999999999 4
      vertex -70 -4.899999999999999 4
      vertex -70 -4.899999999999999 14
    endloop
  endfacet
  facet normal 0 1 0
    outer loop
      vertex -70 -4.899999999999999 4
      vertex -72 -4.899999999999999 4
      vertex -72 -4.899999999999999 14
    endloop
  endfacet
  facet normal -1 0 0
    outer loop
      vertex -72 -4.899999999999999 4
      vertex -72 -7.299999999999999 14
      vertex -72 -4.899999999999999 14
    endloop
  endfacet
  facet normal 1 0 0
    outer loop
      vertex -70 -7.299999999999999 9.34
      vertex -70 -4.899999999999999 14
      vertex -70 -7.299999999999999 14
    endloop
  endfacet
  facet normal 0 1 0
    outer loop
      vertex -70 -4.899999999999999 4
      vertex -72 -4.899999999999999 14
      vertex -70 -4.899999999999999 14
    endloop
  endfacet
  facet normal 1 0 0
    outer loop
      vertex -98 -7.299999999999999 4
      vertex -98 -4.899999999999999 4
      vertex -98 -7.299999999999999 9.34
    endloop
  endfacet
  facet normal -1 0 0
    outer loop
      vertex -100 -5.899999999999999 4
      vertex -100 -7.299999999999999 9.34
      vertex -100 -4.899999999999999 4
    endloop
  endfacet
  facet normal -1 0 0
    outer loop
      vertex -100 -7.299999999999999 5.4
      vertex -100 -7.299999999999999 9.34
      vertex -100 -5.899999999999999 4
    endloop
  endfacet
  facet normal 1 0 0
    outer loop
      vertex -98 -7.299999999999999 9.34
      vertex -98 -4.899999999999999 4
      vertex -98 -4.899999999999999 14
    endloop
  endfacet
  facet normal -1 0 0
    outer loop
      vertex -100 -7.299999999999999 9.34
      vertex -100 -7.299999999999999 14
      vertex -100 -4.899999999999999 4
    endloop
  endfacet
  facet normal 0 1 0
    outer loop
      vertex -98 -4.899999999999999 4
      vertex -100 -4.899999999999999 4
      vertex -100 -4.899999999999999 14
    endloop
  endfacet
  facet normal -1 0 0
    outer loop
      vertex -100 -4.899999999999999 4
      vertex -100 -7.299999999999999 14
      vertex -100 -4.899999999999999 14
    endloop
  endfacet
  facet normal 1 0 0
    outer loop
      vertex -98 -7.299999999999999 9.34
      vertex -98 -4.899999999999999 14
      vertex -98 -7.299999999999999 14
    endloop
  endfacet
  facet normal 0 1 0
    outer loop
      vertex -98 -4.899999999999999 4
      vertex -100 -4.899999999999999 14
      vertex -98 -4.899999999999999 14
    endloop
  endfacet
  facet normal 0 -1 0
    outer loop
      vertex -70 -13.399999999999999 4
      vertex -74.63115809244792 -13.399999999999999 4.953688221801904
      vertex -74.84 -13.399999999999999 4.9399999999999995
    endloop
  endfacet
  facet normal 0 -1 0
    outer loop
      vertex -70 -13.399999999999999 4
      vertex -74.22770650821586 -13.399999999999999 5.061792747981941
      vertex -74.42588952783596 -13.399999999999999 4.99451867793749
    endloop
  endfacet
  facet normal 0 -1 0
    outer loop
      vertex -70 -13.399999999999999 4
      vertex -74.42588952783596 -13.399999999999999 4.99451867793749
      vertex -74.63115809244792 -13.399999999999999 4.953688221801904
    endloop
  endfacet
  facet normal 0 -1 0
    outer loop
      vertex -70 -13.399999999999999 4
      vertex -73.86598171358605 -13.399999999999999 5.270634655534024
      vertex -74.03999999999999 -13.399999999999999 5.154359353944898
    endloop
  endfacet
  facet normal 0 -1 0
    outer loop
      vertex -70 -13.399999999999999 4
      vertex -74.03999999999999 -13.399999999999999 5.154359353944898
      vertex -74.22770650821586 -13.399999999999999 5.061792747981941
    endloop
  endfacet
  facet normal 0 -1 0
    outer loop
      vertex -70 -13.399999999999999 4
      vertex -74.84 -13.399999999999999 4.9399999999999995
      vertex -75.04884190755209 -13.399999999999999 4.953688221801904
    endloop
  endfacet
  facet normal 0 -1 0
    outer loop
      vertex -70 -13.399999999999999 4
      vertex -73.70862915010153 -13.399999999999999 5.408629150101524
      vertex -73.86598171358605 -13.399999999999999 5.270634655534024
    endloop
  endfacet
  facet normal 0 -1 0
    outer loop
      vertex -70 -13.399999999999999 4
      vertex -73.57063465553402 -13.399999999999999 5.565981713586047
      vertex -73.70862915010153 -13.399999999999999 5.408629150101524
    endloop
  endfacet
  facet normal 0 -1 0
    outer loop
      vertex -70 -13.399999999999999 4
      vertex -73.4543593539449 -13.399999999999999 5.74
      vertex -73.57063465553402 -13.399999999999999 5.565981713586047
    endloop
  endfacet
  facet normal 0 -1 0
    outer loop
      vertex -70 -13.399999999999999 4
      vertex -73.36179274798194 -13.399999999999999 5.927706508215857
      vertex -73.4543593539449 -13.399999999999999 5.74
    endloop
  endfacet
  facet normal 1 0 0
    outer loop
      vertex -70 -13.399999999999999 4
      vertex -70 -10.899999999999999 4
      vertex -70 -10.899999999999999 9
    endloop
  endfacet
  facet normal 0 -1 0
    outer loop
      vertex -70 -13.399999999999999 4
      vertex -73.29451867793749 -13.399999999999999 6.125889527835967
      vertex -73.36179274798194 -13.399999999999999 5.927706508215857
    endloop
  endfacet
  facet normal 0 -1 0
    outer loop
      vertex -70 -13.399999999999999 4
      vertex -73.25368822180191 -13.399999999999999 6.331158092447917
      vertex -73.29451867793749 -13.399999999999999 6.125889527835967
    endloop
  endfacet
  facet normal 0 -1 0
    outer loop
      vertex -70 -13.399999999999999 4
      vertex -73.24 -13.399999999999999 6.54
      vertex -73.25368822180191 -13.399999999999999 6.331158092447917
    endloop
  endfacet
  facet normal 0 -1 0
    outer loop
      vertex -70 -13.399999999999999 4
      vertex -73.25368822180191 -13.399999999999999 6.748841907552083
      vertex -73.24 -13.399999999999999 6.54
    endloop
  endfacet
  facet normal 0 -1 0
    outer loop
      vertex -70 -13.399999999999999 4
      vertex -73.29451867793749 -13.399999999999999 6.954110472164033
      vertex -73.25368822180191 -13.399999999999999 6.748841907552083
    endloop
  endfacet
  facet normal 0 -1 0
    outer loop
      vertex -70 -13.399999999999999 4
      vertex -73.36179274798194 -13.399999999999999 7.152293491784143
      vertex -73.29451867793749 -13.399999999999999 6.954110472164033
    endloop
  endfacet
  facet normal 0 -1 0
    outer loop
      vertex -70 -13.399999999999999 4
      vertex -73.4543593539449 -13.399999999999999 7.34
      vertex -73.36179274798194 -13.399999999999999 7.152293491784143
    endloop
  endfacet
  facet normal 0 -1 0
    outer loop
      vertex -70 -13.399999999999999 4
      vertex -70 -13.399999999999999 9.34
      vertex -73.4543593539449 -13.399999999999999 7.34
    endloop
  endfacet
  facet normal 0 -1 0
    outer loop
      vertex -70 -13.399999999999999 4
      vertex -95.16 -13.399999999999999 4.9399999999999995
      vertex -100 -13.399999999999999 4
    endloop
  endfacet
  facet normal 0 -1 0
    outer loop
      vertex -70 -13.399999999999999 4
      vertex -94.74588952783597 -13.399999999999999 4.99451867793749
      vertex -94.95115809244791 -13.399999999999999 4.953688221801904
    endloop
  endfacet
  facet normal 0 -1 0
    outer loop
      vertex -70 -13.399999999999999 4
      vertex -94.54770650821585 -13.399999999999999 5.061792747981941
      vertex -94.74588952783597 -13.399999999999999 4.99451867793749
    endloop
  endfacet
  facet normal 0 -1 0
    outer loop
      vertex -70 -13.399999999999999 4
      vertex -94.18598171358605 -13.399999999999999 5.270634655534024
      vertex -94.36 -13.399999999999999 5.154359353944898
    endloop
  endfacet
  facet normal 0 -1 0
    outer loop
      vertex -70 -13.399999999999999 4
      vertex -94.36 -13.399999999999999 5.154359353944898
      vertex -94.54770650821585 -13.399999999999999 5.061792747981941
    endloop
  endfacet
  facet normal 0 -1 0
    outer loop
      vertex -70 -13.399999999999999 4
      vertex -94.95115809244791 -13.399999999999999 4.953688221801904
      vertex -95.16 -13.399999999999999 4.9399999999999995
    endloop
  endfacet
  facet normal 0 -1 0
    outer loop
      vertex -70 -13.399999999999999 4
      vertex -94.02862915010152 -13.399999999999999 5.408629150101524
      vertex -94.18598171358605 -13.399999999999999 5.270634655534024
    endloop
  endfacet
  facet normal 0 -1 0
    outer loop
      vertex -70 -13.399999999999999 4
      vertex -93.89063465553403 -13.399999999999999 5.565981713586047
      vertex -94.02862915010152 -13.399999999999999 5.408629150101524
    endloop
  endfacet
  facet normal 0 -1 0
    outer loop
      vertex -70 -13.399999999999999 4
      vertex -93.7743593539449 -13.399999999999999 5.74
      vertex -93.89063465553403 -13.399999999999999 5.565981713586047
    endloop
  endfacet
  facet normal 0 -1 0
    outer loop
      vertex -70 -13.399999999999999 4
      vertex -93.68179274798194 -13.399999999999999 5.927706508215857
      vertex -93.7743593539449 -13.399999999999999 5.74
    endloop
  endfacet
  facet normal 0 -1 0
    outer loop
      vertex -70 -13.399999999999999 4
      vertex -75.04884190755209 -13.399999999999999 4.953688221801904
      vertex -100 -13.399999999999999 9.34
    endloop
  endfacet
  facet normal 0 -1 0
    outer loop
      vertex -70 -13.399999999999999 4
      vertex -93.6145186779375 -13.399999999999999 6.125889527835967
      vertex -93.68179274798194 -13.399999999999999 5.927706508215857
    endloop
  endfacet
  facet normal 0 -1 0
    outer loop
      vertex -70 -13.399999999999999 4
      vertex -93.5736882218019 -13.399999999999999 6.331158092447917
      vertex -93.6145186779375 -13.399999999999999 6.125889527835967
    endloop
  endfacet
  facet normal 0 -1 0
    outer loop
      vertex -70 -13.399999999999999 4
      vertex -93.56 -13.399999999999999 6.54
      vertex -93.5736882218019 -13.399999999999999 6.331158092447917
    endloop
  endfacet
  facet normal 0 -1 0
    outer loop
      vertex -70 -13.399999999999999 4
      vertex -93.5736882218019 -13.399999999999999 6.748841907552083
      vertex -93.56 -13.399999999999999 6.54
    endloop
  endfacet
  facet normal 0 -1 0
    outer loop
      vertex -70 -13.399999999999999 4
      vertex -93.6145186779375 -13.399999999999999 6.954110472164033
      vertex -93.5736882218019 -13.399999999999999 6.748841907552083
    endloop
  endfacet
  facet normal 0 -1 0
    outer loop
      vertex -70 -13.399999999999999 4
      vertex -93.68179274798194 -13.399999999999999 7.152293491784143
      vertex -93.6145186779375 -13.399999999999999 6.954110472164033
    endloop
  endfacet
  facet normal 0 -1 0
    outer loop
      vertex -75.04884190755209 -13.399999999999999 4.953688221801904
      vertex -75.25411047216403 -13.399999999999999 4.99451867793749
      vertex -100 -13.399999999999999 9.34
    endloop
  endfacet
  facet normal 0 -1 0
    outer loop
      vertex -75.25411047216403 -13.399999999999999 4.99451867793749
      vertex -75.45229349178415 -13.399999999999999 5.061792747981941
      vertex -100 -13.399999999999999 9.34
    endloop
  endfacet
  facet normal 0 -1 0
    outer loop
      vertex -75.45229349178415 -13.399999999999999 5.061792747981941
      vertex -75.64 -13.399999999999999 5.154359353944898
      vertex -100 -13.399999999999999 9.34
    endloop
  endfacet
  facet normal 0 -1 0
    outer loop
      vertex -75.64 -13.399999999999999 5.154359353944898
      vertex -75.81401828641395 -13.399999999999999 5.270634655534024
      vertex -100 -13.399999999999999 9.34
    endloop
  endfacet
  facet normal 0 -1 0
    outer loop
      vertex -75.81401828641395 -13.399999999999999 5.270634655534024
      vertex -75.97137084989848 -13.399999999999999 5.408629150101524
      vertex -100 -13.399999999999999 9.34
    endloop
  endfacet
  facet normal 0 -1 0
    outer loop
      vertex -75.97137084989848 -13.399999999999999 5.408629150101524
      vertex -76.10936534446597 -13.399999999999999 5.565981713586047
      vertex -100 -13.399999999999999 9.34
    endloop
  endfacet
  facet normal 0 -1 0
    outer loop
      vertex -76.10936534446597 -13.399999999999999 5.565981713586047
      vertex -76.2256406460551 -13.399999999999999 5.74
      vertex -100 -13.399999999999999 9.34
    endloop
  endfacet
  facet normal 0 -1 0
    outer loop
      vertex -70 -13.399999999999999 4
      vertex -93.7743593539449 -13.399999999999999 7.34
      vertex -93.68179274798194 -13.399999999999999 7.152293491784143
    endloop
  endfacet
  facet normal 0 -1 0
    outer loop
      vertex -70 -13.399999999999999 4
      vertex -93.89063465553403 -13.399999999999999 7.514018286413953
      vertex -93.7743593539449 -13.399999999999999 7.34
    endloop
  endfacet
  facet normal 0 -1 0
    outer loop
      vertex -70 -13.399999999999999 4
      vertex -94.02862915010152 -13.399999999999999 7.6713708498984765
      vertex -93.89063465553403 -13.399999999999999 7.514018286413953
    endloop
  endfacet
  facet normal 0 -1 0
    outer loop
      vertex -70 -13.399999999999999 4
      vertex -94.18598171358605 -13.399999999999999 7.809365344465976
      vertex -94.02862915010152 -13.399999999999999 7.6713708498984765
    endloop
  endfacet
  facet normal 0 -1 0
    outer loop
      vertex -70 -13.399999999999999 4
      vertex -94.36 -13.399999999999999 7.925640646055102
      vertex -94.18598171358605 -13.399999999999999 7.809365344465976
    endloop
  endfacet
  facet normal 0 -1 0
    outer loop
      vertex -70 -13.399999999999999 4
      vertex -94.54770650821585 -13.399999999999999 8.018207252018058
      vertex -94.36 -13.399999999999999 7.925640646055102
    endloop
  endfacet
  facet normal 0 -1 0
    outer loop
      vertex -70 -13.399999999999999 4
      vertex -94.74588952783597 -13.399999999999999 8.08548132206251
      vertex -94.54770650821585 -13.399999999999999 8.018207252018058
    endloop
  endfacet
  facet normal 0 -1 0
    outer loop
      vertex -70 -13.399999999999999 4
      vertex -94.95115809244791 -13.399999999999999 8.126311778198097
      vertex -94.74588952783597 -13.399999999999999 8.08548132206251
    endloop
  endfacet
  facet normal 0 -1 0
    outer loop
      vertex -95.16 -13.399999999999999 4.9399999999999995
      vertex -95.36884190755208 -13.399999999999999 4.953688221801904
      vertex -100 -13.399999999999999 4
    endloop
  endfacet
  facet normal 0 -1 0
    outer loop
      vertex -95.36884190755208 -13.399999999999999 4.953688221801904
      vertex -95.57411047216404 -13.399999999999999 4.99451867793749
      vertex -100 -13.399999999999999 4
    endloop
  endfacet
  facet normal 0 -1 0
    outer loop
      vertex -95.57411047216404 -13.399999999999999 4.99451867793749
      vertex -95.77229349178414 -13.399999999999999 5.061792747981941
      vertex -100 -13.399999999999999 4
    endloop
  endfacet
  facet normal 0 -1 0
    outer loop
      vertex -95.77229349178414 -13.399999999999999 5.061792747981941
      vertex -95.96000000000001 -13.399999999999999 5.154359353944898
      vertex -100 -13.399999999999999 4
    endloop
  endfacet
  facet normal 0 -1 0
    outer loop
      vertex -95.96000000000001 -13.399999999999999 5.154359353944898
      vertex -96.13401828641395 -13.399999999999999 5.270634655534024
      vertex -100 -13.399999999999999 4
    endloop
  endfacet
  facet normal 0 -1 0
    outer loop
      vertex -96.13401828641395 -13.399999999999999 5.270634655534024
      vertex -96.29137084989847 -13.399999999999999 5.408629150101524
      vertex -100 -13.399999999999999 4
    endloop
  endfacet
  facet normal 0 -1 0
    outer loop
      vertex -96.29137084989847 -13.399999999999999 5.408629150101524
      vertex -96.42936534446598 -13.399999999999999 5.565981713586047
      vertex -100 -13.399999999999999 4
    endloop
  endfacet
  facet normal 0 -1 0
    outer loop
      vertex -96.42936534446598 -13.399999999999999 5.565981713586047
      vertex -96.5456406460551 -13.399999999999999 5.74
      vertex -100 -13.399999999999999 4
    endloop
  endfacet
  facet normal 0 -1 0
    outer loop
      vertex -100 -13.399999999999999 4
      vertex -96.5456406460551 -13.399999999999999 5.74
      vertex -96.63820725201806 -13.399999999999999 5.927706508215857
    endloop
  endfacet
  facet normal -1 0 0
    outer loop
      vertex -100 -13.399999999999999 4
      vertex -100 -10.899999999999999 7.151475409836065
      vertex -100 -10.899999999999999 4
    endloop
  endfacet
  facet normal 0 -1 0
    outer loop
      vertex -100 -13.399999999999999 4
      vertex -96.63820725201806 -13.399999999999999 5.927706508215857
      vertex -96.70548132206251 -13.399999999999999 6.125889527835967
    endloop
  endfacet
  facet normal 0 -1 0
    outer loop
      vertex -100 -13.399999999999999 4
      vertex -96.70548132206251 -13.399999999999999 6.125889527835967
      vertex -100 -13.399999999999999 9.34
    endloop
  endfacet
  facet normal -1 0 0
    outer loop
      vertex -100 -13.399999999999999 4
      vertex -100 -13.399999999999999 9.34
      vertex -100 -10.899999999999999 7.151475409836065
    endloop
  endfacet
  facet normal 0 1 0
    outer loop
      vertex -77.2 -10.899999999999999 4
      vertex -92.8 -10.899999999999999 4
      vertex -77.2 -10.899999999999999 9.34
    endloop
  endfacet
  facet normal 1 0 0
    outer loop
      vertex -70 -13.399999999999999 4
      vertex -70 -10.899999999999999 9
      vertex -70 -13.040935987089831 9.34
    endloop
  endfacet
  facet normal 1 0 0
    outer loop
      vertex -70 -13.040935987089831 9.34
      vertex -70 -10.899999999999999 9
      vertex -70 -10.899999999999999 9.34
    endloop
  endfacet
  facet normal 0 -1 0
    outer loop
      vertex -73.4543593539449 -13.399999999999999 7.34
      vertex -70 -13.399999999999999 14
      vertex -73.57063465553402 -13.399999999999999 7.514018286413953
    endloop
  endfacet
  facet normal 0 -1 0
    outer loop
      vertex -73.57063465553402 -13.399999999999999 7.514018286413953
      vertex -70 -13.399999999999999 14
      vertex -73.70862915010153 -13.399999999999999 7.6713708498984765
    endloop
  endfacet
  facet normal 0 -1 0
    outer loop
      vertex -73.70862915010153 -13.399999999999999 7.6713708498984765
      vertex -70 -13.399999999999999 14
      vertex -73.86598171358605 -13.399999999999999 7.809365344465976
    endloop
  endfacet
  facet normal 0 -1 0
    outer loop
      vertex -73.86598171358605 -13.399999999999999 7.809365344465976
      vertex -70 -13.399999999999999 14
      vertex -74.03999999999999 -13.399999999999999 7.925640646055102
    endloop
  endfacet
  facet normal 0 -1 0
    outer loop
      vertex -74.03999999999999 -13.399999999999999 7.925640646055102
      vertex -70 -13.399999999999999 14
      vertex -74.22770650821586 -13.399999999999999 8.018207252018058
    endloop
  endfacet
  facet normal 0 -1 0
    outer loop
      vertex -74.22770650821586 -13.399999999999999 8.018207252018058
      vertex -70 -13.399999999999999 14
      vertex -74.42588952783596 -13.399999999999999 8.08548132206251
    endloop
  endfacet
  facet normal 0 -1 0
    outer loop
      vertex -75.25411047216403 -13.399999999999999 8.08548132206251
      vertex -70 -13.399999999999999 14
      vertex -75.45229349178415 -13.399999999999999 8.018207252018058
    endloop
  endfacet
  facet normal 0 -1 0
    outer loop
      vertex -75.64 -13.399999999999999 7.925640646055102
      vertex -75.45229349178415 -13.399999999999999 8.018207252018058
      vertex -70 -13.399999999999999 14
    endloop
  endfacet
  facet normal 0 -1 0
    outer loop
      vertex -73.4543593539449 -13.399999999999999 7.34
      vertex -70 -13.399999999999999 9.34
      vertex -70 -13.399999999999999 14
    endloop
  endfacet
  facet normal 0 -1 0
    outer loop
      vertex -74.42588952783596 -13.399999999999999 8.08548132206251
      vertex -70 -13.399999999999999 14
      vertex -74.63115809244792 -13.399999999999999 8.126311778198097
    endloop
  endfacet
  facet normal 0 -1 0
    outer loop
      vertex -74.63115809244792 -13.399999999999999 8.126311778198097
      vertex -70 -13.399999999999999 14
      vertex -74.84 -13.399999999999999 8.14
    endloop
  endfacet
  facet normal 0 -1 0
    outer loop
      vertex -74.84 -13.399999999999999 8.14
      vertex -70 -13.399999999999999 14
      vertex -75.04884190755209 -13.399999999999999 8.126311778198097
    endloop
  endfacet
  facet normal 0 -1 0
    outer loop
      vertex -75.25411047216403 -13.399999999999999 8.08548132206251
      vertex -75.04884190755209 -13.399999999999999 8.126311778198097
      vertex -70 -13.399999999999999 14
    endloop
  endfacet
  facet normal 1 0 0
    outer loop
      vertex -70 -13.040935987089831 9.34
      vertex -70 -10.899999999999999 9.34
      vertex -70 -12.727595481441634 14
    endloop
  endfacet
  facet normal 1 0 0
    outer loop
      vertex -70 -10.899999999999999 9.34
      vertex -70 -10.899999999999999 14
      vertex -70 -12.727595481441634 14
    endloop
  endfacet
  facet normal 0 -1 0
    outer loop
      vertex -76.2256406460551 -13.399999999999999 5.74
      vertex -76.31820725201806 -13.399999999999999 5.927706508215857
      vertex -100 -13.399999999999999 9.34
    endloop
  endfacet
  facet normal 0 -1 0
    outer loop
      vertex -76.31820725201806 -13.399999999999999 5.927706508215857
      vertex -76.3854813220625 -13.399999999999999 6.125889527835967
      vertex -100 -13.399999999999999 9.34
    endloop
  endfacet
  facet normal 0 -1 0
    outer loop
      vertex -76.3854813220625 -13.399999999999999 6.125889527835967
      vertex -76.4263117781981 -13.399999999999999 6.331158092447917
      vertex -100 -13.399999999999999 9.34
    endloop
  endfacet
  facet normal 0 -1 0
    outer loop
      vertex -76.4263117781981 -13.399999999999999 6.331158092447917
      vertex -76.44 -13.399999999999999 6.54
      vertex -100 -13.399999999999999 9.34
    endloop
  endfacet
  facet normal 0 -1 0
    outer loop
      vertex -76.44 -13.399999999999999 6.54
      vertex -76.4263117781981 -13.399999999999999 6.748841907552083
      vertex -100 -13.399999999999999 9.34
    endloop
  endfacet
  facet normal 0 -1 0
    outer loop
      vertex -76.3854813220625 -13.399999999999999 6.954110472164033
      vertex -100 -13.399999999999999 9.34
      vertex -76.4263117781981 -13.399999999999999 6.748841907552083
    endloop
  endfacet
  facet normal 0 -1 0
    outer loop
      vertex -76.3854813220625 -13.399999999999999 6.954110472164033
      vertex -76.31820725201806 -13.399999999999999 7.152293491784143
      vertex -100 -13.399999999999999 9.34
    endloop
  endfacet
  facet normal 0 -1 0
    outer loop
      vertex -70 -13.399999999999999 4
      vertex -100 -13.399999999999999 9.34
      vertex -94.95115809244791 -13.399999999999999 8.126311778198097
    endloop
  endfacet
  facet normal 0 -1 0
    outer loop
      vertex -76.31820725201806 -13.399999999999999 7.152293491784143
      vertex -76.2256406460551 -13.399999999999999 7.34
      vertex -100 -13.399999999999999 9.34
    endloop
  endfacet
  facet normal 0 -1 0
    outer loop
      vertex -76.2256406460551 -13.399999999999999 7.34
      vertex -76.10936534446597 -13.399999999999999 7.514018286413953
      vertex -100 -13.399999999999999 9.34
    endloop
  endfacet
  facet normal 0 -1 0
    outer loop
      vertex -75.97137084989848 -13.399999999999999 7.6713708498984765
      vertex -75.81401828641395 -13.399999999999999 7.809365344465976
      vertex -100 -13.399999999999999 9.34
    endloop
  endfacet
  facet normal 0 -1 0
    outer loop
      vertex -76.10936534446597 -13.399999999999999 7.514018286413953
      vertex -75.97137084989848 -13.399999999999999 7.6713708498984765
      vertex -100 -13.399999999999999 9.34
    endloop
  endfacet
  facet normal 0 -1 0
    outer loop
      vertex -75.81401828641395 -13.399999999999999 7.809365344465976
      vertex -75.64 -13.399999999999999 7.925640646055102
      vertex -100 -13.399999999999999 9.34
    endloop
  endfacet
  facet normal 0 -1 0
    outer loop
      vertex -75.64 -13.399999999999999 7.925640646055102
      vertex -70 -13.399999999999999 14
      vertex -100 -13.399999999999999 9.34
    endloop
  endfacet
  facet normal 0 -1 0
    outer loop
      vertex -96.70548132206251 -13.399999999999999 6.125889527835967
      vertex -96.74631177819809 -13.399999999999999 6.331158092447917
      vertex -100 -13.399999999999999 9.34
    endloop
  endfacet
  facet normal 0 -1 0
    outer loop
      vertex -96.74631177819809 -13.399999999999999 6.331158092447917
      vertex -96.76 -13.399999999999999 6.54
      vertex -100 -13.399999999999999 9.34
    endloop
  endfacet
  facet normal 0 -1 0
    outer loop
      vertex -96.76 -13.399999999999999 6.54
      vertex -96.74631177819809 -13.399999999999999 6.748841907552083
      vertex -100 -13.399999999999999 9.34
    endloop
  endfacet
  facet normal 0 -1 0
    outer loop
      vertex -96.70548132206251 -13.399999999999999 6.954110472164033
      vertex -100 -13.399999999999999 9.34
      vertex -96.74631177819809 -13.399999999999999 6.748841907552083
    endloop
  endfacet
  facet normal 0 -1 0
    outer loop
      vertex -96.70548132206251 -13.399999999999999 6.954110472164033
      vertex -96.63820725201806 -13.399999999999999 7.152293491784143
      vertex -100 -13.399999999999999 9.34
    endloop
  endfacet
  facet normal 0 -1 0
    outer loop
      vertex -96.63820725201806 -13.399999999999999 7.152293491784143
      vertex -96.5456406460551 -13.399999999999999 7.34
      vertex -100 -13.399999999999999 9.34
    endloop
  endfacet
  facet normal 0 -1 0
    outer loop
      vertex -96.5456406460551 -13.399999999999999 7.34
      vertex -96.42936534446598 -13.399999999999999 7.514018286413953
      vertex -100 -13.399999999999999 9.34
    endloop
  endfacet
  facet normal 0 -1 0
    outer loop
      vertex -96.42936534446598 -13.399999999999999 7.514018286413953
      vertex -96.29137084989847 -13.399999999999999 7.6713708498984765
      vertex -100 -13.399999999999999 9.34
    endloop
  endfacet
  facet normal 0 -1 0
    outer loop
      vertex -96.29137084989847 -13.399999999999999 7.6713708498984765
      vertex -96.13401828641395 -13.399999999999999 7.809365344465976
      vertex -100 -13.399999999999999 9.34
    endloop
  endfacet
  facet normal 0 -1 0
    outer loop
      vertex -96.13401828641395 -13.399999999999999 7.809365344465976
      vertex -95.96000000000001 -13.399999999999999 7.925640646055102
      vertex -100 -13.399999999999999 9.34
    endloop
  endfacet
  facet normal 0 -1 0
    outer loop
      vertex -95.96000000000001 -13.399999999999999 7.925640646055102
      vertex -95.77229349178414 -13.399999999999999 8.018207252018058
      vertex -100 -13.399999999999999 9.34
    endloop
  endfacet
  facet normal 0 -1 0
    outer loop
      vertex -95.57411047216404 -13.399999999999999 8.08548132206251
      vertex -100 -13.399999999999999 9.34
      vertex -95.77229349178414 -13.399999999999999 8.018207252018058
    endloop
  endfacet
  facet normal 0 -1 0
    outer loop
      vertex -95.57411047216404 -13.399999999999999 8.08548132206251
      vertex -95.36884190755208 -13.399999999999999 8.126311778198097
      vertex -100 -13.399999999999999 9.34
    endloop
  endfacet
  facet normal 0 -1 0
    outer loop
      vertex -94.95115809244791 -13.399999999999999 8.126311778198097
      vertex -100 -13.399999999999999 9.34
      vertex -95.16 -13.399999999999999 8.14
    endloop
  endfacet
  facet normal 0 -1 0
    outer loop
      vertex -95.16 -13.399999999999999 8.14
      vertex -100 -13.399999999999999 9.34
      vertex -95.36884190755208 -13.399999999999999 8.126311778198097
    endloop
  endfacet
  facet normal 0 -1 0
    outer loop
      vertex -100 -13.399999999999999 9.34
      vertex -70 -13.399999999999999 14
      vertex -100 -13.399999999999999 14
    endloop
  endfacet
  facet normal -1 0 0
    outer loop
      vertex -100 -10.899999999999999 9.34
      vertex -100 -11.200076749369176 14
      vertex -100 -10.899999999999999 14
    endloop
  endfacet
  facet normal 0 1 0
    outer loop
      vertex -77.2 -10.899999999999999 9.34
      vertex -92.8 -10.899999999999999 4
      vertex -92.8 -10.899999999999999 9.34
    endloop
  endfacet
  facet normal 0 1 0
    outer loop
      vertex -75.4 -10.899999999999999 9.34
      vertex -77.2 -10.899999999999999 9.34
      vertex -94.6 -10.899999999999999 14
    endloop
  endfacet
  facet normal 0 1 0
    outer loop
      vertex -77.2 -10.899999999999999 9.34
      vertex -92.8 -10.899999999999999 9.34
      vertex -94.6 -10.899999999999999 14
    endloop
  endfacet
  facet normal 0 1 0
    outer loop
      vertex -92.8 -10.899999999999999 9.34
      vertex -94.6 -10.899999999999999 9.34
      vertex -94.6 -10.899999999999999 14
    endloop
  endfacet
  facet normal 0 1 0
    outer loop
      vertex -75.4 -10.899999999999999 9.34
      vertex -94.6 -10.899999999999999 14
      vertex -75.4 -10.899999999999999 14
    endloop
  endfacet
  facet normal 1 0 0
    outer loop
      vertex -70 -13.399999999999999 9.34
      vertex -70 -13.040935987089831 9.34
      vertex -70 -12.727595481441634 14
    endloop
  endfacet
  facet normal 1 0 0
    outer loop
      vertex -70 -13.399999999999999 9.34
      vertex -70 -12.727595481441634 14
      vertex -70 -13.399999999999999 14
    endloop
  endfacet
  facet normal 1 0 0
    outer loop
      vertex -70 -10.899999999999999 9.34
      vertex -70 -7.299999999999999 9.34
      vertex -70 -7.299999999999999 14
    endloop
  endfacet
  facet normal -1 0 0
    outer loop
      vertex -75.4 -10.899999999999999 9.34
      vertex -75.4 -10.899999999999999 14
      vertex -75.4 -7.299999999999999 9.34
    endloop
  endfacet
  facet normal 0 1 0
    outer loop
      vertex -72 -7.299999999999999 9.34
      vertex -75.4 -7.299999999999999 9.34
      vertex -75.4 -7.299999999999999 14
    endloop
  endfacet
  facet normal 1 0 0
    outer loop
      vertex -70 -10.899999999999999 9.34
      vertex -70 -7.299999999999999 14
      vertex -70 -10.899999999999999 14
    endloop
  endfacet
  facet normal 0 1 0
    outer loop
      vertex -72 -7.299999999999999 9.34
      vertex -75.4 -7.299999999999999 14
      vertex -72 -7.299999999999999 14
    endloop
  endfacet
  facet normal -1 0 0
    outer loop
      vertex -75.4 -7.299999999999999 9.34
      vertex -75.4 -10.899999999999999 14
      vertex -75.4 -7.299999999999999 14
    endloop
  endfacet
  facet normal -1 0 0
    outer loop
      vertex -100 -7.299999999999999 5.4
      vertex -100 -7.530312837108953 5.630312837108954
      vertex -100 -7.299999999999999 9.34
    endloop
  endfacet
  facet normal -1 0 0
    outer loop
      vertex -100 -13.399999999999999 9.34
      vertex -100 -11.200076749369176 14
      vertex -100 -10.899999999999999 9.34
    endloop
  endfacet
  facet normal -1 0 0
    outer loop
      vertex -100 -13.399999999999999 9.34
      vertex -100 -13.399999999999999 14
      vertex -100 -11.200076749369176 14
    endloop
  endfacet
  facet normal -1 0 0
    outer loop
      vertex -100 -7.530312837108953 5.630312837108954
      vertex -100 -8.05437702640111 9.34
      vertex -100 -7.299999999999999 9.34
    endloop
  endfacet
  facet normal 1 0 0
    outer loop
      vertex -94.6 -10.899999999999999 9.34
      vertex -94.6 -7.299999999999999 9.34
      vertex -94.6 -7.299999999999999 14
    endloop
  endfacet
  facet normal 1 0 0
    outer loop
      vertex -94.6 -10.899999999999999 9.34
      vertex -94.6 -7.299999999999999 14
      vertex -94.6 -10.899999999999999 14
    endloop
  endfacet
  facet normal -1 0 0
    outer loop
      vertex -100 -10.899999999999999 9.34
      vertex -100 -10.899999999999999 14
      vertex -100 -8.05437702640111 9.34
    endloop
  endfacet
  facet normal -1 0 0
    outer loop
      vertex -100 -8.05437702640111 9.34
      vertex -100 -10.899999999999999 14
      vertex -100 -7.299999999999999 9.34
    endloop
  endfacet
  facet normal 0 1 0
    outer loop
      vertex -94.6 -7.299999999999999 9.34
      vertex -98 -7.299999999999999 9.34
      vertex -98 -7.299999999999999 14
    endloop
  endfacet
  facet normal -1 0 0
    outer loop
      vertex -100 -7.299999999999999 9.34
      vertex -100 -10.899999999999999 14
      vertex -100 -7.299999999999999 14
    endloop
  endfacet
  facet normal 0 1 0
    outer loop
      vertex -94.6 -7.299999999999999 9.34
      vertex -98 -7.299999999999999 14
      vertex -94.6 -7.299999999999999 14
    endloop
  endfacet
  facet normal 0 1 0
    outer loop
      vertex -72 -7.299999999999999 4
      vertex -74.68336856933594 -7.299999999999999 5.350266166351428
      vertex -74.52941714587698 -7.299999999999999 5.380889008453118
    endloop
  endfacet
  facet normal 0 1 0
    outer loop
      vertex -72 -7.299999999999999 4
      vertex -74.84 -7.299999999999999 5.34
      vertex -74.68336856933594 -7.299999999999999 5.350266166351428
    endloop
  endfacet
  facet normal 0 1 0
    outer loop
      vertex -72 -7.299999999999999 4
      vertex -74.99663143066407 -7.299999999999999 5.350266166351428
      vertex -74.84 -7.299999999999999 5.34
    endloop
  endfacet
  facet normal 0 1 0
    outer loop
      vertex -72 -7.299999999999999 4
      vertex -75.15058285412303 -7.299999999999999 5.380889008453118
      vertex -74.99663143066407 -7.299999999999999 5.350266166351428
    endloop
  endfacet
  facet normal 0 1 0
    outer loop
      vertex -72 -7.299999999999999 4
      vertex -74.38077988116189 -7.299999999999999 5.431344560986456
      vertex -74.24 -7.299999999999999 5.500769515458674
    endloop
  endfacet
  facet normal 0 1 0
    outer loop
      vertex -72 -7.299999999999999 4
      vertex -74.24 -7.299999999999999 5.500769515458674
      vertex -74.10948628518953 -7.299999999999999 5.587975991650518
    endloop
  endfacet
  facet normal 0 1 0
    outer loop
      vertex -72 -7.299999999999999 4
      vertex -74.52941714587698 -7.299999999999999 5.380889008453118
      vertex -74.38077988116189 -7.299999999999999 5.431344560986456
    endloop
  endfacet
  facet normal 0 1 0
    outer loop
      vertex -72 -7.299999999999999 4
      vertex -74.10948628518953 -7.299999999999999 5.587975991650518
      vertex -73.99147186257615 -7.299999999999999 5.691471862576143
    endloop
  endfacet
  facet normal 0 1 0
    outer loop
      vertex -72 -7.299999999999999 4
      vertex -73.99147186257615 -7.299999999999999 5.691471862576143
      vertex -73.88797599165052 -7.299999999999999 5.809486285189536
    endloop
  endfacet
  facet normal 0 1 0
    outer loop
      vertex -72 -7.299999999999999 4
      vertex -73.88797599165052 -7.299999999999999 5.809486285189536
      vertex -73.80076951545867 -7.299999999999999 5.94
    endloop
  endfacet
  facet normal 0 1 0
    outer loop
      vertex -72 -7.299999999999999 4
      vertex -77.2 -7.299999999999999 4
      vertex -75.15058285412303 -7.299999999999999 5.380889008453118
    endloop
  endfacet
  facet normal 0 1 0
    outer loop
      vertex -75.15058285412303 -7.299999999999999 5.380889008453118
      vertex -77.2 -7.299999999999999 4
      vertex -75.29922011883811 -7.299999999999999 5.431344560986456
    endloop
  endfacet
  facet normal 0 1 0
    outer loop
      vertex -75.29922011883811 -7.299999999999999 5.431344560986456
      vertex -77.2 -7.299999999999999 4
      vertex -75.44 -7.299999999999999 5.500769515458674
    endloop
  endfacet
  facet normal 0 1 0
    outer loop
      vertex -77.2 -7.299999999999999 4
      vertex -75.57051371481046 -7.299999999999999 5.587975991650518
      vertex -75.44 -7.299999999999999 5.500769515458674
    endloop
  endfacet
  facet normal 0 1 0
    outer loop
      vertex -77.2 -7.299999999999999 4
      vertex -75.68852813742386 -7.299999999999999 5.691471862576143
      vertex -75.57051371481046 -7.299999999999999 5.587975991650518
    endloop
  endfacet
  facet normal 0 1 0
    outer loop
      vertex -77.2 -7.299999999999999 4
      vertex -75.79202400834949 -7.299999999999999 5.809486285189536
      vertex -75.68852813742386 -7.299999999999999 5.691471862576143
    endloop
  endfacet
  facet normal 0 1 0
    outer loop
      vertex -77.2 -7.299999999999999 4
      vertex -75.87923048454132 -7.299999999999999 5.94
      vertex -75.79202400834949 -7.299999999999999 5.809486285189536
    endloop
  endfacet
  facet normal 0 1 0
    outer loop
      vertex -72 -7.299999999999999 4
      vertex -73.73134456098646 -7.299999999999999 6.0807798811618925
      vertex -73.68088900845312 -7.299999999999999 6.229417145876975
    endloop
  endfacet
  facet normal 0 1 0
    outer loop
      vertex -72 -7.299999999999999 4
      vertex -73.80076951545867 -7.299999999999999 5.94
      vertex -73.73134456098646 -7.299999999999999 6.0807798811618925
    endloop
  endfacet
  facet normal 0 1 0
    outer loop
      vertex -72 -7.299999999999999 4
      vertex -73.68088900845312 -7.299999999999999 6.229417145876975
      vertex -73.65026616635143 -7.299999999999999 6.383368569335938
    endloop
  endfacet
  facet normal 0 1 0
    outer loop
      vertex -72 -7.299999999999999 4
      vertex -73.65026616635143 -7.299999999999999 6.383368569335938
      vertex -73.64 -7.299999999999999 6.54
    endloop
  endfacet
  facet normal 0 1 0
    outer loop
      vertex -72 -7.299999999999999 4
      vertex -73.64 -7.299999999999999 6.54
      vertex -73.65026616635143 -7.299999999999999 6.696631430664062
    endloop
  endfacet
  facet normal 0 1 0
    outer loop
      vertex -72 -7.299999999999999 4
      vertex -73.65026616635143 -7.299999999999999 6.696631430664062
      vertex -73.68088900845312 -7.299999999999999 6.850582854123025
    endloop
  endfacet
  facet normal 0 1 0
    outer loop
      vertex -72 -7.299999999999999 4
      vertex -73.68088900845312 -7.299999999999999 6.850582854123025
      vertex -72 -7.299999999999999 9.34
    endloop
  endfacet
  facet normal -1 0 0
    outer loop
      vertex -77.2 -10.899999999999999 4
      vertex -77.2 -7.299999999999999 9.34
      vertex -77.2 -7.299999999999999 4
    endloop
  endfacet
  facet normal 0 1 0
    outer loop
      vertex -77.2 -7.299999999999999 4
      vertex -75.94865543901355 -7.299999999999999 6.0807798811618925
      vertex -75.87923048454132 -7.299999999999999 5.94
    endloop
  endfacet
  facet normal 0 1 0
    outer loop
      vertex -77.2 -7.299999999999999 4
      vertex -75.99911099154689 -7.299999999999999 6.229417145876975
      vertex -75.94865543901355 -7.299999999999999 6.0807798811618925
    endloop
  endfacet
  facet normal 0 1 0
    outer loop
      vertex -77.2 -7.299999999999999 4
      vertex -76.02973383364858 -7.299999999999999 6.383368569335938
      vertex -75.99911099154689 -7.299999999999999 6.229417145876975
    endloop
  endfacet
  facet normal 0 1 0
    outer loop
      vertex -77.2 -7.299999999999999 4
      vertex -76.03999999999999 -7.299999999999999 6.54
      vertex -76.02973383364858 -7.299999999999999 6.383368569335938
    endloop
  endfacet
  facet normal 0 1 0
    outer loop
      vertex -77.2 -7.299999999999999 4
      vertex -76.02973383364858 -7.299999999999999 6.696631430664062
      vertex -76.03999999999999 -7.299999999999999 6.54
    endloop
  endfacet
  facet normal 0 1 0
    outer loop
      vertex -77.2 -7.299999999999999 4
      vertex -75.99911099154689 -7.299999999999999 6.850582854123025
      vertex -76.02973383364858 -7.299999999999999 6.696631430664062
    endloop
  endfacet
  facet normal 0 1 0
    outer loop
      vertex -77.2 -7.299999999999999 4
      vertex -75.94865543901355 -7.299999999999999 6.999220118838108
      vertex -75.99911099154689 -7.299999999999999 6.850582854123025
    endloop
  endfacet
  facet normal 0 1 0
    outer loop
      vertex -77.2 -7.299999999999999 4
      vertex -75.4 -7.299999999999999 9.34
      vertex -75.94865543901355 -7.299999999999999 6.999220118838108
    endloop
  endfacet
  facet normal 1 0 0
    outer loop
      vertex -70 -13.399999999999999 4
      vertex -70 -13.040935987089831 9.34
      vertex -70 -13.399999999999999 9.34
    endloop
  endfacet
  facet normal 1 0 0
    outer loop
      vertex -70 -10.845628997867802 9.291609808102345
      vertex -70 -7.299999999999999 5.49793964216426
      vertex -70 -7.299999999999999 9.34
    endloop
  endfacet
  facet normal 0 1 0
    outer loop
      vertex -73.68088900845312 -7.299999999999999 6.850582854123025
      vertex -73.73134456098646 -7.299999999999999 6.999220118838108
      vertex -72 -7.299999999999999 9.34
    endloop
  endfacet
  facet normal 0 1 0
    outer loop
      vertex -73.73134456098646 -7.299999999999999 6.999220118838108
      vertex -73.80076951545867 -7.299999999999999 7.14
      vertex -72 -7.299999999999999 9.34
    endloop
  endfacet
  facet normal 0 1 0
    outer loop
      vertex -73.80076951545867 -7.299999999999999 7.14
      vertex -73.88797599165052 -7.299999999999999 7.270513714810464
      vertex -72 -7.299999999999999 9.34
    endloop
  endfacet
  facet normal 0 1 0
    outer loop
      vertex -73.88797599165052 -7.299999999999999 7.270513714810464
      vertex -73.99147186257615 -7.299999999999999 7.388528137423857
      vertex -72 -7.299999999999999 9.34
    endloop
  endfacet
  facet normal 0 1 0
    outer loop
      vertex -73.99147186257615 -7.299999999999999 7.388528137423857
      vertex -74.10948628518953 -7.299999999999999 7.492024008349482
      vertex -72 -7.299999999999999 9.34
    endloop
  endfacet
  facet normal 0 1 0
    outer loop
      vertex -74.10948628518953 -7.299999999999999 7.492024008349482
      vertex -74.24 -7.299999999999999 7.579230484541326
      vertex -72 -7.299999999999999 9.34
    endloop
  endfacet
  facet normal -1 0 0
    outer loop
      vertex -77.2 -10.899999999999999 4
      vertex -77.2 -10.899999999999999 9.34
      vertex -77.2 -7.299999999999999 9.34
    endloop
  endfacet
  facet normal 0 1 0
    outer loop
      vertex -75.94865543901355 -7.299999999999999 6.999220118838108
      vertex -75.4 -7.299999999999999 9.34
      vertex -75.87923048454132 -7.299999999999999 7.14
    endloop
  endfacet
  facet normal 0 1 0
    outer loop
      vertex -77.2 -7.299999999999999 4
      vertex -77.2 -7.299999999999999 9.34
      vertex -75.4 -7.299999999999999 9.34
    endloop
  endfacet
  facet normal 0 1 0
    outer loop
      vertex -75.87923048454132 -7.299999999999999 7.14
      vertex -75.4 -7.299999999999999 9.34
      vertex -75.79202400834949 -7.299999999999999 7.270513714810464
    endloop
  endfacet
  facet normal 0 1 0
    outer loop
      vertex -75.79202400834949 -7.299999999999999 7.270513714810464
      vertex -75.4 -7.299999999999999 9.34
      vertex -75.68852813742386 -7.299999999999999 7.388528137423857
    endloop
  endfacet
  facet normal 0 1 0
    outer loop
      vertex -75.57051371481046 -7.299999999999999 7.492024008349482
      vertex -75.68852813742386 -7.299999999999999 7.388528137423857
      vertex -75.4 -7.299999999999999 9.34
    endloop
  endfacet
  facet normal 0 1 0
    outer loop
      vertex -74.24 -7.299999999999999 7.579230484541326
      vertex -74.38077988116189 -7.299999999999999 7.648655439013544
      vertex -75.4 -7.299999999999999 9.34
    endloop
  endfacet
  facet normal 0 1 0
    outer loop
      vertex -74.38077988116189 -7.299999999999999 7.648655439013544
      vertex -74.52941714587698 -7.299999999999999 7.699110991546882
      vertex -75.4 -7.299999999999999 9.34
    endloop
  endfacet
  facet normal 0 1 0
    outer loop
      vertex -74.52941714587698 -7.299999999999999 7.699110991546882
      vertex -74.68336856933594 -7.299999999999999 7.729733833648572
      vertex -75.4 -7.299999999999999 9.34
    endloop
  endfacet
  facet normal 0 1 0
    outer loop
      vertex -75.29922011883811 -7.299999999999999 7.648655439013544
      vertex -75.44 -7.299999999999999 7.579230484541326
      vertex -75.4 -7.299999999999999 9.34
    endloop
  endfacet
  facet normal 0 1 0
    outer loop
      vertex -75.57051371481046 -7.299999999999999 7.492024008349482
      vertex -75.4 -7.299999999999999 9.34
      vertex -75.44 -7.299999999999999 7.579230484541326
    endloop
  endfacet
  facet normal 0 1 0
    outer loop
      vertex -74.99663143066407 -7.299999999999999 7.729733833648572
      vertex -75.15058285412303 -7.299999999999999 7.699110991546882
      vertex -75.4 -7.299999999999999 9.34
    endloop
  endfacet
  facet normal 0 1 0
    outer loop
      vertex -75.15058285412303 -7.299999999999999 7.699110991546882
      vertex -75.29922011883811 -7.299999999999999 7.648655439013544
      vertex -75.4 -7.299999999999999 9.34
    endloop
  endfacet
  facet normal 0 1 0
    outer loop
      vertex -74.68336856933594 -7.299999999999999 7.729733833648572
      vertex -74.84 -7.299999999999999 7.74
      vertex -75.4 -7.299999999999999 9.34
    endloop
  endfacet
  facet normal 0 1 0
    outer loop
      vertex -74.99663143066407 -7.299999999999999 7.729733833648572
      vertex -75.4 -7.299999999999999 9.34
      vertex -74.84 -7.299999999999999 7.74
    endloop
  endfacet
  facet normal 1 0 0
    outer loop
      vertex -70 -10.845628997867802 9.291609808102345
      vertex -70 -7.299999999999999 9.34
      vertex -70 -10.899999999999999 9.34
    endloop
  endfacet
  facet normal 0 1 0
    outer loop
      vertex -74.24 -7.299999999999999 7.579230484541326
      vertex -75.4 -7.299999999999999 9.34
      vertex -72 -7.299999999999999 9.34
    endloop
  endfacet
  facet normal 0 0 1
    outer loop
      vertex -75.4 -10.899999999999999 9.34
      vertex -75.4 -7.299999999999999 9.34
      vertex -77.2 -10.899999999999999 9.34
    endloop
  endfacet
  facet normal 0 0 1
    outer loop
      vertex -77.2 -10.899999999999999 9.34
      vertex -75.4 -7.299999999999999 9.34
      vertex -77.2 -7.299999999999999 9.34
    endloop
  endfacet
  facet normal 0 1 0
    outer loop
      vertex -92.8 -7.299999999999999 4
      vertex -98 -7.299999999999999 4
      vertex -95.47058285412302 -7.299999999999999 5.380889008453118
    endloop
  endfacet
  facet normal 0 1 0
    outer loop
      vertex -92.8 -7.299999999999999 4
      vertex -94.31147186257614 -7.299999999999999 5.691471862576143
      vertex -94.20797599165051 -7.299999999999999 5.809486285189536
    endloop
  endfacet
  facet normal 0 1 0
    outer loop
      vertex -92.8 -7.299999999999999 4
      vertex -94.20797599165051 -7.299999999999999 5.809486285189536
      vertex -94.12076951545868 -7.299999999999999 5.94
    endloop
  endfacet
  facet normal 0 1 0
    outer loop
      vertex -92.8 -7.299999999999999 4
      vertex -95.00336856933593 -7.299999999999999 5.350266166351428
      vertex -94.84941714587697 -7.299999999999999 5.380889008453118
    endloop
  endfacet
  facet normal 0 1 0
    outer loop
      vertex -92.8 -7.299999999999999 4
      vertex -95.16 -7.299999999999999 5.34
      vertex -95.00336856933593 -7.299999999999999 5.350266166351428
    endloop
  endfacet
  facet normal 0 1 0
    outer loop
      vertex -92.8 -7.299999999999999 4
      vertex -95.31663143066406 -7.299999999999999 5.350266166351428
      vertex -95.16 -7.299999999999999 5.34
    endloop
  endfacet
  facet normal 0 1 0
    outer loop
      vertex -92.8 -7.299999999999999 4
      vertex -95.47058285412302 -7.299999999999999 5.380889008453118
      vertex -95.31663143066406 -7.299999999999999 5.350266166351428
    endloop
  endfacet
  facet normal 0 1 0
    outer loop
      vertex -92.8 -7.299999999999999 4
      vertex -94.84941714587697 -7.299999999999999 5.380889008453118
      vertex -94.70077988116189 -7.299999999999999 5.431344560986456
    endloop
  endfacet
  facet normal 0 1 0
    outer loop
      vertex -92.8 -7.299999999999999 4
      vertex -94.70077988116189 -7.299999999999999 5.431344560986456
      vertex -94.56 -7.299999999999999 5.500769515458674
    endloop
  endfacet
  facet normal 0 1 0
    outer loop
      vertex -92.8 -7.299999999999999 4
      vertex -94.56 -7.299999999999999 5.500769515458674
      vertex -94.42948628518954 -7.299999999999999 5.587975991650518
    endloop
  endfacet
  facet normal 0 1 0
    outer loop
      vertex -92.8 -7.299999999999999 4
      vertex -94.42948628518954 -7.299999999999999 5.587975991650518
      vertex -94.31147186257614 -7.299999999999999 5.691471862576143
    endloop
  endfacet
  facet normal 1 0 0
    outer loop
      vertex -92.8 -10.899999999999999 4
      vertex -92.8 -7.299999999999999 4
      vertex -92.8 -10.899999999999999 9.34
    endloop
  endfacet
  facet normal 0 1 0
    outer loop
      vertex -92.8 -7.299999999999999 4
      vertex -94.12076951545868 -7.299999999999999 5.94
      vertex -94.05134456098645 -7.299999999999999 6.0807798811618925
    endloop
  endfacet
  facet normal 0 1 0
    outer loop
      vertex -92.8 -7.299999999999999 4
      vertex -94.05134456098645 -7.299999999999999 6.0807798811618925
      vertex -94.00088900845311 -7.299999999999999 6.229417145876975
    endloop
  endfacet
  facet normal 0 1 0
    outer loop
      vertex -92.8 -7.299999999999999 4
      vertex -94.00088900845311 -7.299999999999999 6.229417145876975
      vertex -92.8 -7.299999999999999 9.34
    endloop
  endfacet
  facet normal 0 1 0
    outer loop
      vertex -98 -7.299999999999999 4
      vertex -95.61922011883811 -7.299999999999999 5.431344560986456
      vertex -95.47058285412302 -7.299999999999999 5.380889008453118
    endloop
  endfacet
  facet normal 0 1 0
    outer loop
      vertex -98 -7.299999999999999 4
      vertex -95.76 -7.299999999999999 5.500769515458674
      vertex -95.61922011883811 -7.299999999999999 5.431344560986456
    endloop
  endfacet
  facet normal 0 1 0
    outer loop
      vertex -98 -7.299999999999999 4
      vertex -95.89051371481047 -7.299999999999999 5.587975991650518
      vertex -95.76 -7.299999999999999 5.500769515458674
    endloop
  endfacet
  facet normal 0 1 0
    outer loop
      vertex -98 -7.299999999999999 4
      vertex -96.00852813742385 -7.299999999999999 5.691471862576143
      vertex -95.89051371481047 -7.299999999999999 5.587975991650518
    endloop
  endfacet
  facet normal 0 1 0
    outer loop
      vertex -98 -7.299999999999999 4
      vertex -96.11202400834948 -7.299999999999999 5.809486285189536
      vertex -96.00852813742385 -7.299999999999999 5.691471862576143
    endloop
  endfacet
  facet normal 0 1 0
    outer loop
      vertex -98 -7.299999999999999 4
      vertex -96.19923048454133 -7.299999999999999 5.94
      vertex -96.11202400834948 -7.299999999999999 5.809486285189536
    endloop
  endfacet
  facet normal 0 1 0
    outer loop
      vertex -98 -7.299999999999999 4
      vertex -96.26865543901354 -7.299999999999999 6.0807798811618925
      vertex -96.19923048454133 -7.299999999999999 5.94
    endloop
  endfacet
  facet normal 0 1 0
    outer loop
      vertex -98 -7.299999999999999 4
      vertex -96.31911099154688 -7.299999999999999 6.229417145876975
      vertex -96.26865543901354 -7.299999999999999 6.0807798811618925
    endloop
  endfacet
  facet normal 0 1 0
    outer loop
      vertex -98 -7.299999999999999 4
      vertex -96.34973383364857 -7.299999999999999 6.383368569335938
      vertex -96.31911099154688 -7.299999999999999 6.229417145876975
    endloop
  endfacet
  facet normal 0 1 0
    outer loop
      vertex -98 -7.299999999999999 4
      vertex -96.36 -7.299999999999999 6.54
      vertex -96.34973383364857 -7.299999999999999 6.383368569335938
    endloop
  endfacet
  facet normal 0 1 0
    outer loop
      vertex -98 -7.299999999999999 4
      vertex -96.34973383364857 -7.299999999999999 6.696631430664062
      vertex -96.36 -7.299999999999999 6.54
    endloop
  endfacet
  facet normal 0 1 0
    outer loop
      vertex -98 -7.299999999999999 4
      vertex -98 -7.299999999999999 9.34
      vertex -96.34973383364857 -7.299999999999999 6.696631430664062
    endloop
  endfacet
  facet normal -1 0 0
    outer loop
      vertex -100 -13.399999999999999 9.34
      vertex -100 -10.899999999999999 9
      vertex -100 -10.899999999999999 7.151475409836065
    endloop
  endfacet
  facet normal -1 0 0
    outer loop
      vertex -100 -13.399999999999999 9.34
      vertex -100 -10.899999999999999 9.34
      vertex -100 -10.899999999999999 9
    endloop
  endfacet
  facet normal 1 0 0
    outer loop
      vertex -92.8 -10.899999999999999 9.34
      vertex -92.8 -7.299999999999999 4
      vertex -92.8 -7.299999999999999 9.34
    endloop
  endfacet
  facet normal 0 1 0
    outer loop
      vertex -94.00088900845311 -7.299999999999999 6.229417145876975
      vertex -93.97026616635142 -7.299999999999999 6.383368569335938
      vertex -92.8 -7.299999999999999 9.34
    endloop
  endfacet
  facet normal 0 1 0
    outer loop
      vertex -93.97026616635142 -7.299999999999999 6.383368569335938
      vertex -93.96000000000001 -7.299999999999999 6.54
      vertex -92.8 -7.299999999999999 9.34
    endloop
  endfacet
  facet normal 0 1 0
    outer loop
      vertex -93.96000000000001 -7.299999999999999 6.54
      vertex -93.97026616635142 -7.299999999999999 6.696631430664062
      vertex -92.8 -7.299999999999999 9.34
    endloop
  endfacet
  facet normal 0 1 0
    outer loop
      vertex -93.97026616635142 -7.299999999999999 6.696631430664062
      vertex -94.00088900845311 -7.299999999999999 6.850582854123025
      vertex -92.8 -7.299999999999999 9.34
    endloop
  endfacet
  facet normal 0 1 0
    outer loop
      vertex -94.00088900845311 -7.299999999999999 6.850582854123025
      vertex -94.05134456098645 -7.299999999999999 6.999220118838108
      vertex -92.8 -7.299999999999999 9.34
    endloop
  endfacet
  facet normal 0 1 0
    outer loop
      vertex -94.05134456098645 -7.299999999999999 6.999220118838108
      vertex -94.12076951545868 -7.299999999999999 7.14
      vertex -92.8 -7.299999999999999 9.34
    endloop
  endfacet
  facet normal 0 1 0
    outer loop
      vertex -94.12076951545868 -7.299999999999999 7.14
      vertex -94.20797599165051 -7.299999999999999 7.270513714810464
      vertex -92.8 -7.299999999999999 9.34
    endloop
  endfacet
  facet normal 0 1 0
    outer loop
      vertex -94.20797599165051 -7.299999999999999 7.270513714810464
      vertex -94.31147186257614 -7.299999999999999 7.388528137423857
      vertex -92.8 -7.299999999999999 9.34
    endloop
  endfacet
  facet normal 0 1 0
    outer loop
      vertex -94.31147186257614 -7.299999999999999 7.388528137423857
      vertex -94.42948628518954 -7.299999999999999 7.492024008349482
      vertex -92.8 -7.299999999999999 9.34
    endloop
  endfacet
  facet normal 0 1 0
    outer loop
      vertex -94.42948628518954 -7.299999999999999 7.492024008349482
      vertex -94.56 -7.299999999999999 7.579230484541326
      vertex -92.8 -7.299999999999999 9.34
    endloop
  endfacet
  facet normal 0 1 0
    outer loop
      vertex -94.56 -7.299999999999999 7.579230484541326
      vertex -94.70077988116189 -7.299999999999999 7.648655439013544
      vertex -94.6 -7.299999999999999 9.34
    endloop
  endfacet
  facet normal 0 1 0
    outer loop
      vertex -94.70077988116189 -7.299999999999999 7.648655439013544
      vertex -94.84941714587697 -7.299999999999999 7.699110991546882
      vertex -94.6 -7.299999999999999 9.34
    endloop
  endfacet
  facet normal 0 1 0
    outer loop
      vertex -94.84941714587697 -7.299999999999999 7.699110991546882
      vertex -95.00336856933593 -7.299999999999999 7.729733833648572
      vertex -94.6 -7.299999999999999 9.34
    endloop
  endfacet
  facet normal 0 1 0
    outer loop
      vertex -94.6 -7.299999999999999 9.34
      vertex -95.31663143066406 -7.299999999999999 7.729733833648572
      vertex -95.47058285412302 -7.299999999999999 7.699110991546882
    endloop
  endfacet
  facet normal 0 1 0
    outer loop
      vertex -95.00336856933593 -7.299999999999999 7.729733833648572
      vertex -95.16 -7.299999999999999 7.74
      vertex -94.6 -7.299999999999999 9.34
    endloop
  endfacet
  facet normal 0 1 0
    outer loop
      vertex -95.16 -7.299999999999999 7.74
      vertex -95.31663143066406 -7.299999999999999 7.729733833648572
      vertex -94.6 -7.299999999999999 9.34
    endloop
  endfacet
  facet normal 0 1 0
    outer loop
      vertex -94.6 -7.299999999999999 9.34
      vertex -95.47058285412302 -7.299999999999999 7.699110991546882
      vertex -95.61922011883811 -7.299999999999999 7.648655439013544
    endloop
  endfacet
  facet normal 0 0 1
    outer loop
      vertex -92.8 -10.899999999999999 9.34
      vertex -92.8 -7.299999999999999 9.34
      vertex -94.6 -10.899999999999999 9.34
    endloop
  endfacet
  facet normal 0 0 1
    outer loop
      vertex -94.6 -10.899999999999999 9.34
      vertex -92.8 -7.299999999999999 9.34
      vertex -94.6 -7.299999999999999 9.34
    endloop
  endfacet
  facet normal 0 1 0
    outer loop
      vertex -94.56 -7.299999999999999 7.579230484541326
      vertex -94.6 -7.299999999999999 9.34
      vertex -92.8 -7.299999999999999 9.34
    endloop
  endfacet
  facet normal -1 0 0
    outer loop
      vertex -100 -10.899999999999999 9
      vertex -100 -8.05437702640111 9.34
      vertex -100 -7.530312837108953 5.630312837108954
    endloop
  endfacet
  facet normal 0 1 0
    outer loop
      vertex -96.34973383364857 -7.299999999999999 6.696631430664062
      vertex -98 -7.299999999999999 9.34
      vertex -96.31911099154688 -7.299999999999999 6.850582854123025
    endloop
  endfacet
  facet normal 0 1 0
    outer loop
      vertex -96.31911099154688 -7.299999999999999 6.850582854123025
      vertex -98 -7.299999999999999 9.34
      vertex -96.26865543901354 -7.299999999999999 6.999220118838108
    endloop
  endfacet
  facet normal 0 1 0
    outer loop
      vertex -96.26865543901354 -7.299999999999999 6.999220118838108
      vertex -98 -7.299999999999999 9.34
      vertex -96.19923048454133 -7.299999999999999 7.14
    endloop
  endfacet
  facet normal 0 1 0
    outer loop
      vertex -96.19923048454133 -7.299999999999999 7.14
      vertex -98 -7.299999999999999 9.34
      vertex -96.11202400834948 -7.299999999999999 7.270513714810464
    endloop
  endfacet
  facet normal 0 1 0
    outer loop
      vertex -96.11202400834948 -7.299999999999999 7.270513714810464
      vertex -98 -7.299999999999999 9.34
      vertex -96.00852813742385 -7.299999999999999 7.388528137423857
    endloop
  endfacet
  facet normal 0 1 0
    outer loop
      vertex -95.89051371481047 -7.299999999999999 7.492024008349482
      vertex -96.00852813742385 -7.299999999999999 7.388528137423857
      vertex -98 -7.299999999999999 9.34
    endloop
  endfacet
  facet normal 0 1 0
    outer loop
      vertex -95.61922011883811 -7.299999999999999 7.648655439013544
      vertex -95.76 -7.299999999999999 7.579230484541326
      vertex -98 -7.299999999999999 9.34
    endloop
  endfacet
  facet normal 0 1 0
    outer loop
      vertex -95.89051371481047 -7.299999999999999 7.492024008349482
      vertex -98 -7.299999999999999 9.34
      vertex -95.76 -7.299999999999999 7.579230484541326
    endloop
  endfacet
  facet normal -1 0 0
    outer loop
      vertex -100 -10.899999999999999 9
      vertex -100 -10.899999999999999 9.34
      vertex -100 -8.05437702640111 9.34
    endloop
  endfacet
  facet normal 0 1 0
    outer loop
      vertex -94.6 -7.299999999999999 9.34
      vertex -95.61922011883811 -7.299999999999999 7.648655439013544
      vertex -98 -7.299999999999999 9.34
    endloop
  endfacet
  facet normal 0 -1 0
    outer loop
      vertex -68 -10.899999999999999 4
      vertex -70 -10.899999999999999 9
      vertex -70 -10.899999999999999 4
    endloop
  endfacet
  facet normal 1 0 0
    outer loop
      vertex -68 -10.899999999999999 4
      vertex -68 -5.899999999999999 4
      vertex -68 -10.899999999999999 9
    endloop
  endfacet
  facet normal 0 0.7071067811865475 0.7071067811865475
    outer loop
      vertex -68 -10.899999999999999 9
      vertex -68 -5.899999999999999 4
      vertex -70 -5.899999999999999 4
    endloop
  endfacet
  facet normal 0 -1 0
    outer loop
      vertex -68 -10.899999999999999 4
      vertex -68 -10.899999999999999 9
      vertex -70 -10.899999999999999 9
    endloop
  endfacet
  facet normal 0 0.7071067811865475 0.7071067811865475
    outer loop
      vertex -68 -10.899999999999999 9
      vertex -70 -5.899999999999999 4
      vertex -70 -10.899999999999999 9
    endloop
  endfacet
  facet normal -1.88547145208262e-15 0.7071067811865461 0.7071067811865488
    outer loop
      vertex -100 -7.299999999999999 5.4
      vertex -102 -5.899999999999999 4
      vertex -100 -7.530312837108953 5.630312837108954
    endloop
  endfacet
  facet normal 2.0186903040219927e-17 0.7071067811865475 0.7071067811865475
    outer loop
      vertex -100 -7.299999999999999 5.4
      vertex -100 -5.899999999999999 4
      vertex -102 -5.899999999999999 4
    endloop
  endfacet
  facet normal 0 -1 0
    outer loop
      vertex -100 -10.899999999999999 4
      vertex -102 -10.899999999999999 9
      vertex -102 -10.899999999999999 4
    endloop
  endfacet
  facet normal -1 0 0
    outer loop
      vertex -102 -10.899999999999999 4
      vertex -102 -10.899999999999999 9
      vertex -102 -5.899999999999999 4
    endloop
  endfacet
  facet normal 0 -1 0
    outer loop
      vertex -100 -10.899999999999999 4
      vertex -100 -10.899999999999999 7.151475409836065
      vertex -102 -10.899999999999999 9
    endloop
  endfacet
  facet normal 5.591352726061503e-16 0.7071067811865477 0.7071067811865475
    outer loop
      vertex -100 -10.899999999999999 9
      vertex -100 -7.530312837108953 5.630312837108954
      vertex -102 -5.899999999999999 4
    endloop
  endfacet
  facet normal 0 0.7071067811865475 0.7071067811865475
    outer loop
      vertex -100 -10.899999999999999 9
      vertex -102 -5.899999999999999 4
      vertex -102 -10.899999999999999 9
    endloop
  endfacet
  facet normal 0 -1 0
    outer loop
      vertex -100 -10.899999999999999 7.151475409836065
      vertex -100 -10.899999999999999 9
      vertex -102 -10.899999999999999 9
    endloop
  endfacet
  facet normal -0.5555702330196327 -5.622007969408655e-19 0.8314696123025249
    outer loop
      vertex -73.86598171358605 -13.399999999999999 5.270634655534024
      vertex -74.03999999999999 -9.399999999999999 5.154359353944898
      vertex -74.03999999999999 -13.399999999999999 5.154359353944898
    endloop
  endfacet
  facet normal -0.3214394653031725 6.523646327400351e-19 0.9469301294951019
    outer loop
      vertex -74.22770650821586 -13.399999999999999 5.061792747981941
      vertex -74.42588952783596 -9.399999999999999 4.99451867793749
      vertex -74.42588952783596 -13.399999999999999 4.99451867793749
    endloop
  endfacet
  facet normal -0.19509032201612087 -7.17313702651158e-19 0.9807852804032319
    outer loop
      vertex -74.42588952783596 -13.399999999999999 4.99451867793749
      vertex -74.63115809244792 -9.399999999999999 4.953688221801904
      vertex -74.63115809244792 -13.399999999999999 4.953688221801904
    endloop
  endfacet
  facet normal -0.06540312923014602 -2.2505949317899973e-19 0.9978589232386034
    outer loop
      vertex -74.63115809244792 -13.399999999999999 4.953688221801904
      vertex -74.84 -9.399999999999999 4.9399999999999995
      vertex -74.84 -13.399999999999999 4.9399999999999995
    endloop
  endfacet
  facet normal 0.06540312923014602 2.2505949317899973e-19 0.9978589232386034
    outer loop
      vertex -74.84 -13.399999999999999 4.9399999999999995
      vertex -75.04884190755209 -9.399999999999999 4.953688221801904
      vertex -75.04884190755209 -13.399999999999999 4.953688221801904
    endloop
  endfacet
  facet normal 0.19509032201613385 -3.5378894915097185e-19 0.9807852804032293
    outer loop
      vertex -75.04884190755209 -13.399999999999999 4.953688221801904
      vertex -75.25411047216403 -9.399999999999999 4.99451867793749
      vertex -75.25411047216403 -13.399999999999999 4.99451867793749
    endloop
  endfacet
  facet normal -0.44228869021897876 0 0.8968727415326995
    outer loop
      vertex -74.22770650821586 -13.399999999999999 5.061792747981941
      vertex -74.03999999999999 -13.399999999999999 5.154359353944898
      vertex -74.22770650821586 -9.399999999999999 5.061792747981941
    endloop
  endfacet
  facet normal 0.3214394653031518 -8.786060042087363e-19 0.9469301294951089
    outer loop
      vertex -75.25411047216403 -13.399999999999999 4.99451867793749
      vertex -75.45229349178415 -9.399999999999999 5.061792747981941
      vertex -75.45229349178415 -13.399999999999999 5.061792747981941
    endloop
  endfacet
  facet normal 0.4422886902190057 -8.512074481573613e-19 0.8968727415326861
    outer loop
      vertex -75.45229349178415 -13.399999999999999 5.061792747981941
      vertex -75.64 -9.399999999999999 5.154359353944898
      vertex -75.64 -13.399999999999999 5.154359353944898
    endloop
  endfacet
  facet normal 0.5555702330196013 -5.303844439776158e-19 0.8314696123025458
    outer loop
      vertex -75.64 -13.399999999999999 5.154359353944898
      vertex -75.81401828641395 -9.399999999999999 5.270634655534024
      vertex -75.81401828641395 -13.399999999999999 5.270634655534024
    endloop
  endfacet
  facet normal -0.6593458151000688 0 0.7518398074789774
    outer loop
      vertex -73.86598171358605 -13.399999999999999 5.270634655534024
      vertex -73.70862915010153 -13.399999999999999 5.408629150101524
      vertex -73.86598171358605 -9.399999999999999 5.270634655534024
    endloop
  endfacet
  facet normal -0.7518398074789604 0 0.6593458151000884
    outer loop
      vertex -73.70862915010153 -13.399999999999999 5.408629150101524
      vertex -73.57063465553402 -13.399999999999999 5.565981713586047
      vertex -73.70862915010153 -9.399999999999999 5.408629150101524
    endloop
  endfacet
  facet normal -0.8314696123025426 0 0.5555702330196062
    outer loop
      vertex -73.57063465553402 -13.399999999999999 5.565981713586047
      vertex -73.4543593539449 -13.399999999999999 5.74
      vertex -73.57063465553402 -9.399999999999999 5.565981713586047
    endloop
  endfacet
  facet normal -0.8968727415326868 1.4480681717226727e-18 0.442288690219004
    outer loop
      vertex -73.36179274798194 -13.399999999999999 5.927706508215857
      vertex -73.4543593539449 -9.399999999999999 5.74
      vertex -73.4543593539449 -13.399999999999999 5.74
    endloop
  endfacet
  facet normal -0.9469301294951094 0 0.3214394653031508
    outer loop
      vertex -73.36179274798194 -13.399999999999999 5.927706508215857
      vertex -73.29451867793749 -13.399999999999999 6.125889527835967
      vertex -73.36179274798194 -9.399999999999999 5.927706508215857
    endloop
  endfacet
  facet normal -0.9807852804032366 0 0.19509032201609716
    outer loop
      vertex -73.29451867793749 -13.399999999999999 6.125889527835967
      vertex -73.25368822180191 -13.399999999999999 6.331158092447917
      vertex -73.29451867793749 -9.399999999999999 6.125889527835967
    endloop
  endfacet
  facet normal -0.9978589232386003 0 0.06540312923019305
    outer loop
      vertex -73.25368822180191 -13.399999999999999 6.331158092447917
      vertex -73.24 -13.399999999999999 6.54
      vertex -73.25368822180191 -9.399999999999999 6.331158092447917
    endloop
  endfacet
  facet normal -0.9978589232386003 0 -0.06540312923019305
    outer loop
      vertex -73.24 -13.399999999999999 6.54
      vertex -73.25368822180191 -13.399999999999999 6.748841907552083
      vertex -73.24 -9.399999999999999 6.54
    endloop
  endfacet
  facet normal -0.9807852804032366 0 -0.19509032201609716
    outer loop
      vertex -73.25368822180191 -13.399999999999999 6.748841907552083
      vertex -73.29451867793749 -13.399999999999999 6.954110472164033
      vertex -73.25368822180191 -9.399999999999999 6.748841907552083
    endloop
  endfacet
  facet normal 0.6593458151000688 1.9364356722168146e-19 0.7518398074789774
    outer loop
      vertex -75.81401828641395 -13.399999999999999 5.270634655534024
      vertex -75.97137084989848 -9.399999999999999 5.408629150101524
      vertex -75.97137084989848 -13.399999999999999 5.408629150101524
    endloop
  endfacet
  facet normal 0.751839807478994 -1.2601656997893884e-18 0.65934581510005
    outer loop
      vertex -75.97137084989848 -13.399999999999999 5.408629150101524
      vertex -76.10936534446597 -9.399999999999999 5.565981713586047
      vertex -76.10936534446597 -13.399999999999999 5.565981713586047
    endloop
  endfacet
  facet normal 0.8314696123025426 3.722282225952703e-19 0.5555702330196062
    outer loop
      vertex -76.10936534446597 -13.399999999999999 5.565981713586047
      vertex -76.2256406460551 -9.399999999999999 5.74
      vertex -76.2256406460551 -13.399999999999999 5.74
    endloop
  endfacet
  facet normal 0.8968727415326868 -1.4480681717226727e-18 0.442288690219004
    outer loop
      vertex -76.2256406460551 -13.399999999999999 5.74
      vertex -76.31820725201806 -9.399999999999999 5.927706508215857
      vertex -76.31820725201806 -13.399999999999999 5.927706508215857
    endloop
  endfacet
  facet normal 0.9469301294951094 -9.53806418354682e-19 0.3214394653031508
    outer loop
      vertex -76.31820725201806 -13.399999999999999 5.927706508215857
      vertex -76.3854813220625 -9.399999999999999 6.125889527835967
      vertex -76.3854813220625 -13.399999999999999 6.125889527835967
    endloop
  endfacet
  facet normal 0.9807852804032237 -2.0766311478605162e-19 0.1950903220161625
    outer loop
      vertex -76.3854813220625 -13.399999999999999 6.125889527835967
      vertex -76.4263117781981 -9.399999999999999 6.331158092447917
      vertex -76.4263117781981 -13.399999999999999 6.331158092447917
    endloop
  endfacet
  facet normal 0.9978589232386046 2.2035064877453448e-20 0.06540312923012544
    outer loop
      vertex -76.4263117781981 -13.399999999999999 6.331158092447917
      vertex -76.44 -9.399999999999999 6.54
      vertex -76.44 -13.399999999999999 6.54
    endloop
  endfacet
  facet normal 0.9978589232386046 -2.2035064877453448e-20 -0.06540312923012544
    outer loop
      vertex -76.44 -13.399999999999999 6.54
      vertex -76.4263117781981 -9.399999999999999 6.748841907552083
      vertex -76.4263117781981 -13.399999999999999 6.748841907552083
    endloop
  endfacet
  facet normal 0.9807852804032237 0 -0.1950903220161625
    outer loop
      vertex -76.3854813220625 -13.399999999999999 6.954110472164033
      vertex -76.4263117781981 -13.399999999999999 6.748841907552083
      vertex -76.3854813220625 -9.399999999999999 6.954110472164033
    endloop
  endfacet
  facet normal -0.5555702330196327 0 0.8314696123025249
    outer loop
      vertex -73.86598171358605 -13.399999999999999 5.270634655534024
      vertex -73.86598171358605 -9.399999999999999 5.270634655534024
      vertex -74.03999999999999 -9.399999999999999 5.154359353944898
    endloop
  endfacet
  facet normal -0.19509032201612087 0 0.9807852804032319
    outer loop
      vertex -74.42588952783596 -13.399999999999999 4.99451867793749
      vertex -74.42588952783596 -9.399999999999999 4.99451867793749
      vertex -74.63115809244792 -9.399999999999999 4.953688221801904
    endloop
  endfacet
  facet normal -0.06540312923014602 0 0.9978589232386034
    outer loop
      vertex -74.63115809244792 -13.399999999999999 4.953688221801904
      vertex -74.63115809244792 -9.399999999999999 4.953688221801904
      vertex -74.84 -9.399999999999999 4.9399999999999995
    endloop
  endfacet
  facet normal 0.06540312923014602 0 0.9978589232386034
    outer loop
      vertex -74.84 -13.399999999999999 4.9399999999999995
      vertex -74.84 -9.399999999999999 4.9399999999999995
      vertex -75.04884190755209 -9.399999999999999 4.953688221801904
    endloop
  endfacet
  facet normal 0.19509032201613385 0 0.9807852804032293
    outer loop
      vertex -75.04884190755209 -13.399999999999999 4.953688221801904
      vertex -75.04884190755209 -9.399999999999999 4.953688221801904
      vertex -75.25411047216403 -9.399999999999999 4.99451867793749
    endloop
  endfacet
  facet normal 0.3214394653031518 0 0.9469301294951089
    outer loop
      vertex -75.25411047216403 -13.399999999999999 4.99451867793749
      vertex -75.25411047216403 -9.399999999999999 4.99451867793749
      vertex -75.45229349178415 -9.399999999999999 5.061792747981941
    endloop
  endfacet
  facet normal -0.3214394653031725 0 0.9469301294951019
    outer loop
      vertex -74.22770650821586 -13.399999999999999 5.061792747981941
      vertex -74.22770650821586 -9.399999999999999 5.061792747981941
      vertex -74.42588952783596 -9.399999999999999 4.99451867793749
    endloop
  endfacet
  facet normal -0.44228869021897876 0 0.8968727415326995
    outer loop
      vertex -74.03999999999999 -13.399999999999999 5.154359353944898
      vertex -74.03999999999999 -9.399999999999999 5.154359353944898
      vertex -74.22770650821586 -9.399999999999999 5.061792747981941
    endloop
  endfacet
  facet normal 0.4422886902190057 0 0.8968727415326861
    outer loop
      vertex -75.45229349178415 -13.399999999999999 5.061792747981941
      vertex -75.45229349178415 -9.399999999999999 5.061792747981941
      vertex -75.64 -9.399999999999999 5.154359353944898
    endloop
  endfacet
  facet normal 0.5555702330196013 0 0.8314696123025458
    outer loop
      vertex -75.64 -13.399999999999999 5.154359353944898
      vertex -75.64 -9.399999999999999 5.154359353944898
      vertex -75.81401828641395 -9.399999999999999 5.270634655534024
    endloop
  endfacet
  facet normal 0 -1 0
    outer loop
      vertex -74.42588952783596 -9.399999999999999 4.99451867793749
      vertex -75.04884190755209 -9.399999999999999 4.953688221801904
      vertex -74.63115809244792 -9.399999999999999 4.953688221801904
    endloop
  endfacet
  facet normal 0 -1 0
    outer loop
      vertex -74.63115809244792 -9.399999999999999 4.953688221801904
      vertex -75.04884190755209 -9.399999999999999 4.953688221801904
      vertex -74.84 -9.399999999999999 4.9399999999999995
    endloop
  endfacet
  facet normal 0 -1 0
    outer loop
      vertex -74.22770650821586 -9.399999999999999 5.061792747981941
      vertex -75.25411047216403 -9.399999999999999 4.99451867793749
      vertex -74.42588952783596 -9.399999999999999 4.99451867793749
    endloop
  endfacet
  facet normal 0 -1 0
    outer loop
      vertex -74.42588952783596 -9.399999999999999 4.99451867793749
      vertex -75.25411047216403 -9.399999999999999 4.99451867793749
      vertex -75.04884190755209 -9.399999999999999 4.953688221801904
    endloop
  endfacet
  facet normal 0 -1 0
    outer loop
      vertex -74.22770650821586 -9.399999999999999 5.061792747981941
      vertex -74.03999999999999 -9.399999999999999 5.154359353944898
      vertex -75.45229349178415 -9.399999999999999 5.061792747981941
    endloop
  endfacet
  facet normal 0 -1 0
    outer loop
      vertex -73.86598171358605 -9.399999999999999 5.270634655534024
      vertex -75.64 -9.399999999999999 5.154359353944898
      vertex -74.03999999999999 -9.399999999999999 5.154359353944898
    endloop
  endfacet
  facet normal 0 -1 0
    outer loop
      vertex -74.22770650821586 -9.399999999999999 5.061792747981941
      vertex -75.45229349178415 -9.399999999999999 5.061792747981941
      vertex -75.25411047216403 -9.399999999999999 4.99451867793749
    endloop
  endfacet
  facet normal 0 -1 0
    outer loop
      vertex -74.03999999999999 -9.399999999999999 5.154359353944898
      vertex -75.64 -9.399999999999999 5.154359353944898
      vertex -75.45229349178415 -9.399999999999999 5.061792747981941
    endloop
  endfacet
  facet normal 0 -1 0
    outer loop
      vertex -73.86598171358605 -9.399999999999999 5.270634655534024
      vertex -75.81401828641395 -9.399999999999999 5.270634655534024
      vertex -75.64 -9.399999999999999 5.154359353944898
    endloop
  endfacet
  facet normal -0.6593458151000688 0 0.7518398074789774
    outer loop
      vertex -73.70862915010153 -13.399999999999999 5.408629150101524
      vertex -73.70862915010153 -9.399999999999999 5.408629150101524
      vertex -73.86598171358605 -9.399999999999999 5.270634655534024
    endloop
  endfacet
  facet normal -0.7518398074789604 0 0.6593458151000884
    outer loop
      vertex -73.57063465553402 -13.399999999999999 5.565981713586047
      vertex -73.57063465553402 -9.399999999999999 5.565981713586047
      vertex -73.70862915010153 -9.399999999999999 5.408629150101524
    endloop
  endfacet
  facet normal -0.8314696123025426 0 0.5555702330196062
    outer loop
      vertex -73.4543593539449 -13.399999999999999 5.74
      vertex -73.4543593539449 -9.399999999999999 5.74
      vertex -73.57063465553402 -9.399999999999999 5.565981713586047
    endloop
  endfacet
  facet normal -0.8968727415326868 0 0.442288690219004
    outer loop
      vertex -73.36179274798194 -13.399999999999999 5.927706508215857
      vertex -73.36179274798194 -9.399999999999999 5.927706508215857
      vertex -73.4543593539449 -9.399999999999999 5.74
    endloop
  endfacet
  facet normal -0.9469301294951094 0 0.3214394653031508
    outer loop
      vertex -73.29451867793749 -13.399999999999999 6.125889527835967
      vertex -73.29451867793749 -9.399999999999999 6.125889527835967
      vertex -73.36179274798194 -9.399999999999999 5.927706508215857
    endloop
  endfacet
  facet normal 0 -1 0
    outer loop
      vertex -73.70862915010153 -9.399999999999999 5.408629150101524
      vertex -73.57063465553402 -9.399999999999999 5.565981713586047
      vertex -74.24 -9.399999999999999 5.500769515458674
    endloop
  endfacet
  facet normal 0 -1 0
    outer loop
      vertex -73.57063465553402 -9.399999999999999 5.565981713586047
      vertex -74.10948628518953 -9.399999999999999 5.587975991650518
      vertex -74.24 -9.399999999999999 5.500769515458674
    endloop
  endfacet
  facet normal 0 -1 0
    outer loop
      vertex -73.57063465553402 -9.399999999999999 5.565981713586047
      vertex -73.99147186257615 -9.399999999999999 5.691471862576143
      vertex -74.10948628518953 -9.399999999999999 5.587975991650518
    endloop
  endfacet
  facet normal 0 -1 0
    outer loop
      vertex -73.57063465553402 -9.399999999999999 5.565981713586047
      vertex -73.4543593539449 -9.399999999999999 5.74
      vertex -73.99147186257615 -9.399999999999999 5.691471862576143
    endloop
  endfacet
  facet normal 0 -1 0
    outer loop
      vertex -73.4543593539449 -9.399999999999999 5.74
      vertex -73.88797599165052 -9.399999999999999 5.809486285189536
      vertex -73.99147186257615 -9.399999999999999 5.691471862576143
    endloop
  endfacet
  facet normal 0 -1 0
    outer loop
      vertex -73.36179274798194 -9.399999999999999 5.927706508215857
      vertex -73.88797599165052 -9.399999999999999 5.809486285189536
      vertex -73.4543593539449 -9.399999999999999 5.74
    endloop
  endfacet
  facet normal 0 -1 0
    outer loop
      vertex -73.36179274798194 -9.399999999999999 5.927706508215857
      vertex -73.80076951545867 -9.399999999999999 5.94
      vertex -73.88797599165052 -9.399999999999999 5.809486285189536
    endloop
  endfacet
  facet normal 0 -1 0
    outer loop
      vertex -73.36179274798194 -9.399999999999999 5.927706508215857
      vertex -73.73134456098646 -9.399999999999999 6.0807798811618925
      vertex -73.80076951545867 -9.399999999999999 5.94
    endloop
  endfacet
  facet normal 0 -1 0
    outer loop
      vertex -73.36179274798194 -9.399999999999999 5.927706508215857
      vertex -73.29451867793749 -9.399999999999999 6.125889527835967
      vertex -73.73134456098646 -9.399999999999999 6.0807798811618925
    endloop
  endfacet
  facet normal -0.9807852804032366 0 0.19509032201609716
    outer loop
      vertex -73.25368822180191 -13.399999999999999 6.331158092447917
      vertex -73.25368822180191 -9.399999999999999 6.331158092447917
      vertex -73.29451867793749 -9.399999999999999 6.125889527835967
    endloop
  endfacet
  facet normal -0.9978589232386003 0 0.06540312923019305
    outer loop
      vertex -73.24 -13.399999999999999 6.54
      vertex -73.24 -9.399999999999999 6.54
      vertex -73.25368822180191 -9.399999999999999 6.331158092447917
    endloop
  endfacet
  facet normal -0.9978589232386003 0 -0.06540312923019305
    outer loop
      vertex -73.25368822180191 -13.399999999999999 6.748841907552083
      vertex -73.25368822180191 -9.399999999999999 6.748841907552083
      vertex -73.24 -9.399999999999999 6.54
    endloop
  endfacet
  facet normal -0.9807852804032366 0 -0.19509032201609716
    outer loop
      vertex -73.29451867793749 -13.399999999999999 6.954110472164033
      vertex -73.29451867793749 -9.399999999999999 6.954110472164033
      vertex -73.25368822180191 -9.399999999999999 6.748841907552083
    endloop
  endfacet
  facet normal 0 -1 0
    outer loop
      vertex -73.29451867793749 -9.399999999999999 6.125889527835967
      vertex -73.68088900845312 -9.399999999999999 6.229417145876975
      vertex -73.73134456098646 -9.399999999999999 6.0807798811618925
    endloop
  endfacet
  facet normal 0 -1 0
    outer loop
      vertex -73.29451867793749 -9.399999999999999 6.125889527835967
      vertex -73.25368822180191 -9.399999999999999 6.331158092447917
      vertex -73.68088900845312 -9.399999999999999 6.229417145876975
    endloop
  endfacet
  facet normal 0 -1 0
    outer loop
      vertex -73.25368822180191 -9.399999999999999 6.331158092447917
      vertex -73.65026616635143 -9.399999999999999 6.383368569335938
      vertex -73.68088900845312 -9.399999999999999 6.229417145876975
    endloop
  endfacet
  facet normal 0 -1 0
    outer loop
      vertex -73.25368822180191 -9.399999999999999 6.331158092447917
      vertex -73.24 -9.399999999999999 6.54
      vertex -73.65026616635143 -9.399999999999999 6.383368569335938
    endloop
  endfacet
  facet normal 0 -1 0
    outer loop
      vertex -73.24 -9.399999999999999 6.54
      vertex -73.64 -9.399999999999999 6.54
      vertex -73.65026616635143 -9.399999999999999 6.383368569335938
    endloop
  endfacet
  facet normal 0 -1 0
    outer loop
      vertex -73.24 -9.399999999999999 6.54
      vertex -73.25368822180191 -9.399999999999999 6.748841907552083
      vertex -73.64 -9.399999999999999 6.54
    endloop
  endfacet
  facet normal 0 -1 0
    outer loop
      vertex -73.25368822180191 -9.399999999999999 6.748841907552083
      vertex -73.65026616635143 -9.399999999999999 6.696631430664062
      vertex -73.64 -9.399999999999999 6.54
    endloop
  endfacet
  facet normal 0 -1 0
    outer loop
      vertex -73.25368822180191 -9.399999999999999 6.748841907552083
      vertex -73.29451867793749 -9.399999999999999 6.954110472164033
      vertex -73.65026616635143 -9.399999999999999 6.696631430664062
    endloop
  endfacet
  facet normal 0 -1 0
    outer loop
      vertex -73.29451867793749 -9.399999999999999 6.954110472164033
      vertex -73.68088900845312 -9.399999999999999 6.850582854123025
      vertex -73.65026616635143 -9.399999999999999 6.696631430664062
    endloop
  endfacet
  facet normal 0 -1 0
    outer loop
      vertex -73.29451867793749 -9.399999999999999 6.954110472164033
      vertex -73.36179274798194 -9.399999999999999 7.152293491784143
      vertex -73.68088900845312 -9.399999999999999 6.850582854123025
    endloop
  endfacet
  facet normal 0.6593458151000688 0 0.7518398074789774
    outer loop
      vertex -75.81401828641395 -13.399999999999999 5.270634655534024
      vertex -75.81401828641395 -9.399999999999999 5.270634655534024
      vertex -75.97137084989848 -9.399999999999999 5.408629150101524
    endloop
  endfacet
  facet normal 0.751839807478994 0 0.65934581510005
    outer loop
      vertex -75.97137084989848 -13.399999999999999 5.408629150101524
      vertex -75.97137084989848 -9.399999999999999 5.408629150101524
      vertex -76.10936534446597 -9.399999999999999 5.565981713586047
    endloop
  endfacet
  facet normal 0.8314696123025426 0 0.5555702330196062
    outer loop
      vertex -76.10936534446597 -13.399999999999999 5.565981713586047
      vertex -76.10936534446597 -9.399999999999999 5.565981713586047
      vertex -76.2256406460551 -9.399999999999999 5.74
    endloop
  endfacet
  facet normal 0.8968727415326868 0 0.442288690219004
    outer loop
      vertex -76.2256406460551 -13.399999999999999 5.74
      vertex -76.2256406460551 -9.399999999999999 5.74
      vertex -76.31820725201806 -9.399999999999999 5.927706508215857
    endloop
  endfacet
  facet normal 0.9469301294951094 0 0.3214394653031508
    outer loop
      vertex -76.31820725201806 -13.399999999999999 5.927706508215857
      vertex -76.31820725201806 -9.399999999999999 5.927706508215857
      vertex -76.3854813220625 -9.399999999999999 6.125889527835967
    endloop
  endfacet
  facet normal 0 -1 0
    outer loop
      vertex -73.86598171358605 -9.399999999999999 5.270634655534024
      vertex -73.70862915010153 -9.399999999999999 5.408629150101524
      vertex -75.81401828641395 -9.399999999999999 5.270634655534024
    endloop
  endfacet
  facet normal 0 -1 0
    outer loop
      vertex -73.70862915010153 -9.399999999999999 5.408629150101524
      vertex -74.84 -9.399999999999999 5.34
      vertex -75.81401828641395 -9.399999999999999 5.270634655534024
    endloop
  endfacet
  facet normal 0 -1 0
    outer loop
      vertex -73.70862915010153 -9.399999999999999 5.408629150101524
      vertex -74.38077988116189 -9.399999999999999 5.431344560986456
      vertex -74.52941714587698 -9.399999999999999 5.380889008453118
    endloop
  endfacet
  facet normal 0 -1 0
    outer loop
      vertex -73.70862915010153 -9.399999999999999 5.408629150101524
      vertex -74.52941714587698 -9.399999999999999 5.380889008453118
      vertex -74.68336856933594 -9.399999999999999 5.350266166351428
    endloop
  endfacet
  facet normal 0 -1 0
    outer loop
      vertex -73.70862915010153 -9.399999999999999 5.408629150101524
      vertex -74.68336856933594 -9.399999999999999 5.350266166351428
      vertex -74.84 -9.399999999999999 5.34
    endloop
  endfacet
  facet normal 0 -1 0
    outer loop
      vertex -73.70862915010153 -9.399999999999999 5.408629150101524
      vertex -74.24 -9.399999999999999 5.500769515458674
      vertex -74.38077988116189 -9.399999999999999 5.431344560986456
    endloop
  endfacet
  facet normal 0 -1 0
    outer loop
      vertex -74.84 -9.399999999999999 5.34
      vertex -74.99663143066407 -9.399999999999999 5.350266166351428
      vertex -75.81401828641395 -9.399999999999999 5.270634655534024
    endloop
  endfacet
  facet normal 0 -1 0
    outer loop
      vertex -74.99663143066407 -9.399999999999999 5.350266166351428
      vertex -75.15058285412303 -9.399999999999999 5.380889008453118
      vertex -75.81401828641395 -9.399999999999999 5.270634655534024
    endloop
  endfacet
  facet normal 0 -1 0
    outer loop
      vertex -75.15058285412303 -9.399999999999999 5.380889008453118
      vertex -75.29922011883811 -9.399999999999999 5.431344560986456
      vertex -75.81401828641395 -9.399999999999999 5.270634655534024
    endloop
  endfacet
  facet normal 0 -1 0
    outer loop
      vertex -75.29922011883811 -9.399999999999999 5.431344560986456
      vertex -75.97137084989848 -9.399999999999999 5.408629150101524
      vertex -75.81401828641395 -9.399999999999999 5.270634655534024
    endloop
  endfacet
  facet normal 0 -1 0
    outer loop
      vertex -75.29922011883811 -9.399999999999999 5.431344560986456
      vertex -75.44 -9.399999999999999 5.500769515458674
      vertex -75.97137084989848 -9.399999999999999 5.408629150101524
    endloop
  endfacet
  facet normal 0 -1 0
    outer loop
      vertex -75.44 -9.399999999999999 5.500769515458674
      vertex -75.57051371481046 -9.399999999999999 5.587975991650518
      vertex -75.97137084989848 -9.399999999999999 5.408629150101524
    endloop
  endfacet
  facet normal 0 -1 0
    outer loop
      vertex -75.57051371481046 -9.399999999999999 5.587975991650518
      vertex -75.68852813742386 -9.399999999999999 5.691471862576143
      vertex -76.10936534446597 -9.399999999999999 5.565981713586047
    endloop
  endfacet
  facet normal 0 -1 0
    outer loop
      vertex -75.57051371481046 -9.399999999999999 5.587975991650518
      vertex -76.10936534446597 -9.399999999999999 5.565981713586047
      vertex -75.97137084989848 -9.399999999999999 5.408629150101524
    endloop
  endfacet
  facet normal 0 -1 0
    outer loop
      vertex -76.10936534446597 -9.399999999999999 5.565981713586047
      vertex -75.68852813742386 -9.399999999999999 5.691471862576143
      vertex -75.79202400834949 -9.399999999999999 5.809486285189536
    endloop
  endfacet
  facet normal 0 -1 0
    outer loop
      vertex -76.10936534446597 -9.399999999999999 5.565981713586047
      vertex -75.79202400834949 -9.399999999999999 5.809486285189536
      vertex -76.2256406460551 -9.399999999999999 5.74
    endloop
  endfacet
  facet normal 0 -1 0
    outer loop
      vertex -75.79202400834949 -9.399999999999999 5.809486285189536
      vertex -75.87923048454132 -9.399999999999999 5.94
      vertex -76.2256406460551 -9.399999999999999 5.74
    endloop
  endfacet
  facet normal 0 -1 0
    outer loop
      vertex -75.87923048454132 -9.399999999999999 5.94
      vertex -76.31820725201806 -9.399999999999999 5.927706508215857
      vertex -76.2256406460551 -9.399999999999999 5.74
    endloop
  endfacet
  facet normal 0 -1 0
    outer loop
      vertex -75.87923048454132 -9.399999999999999 5.94
      vertex -75.94865543901355 -9.399999999999999 6.0807798811618925
      vertex -76.31820725201806 -9.399999999999999 5.927706508215857
    endloop
  endfacet
  facet normal 0 -1 0
    outer loop
      vertex -76.31820725201806 -9.399999999999999 5.927706508215857
      vertex -75.94865543901355 -9.399999999999999 6.0807798811618925
      vertex -75.99911099154689 -9.399999999999999 6.229417145876975
    endloop
  endfacet
  facet normal 0 -1 0
    outer loop
      vertex -76.31820725201806 -9.399999999999999 5.927706508215857
      vertex -75.99911099154689 -9.399999999999999 6.229417145876975
      vertex -76.3854813220625 -9.399999999999999 6.125889527835967
    endloop
  endfacet
  facet normal 0.9807852804032237 0 0.1950903220161625
    outer loop
      vertex -76.3854813220625 -13.399999999999999 6.125889527835967
      vertex -76.3854813220625 -9.399999999999999 6.125889527835967
      vertex -76.4263117781981 -9.399999999999999 6.331158092447917
    endloop
  endfacet
  facet normal 0.9978589232386046 0 0.06540312923012544
    outer loop
      vertex -76.4263117781981 -13.399999999999999 6.331158092447917
      vertex -76.4263117781981 -9.399999999999999 6.331158092447917
      vertex -76.44 -9.399999999999999 6.54
    endloop
  endfacet
  facet normal 0.9978589232386046 0 -0.06540312923012544
    outer loop
      vertex -76.44 -13.399999999999999 6.54
      vertex -76.44 -9.399999999999999 6.54
      vertex -76.4263117781981 -9.399999999999999 6.748841907552083
    endloop
  endfacet
  facet normal 0.9807852804032237 0 -0.1950903220161625
    outer loop
      vertex -76.4263117781981 -13.399999999999999 6.748841907552083
      vertex -76.4263117781981 -9.399999999999999 6.748841907552083
      vertex -76.3854813220625 -9.399999999999999 6.954110472164033
    endloop
  endfacet
  facet normal 0 -1 0
    outer loop
      vertex -76.3854813220625 -9.399999999999999 6.125889527835967
      vertex -75.99911099154689 -9.399999999999999 6.229417145876975
      vertex -76.02973383364858 -9.399999999999999 6.383368569335938
    endloop
  endfacet
  facet normal 0 -1 0
    outer loop
      vertex -76.3854813220625 -9.399999999999999 6.125889527835967
      vertex -76.02973383364858 -9.399999999999999 6.383368569335938
      vertex -76.4263117781981 -9.399999999999999 6.331158092447917
    endloop
  endfacet
  facet normal 0 -1 0
    outer loop
      vertex -76.02973383364858 -9.399999999999999 6.383368569335938
      vertex -76.03999999999999 -9.399999999999999 6.54
      vertex -76.4263117781981 -9.399999999999999 6.331158092447917
    endloop
  endfacet
  facet normal 0 -1 0
    outer loop
      vertex -76.03999999999999 -9.399999999999999 6.54
      vertex -76.44 -9.399999999999999 6.54
      vertex -76.4263117781981 -9.399999999999999 6.331158092447917
    endloop
  endfacet
  facet normal 0 -1 0
    outer loop
      vertex -76.03999999999999 -9.399999999999999 6.54
      vertex -76.02973383364858 -9.399999999999999 6.696631430664062
      vertex -76.44 -9.399999999999999 6.54
    endloop
  endfacet
  facet normal 0 -1 0
    outer loop
      vertex -76.02973383364858 -9.399999999999999 6.696631430664062
      vertex -76.4263117781981 -9.399999999999999 6.748841907552083
      vertex -76.44 -9.399999999999999 6.54
    endloop
  endfacet
  facet normal 0 -1 0
    outer loop
      vertex -76.02973383364858 -9.399999999999999 6.696631430664062
      vertex -75.99911099154689 -9.399999999999999 6.850582854123025
      vertex -76.4263117781981 -9.399999999999999 6.748841907552083
    endloop
  endfacet
  facet normal 0 -1 0
    outer loop
      vertex -75.99911099154689 -9.399999999999999 6.850582854123025
      vertex -76.3854813220625 -9.399999999999999 6.954110472164033
      vertex -76.4263117781981 -9.399999999999999 6.748841907552083
    endloop
  endfacet
  facet normal 0 -1 0
    outer loop
      vertex -75.99911099154689 -9.399999999999999 6.850582854123025
      vertex -75.94865543901355 -9.399999999999999 6.999220118838108
      vertex -76.3854813220625 -9.399999999999999 6.954110472164033
    endloop
  endfacet
  facet normal -0.9469301294951094 0 -0.3214394653031508
    outer loop
      vertex -73.29451867793749 -13.399999999999999 6.954110472164033
      vertex -73.36179274798194 -13.399999999999999 7.152293491784143
      vertex -73.29451867793749 -9.399999999999999 6.954110472164033
    endloop
  endfacet
  facet normal -0.8968727415326868 0 -0.442288690219004
    outer loop
      vertex -73.36179274798194 -13.399999999999999 7.152293491784143
      vertex -73.4543593539449 -13.399999999999999 7.34
      vertex -73.36179274798194 -9.399999999999999 7.152293491784143
    endloop
  endfacet
  facet normal -0.8314696123025426 0 -0.5555702330196062
    outer loop
      vertex -73.4543593539449 -13.399999999999999 7.34
      vertex -73.57063465553402 -13.399999999999999 7.514018286413953
      vertex -73.4543593539449 -9.399999999999999 7.34
    endloop
  endfacet
  facet normal -0.7518398074789604 0 -0.6593458151000884
    outer loop
      vertex -73.57063465553402 -13.399999999999999 7.514018286413953
      vertex -73.70862915010153 -13.399999999999999 7.6713708498984765
      vertex -73.57063465553402 -9.399999999999999 7.514018286413953
    endloop
  endfacet
  facet normal -0.6593458151000688 0 -0.7518398074789774
    outer loop
      vertex -73.70862915010153 -13.399999999999999 7.6713708498984765
      vertex -73.86598171358605 -13.399999999999999 7.809365344465976
      vertex -73.70862915010153 -9.399999999999999 7.6713708498984765
    endloop
  endfacet
  facet normal -0.5555702330196327 0 -0.8314696123025249
    outer loop
      vertex -73.86598171358605 -13.399999999999999 7.809365344465976
      vertex -74.03999999999999 -13.399999999999999 7.925640646055102
      vertex -73.86598171358605 -9.399999999999999 7.809365344465976
    endloop
  endfacet
  facet normal 0.9469301294951094 9.53806418354682e-19 -0.3214394653031508
    outer loop
      vertex -76.3854813220625 -13.399999999999999 6.954110472164033
      vertex -76.31820725201806 -9.399999999999999 7.152293491784143
      vertex -76.31820725201806 -13.399999999999999 7.152293491784143
    endloop
  endfacet
  facet normal 0.8968727415326868 1.4480681717226727e-18 -0.442288690219004
    outer loop
      vertex -76.31820725201806 -13.399999999999999 7.152293491784143
      vertex -76.2256406460551 -9.399999999999999 7.34
      vertex -76.2256406460551 -13.399999999999999 7.34
    endloop
  endfacet
  facet normal 0.8314696123025426 -3.722282225952703e-19 -0.5555702330196062
    outer loop
      vertex -76.2256406460551 -13.399999999999999 7.34
      vertex -76.10936534446597 -9.399999999999999 7.514018286413953
      vertex -76.10936534446597 -13.399999999999999 7.514018286413953
    endloop
  endfacet
  facet normal 0.751839807478994 1.2601656997893884e-18 -0.65934581510005
    outer loop
      vertex -76.10936534446597 -13.399999999999999 7.514018286413953
      vertex -75.97137084989848 -9.399999999999999 7.6713708498984765
      vertex -75.97137084989848 -13.399999999999999 7.6713708498984765
    endloop
  endfacet
  facet normal 0.6593458151000688 -1.9364356722168146e-19 -0.7518398074789774
    outer loop
      vertex -75.97137084989848 -13.399999999999999 7.6713708498984765
      vertex -75.81401828641395 -9.399999999999999 7.809365344465976
      vertex -75.81401828641395 -13.399999999999999 7.809365344465976
    endloop
  endfacet
  facet normal -0.4422886902189754 0 -0.8968727415327011
    outer loop
      vertex -74.03999999999999 -13.399999999999999 7.925640646055102
      vertex -74.22770650821586 -13.399999999999999 8.018207252018058
      vertex -74.03999999999999 -9.399999999999999 7.925640646055102
    endloop
  endfacet
  facet normal -0.32143946530317635 0 -0.9469301294951007
    outer loop
      vertex -74.22770650821586 -13.399999999999999 8.018207252018058
      vertex -74.42588952783596 -13.399999999999999 8.08548132206251
      vertex -74.22770650821586 -9.399999999999999 8.018207252018058
    endloop
  endfacet
  facet normal 0.5555702330196013 5.303844439776158e-19 -0.8314696123025458
    outer loop
      vertex -75.81401828641395 -13.399999999999999 7.809365344465976
      vertex -75.64 -9.399999999999999 7.925640646055102
      vertex -75.64 -13.399999999999999 7.925640646055102
    endloop
  endfacet
  facet normal 0.32143946530315565 0 -0.9469301294951077
    outer loop
      vertex -75.25411047216403 -13.399999999999999 8.08548132206251
      vertex -75.45229349178415 -13.399999999999999 8.018207252018058
      vertex -75.25411047216403 -9.399999999999999 8.08548132206251
    endloop
  endfacet
  facet normal 0.4422886902190023 6.321141697528624e-19 -0.8968727415326878
    outer loop
      vertex -75.64 -13.399999999999999 7.925640646055102
      vertex -75.45229349178415 -9.399999999999999 8.018207252018058
      vertex -75.45229349178415 -13.399999999999999 8.018207252018058
    endloop
  endfacet
  facet normal -0.19509032201612497 0 -0.9807852804032311
    outer loop
      vertex -74.42588952783596 -13.399999999999999 8.08548132206251
      vertex -74.63115809244792 -13.399999999999999 8.126311778198097
      vertex -74.42588952783596 -9.399999999999999 8.08548132206251
    endloop
  endfacet
  facet normal -0.06540312923014178 0 -0.9978589232386036
    outer loop
      vertex -74.63115809244792 -13.399999999999999 8.126311778198097
      vertex -74.84 -13.399999999999999 8.14
      vertex -74.63115809244792 -9.399999999999999 8.126311778198097
    endloop
  endfacet
  facet normal 0.06540312923014178 0 -0.9978589232386036
    outer loop
      vertex -74.84 -13.399999999999999 8.14
      vertex -75.04884190755209 -13.399999999999999 8.126311778198097
      vertex -74.84 -9.399999999999999 8.14
    endloop
  endfacet
  facet normal 0.19509032201613796 5.5583436775976e-19 -0.9807852804032285
    outer loop
      vertex -75.25411047216403 -13.399999999999999 8.08548132206251
      vertex -75.04884190755209 -9.399999999999999 8.126311778198097
      vertex -75.04884190755209 -13.399999999999999 8.126311778198097
    endloop
  endfacet
  facet normal -0.9469301294951094 0 -0.3214394653031508
    outer loop
      vertex -73.36179274798194 -13.399999999999999 7.152293491784143
      vertex -73.36179274798194 -9.399999999999999 7.152293491784143
      vertex -73.29451867793749 -9.399999999999999 6.954110472164033
    endloop
  endfacet
  facet normal -0.8968727415326868 0 -0.442288690219004
    outer loop
      vertex -73.4543593539449 -13.399999999999999 7.34
      vertex -73.4543593539449 -9.399999999999999 7.34
      vertex -73.36179274798194 -9.399999999999999 7.152293491784143
    endloop
  endfacet
  facet normal -0.8314696123025426 0 -0.5555702330196062
    outer loop
      vertex -73.57063465553402 -13.399999999999999 7.514018286413953
      vertex -73.57063465553402 -9.399999999999999 7.514018286413953
      vertex -73.4543593539449 -9.399999999999999 7.34
    endloop
  endfacet
  facet normal -0.7518398074789604 0 -0.6593458151000884
    outer loop
      vertex -73.70862915010153 -13.399999999999999 7.6713708498984765
      vertex -73.70862915010153 -9.399999999999999 7.6713708498984765
      vertex -73.57063465553402 -9.399999999999999 7.514018286413953
    endloop
  endfacet
  facet normal -0.6593458151000688 0 -0.7518398074789774
    outer loop
      vertex -73.86598171358605 -13.399999999999999 7.809365344465976
      vertex -73.86598171358605 -9.399999999999999 7.809365344465976
      vertex -73.70862915010153 -9.399999999999999 7.6713708498984765
    endloop
  endfacet
  facet normal 0 -1 0
    outer loop
      vertex -73.68088900845312 -9.399999999999999 6.850582854123025
      vertex -73.36179274798194 -9.399999999999999 7.152293491784143
      vertex -73.73134456098646 -9.399999999999999 6.999220118838108
    endloop
  endfacet
  facet normal 0 -1 0
    outer loop
      vertex -73.73134456098646 -9.399999999999999 6.999220118838108
      vertex -73.36179274798194 -9.399999999999999 7.152293491784143
      vertex -73.80076951545867 -9.399999999999999 7.14
    endloop
  endfacet
  facet normal 0 -1 0
    outer loop
      vertex -73.36179274798194 -9.399999999999999 7.152293491784143
      vertex -73.4543593539449 -9.399999999999999 7.34
      vertex -73.80076951545867 -9.399999999999999 7.14
    endloop
  endfacet
  facet normal 0 -1 0
    outer loop
      vertex -73.80076951545867 -9.399999999999999 7.14
      vertex -73.4543593539449 -9.399999999999999 7.34
      vertex -73.88797599165052 -9.399999999999999 7.270513714810464
    endloop
  endfacet
  facet normal 0 -1 0
    outer loop
      vertex -73.4543593539449 -9.399999999999999 7.34
      vertex -73.57063465553402 -9.399999999999999 7.514018286413953
      vertex -73.88797599165052 -9.399999999999999 7.270513714810464
    endloop
  endfacet
  facet normal 0 -1 0
    outer loop
      vertex -73.88797599165052 -9.399999999999999 7.270513714810464
      vertex -73.57063465553402 -9.399999999999999 7.514018286413953
      vertex -73.99147186257615 -9.399999999999999 7.388528137423857
    endloop
  endfacet
  facet normal 0 -1 0
    outer loop
      vertex -73.57063465553402 -9.399999999999999 7.514018286413953
      vertex -74.10948628518953 -9.399999999999999 7.492024008349482
      vertex -73.99147186257615 -9.399999999999999 7.388528137423857
    endloop
  endfacet
  facet normal 0 -1 0
    outer loop
      vertex -73.57063465553402 -9.399999999999999 7.514018286413953
      vertex -73.70862915010153 -9.399999999999999 7.6713708498984765
      vertex -74.10948628518953 -9.399999999999999 7.492024008349482
    endloop
  endfacet
  facet normal 0 -1 0
    outer loop
      vertex -73.70862915010153 -9.399999999999999 7.6713708498984765
      vertex -74.24 -9.399999999999999 7.579230484541326
      vertex -74.10948628518953 -9.399999999999999 7.492024008349482
    endloop
  endfacet
  facet normal 0 -1 0
    outer loop
      vertex -73.70862915010153 -9.399999999999999 7.6713708498984765
      vertex -73.86598171358605 -9.399999999999999 7.809365344465976
      vertex -74.38077988116189 -9.399999999999999 7.648655439013544
    endloop
  endfacet
  facet normal -0.5555702330196327 0 -0.8314696123025249
    outer loop
      vertex -74.03999999999999 -13.399999999999999 7.925640646055102
      vertex -74.03999999999999 -9.399999999999999 7.925640646055102
      vertex -73.86598171358605 -9.399999999999999 7.809365344465976
    endloop
  endfacet
  facet normal 0.9469301294951094 0 -0.3214394653031508
    outer loop
      vertex -76.3854813220625 -13.399999999999999 6.954110472164033
      vertex -76.3854813220625 -9.399999999999999 6.954110472164033
      vertex -76.31820725201806 -9.399999999999999 7.152293491784143
    endloop
  endfacet
  facet normal 0.8968727415326868 0 -0.442288690219004
    outer loop
      vertex -76.31820725201806 -13.399999999999999 7.152293491784143
      vertex -76.31820725201806 -9.399999999999999 7.152293491784143
      vertex -76.2256406460551 -9.399999999999999 7.34
    endloop
  endfacet
  facet normal 0.8314696123025426 0 -0.5555702330196062
    outer loop
      vertex -76.2256406460551 -13.399999999999999 7.34
      vertex -76.2256406460551 -9.399999999999999 7.34
      vertex -76.10936534446597 -9.399999999999999 7.514018286413953
    endloop
  endfacet
  facet normal 0.5555702330196013 0 -0.8314696123025458
    outer loop
      vertex -75.81401828641395 -13.399999999999999 7.809365344465976
      vertex -75.81401828641395 -9.399999999999999 7.809365344465976
      vertex -75.64 -9.399999999999999 7.925640646055102
    endloop
  endfacet
  facet normal 0.751839807478994 0 -0.65934581510005
    outer loop
      vertex -76.10936534446597 -13.399999999999999 7.514018286413953
      vertex -76.10936534446597 -9.399999999999999 7.514018286413953
      vertex -75.97137084989848 -9.399999999999999 7.6713708498984765
    endloop
  endfacet
  facet normal 0.6593458151000688 0 -0.7518398074789774
    outer loop
      vertex -75.97137084989848 -13.399999999999999 7.6713708498984765
      vertex -75.97137084989848 -9.399999999999999 7.6713708498984765
      vertex -75.81401828641395 -9.399999999999999 7.809365344465976
    endloop
  endfacet
  facet normal 0 -1 0
    outer loop
      vertex -75.94865543901355 -9.399999999999999 6.999220118838108
      vertex -76.31820725201806 -9.399999999999999 7.152293491784143
      vertex -76.3854813220625 -9.399999999999999 6.954110472164033
    endloop
  endfacet
  facet normal 0 -1 0
    outer loop
      vertex -75.94865543901355 -9.399999999999999 6.999220118838108
      vertex -75.87923048454132 -9.399999999999999 7.14
      vertex -76.31820725201806 -9.399999999999999 7.152293491784143
    endloop
  endfacet
  facet normal 0 -1 0
    outer loop
      vertex -75.87923048454132 -9.399999999999999 7.14
      vertex -75.79202400834949 -9.399999999999999 7.270513714810464
      vertex -76.31820725201806 -9.399999999999999 7.152293491784143
    endloop
  endfacet
  facet normal 0 -1 0
    outer loop
      vertex -75.79202400834949 -9.399999999999999 7.270513714810464
      vertex -76.2256406460551 -9.399999999999999 7.34
      vertex -76.31820725201806 -9.399999999999999 7.152293491784143
    endloop
  endfacet
  facet normal 0 -1 0
    outer loop
      vertex -75.79202400834949 -9.399999999999999 7.270513714810464
      vertex -75.68852813742386 -9.399999999999999 7.388528137423857
      vertex -76.2256406460551 -9.399999999999999 7.34
    endloop
  endfacet
  facet normal 0 -1 0
    outer loop
      vertex -76.2256406460551 -9.399999999999999 7.34
      vertex -75.68852813742386 -9.399999999999999 7.388528137423857
      vertex -76.10936534446597 -9.399999999999999 7.514018286413953
    endloop
  endfacet
  facet normal 0 -1 0
    outer loop
      vertex -73.70862915010153 -9.399999999999999 7.6713708498984765
      vertex -74.38077988116189 -9.399999999999999 7.648655439013544
      vertex -74.24 -9.399999999999999 7.579230484541326
    endloop
  endfacet
  facet normal 0 -1 0
    outer loop
      vertex -75.57051371481046 -9.399999999999999 7.492024008349482
      vertex -76.10936534446597 -9.399999999999999 7.514018286413953
      vertex -75.68852813742386 -9.399999999999999 7.388528137423857
    endloop
  endfacet
  facet normal 0 -1 0
    outer loop
      vertex -75.57051371481046 -9.399999999999999 7.492024008349482
      vertex -75.44 -9.399999999999999 7.579230484541326
      vertex -76.10936534446597 -9.399999999999999 7.514018286413953
    endloop
  endfacet
  facet normal 0 -1 0
    outer loop
      vertex -75.44 -9.399999999999999 7.579230484541326
      vertex -75.97137084989848 -9.399999999999999 7.6713708498984765
      vertex -76.10936534446597 -9.399999999999999 7.514018286413953
    endloop
  endfacet
  facet normal 0 -1 0
    outer loop
      vertex -75.29922011883811 -9.399999999999999 7.648655439013544
      vertex -75.97137084989848 -9.399999999999999 7.6713708498984765
      vertex -75.44 -9.399999999999999 7.579230484541326
    endloop
  endfacet
  facet normal 0 -1 0
    outer loop
      vertex -74.38077988116189 -9.399999999999999 7.648655439013544
      vertex -73.86598171358605 -9.399999999999999 7.809365344465976
      vertex -74.52941714587698 -9.399999999999999 7.699110991546882
    endloop
  endfacet
  facet normal 0 -1 0
    outer loop
      vertex -74.52941714587698 -9.399999999999999 7.699110991546882
      vertex -73.86598171358605 -9.399999999999999 7.809365344465976
      vertex -74.68336856933594 -9.399999999999999 7.729733833648572
    endloop
  endfacet
  facet normal 0 -1 0
    outer loop
      vertex -74.68336856933594 -9.399999999999999 7.729733833648572
      vertex -73.86598171358605 -9.399999999999999 7.809365344465976
      vertex -74.84 -9.399999999999999 7.74
    endloop
  endfacet
  facet normal 0 -1 0
    outer loop
      vertex -73.86598171358605 -9.399999999999999 7.809365344465976
      vertex -75.97137084989848 -9.399999999999999 7.6713708498984765
      vertex -74.84 -9.399999999999999 7.74
    endloop
  endfacet
  facet normal 0 -1 0
    outer loop
      vertex -73.86598171358605 -9.399999999999999 7.809365344465976
      vertex -74.03999999999999 -9.399999999999999 7.925640646055102
      vertex -75.81401828641395 -9.399999999999999 7.809365344465976
    endloop
  endfacet
  facet normal 0 -1 0
    outer loop
      vertex -74.99663143066407 -9.399999999999999 7.729733833648572
      vertex -75.97137084989848 -9.399999999999999 7.6713708498984765
      vertex -75.15058285412303 -9.399999999999999 7.699110991546882
    endloop
  endfacet
  facet normal 0 -1 0
    outer loop
      vertex -74.99663143066407 -9.399999999999999 7.729733833648572
      vertex -74.84 -9.399999999999999 7.74
      vertex -75.97137084989848 -9.399999999999999 7.6713708498984765
    endloop
  endfacet
  facet normal 0 -1 0
    outer loop
      vertex -73.86598171358605 -9.399999999999999 7.809365344465976
      vertex -75.81401828641395 -9.399999999999999 7.809365344465976
      vertex -75.97137084989848 -9.399999999999999 7.6713708498984765
    endloop
  endfacet
  facet normal 0 -1 0
    outer loop
      vertex -75.15058285412303 -9.399999999999999 7.699110991546882
      vertex -75.97137084989848 -9.399999999999999 7.6713708498984765
      vertex -75.29922011883811 -9.399999999999999 7.648655439013544
    endloop
  endfacet
  facet normal -0.4422886902189754 0 -0.8968727415327011
    outer loop
      vertex -74.22770650821586 -13.399999999999999 8.018207252018058
      vertex -74.22770650821586 -9.399999999999999 8.018207252018058
      vertex -74.03999999999999 -9.399999999999999 7.925640646055102
    endloop
  endfacet
  facet normal -0.32143946530317635 0 -0.9469301294951007
    outer loop
      vertex -74.42588952783596 -13.399999999999999 8.08548132206251
      vertex -74.42588952783596 -9.399999999999999 8.08548132206251
      vertex -74.22770650821586 -9.399999999999999 8.018207252018058
    endloop
  endfacet
  facet normal 0.4422886902190023 0 -0.8968727415326878
    outer loop
      vertex -75.64 -13.399999999999999 7.925640646055102
      vertex -75.64 -9.399999999999999 7.925640646055102
      vertex -75.45229349178415 -9.399999999999999 8.018207252018058
    endloop
  endfacet
  facet normal 0.32143946530315565 0 -0.9469301294951077
    outer loop
      vertex -75.45229349178415 -13.399999999999999 8.018207252018058
      vertex -75.45229349178415 -9.399999999999999 8.018207252018058
      vertex -75.25411047216403 -9.399999999999999 8.08548132206251
    endloop
  endfacet
  facet normal -0.19509032201612497 0 -0.9807852804032311
    outer loop
      vertex -74.63115809244792 -13.399999999999999 8.126311778198097
      vertex -74.63115809244792 -9.399999999999999 8.126311778198097
      vertex -74.42588952783596 -9.399999999999999 8.08548132206251
    endloop
  endfacet
  facet normal -0.06540312923014178 0 -0.9978589232386036
    outer loop
      vertex -74.84 -13.399999999999999 8.14
      vertex -74.84 -9.399999999999999 8.14
      vertex -74.63115809244792 -9.399999999999999 8.126311778198097
    endloop
  endfacet
  facet normal 0.06540312923014178 0 -0.9978589232386036
    outer loop
      vertex -75.04884190755209 -13.399999999999999 8.126311778198097
      vertex -75.04884190755209 -9.399999999999999 8.126311778198097
      vertex -74.84 -9.399999999999999 8.14
    endloop
  endfacet
  facet normal 0.19509032201613796 0 -0.9807852804032285
    outer loop
      vertex -75.25411047216403 -13.399999999999999 8.08548132206251
      vertex -75.25411047216403 -9.399999999999999 8.08548132206251
      vertex -75.04884190755209 -9.399999999999999 8.126311778198097
    endloop
  endfacet
  facet normal 0 -1 0
    outer loop
      vertex -74.03999999999999 -9.399999999999999 7.925640646055102
      vertex -74.22770650821586 -9.399999999999999 8.018207252018058
      vertex -75.64 -9.399999999999999 7.925640646055102
    endloop
  endfacet
  facet normal 0 -1 0
    outer loop
      vertex -74.22770650821586 -9.399999999999999 8.018207252018058
      vertex -74.42588952783596 -9.399999999999999 8.08548132206251
      vertex -75.45229349178415 -9.399999999999999 8.018207252018058
    endloop
  endfacet
  facet normal 0 -1 0
    outer loop
      vertex -74.03999999999999 -9.399999999999999 7.925640646055102
      vertex -75.64 -9.399999999999999 7.925640646055102
      vertex -75.81401828641395 -9.399999999999999 7.809365344465976
    endloop
  endfacet
  facet normal 0 -1 0
    outer loop
      vertex -74.22770650821586 -9.399999999999999 8.018207252018058
      vertex -75.45229349178415 -9.399999999999999 8.018207252018058
      vertex -75.64 -9.399999999999999 7.925640646055102
    endloop
  endfacet
  facet normal 0 -1 0
    outer loop
      vertex -74.42588952783596 -9.399999999999999 8.08548132206251
      vertex -75.25411047216403 -9.399999999999999 8.08548132206251
      vertex -75.45229349178415 -9.399999999999999 8.018207252018058
    endloop
  endfacet
  facet normal 0 -1 0
    outer loop
      vertex -74.42588952783596 -9.399999999999999 8.08548132206251
      vertex -74.63115809244792 -9.399999999999999 8.126311778198097
      vertex -75.25411047216403 -9.399999999999999 8.08548132206251
    endloop
  endfacet
  facet normal 0 -1 0
    outer loop
      vertex -74.63115809244792 -9.399999999999999 8.126311778198097
      vertex -74.84 -9.399999999999999 8.14
      vertex -75.04884190755209 -9.399999999999999 8.126311778198097
    endloop
  endfacet
  facet normal 0 -1 0
    outer loop
      vertex -75.25411047216403 -9.399999999999999 8.08548132206251
      vertex -74.63115809244792 -9.399999999999999 8.126311778198097
      vertex -75.04884190755209 -9.399999999999999 8.126311778198097
    endloop
  endfacet
  facet normal -0.7518398074789722 1.850476236378742e-18 0.6593458151000748
    outer loop
      vertex -73.88797599165052 -9.399999999999999 5.809486285189536
      vertex -73.99147186257615 -7.299999999999999 5.691471862576143
      vertex -73.99147186257615 -9.399999999999999 5.691471862576143
    endloop
  endfacet
  facet normal -0.8314696123025213 0 0.5555702330196381
    outer loop
      vertex -73.88797599165052 -9.399999999999999 5.809486285189536
      vertex -73.80076951545867 -9.399999999999999 5.94
      vertex -73.88797599165052 -7.299999999999999 5.809486285189536
    endloop
  endfacet
  facet normal -0.8968727415327046 0 0.4422886902189682
    outer loop
      vertex -73.80076951545867 -9.399999999999999 5.94
      vertex -73.73134456098646 -9.399999999999999 6.0807798811618925
      vertex -73.80076951545867 -7.299999999999999 5.94
    endloop
  endfacet
  facet normal -0.9469301294951094 0 0.3214394653031508
    outer loop
      vertex -73.73134456098646 -9.399999999999999 6.0807798811618925
      vertex -73.68088900845312 -9.399999999999999 6.229417145876975
      vertex -73.73134456098646 -7.299999999999999 6.0807798811618925
    endloop
  endfacet
  facet normal -0.9807852804032281 0 0.19509032201614018
    outer loop
      vertex -73.68088900845312 -9.399999999999999 6.229417145876975
      vertex -73.65026616635143 -9.399999999999999 6.383368569335938
      vertex -73.68088900845312 -7.299999999999999 6.229417145876975
    endloop
  endfacet
  facet normal -0.9978589232386031 0 0.06540312923014815
    outer loop
      vertex -73.65026616635143 -9.399999999999999 6.383368569335938
      vertex -73.64 -9.399999999999999 6.54
      vertex -73.65026616635143 -7.299999999999999 6.383368569335938
    endloop
  endfacet
  facet normal -0.9978589232386031 0 -0.06540312923014815
    outer loop
      vertex -73.64 -9.399999999999999 6.54
      vertex -73.65026616635143 -9.399999999999999 6.696631430664062
      vertex -73.64 -7.299999999999999 6.54
    endloop
  endfacet
  facet normal -0.9807852804032281 0 -0.19509032201614018
    outer loop
      vertex -73.65026616635143 -9.399999999999999 6.696631430664062
      vertex -73.68088900845312 -9.399999999999999 6.850582854123025
      vertex -73.65026616635143 -7.299999999999999 6.696631430664062
    endloop
  endfacet
  facet normal -0.9469301294951094 0 -0.3214394653031508
    outer loop
      vertex -73.68088900845312 -9.399999999999999 6.850582854123025
      vertex -73.73134456098646 -9.399999999999999 6.999220118838108
      vertex -73.68088900845312 -7.299999999999999 6.850582854123025
    endloop
  endfacet
  facet normal -0.6593458151000905 0 0.7518398074789585
    outer loop
      vertex -73.99147186257615 -9.399999999999999 5.691471862576143
      vertex -73.99147186257615 -7.299999999999999 5.691471862576143
      vertex -74.10948628518953 -7.299999999999999 5.587975991650518
    endloop
  endfacet
  facet normal -0.7518398074789722 0 0.6593458151000748
    outer loop
      vertex -73.88797599165052 -9.399999999999999 5.809486285189536
      vertex -73.88797599165052 -7.299999999999999 5.809486285189536
      vertex -73.99147186257615 -7.299999999999999 5.691471862576143
    endloop
  endfacet
  facet normal -0.8314696123025213 0 0.5555702330196381
    outer loop
      vertex -73.80076951545867 -9.399999999999999 5.94
      vertex -73.80076951545867 -7.299999999999999 5.94
      vertex -73.88797599165052 -7.299999999999999 5.809486285189536
    endloop
  endfacet
  facet normal -0.8968727415327046 0 0.4422886902189682
    outer loop
      vertex -73.73134456098646 -9.399999999999999 6.0807798811618925
      vertex -73.73134456098646 -7.299999999999999 6.0807798811618925
      vertex -73.80076951545867 -7.299999999999999 5.94
    endloop
  endfacet
  facet normal -0.9469301294951094 0 0.3214394653031508
    outer loop
      vertex -73.68088900845312 -9.399999999999999 6.229417145876975
      vertex -73.68088900845312 -7.299999999999999 6.229417145876975
      vertex -73.73134456098646 -7.299999999999999 6.0807798811618925
    endloop
  endfacet
  facet normal -0.9807852804032281 0 0.19509032201614018
    outer loop
      vertex -73.65026616635143 -9.399999999999999 6.383368569335938
      vertex -73.65026616635143 -7.299999999999999 6.383368569335938
      vertex -73.68088900845312 -7.299999999999999 6.229417145876975
    endloop
  endfacet
  facet normal -0.9978589232386031 0 0.06540312923014815
    outer loop
      vertex -73.64 -9.399999999999999 6.54
      vertex -73.64 -7.299999999999999 6.54
      vertex -73.65026616635143 -7.299999999999999 6.383368569335938
    endloop
  endfacet
  facet normal -0.9978589232386031 0 -0.06540312923014815
    outer loop
      vertex -73.65026616635143 -9.399999999999999 6.696631430664062
      vertex -73.65026616635143 -7.299999999999999 6.696631430664062
      vertex -73.64 -7.299999999999999 6.54
    endloop
  endfacet
  facet normal -0.9807852804032281 0 -0.19509032201614018
    outer loop
      vertex -73.68088900845312 -9.399999999999999 6.850582854123025
      vertex -73.68088900845312 -7.299999999999999 6.850582854123025
      vertex -73.65026616635143 -7.299999999999999 6.696631430664062
    endloop
  endfacet
  facet normal -0.9469301294951094 0 -0.3214394653031508
    outer loop
      vertex -73.73134456098646 -9.399999999999999 6.999220118838108
      vertex -73.73134456098646 -7.299999999999999 6.999220118838108
      vertex -73.68088900845312 -7.299999999999999 6.850582854123025
    endloop
  endfacet
  facet normal -0.06540312923014742 -3.1126133945969732e-19 0.9978589232386033
    outer loop
      vertex -74.68336856933594 -9.399999999999999 5.350266166351428
      vertex -74.84 -7.299999999999999 5.34
      vertex -74.84 -9.399999999999999 5.34
    endloop
  endfacet
  facet normal 0.06540312923014742 3.1126133945969732e-19 0.9978589232386033
    outer loop
      vertex -74.84 -9.399999999999999 5.34
      vertex -74.99663143066407 -7.299999999999999 5.350266166351428
      vertex -74.99663143066407 -9.399999999999999 5.350266166351428
    endloop
  endfacet
  facet normal -0.3214394653031437 2.4158170835463765e-19 0.9469301294951117
    outer loop
      vertex -74.38077988116189 -9.399999999999999 5.431344560986456
      vertex -74.52941714587698 -7.299999999999999 5.380889008453118
      vertex -74.52941714587698 -9.399999999999999 5.380889008453118
    endloop
  endfacet
  facet normal -0.44228869021900913 0 0.8968727415326844
    outer loop
      vertex -74.38077988116189 -9.399999999999999 5.431344560986456
      vertex -74.24 -9.399999999999999 5.500769515458674
      vertex -74.38077988116189 -7.299999999999999 5.431344560986456
    endloop
  endfacet
  facet normal -0.19509032201612383 -6.108970832239158e-19 0.9807852804032313
    outer loop
      vertex -74.52941714587698 -9.399999999999999 5.380889008453118
      vertex -74.68336856933594 -7.299999999999999 5.350266166351428
      vertex -74.68336856933594 -9.399999999999999 5.350266166351428
    endloop
  endfacet
  facet normal 0.19509032201612383 6.108970832239158e-19 0.9807852804032313
    outer loop
      vertex -74.99663143066407 -9.399999999999999 5.350266166351428
      vertex -75.15058285412303 -7.299999999999999 5.380889008453118
      vertex -75.15058285412303 -9.399999999999999 5.380889008453118
    endloop
  endfacet
  facet normal 0.3214394653031713 -1.1262982778103466e-18 0.9469301294951025
    outer loop
      vertex -75.15058285412303 -9.399999999999999 5.380889008453118
      vertex -75.29922011883811 -7.299999999999999 5.431344560986456
      vertex -75.29922011883811 -9.399999999999999 5.431344560986456
    endloop
  endfacet
  facet normal -0.5555702330196107 -8.45397565186575e-19 0.8314696123025396
    outer loop
      vertex -74.10948628518953 -9.399999999999999 5.587975991650518
      vertex -74.24 -7.299999999999999 5.500769515458674
      vertex -74.24 -9.399999999999999 5.500769515458674
    endloop
  endfacet
  facet normal -0.6593458151000905 0 0.7518398074789585
    outer loop
      vertex -74.10948628518953 -9.399999999999999 5.587975991650518
      vertex -73.99147186257615 -9.399999999999999 5.691471862576143
      vertex -74.10948628518953 -7.299999999999999 5.587975991650518
    endloop
  endfacet
  facet normal 0.44228869021900913 -2.1334852284465256e-19 0.8968727415326844
    outer loop
      vertex -75.29922011883811 -9.399999999999999 5.431344560986456
      vertex -75.44 -7.299999999999999 5.500769515458674
      vertex -75.44 -9.399999999999999 5.500769515458674
    endloop
  endfacet
  facet normal 0.5555702330196107 8.45397565186575e-19 0.8314696123025396
    outer loop
      vertex -75.44 -9.399999999999999 5.500769515458674
      vertex -75.57051371481046 -7.299999999999999 5.587975991650518
      vertex -75.57051371481046 -9.399999999999999 5.587975991650518
    endloop
  endfacet
  facet normal 0.6593458151000456 -5.618019653736588e-20 0.7518398074789978
    outer loop
      vertex -75.57051371481046 -9.399999999999999 5.587975991650518
      vertex -75.68852813742386 -7.299999999999999 5.691471862576143
      vertex -75.68852813742386 -9.399999999999999 5.691471862576143
    endloop
  endfacet
  facet normal 0.7518398074789722 -1.850476236378742e-18 0.6593458151000748
    outer loop
      vertex -75.68852813742386 -9.399999999999999 5.691471862576143
      vertex -75.79202400834949 -7.299999999999999 5.809486285189536
      vertex -75.79202400834949 -9.399999999999999 5.809486285189536
    endloop
  endfacet
  facet normal 0.8314696123025631 -1.4393918216261307e-19 0.5555702330195756
    outer loop
      vertex -75.79202400834949 -9.399999999999999 5.809486285189536
      vertex -75.87923048454132 -7.299999999999999 5.94
      vertex -75.87923048454132 -9.399999999999999 5.94
    endloop
  endfacet
  facet normal 0.8968727415326686 1.230992602898462e-18 0.4422886902190411
    outer loop
      vertex -75.87923048454132 -9.399999999999999 5.94
      vertex -75.94865543901355 -7.299999999999999 6.0807798811618925
      vertex -75.94865543901355 -9.399999999999999 6.0807798811618925
    endloop
  endfacet
  facet normal 0.9469301294951094 -4.692808254869108e-20 0.3214394653031508
    outer loop
      vertex -75.94865543901355 -9.399999999999999 6.0807798811618925
      vertex -75.99911099154689 -7.299999999999999 6.229417145876975
      vertex -75.99911099154689 -9.399999999999999 6.229417145876975
    endloop
  endfacet
  facet normal 0.9807852804032281 7.720043490742984e-19 0.19509032201614018
    outer loop
      vertex -75.99911099154689 -9.399999999999999 6.229417145876975
      vertex -76.02973383364858 -7.299999999999999 6.383368569335938
      vertex -76.02973383364858 -9.399999999999999 6.383368569335938
    endloop
  endfacet
  facet normal 0.997858923238609 -2.821803370311401e-19 0.06540312923005802
    outer loop
      vertex -76.02973383364858 -9.399999999999999 6.383368569335938
      vertex -76.03999999999999 -7.299999999999999 6.54
      vertex -76.03999999999999 -9.399999999999999 6.54
    endloop
  endfacet
  facet normal 0.997858923238609 2.821803370311401e-19 -0.06540312923005802
    outer loop
      vertex -76.03999999999999 -9.399999999999999 6.54
      vertex -76.02973383364858 -7.299999999999999 6.696631430664062
      vertex -76.02973383364858 -9.399999999999999 6.696631430664062
    endloop
  endfacet
  facet normal 0.9807852804032281 -7.720043490742984e-19 -0.19509032201614018
    outer loop
      vertex -76.02973383364858 -9.399999999999999 6.696631430664062
      vertex -75.99911099154689 -7.299999999999999 6.850582854123025
      vertex -75.99911099154689 -9.399999999999999 6.850582854123025
    endloop
  endfacet
  facet normal 0.9469301294951094 4.692808254869108e-20 -0.3214394653031508
    outer loop
      vertex -75.99911099154689 -9.399999999999999 6.850582854123025
      vertex -75.94865543901355 -7.299999999999999 6.999220118838108
      vertex -75.94865543901355 -9.399999999999999 6.999220118838108
    endloop
  endfacet
  facet normal -0.06540312923014742 0 0.9978589232386033
    outer loop
      vertex -74.68336856933594 -9.399999999999999 5.350266166351428
      vertex -74.68336856933594 -7.299999999999999 5.350266166351428
      vertex -74.84 -7.299999999999999 5.34
    endloop
  endfacet
  facet normal 0.06540312923014742 0 0.9978589232386033
    outer loop
      vertex -74.84 -9.399999999999999 5.34
      vertex -74.84 -7.299999999999999 5.34
      vertex -74.99663143066407 -7.299999999999999 5.350266166351428
    endloop
  endfacet
  facet normal -0.3214394653031437 0 0.9469301294951117
    outer loop
      vertex -74.38077988116189 -9.399999999999999 5.431344560986456
      vertex -74.38077988116189 -7.299999999999999 5.431344560986456
      vertex -74.52941714587698 -7.299999999999999 5.380889008453118
    endloop
  endfacet
  facet normal -0.19509032201612383 0 0.9807852804032313
    outer loop
      vertex -74.52941714587698 -9.399999999999999 5.380889008453118
      vertex -74.52941714587698 -7.299999999999999 5.380889008453118
      vertex -74.68336856933594 -7.299999999999999 5.350266166351428
    endloop
  endfacet
  facet normal 0.19509032201612383 0 0.9807852804032313
    outer loop
      vertex -74.99663143066407 -9.399999999999999 5.350266166351428
      vertex -74.99663143066407 -7.299999999999999 5.350266166351428
      vertex -75.15058285412303 -7.299999999999999 5.380889008453118
    endloop
  endfacet
  facet normal 0.3214394653031713 0 0.9469301294951025
    outer loop
      vertex -75.15058285412303 -9.399999999999999 5.380889008453118
      vertex -75.15058285412303 -7.299999999999999 5.380889008453118
      vertex -75.29922011883811 -7.299999999999999 5.431344560986456
    endloop
  endfacet
  facet normal 0.44228869021900913 0 0.8968727415326844
    outer loop
      vertex -75.29922011883811 -9.399999999999999 5.431344560986456
      vertex -75.29922011883811 -7.299999999999999 5.431344560986456
      vertex -75.44 -7.299999999999999 5.500769515458674
    endloop
  endfacet
  facet normal -0.44228869021900913 0 0.8968727415326844
    outer loop
      vertex -74.24 -9.399999999999999 5.500769515458674
      vertex -74.24 -7.299999999999999 5.500769515458674
      vertex -74.38077988116189 -7.299999999999999 5.431344560986456
    endloop
  endfacet
  facet normal -0.5555702330196107 0 0.8314696123025396
    outer loop
      vertex -74.10948628518953 -9.399999999999999 5.587975991650518
      vertex -74.10948628518953 -7.299999999999999 5.587975991650518
      vertex -74.24 -7.299999999999999 5.500769515458674
    endloop
  endfacet
  facet normal 0.5555702330196107 0 0.8314696123025396
    outer loop
      vertex -75.44 -9.399999999999999 5.500769515458674
      vertex -75.44 -7.299999999999999 5.500769515458674
      vertex -75.57051371481046 -7.299999999999999 5.587975991650518
    endloop
  endfacet
  facet normal 0.6593458151000456 0 0.7518398074789978
    outer loop
      vertex -75.57051371481046 -9.399999999999999 5.587975991650518
      vertex -75.57051371481046 -7.299999999999999 5.587975991650518
      vertex -75.68852813742386 -7.299999999999999 5.691471862576143
    endloop
  endfacet
  facet normal 0.7518398074789722 0 0.6593458151000748
    outer loop
      vertex -75.68852813742386 -9.399999999999999 5.691471862576143
      vertex -75.68852813742386 -7.299999999999999 5.691471862576143
      vertex -75.79202400834949 -7.299999999999999 5.809486285189536
    endloop
  endfacet
  facet normal 0.8314696123025631 0 0.5555702330195756
    outer loop
      vertex -75.79202400834949 -9.399999999999999 5.809486285189536
      vertex -75.79202400834949 -7.299999999999999 5.809486285189536
      vertex -75.87923048454132 -7.299999999999999 5.94
    endloop
  endfacet
  facet normal 0.8968727415326686 0 0.4422886902190411
    outer loop
      vertex -75.87923048454132 -9.399999999999999 5.94
      vertex -75.87923048454132 -7.299999999999999 5.94
      vertex -75.94865543901355 -7.299999999999999 6.0807798811618925
    endloop
  endfacet
  facet normal 0.9469301294951094 0 0.3214394653031508
    outer loop
      vertex -75.94865543901355 -9.399999999999999 6.0807798811618925
      vertex -75.94865543901355 -7.299999999999999 6.0807798811618925
      vertex -75.99911099154689 -7.299999999999999 6.229417145876975
    endloop
  endfacet
  facet normal 0.9807852804032281 0 0.19509032201614018
    outer loop
      vertex -75.99911099154689 -9.399999999999999 6.229417145876975
      vertex -75.99911099154689 -7.299999999999999 6.229417145876975
      vertex -76.02973383364858 -7.299999999999999 6.383368569335938
    endloop
  endfacet
  facet normal 0.997858923238609 0 0.06540312923005802
    outer loop
      vertex -76.02973383364858 -9.399999999999999 6.383368569335938
      vertex -76.02973383364858 -7.299999999999999 6.383368569335938
      vertex -76.03999999999999 -7.299999999999999 6.54
    endloop
  endfacet
  facet normal 0.997858923238609 0 -0.06540312923005802
    outer loop
      vertex -76.03999999999999 -9.399999999999999 6.54
      vertex -76.03999999999999 -7.299999999999999 6.54
      vertex -76.02973383364858 -7.299999999999999 6.696631430664062
    endloop
  endfacet
  facet normal 0.9807852804032281 0 -0.19509032201614018
    outer loop
      vertex -76.02973383364858 -9.399999999999999 6.696631430664062
      vertex -76.02973383364858 -7.299999999999999 6.696631430664062
      vertex -75.99911099154689 -7.299999999999999 6.850582854123025
    endloop
  endfacet
  facet normal 0.9469301294951094 0 -0.3214394653031508
    outer loop
      vertex -75.99911099154689 -9.399999999999999 6.850582854123025
      vertex -75.99911099154689 -7.299999999999999 6.850582854123025
      vertex -75.94865543901355 -7.299999999999999 6.999220118838108
    endloop
  endfacet
  facet normal -0.8968727415327046 0 -0.4422886902189682
    outer loop
      vertex -73.73134456098646 -9.399999999999999 6.999220118838108
      vertex -73.80076951545867 -9.399999999999999 7.14
      vertex -73.73134456098646 -7.299999999999999 6.999220118838108
    endloop
  endfacet
  facet normal -0.8314696123025213 0 -0.5555702330196381
    outer loop
      vertex -73.80076951545867 -9.399999999999999 7.14
      vertex -73.88797599165052 -9.399999999999999 7.270513714810464
      vertex -73.80076951545867 -7.299999999999999 7.14
    endloop
  endfacet
  facet normal -0.7518398074789722 0 -0.6593458151000748
    outer loop
      vertex -73.88797599165052 -9.399999999999999 7.270513714810464
      vertex -73.99147186257615 -9.399999999999999 7.388528137423857
      vertex -73.88797599165052 -7.299999999999999 7.270513714810464
    endloop
  endfacet
  facet normal -0.6593458151000905 0 -0.7518398074789585
    outer loop
      vertex -73.99147186257615 -9.399999999999999 7.388528137423857
      vertex -74.10948628518953 -9.399999999999999 7.492024008349482
      vertex -73.99147186257615 -7.299999999999999 7.388528137423857
    endloop
  endfacet
  facet normal -0.8968727415327046 0 -0.4422886902189682
    outer loop
      vertex -73.80076951545867 -9.399999999999999 7.14
      vertex -73.80076951545867 -7.299999999999999 7.14
      vertex -73.73134456098646 -7.299999999999999 6.999220118838108
    endloop
  endfacet
  facet normal -0.8314696123025213 0 -0.5555702330196381
    outer loop
      vertex -73.88797599165052 -9.399999999999999 7.270513714810464
      vertex -73.88797599165052 -7.299999999999999 7.270513714810464
      vertex -73.80076951545867 -7.299999999999999 7.14
    endloop
  endfacet
  facet normal -0.7518398074789722 0 -0.6593458151000748
    outer loop
      vertex -73.99147186257615 -9.399999999999999 7.388528137423857
      vertex -73.99147186257615 -7.299999999999999 7.388528137423857
      vertex -73.88797599165052 -7.299999999999999 7.270513714810464
    endloop
  endfacet
  facet normal 0.8314696123025631 1.4393918216261307e-19 -0.5555702330195756
    outer loop
      vertex -75.87923048454132 -9.399999999999999 7.14
      vertex -75.79202400834949 -7.299999999999999 7.270513714810464
      vertex -75.79202400834949 -9.399999999999999 7.270513714810464
    endloop
  endfacet
  facet normal 0.7518398074789722 1.850476236378742e-18 -0.6593458151000748
    outer loop
      vertex -75.79202400834949 -9.399999999999999 7.270513714810464
      vertex -75.68852813742386 -7.299999999999999 7.388528137423857
      vertex -75.68852813742386 -9.399999999999999 7.388528137423857
    endloop
  endfacet
  facet normal 0.8968727415326686 -1.230992602898462e-18 -0.4422886902190411
    outer loop
      vertex -75.94865543901355 -9.399999999999999 6.999220118838108
      vertex -75.87923048454132 -7.299999999999999 7.14
      vertex -75.87923048454132 -9.399999999999999 7.14
    endloop
  endfacet
  facet normal -0.5555702330196107 0 -0.8314696123025396
    outer loop
      vertex -74.10948628518953 -9.399999999999999 7.492024008349482
      vertex -74.24 -9.399999999999999 7.579230484541326
      vertex -74.10948628518953 -7.299999999999999 7.492024008349482
    endloop
  endfacet
  facet normal -0.44228869021900913 0 -0.8968727415326844
    outer loop
      vertex -74.24 -9.399999999999999 7.579230484541326
      vertex -74.38077988116189 -9.399999999999999 7.648655439013544
      vertex -74.24 -7.299999999999999 7.579230484541326
    endloop
  endfacet
  facet normal 0.6593458151000456 0 -0.7518398074789978
    outer loop
      vertex -75.57051371481046 -9.399999999999999 7.492024008349482
      vertex -75.68852813742386 -9.399999999999999 7.388528137423857
      vertex -75.57051371481046 -7.299999999999999 7.492024008349482
    endloop
  endfacet
  facet normal 0.44228869021900913 0 -0.8968727415326844
    outer loop
      vertex -75.29922011883811 -9.399999999999999 7.648655439013544
      vertex -75.44 -9.399999999999999 7.579230484541326
      vertex -75.29922011883811 -7.299999999999999 7.648655439013544
    endloop
  endfacet
  facet normal 0.5555702330196107 -8.45397565186575e-19 -0.8314696123025396
    outer loop
      vertex -75.57051371481046 -9.399999999999999 7.492024008349482
      vertex -75.44 -7.299999999999999 7.579230484541326
      vertex -75.44 -9.399999999999999 7.579230484541326
    endloop
  endfacet
  facet normal -0.3214394653031437 0 -0.9469301294951117
    outer loop
      vertex -74.38077988116189 -9.399999999999999 7.648655439013544
      vertex -74.52941714587698 -9.399999999999999 7.699110991546882
      vertex -74.38077988116189 -7.299999999999999 7.648655439013544
    endloop
  endfacet
  facet normal -0.19509032201612383 0 -0.9807852804032313
    outer loop
      vertex -74.52941714587698 -9.399999999999999 7.699110991546882
      vertex -74.68336856933594 -9.399999999999999 7.729733833648572
      vertex -74.52941714587698 -7.299999999999999 7.699110991546882
    endloop
  endfacet
  facet normal -0.06540312923014742 0 -0.9978589232386033
    outer loop
      vertex -74.68336856933594 -9.399999999999999 7.729733833648572
      vertex -74.84 -9.399999999999999 7.74
      vertex -74.68336856933594 -7.299999999999999 7.729733833648572
    endloop
  endfacet
  facet normal 0.06540312923014742 -3.1126133945969732e-19 -0.9978589232386033
    outer loop
      vertex -74.99663143066407 -9.399999999999999 7.729733833648572
      vertex -74.84 -7.299999999999999 7.74
      vertex -74.84 -9.399999999999999 7.74
    endloop
  endfacet
  facet normal 0.3214394653031713 0 -0.9469301294951025
    outer loop
      vertex -75.15058285412303 -9.399999999999999 7.699110991546882
      vertex -75.29922011883811 -9.399999999999999 7.648655439013544
      vertex -75.15058285412303 -7.299999999999999 7.699110991546882
    endloop
  endfacet
  facet normal 0.19509032201612383 0 -0.9807852804032313
    outer loop
      vertex -74.99663143066407 -9.399999999999999 7.729733833648572
      vertex -75.15058285412303 -9.399999999999999 7.699110991546882
      vertex -74.99663143066407 -7.299999999999999 7.729733833648572
    endloop
  endfacet
  facet normal 0.8314696123025631 0 -0.5555702330195756
    outer loop
      vertex -75.87923048454132 -9.399999999999999 7.14
      vertex -75.87923048454132 -7.299999999999999 7.14
      vertex -75.79202400834949 -7.299999999999999 7.270513714810464
    endloop
  endfacet
  facet normal 0.7518398074789722 0 -0.6593458151000748
    outer loop
      vertex -75.79202400834949 -9.399999999999999 7.270513714810464
      vertex -75.79202400834949 -7.299999999999999 7.270513714810464
      vertex -75.68852813742386 -7.299999999999999 7.388528137423857
    endloop
  endfacet
  facet normal 0.6593458151000456 0 -0.7518398074789978
    outer loop
      vertex -75.68852813742386 -9.399999999999999 7.388528137423857
      vertex -75.68852813742386 -7.299999999999999 7.388528137423857
      vertex -75.57051371481046 -7.299999999999999 7.492024008349482
    endloop
  endfacet
  facet normal 0.8968727415326686 0 -0.4422886902190411
    outer loop
      vertex -75.94865543901355 -9.399999999999999 6.999220118838108
      vertex -75.94865543901355 -7.299999999999999 6.999220118838108
      vertex -75.87923048454132 -7.299999999999999 7.14
    endloop
  endfacet
  facet normal -0.6593458151000905 0 -0.7518398074789585
    outer loop
      vertex -74.10948628518953 -9.399999999999999 7.492024008349482
      vertex -74.10948628518953 -7.299999999999999 7.492024008349482
      vertex -73.99147186257615 -7.299999999999999 7.388528137423857
    endloop
  endfacet
  facet normal -0.5555702330196107 0 -0.8314696123025396
    outer loop
      vertex -74.24 -9.399999999999999 7.579230484541326
      vertex -74.24 -7.299999999999999 7.579230484541326
      vertex -74.10948628518953 -7.299999999999999 7.492024008349482
    endloop
  endfacet
  facet normal -0.44228869021900913 0 -0.8968727415326844
    outer loop
      vertex -74.38077988116189 -9.399999999999999 7.648655439013544
      vertex -74.38077988116189 -7.299999999999999 7.648655439013544
      vertex -74.24 -7.299999999999999 7.579230484541326
    endloop
  endfacet
  facet normal 0.5555702330196107 0 -0.8314696123025396
    outer loop
      vertex -75.57051371481046 -9.399999999999999 7.492024008349482
      vertex -75.57051371481046 -7.299999999999999 7.492024008349482
      vertex -75.44 -7.299999999999999 7.579230484541326
    endloop
  endfacet
  facet normal 0.44228869021900913 0 -0.8968727415326844
    outer loop
      vertex -75.44 -9.399999999999999 7.579230484541326
      vertex -75.44 -7.299999999999999 7.579230484541326
      vertex -75.29922011883811 -7.299999999999999 7.648655439013544
    endloop
  endfacet
  facet normal -0.3214394653031437 0 -0.9469301294951117
    outer loop
      vertex -74.52941714587698 -9.399999999999999 7.699110991546882
      vertex -74.52941714587698 -7.299999999999999 7.699110991546882
      vertex -74.38077988116189 -7.299999999999999 7.648655439013544
    endloop
  endfacet
  facet normal -0.19509032201612383 0 -0.9807852804032313
    outer loop
      vertex -74.68336856933594 -9.399999999999999 7.729733833648572
      vertex -74.68336856933594 -7.299999999999999 7.729733833648572
      vertex -74.52941714587698 -7.299999999999999 7.699110991546882
    endloop
  endfacet
  facet normal -0.06540312923014742 0 -0.9978589232386033
    outer loop
      vertex -74.84 -9.399999999999999 7.74
      vertex -74.84 -7.299999999999999 7.74
      vertex -74.68336856933594 -7.299999999999999 7.729733833648572
    endloop
  endfacet
  facet normal 0.06540312923014742 0 -0.9978589232386033
    outer loop
      vertex -74.99663143066407 -9.399999999999999 7.729733833648572
      vertex -74.99663143066407 -7.299999999999999 7.729733833648572
      vertex -74.84 -7.299999999999999 7.74
    endloop
  endfacet
  facet normal 0.19509032201612383 0 -0.9807852804032313
    outer loop
      vertex -75.15058285412303 -9.399999999999999 7.699110991546882
      vertex -75.15058285412303 -7.299999999999999 7.699110991546882
      vertex -74.99663143066407 -7.299999999999999 7.729733833648572
    endloop
  endfacet
  facet normal 0.3214394653031713 0 -0.9469301294951025
    outer loop
      vertex -75.29922011883811 -9.399999999999999 7.648655439013544
      vertex -75.29922011883811 -7.299999999999999 7.648655439013544
      vertex -75.15058285412303 -7.299999999999999 7.699110991546882
    endloop
  endfacet
  facet normal -0.3214394653031518 0 0.9469301294951089
    outer loop
      vertex -94.74588952783597 -13.399999999999999 4.99451867793749
      vertex -94.54770650821585 -13.399999999999999 5.061792747981941
      vertex -94.74588952783597 -9.399999999999999 4.99451867793749
    endloop
  endfacet
  facet normal -0.19509032201613385 3.5378894915097185e-19 0.9807852804032293
    outer loop
      vertex -94.74588952783597 -13.399999999999999 4.99451867793749
      vertex -94.95115809244791 -9.399999999999999 4.953688221801904
      vertex -94.95115809244791 -13.399999999999999 4.953688221801904
    endloop
  endfacet
  facet normal -0.06540312923014602 -2.2505949317899973e-19 0.9978589232386034
    outer loop
      vertex -94.95115809244791 -13.399999999999999 4.953688221801904
      vertex -95.16 -9.399999999999999 4.9399999999999995
      vertex -95.16 -13.399999999999999 4.9399999999999995
    endloop
  endfacet
  facet normal 0.06540312923014602 2.2505949317899973e-19 0.9978589232386034
    outer loop
      vertex -95.16 -13.399999999999999 4.9399999999999995
      vertex -95.36884190755208 -9.399999999999999 4.953688221801904
      vertex -95.36884190755208 -13.399999999999999 4.953688221801904
    endloop
  endfacet
  facet normal 0.19509032201612087 7.17313702651158e-19 0.9807852804032319
    outer loop
      vertex -95.36884190755208 -13.399999999999999 4.953688221801904
      vertex -95.57411047216404 -9.399999999999999 4.99451867793749
      vertex -95.57411047216404 -13.399999999999999 4.99451867793749
    endloop
  endfacet
  facet normal -0.4422886902190057 0 0.8968727415326861
    outer loop
      vertex -94.54770650821585 -13.399999999999999 5.061792747981941
      vertex -94.36 -13.399999999999999 5.154359353944898
      vertex -94.54770650821585 -9.399999999999999 5.061792747981941
    endloop
  endfacet
  facet normal -0.5555702330196013 5.303844439776158e-19 0.8314696123025458
    outer loop
      vertex -94.18598171358605 -13.399999999999999 5.270634655534024
      vertex -94.36 -9.399999999999999 5.154359353944898
      vertex -94.36 -13.399999999999999 5.154359353944898
    endloop
  endfacet
  facet normal -0.6593458151000688 0 0.7518398074789774
    outer loop
      vertex -94.18598171358605 -13.399999999999999 5.270634655534024
      vertex -94.02862915010152 -13.399999999999999 5.408629150101524
      vertex -94.18598171358605 -9.399999999999999 5.270634655534024
    endloop
  endfacet
  facet normal -0.751839807478994 0 0.65934581510005
    outer loop
      vertex -94.02862915010152 -13.399999999999999 5.408629150101524
      vertex -93.89063465553403 -13.399999999999999 5.565981713586047
      vertex -94.02862915010152 -9.399999999999999 5.408629150101524
    endloop
  endfacet
  facet normal -0.8314696123025426 0 0.5555702330196062
    outer loop
      vertex -93.89063465553403 -13.399999999999999 5.565981713586047
      vertex -93.7743593539449 -13.399999999999999 5.74
      vertex -93.89063465553403 -9.399999999999999 5.565981713586047
    endloop
  endfacet
  facet normal -0.8968727415326868 1.4480681717226727e-18 0.442288690219004
    outer loop
      vertex -93.68179274798194 -13.399999999999999 5.927706508215857
      vertex -93.7743593539449 -9.399999999999999 5.74
      vertex -93.7743593539449 -13.399999999999999 5.74
    endloop
  endfacet
  facet normal -0.9469301294951094 0 0.3214394653031508
    outer loop
      vertex -93.68179274798194 -13.399999999999999 5.927706508215857
      vertex -93.6145186779375 -13.399999999999999 6.125889527835967
      vertex -93.68179274798194 -9.399999999999999 5.927706508215857
    endloop
  endfacet
  facet normal -0.9807852804032237 0 0.1950903220161625
    outer loop
      vertex -93.6145186779375 -13.399999999999999 6.125889527835967
      vertex -93.5736882218019 -13.399999999999999 6.331158092447917
      vertex -93.6145186779375 -9.399999999999999 6.125889527835967
    endloop
  endfacet
  facet normal -0.9978589232386046 0 0.06540312923012544
    outer loop
      vertex -93.5736882218019 -13.399999999999999 6.331158092447917
      vertex -93.56 -13.399999999999999 6.54
      vertex -93.5736882218019 -9.399999999999999 6.331158092447917
    endloop
  endfacet
  facet normal -0.9978589232386046 0 -0.06540312923012544
    outer loop
      vertex -93.56 -13.399999999999999 6.54
      vertex -93.5736882218019 -13.399999999999999 6.748841907552083
      vertex -93.56 -9.399999999999999 6.54
    endloop
  endfacet
  facet normal -0.9807852804032237 0 -0.1950903220161625
    outer loop
      vertex -93.5736882218019 -13.399999999999999 6.748841907552083
      vertex -93.6145186779375 -13.399999999999999 6.954110472164033
      vertex -93.5736882218019 -9.399999999999999 6.748841907552083
    endloop
  endfacet
  facet normal 0.3214394653031725 -6.523646327400351e-19 0.9469301294951019
    outer loop
      vertex -95.57411047216404 -13.399999999999999 4.99451867793749
      vertex -95.77229349178414 -9.399999999999999 5.061792747981941
      vertex -95.77229349178414 -13.399999999999999 5.061792747981941
    endloop
  endfacet
  facet normal 0.44228869021897876 -1.4845320148107187e-18 0.8968727415326995
    outer loop
      vertex -95.77229349178414 -13.399999999999999 5.061792747981941
      vertex -95.96000000000001 -9.399999999999999 5.154359353944898
      vertex -95.96000000000001 -13.399999999999999 5.154359353944898
    endloop
  endfacet
  facet normal 0.5555702330196327 5.622007969408655e-19 0.8314696123025249
    outer loop
      vertex -95.96000000000001 -13.399999999999999 5.154359353944898
      vertex -96.13401828641395 -9.399999999999999 5.270634655534024
      vertex -96.13401828641395 -13.399999999999999 5.270634655534024
    endloop
  endfacet
  facet normal 0.6593458151000688 1.9364356722168146e-19 0.7518398074789774
    outer loop
      vertex -96.13401828641395 -13.399999999999999 5.270634655534024
      vertex -96.29137084989847 -9.399999999999999 5.408629150101524
      vertex -96.29137084989847 -13.399999999999999 5.408629150101524
    endloop
  endfacet
  facet normal 0.7518398074789604 7.452635590538619e-19 0.6593458151000884
    outer loop
      vertex -96.29137084989847 -13.399999999999999 5.408629150101524
      vertex -96.42936534446598 -9.399999999999999 5.565981713586047
      vertex -96.42936534446598 -13.399999999999999 5.565981713586047
    endloop
  endfacet
  facet normal 0.8314696123025426 3.722282225952703e-19 0.5555702330196062
    outer loop
      vertex -96.42936534446598 -13.399999999999999 5.565981713586047
      vertex -96.5456406460551 -9.399999999999999 5.74
      vertex -96.5456406460551 -13.399999999999999 5.74
    endloop
  endfacet
  facet normal 0.8968727415326868 -1.4480681717226727e-18 0.442288690219004
    outer loop
      vertex -96.5456406460551 -13.399999999999999 5.74
      vertex -96.63820725201806 -9.399999999999999 5.927706508215857
      vertex -96.63820725201806 -13.399999999999999 5.927706508215857
    endloop
  endfacet
  facet normal 0.9469301294951094 -9.53806418354682e-19 0.3214394653031508
    outer loop
      vertex -96.63820725201806 -13.399999999999999 5.927706508215857
      vertex -96.70548132206251 -9.399999999999999 6.125889527835967
      vertex -96.70548132206251 -13.399999999999999 6.125889527835967
    endloop
  endfacet
  facet normal 0.9807852804032366 9.529108718213644e-19 0.19509032201609716
    outer loop
      vertex -96.70548132206251 -13.399999999999999 6.125889527835967
      vertex -96.74631177819809 -9.399999999999999 6.331158092447917
      vertex -96.74631177819809 -13.399999999999999 6.331158092447917
    endloop
  endfacet
  facet normal 0.9978589232386003 -1.497602092315653e-19 0.06540312923019305
    outer loop
      vertex -96.74631177819809 -13.399999999999999 6.331158092447917
      vertex -96.76 -9.399999999999999 6.54
      vertex -96.76 -13.399999999999999 6.54
    endloop
  endfacet
  facet normal 0.9978589232386003 1.497602092315653e-19 -0.06540312923019305
    outer loop
      vertex -96.76 -13.399999999999999 6.54
      vertex -96.74631177819809 -9.399999999999999 6.748841907552083
      vertex -96.74631177819809 -13.399999999999999 6.748841907552083
    endloop
  endfacet
  facet normal 0.9807852804032366 0 -0.19509032201609716
    outer loop
      vertex -96.70548132206251 -13.399999999999999 6.954110472164033
      vertex -96.74631177819809 -13.399999999999999 6.748841907552083
      vertex -96.70548132206251 -9.399999999999999 6.954110472164033
    endloop
  endfacet
  facet normal -0.06540312923014602 0 0.9978589232386034
    outer loop
      vertex -94.95115809244791 -13.399999999999999 4.953688221801904
      vertex -94.95115809244791 -9.399999999999999 4.953688221801904
      vertex -95.16 -9.399999999999999 4.9399999999999995
    endloop
  endfacet
  facet normal -0.19509032201613385 0 0.9807852804032293
    outer loop
      vertex -94.74588952783597 -13.399999999999999 4.99451867793749
      vertex -94.74588952783597 -9.399999999999999 4.99451867793749
      vertex -94.95115809244791 -9.399999999999999 4.953688221801904
    endloop
  endfacet
  facet normal 0.06540312923014602 0 0.9978589232386034
    outer loop
      vertex -95.16 -13.399999999999999 4.9399999999999995
      vertex -95.16 -9.399999999999999 4.9399999999999995
      vertex -95.36884190755208 -9.399999999999999 4.953688221801904
    endloop
  endfacet
  facet normal 0.19509032201612087 0 0.9807852804032319
    outer loop
      vertex -95.36884190755208 -13.399999999999999 4.953688221801904
      vertex -95.36884190755208 -9.399999999999999 4.953688221801904
      vertex -95.57411047216404 -9.399999999999999 4.99451867793749
    endloop
  endfacet
  facet normal -0.3214394653031518 0 0.9469301294951089
    outer loop
      vertex -94.54770650821585 -13.399999999999999 5.061792747981941
      vertex -94.54770650821585 -9.399999999999999 5.061792747981941
      vertex -94.74588952783597 -9.399999999999999 4.99451867793749
    endloop
  endfacet
  facet normal -0.4422886902190057 0 0.8968727415326861
    outer loop
      vertex -94.36 -13.399999999999999 5.154359353944898
      vertex -94.36 -9.399999999999999 5.154359353944898
      vertex -94.54770650821585 -9.399999999999999 5.061792747981941
    endloop
  endfacet
  facet normal -0.5555702330196013 0 0.8314696123025458
    outer loop
      vertex -94.18598171358605 -13.399999999999999 5.270634655534024
      vertex -94.18598171358605 -9.399999999999999 5.270634655534024
      vertex -94.36 -9.399999999999999 5.154359353944898
    endloop
  endfacet
  facet normal 0 -1 0
    outer loop
      vertex -94.95115809244791 -9.399999999999999 4.953688221801904
      vertex -95.36884190755208 -9.399999999999999 4.953688221801904
      vertex -95.16 -9.399999999999999 4.9399999999999995
    endloop
  endfacet
  facet normal 0 -1 0
    outer loop
      vertex -94.74588952783597 -9.399999999999999 4.99451867793749
      vertex -95.36884190755208 -9.399999999999999 4.953688221801904
      vertex -94.95115809244791 -9.399999999999999 4.953688221801904
    endloop
  endfacet
  facet normal 0 -1 0
    outer loop
      vertex -94.74588952783597 -9.399999999999999 4.99451867793749
      vertex -94.54770650821585 -9.399999999999999 5.061792747981941
      vertex -95.57411047216404 -9.399999999999999 4.99451867793749
    endloop
  endfacet
  facet normal 0 -1 0
    outer loop
      vertex -94.74588952783597 -9.399999999999999 4.99451867793749
      vertex -95.57411047216404 -9.399999999999999 4.99451867793749
      vertex -95.36884190755208 -9.399999999999999 4.953688221801904
    endloop
  endfacet
  facet normal 0 -1 0
    outer loop
      vertex -94.54770650821585 -9.399999999999999 5.061792747981941
      vertex -94.36 -9.399999999999999 5.154359353944898
      vertex -95.77229349178414 -9.399999999999999 5.061792747981941
    endloop
  endfacet
  facet normal 0 -1 0
    outer loop
      vertex -94.54770650821585 -9.399999999999999 5.061792747981941
      vertex -95.77229349178414 -9.399999999999999 5.061792747981941
      vertex -95.57411047216404 -9.399999999999999 4.99451867793749
    endloop
  endfacet
  facet normal 0 -1 0
    outer loop
      vertex -94.36 -9.399999999999999 5.154359353944898
      vertex -95.96000000000001 -9.399999999999999 5.154359353944898
      vertex -95.77229349178414 -9.399999999999999 5.061792747981941
    endloop
  endfacet
  facet normal 0 -1 0
    outer loop
      vertex -94.18598171358605 -9.399999999999999 5.270634655534024
      vertex -95.96000000000001 -9.399999999999999 5.154359353944898
      vertex -94.36 -9.399999999999999 5.154359353944898
    endloop
  endfacet
  facet normal 0 -1 0
    outer loop
      vertex -94.18598171358605 -9.399999999999999 5.270634655534024
      vertex -96.13401828641395 -9.399999999999999 5.270634655534024
      vertex -95.96000000000001 -9.399999999999999 5.154359353944898
    endloop
  endfacet
  facet normal -0.8314696123025426 0 0.5555702330196062
    outer loop
      vertex -93.7743593539449 -13.399999999999999 5.74
      vertex -93.7743593539449 -9.399999999999999 5.74
      vertex -93.89063465553403 -9.399999999999999 5.565981713586047
    endloop
  endfacet
  facet normal -0.6593458151000688 0 0.7518398074789774
    outer loop
      vertex -94.02862915010152 -13.399999999999999 5.408629150101524
      vertex -94.02862915010152 -9.399999999999999 5.408629150101524
      vertex -94.18598171358605 -9.399999999999999 5.270634655534024
    endloop
  endfacet
  facet normal -0.751839807478994 0 0.65934581510005
    outer loop
      vertex -93.89063465553403 -13.399999999999999 5.565981713586047
      vertex -93.89063465553403 -9.399999999999999 5.565981713586047
      vertex -94.02862915010152 -9.399999999999999 5.408629150101524
    endloop
  endfacet
  facet normal -0.8968727415326868 0 0.442288690219004
    outer loop
      vertex -93.68179274798194 -13.399999999999999 5.927706508215857
      vertex -93.68179274798194 -9.399999999999999 5.927706508215857
      vertex -93.7743593539449 -9.399999999999999 5.74
    endloop
  endfacet
  facet normal -0.9469301294951094 0 0.3214394653031508
    outer loop
      vertex -93.6145186779375 -13.399999999999999 6.125889527835967
      vertex -93.6145186779375 -9.399999999999999 6.125889527835967
      vertex -93.68179274798194 -9.399999999999999 5.927706508215857
    endloop
  endfacet
  facet normal 0 -1 0
    outer loop
      vertex -94.02862915010152 -9.399999999999999 5.408629150101524
      vertex -94.84941714587697 -9.399999999999999 5.380889008453118
      vertex -95.00336856933593 -9.399999999999999 5.350266166351428
    endloop
  endfacet
  facet normal 0 -1 0
    outer loop
      vertex -94.02862915010152 -9.399999999999999 5.408629150101524
      vertex -94.70077988116189 -9.399999999999999 5.431344560986456
      vertex -94.84941714587697 -9.399999999999999 5.380889008453118
    endloop
  endfacet
  facet normal 0 -1 0
    outer loop
      vertex -94.02862915010152 -9.399999999999999 5.408629150101524
      vertex -94.56 -9.399999999999999 5.500769515458674
      vertex -94.70077988116189 -9.399999999999999 5.431344560986456
    endloop
  endfacet
  facet normal 0 -1 0
    outer loop
      vertex -94.18598171358605 -9.399999999999999 5.270634655534024
      vertex -94.02862915010152 -9.399999999999999 5.408629150101524
      vertex -96.13401828641395 -9.399999999999999 5.270634655534024
    endloop
  endfacet
  facet normal 0 -1 0
    outer loop
      vertex -94.02862915010152 -9.399999999999999 5.408629150101524
      vertex -95.16 -9.399999999999999 5.34
      vertex -96.13401828641395 -9.399999999999999 5.270634655534024
    endloop
  endfacet
  facet normal 0 -1 0
    outer loop
      vertex -95.16 -9.399999999999999 5.34
      vertex -95.31663143066406 -9.399999999999999 5.350266166351428
      vertex -96.13401828641395 -9.399999999999999 5.270634655534024
    endloop
  endfacet
  facet normal 0 -1 0
    outer loop
      vertex -94.02862915010152 -9.399999999999999 5.408629150101524
      vertex -95.00336856933593 -9.399999999999999 5.350266166351428
      vertex -95.16 -9.399999999999999 5.34
    endloop
  endfacet
  facet normal 0 -1 0
    outer loop
      vertex -94.02862915010152 -9.399999999999999 5.408629150101524
      vertex -93.89063465553403 -9.399999999999999 5.565981713586047
      vertex -94.42948628518954 -9.399999999999999 5.587975991650518
    endloop
  endfacet
  facet normal 0 -1 0
    outer loop
      vertex -94.02862915010152 -9.399999999999999 5.408629150101524
      vertex -94.42948628518954 -9.399999999999999 5.587975991650518
      vertex -94.56 -9.399999999999999 5.500769515458674
    endloop
  endfacet
  facet normal 0 -1 0
    outer loop
      vertex -93.89063465553403 -9.399999999999999 5.565981713586047
      vertex -94.31147186257614 -9.399999999999999 5.691471862576143
      vertex -94.42948628518954 -9.399999999999999 5.587975991650518
    endloop
  endfacet
  facet normal 0 -1 0
    outer loop
      vertex -93.68179274798194 -9.399999999999999 5.927706508215857
      vertex -93.6145186779375 -9.399999999999999 6.125889527835967
      vertex -94.00088900845311 -9.399999999999999 6.229417145876975
    endloop
  endfacet
  facet normal 0 -1 0
    outer loop
      vertex -93.89063465553403 -9.399999999999999 5.565981713586047
      vertex -93.7743593539449 -9.399999999999999 5.74
      vertex -94.20797599165051 -9.399999999999999 5.809486285189536
    endloop
  endfacet
  facet normal 0 -1 0
    outer loop
      vertex -93.89063465553403 -9.399999999999999 5.565981713586047
      vertex -94.20797599165051 -9.399999999999999 5.809486285189536
      vertex -94.31147186257614 -9.399999999999999 5.691471862576143
    endloop
  endfacet
  facet normal 0 -1 0
    outer loop
      vertex -93.7743593539449 -9.399999999999999 5.74
      vertex -94.12076951545868 -9.399999999999999 5.94
      vertex -94.20797599165051 -9.399999999999999 5.809486285189536
    endloop
  endfacet
  facet normal 0 -1 0
    outer loop
      vertex -93.68179274798194 -9.399999999999999 5.927706508215857
      vertex -94.12076951545868 -9.399999999999999 5.94
      vertex -93.7743593539449 -9.399999999999999 5.74
    endloop
  endfacet
  facet normal 0 -1 0
    outer loop
      vertex -93.68179274798194 -9.399999999999999 5.927706508215857
      vertex -94.05134456098645 -9.399999999999999 6.0807798811618925
      vertex -94.12076951545868 -9.399999999999999 5.94
    endloop
  endfacet
  facet normal 0 -1 0
    outer loop
      vertex -93.68179274798194 -9.399999999999999 5.927706508215857
      vertex -94.00088900845311 -9.399999999999999 6.229417145876975
      vertex -94.05134456098645 -9.399999999999999 6.0807798811618925
    endloop
  endfacet
  facet normal -0.9807852804032237 0 0.1950903220161625
    outer loop
      vertex -93.5736882218019 -13.399999999999999 6.331158092447917
      vertex -93.5736882218019 -9.399999999999999 6.331158092447917
      vertex -93.6145186779375 -9.399999999999999 6.125889527835967
    endloop
  endfacet
  facet normal -0.9978589232386046 0 0.06540312923012544
    outer loop
      vertex -93.56 -13.399999999999999 6.54
      vertex -93.56 -9.399999999999999 6.54
      vertex -93.5736882218019 -9.399999999999999 6.331158092447917
    endloop
  endfacet
  facet normal -0.9978589232386046 0 -0.06540312923012544
    outer loop
      vertex -93.5736882218019 -13.399999999999999 6.748841907552083
      vertex -93.5736882218019 -9.399999999999999 6.748841907552083
      vertex -93.56 -9.399999999999999 6.54
    endloop
  endfacet
  facet normal -0.9807852804032237 0 -0.1950903220161625
    outer loop
      vertex -93.6145186779375 -13.399999999999999 6.954110472164033
      vertex -93.6145186779375 -9.399999999999999 6.954110472164033
      vertex -93.5736882218019 -9.399999999999999 6.748841907552083
    endloop
  endfacet
  facet normal 0 -1 0
    outer loop
      vertex -93.6145186779375 -9.399999999999999 6.125889527835967
      vertex -93.5736882218019 -9.399999999999999 6.331158092447917
      vertex -93.97026616635142 -9.399999999999999 6.383368569335938
    endloop
  endfacet
  facet normal 0 -1 0
    outer loop
      vertex -93.5736882218019 -9.399999999999999 6.331158092447917
      vertex -93.56 -9.399999999999999 6.54
      vertex -93.96000000000001 -9.399999999999999 6.54
    endloop
  endfacet
  facet normal 0 -1 0
    outer loop
      vertex -93.6145186779375 -9.399999999999999 6.125889527835967
      vertex -93.97026616635142 -9.399999999999999 6.383368569335938
      vertex -94.00088900845311 -9.399999999999999 6.229417145876975
    endloop
  endfacet
  facet normal 0 -1 0
    outer loop
      vertex -93.5736882218019 -9.399999999999999 6.331158092447917
      vertex -93.96000000000001 -9.399999999999999 6.54
      vertex -93.97026616635142 -9.399999999999999 6.383368569335938
    endloop
  endfacet
  facet normal 0 -1 0
    outer loop
      vertex -93.56 -9.399999999999999 6.54
      vertex -93.5736882218019 -9.399999999999999 6.748841907552083
      vertex -93.97026616635142 -9.399999999999999 6.696631430664062
    endloop
  endfacet
  facet normal 0 -1 0
    outer loop
      vertex -93.5736882218019 -9.399999999999999 6.748841907552083
      vertex -93.6145186779375 -9.399999999999999 6.954110472164033
      vertex -94.00088900845311 -9.399999999999999 6.850582854123025
    endloop
  endfacet
  facet normal 0 -1 0
    outer loop
      vertex -93.56 -9.399999999999999 6.54
      vertex -93.97026616635142 -9.399999999999999 6.696631430664062
      vertex -93.96000000000001 -9.399999999999999 6.54
    endloop
  endfacet
  facet normal 0 -1 0
    outer loop
      vertex -93.5736882218019 -9.399999999999999 6.748841907552083
      vertex -94.00088900845311 -9.399999999999999 6.850582854123025
      vertex -93.97026616635142 -9.399999999999999 6.696631430664062
    endloop
  endfacet
  facet normal 0 -1 0
    outer loop
      vertex -93.6145186779375 -9.399999999999999 6.954110472164033
      vertex -94.05134456098645 -9.399999999999999 6.999220118838108
      vertex -94.00088900845311 -9.399999999999999 6.850582854123025
    endloop
  endfacet
  facet normal 0.3214394653031725 0 0.9469301294951019
    outer loop
      vertex -95.57411047216404 -13.399999999999999 4.99451867793749
      vertex -95.57411047216404 -9.399999999999999 4.99451867793749
      vertex -95.77229349178414 -9.399999999999999 5.061792747981941
    endloop
  endfacet
  facet normal 0.44228869021897876 0 0.8968727415326995
    outer loop
      vertex -95.77229349178414 -13.399999999999999 5.061792747981941
      vertex -95.77229349178414 -9.399999999999999 5.061792747981941
      vertex -95.96000000000001 -9.399999999999999 5.154359353944898
    endloop
  endfacet
  facet normal 0.5555702330196327 0 0.8314696123025249
    outer loop
      vertex -95.96000000000001 -13.399999999999999 5.154359353944898
      vertex -95.96000000000001 -9.399999999999999 5.154359353944898
      vertex -96.13401828641395 -9.399999999999999 5.270634655534024
    endloop
  endfacet
  facet normal 0.6593458151000688 0 0.7518398074789774
    outer loop
      vertex -96.13401828641395 -13.399999999999999 5.270634655534024
      vertex -96.13401828641395 -9.399999999999999 5.270634655534024
      vertex -96.29137084989847 -9.399999999999999 5.408629150101524
    endloop
  endfacet
  facet normal 0.7518398074789604 0 0.6593458151000884
    outer loop
      vertex -96.29137084989847 -13.399999999999999 5.408629150101524
      vertex -96.29137084989847 -9.399999999999999 5.408629150101524
      vertex -96.42936534446598 -9.399999999999999 5.565981713586047
    endloop
  endfacet
  facet normal 0.8314696123025426 0 0.5555702330196062
    outer loop
      vertex -96.42936534446598 -13.399999999999999 5.565981713586047
      vertex -96.42936534446598 -9.399999999999999 5.565981713586047
      vertex -96.5456406460551 -9.399999999999999 5.74
    endloop
  endfacet
  facet normal 0.8968727415326868 0 0.442288690219004
    outer loop
      vertex -96.5456406460551 -13.399999999999999 5.74
      vertex -96.5456406460551 -9.399999999999999 5.74
      vertex -96.63820725201806 -9.399999999999999 5.927706508215857
    endloop
  endfacet
  facet normal 0.9469301294951094 0 0.3214394653031508
    outer loop
      vertex -96.63820725201806 -13.399999999999999 5.927706508215857
      vertex -96.63820725201806 -9.399999999999999 5.927706508215857
      vertex -96.70548132206251 -9.399999999999999 6.125889527835967
    endloop
  endfacet
  facet normal 0 -1 0
    outer loop
      vertex -96.13401828641395 -9.399999999999999 5.270634655534024
      vertex -95.31663143066406 -9.399999999999999 5.350266166351428
      vertex -95.47058285412302 -9.399999999999999 5.380889008453118
    endloop
  endfacet
  facet normal 0 -1 0
    outer loop
      vertex -96.13401828641395 -9.399999999999999 5.270634655534024
      vertex -95.47058285412302 -9.399999999999999 5.380889008453118
      vertex -96.29137084989847 -9.399999999999999 5.408629150101524
    endloop
  endfacet
  facet normal 0 -1 0
    outer loop
      vertex -95.47058285412302 -9.399999999999999 5.380889008453118
      vertex -95.61922011883811 -9.399999999999999 5.431344560986456
      vertex -96.29137084989847 -9.399999999999999 5.408629150101524
    endloop
  endfacet
  facet normal 0 -1 0
    outer loop
      vertex -95.61922011883811 -9.399999999999999 5.431344560986456
      vertex -95.76 -9.399999999999999 5.500769515458674
      vertex -96.29137084989847 -9.399999999999999 5.408629150101524
    endloop
  endfacet
  facet normal 0 -1 0
    outer loop
      vertex -95.76 -9.399999999999999 5.500769515458674
      vertex -95.89051371481047 -9.399999999999999 5.587975991650518
      vertex -96.42936534446598 -9.399999999999999 5.565981713586047
    endloop
  endfacet
  facet normal 0 -1 0
    outer loop
      vertex -95.76 -9.399999999999999 5.500769515458674
      vertex -96.42936534446598 -9.399999999999999 5.565981713586047
      vertex -96.29137084989847 -9.399999999999999 5.408629150101524
    endloop
  endfacet
  facet normal 0 -1 0
    outer loop
      vertex -95.89051371481047 -9.399999999999999 5.587975991650518
      vertex -96.00852813742385 -9.399999999999999 5.691471862576143
      vertex -96.42936534446598 -9.399999999999999 5.565981713586047
    endloop
  endfacet
  facet normal 0 -1 0
    outer loop
      vertex -96.42936534446598 -9.399999999999999 5.565981713586047
      vertex -96.00852813742385 -9.399999999999999 5.691471862576143
      vertex -96.5456406460551 -9.399999999999999 5.74
    endloop
  endfacet
  facet normal 0 -1 0
    outer loop
      vertex -96.00852813742385 -9.399999999999999 5.691471862576143
      vertex -96.11202400834948 -9.399999999999999 5.809486285189536
      vertex -96.5456406460551 -9.399999999999999 5.74
    endloop
  endfacet
  facet normal 0 -1 0
    outer loop
      vertex -96.11202400834948 -9.399999999999999 5.809486285189536
      vertex -96.63820725201806 -9.399999999999999 5.927706508215857
      vertex -96.5456406460551 -9.399999999999999 5.74
    endloop
  endfacet
  facet normal 0 -1 0
    outer loop
      vertex -96.11202400834948 -9.399999999999999 5.809486285189536
      vertex -96.19923048454133 -9.399999999999999 5.94
      vertex -96.63820725201806 -9.399999999999999 5.927706508215857
    endloop
  endfacet
  facet normal 0 -1 0
    outer loop
      vertex -96.19923048454133 -9.399999999999999 5.94
      vertex -96.26865543901354 -9.399999999999999 6.0807798811618925
      vertex -96.63820725201806 -9.399999999999999 5.927706508215857
    endloop
  endfacet
  facet normal 0 -1 0
    outer loop
      vertex -96.63820725201806 -9.399999999999999 5.927706508215857
      vertex -96.26865543901354 -9.399999999999999 6.0807798811618925
      vertex -96.70548132206251 -9.399999999999999 6.125889527835967
    endloop
  endfacet
  facet normal 0.9807852804032366 0 0.19509032201609716
    outer loop
      vertex -96.70548132206251 -13.399999999999999 6.125889527835967
      vertex -96.70548132206251 -9.399999999999999 6.125889527835967
      vertex -96.74631177819809 -9.399999999999999 6.331158092447917
    endloop
  endfacet
  facet normal 0.9978589232386003 0 0.06540312923019305
    outer loop
      vertex -96.74631177819809 -13.399999999999999 6.331158092447917
      vertex -96.74631177819809 -9.399999999999999 6.331158092447917
      vertex -96.76 -9.399999999999999 6.54
    endloop
  endfacet
  facet normal 0.9978589232386003 0 -0.06540312923019305
    outer loop
      vertex -96.76 -13.399999999999999 6.54
      vertex -96.76 -9.399999999999999 6.54
      vertex -96.74631177819809 -9.399999999999999 6.748841907552083
    endloop
  endfacet
  facet normal 0.9807852804032366 0 -0.19509032201609716
    outer loop
      vertex -96.74631177819809 -13.399999999999999 6.748841907552083
      vertex -96.74631177819809 -9.399999999999999 6.748841907552083
      vertex -96.70548132206251 -9.399999999999999 6.954110472164033
    endloop
  endfacet
  facet normal 0 -1 0
    outer loop
      vertex -96.26865543901354 -9.399999999999999 6.0807798811618925
      vertex -96.31911099154688 -9.399999999999999 6.229417145876975
      vertex -96.70548132206251 -9.399999999999999 6.125889527835967
    endloop
  endfacet
  facet normal 0 -1 0
    outer loop
      vertex -96.31911099154688 -9.399999999999999 6.229417145876975
      vertex -96.34973383364857 -9.399999999999999 6.383368569335938
      vertex -96.74631177819809 -9.399999999999999 6.331158092447917
    endloop
  endfacet
  facet normal 0 -1 0
    outer loop
      vertex -96.70548132206251 -9.399999999999999 6.125889527835967
      vertex -96.31911099154688 -9.399999999999999 6.229417145876975
      vertex -96.74631177819809 -9.399999999999999 6.331158092447917
    endloop
  endfacet
  facet normal 0 -1 0
    outer loop
      vertex -96.34973383364857 -9.399999999999999 6.383368569335938
      vertex -96.36 -9.399999999999999 6.54
      vertex -96.76 -9.399999999999999 6.54
    endloop
  endfacet
  facet normal 0 -1 0
    outer loop
      vertex -96.34973383364857 -9.399999999999999 6.383368569335938
      vertex -96.76 -9.399999999999999 6.54
      vertex -96.74631177819809 -9.399999999999999 6.331158092447917
    endloop
  endfacet
  facet normal 0 -1 0
    outer loop
      vertex -96.36 -9.399999999999999 6.54
      vertex -96.34973383364857 -9.399999999999999 6.696631430664062
      vertex -96.74631177819809 -9.399999999999999 6.748841907552083
    endloop
  endfacet
  facet normal 0 -1 0
    outer loop
      vertex -96.36 -9.399999999999999 6.54
      vertex -96.74631177819809 -9.399999999999999 6.748841907552083
      vertex -96.76 -9.399999999999999 6.54
    endloop
  endfacet
  facet normal 0 -1 0
    outer loop
      vertex -96.34973383364857 -9.399999999999999 6.696631430664062
      vertex -96.31911099154688 -9.399999999999999 6.850582854123025
      vertex -96.70548132206251 -9.399999999999999 6.954110472164033
    endloop
  endfacet
  facet normal 0 -1 0
    outer loop
      vertex -96.34973383364857 -9.399999999999999 6.696631430664062
      vertex -96.70548132206251 -9.399999999999999 6.954110472164033
      vertex -96.74631177819809 -9.399999999999999 6.748841907552083
    endloop
  endfacet
  facet normal 0 -1 0
    outer loop
      vertex -96.31911099154688 -9.399999999999999 6.850582854123025
      vertex -96.63820725201806 -9.399999999999999 7.152293491784143
      vertex -96.70548132206251 -9.399999999999999 6.954110472164033
    endloop
  endfacet
  facet normal -0.9469301294951094 0 -0.3214394653031508
    outer loop
      vertex -93.6145186779375 -13.399999999999999 6.954110472164033
      vertex -93.68179274798194 -13.399999999999999 7.152293491784143
      vertex -93.6145186779375 -9.399999999999999 6.954110472164033
    endloop
  endfacet
  facet normal -0.8968727415326868 0 -0.442288690219004
    outer loop
      vertex -93.68179274798194 -13.399999999999999 7.152293491784143
      vertex -93.7743593539449 -13.399999999999999 7.34
      vertex -93.68179274798194 -9.399999999999999 7.152293491784143
    endloop
  endfacet
  facet normal -0.8314696123025426 0 -0.5555702330196062
    outer loop
      vertex -93.7743593539449 -13.399999999999999 7.34
      vertex -93.89063465553403 -13.399999999999999 7.514018286413953
      vertex -93.7743593539449 -9.399999999999999 7.34
    endloop
  endfacet
  facet normal -0.751839807478994 0 -0.65934581510005
    outer loop
      vertex -93.89063465553403 -13.399999999999999 7.514018286413953
      vertex -94.02862915010152 -13.399999999999999 7.6713708498984765
      vertex -93.89063465553403 -9.399999999999999 7.514018286413953
    endloop
  endfacet
  facet normal -0.6593458151000688 0 -0.7518398074789774
    outer loop
      vertex -94.02862915010152 -13.399999999999999 7.6713708498984765
      vertex -94.18598171358605 -13.399999999999999 7.809365344465976
      vertex -94.02862915010152 -9.399999999999999 7.6713708498984765
    endloop
  endfacet
  facet normal -0.5555702330196013 0 -0.8314696123025458
    outer loop
      vertex -94.18598171358605 -13.399999999999999 7.809365344465976
      vertex -94.36 -13.399999999999999 7.925640646055102
      vertex -94.18598171358605 -9.399999999999999 7.809365344465976
    endloop
  endfacet
  facet normal -0.4422886902190023 0 -0.8968727415326878
    outer loop
      vertex -94.36 -13.399999999999999 7.925640646055102
      vertex -94.54770650821585 -13.399999999999999 8.018207252018058
      vertex -94.36 -9.399999999999999 7.925640646055102
    endloop
  endfacet
  facet normal -0.32143946530315565 0 -0.9469301294951077
    outer loop
      vertex -94.54770650821585 -13.399999999999999 8.018207252018058
      vertex -94.74588952783597 -13.399999999999999 8.08548132206251
      vertex -94.54770650821585 -9.399999999999999 8.018207252018058
    endloop
  endfacet
  facet normal -0.19509032201613796 0 -0.9807852804032285
    outer loop
      vertex -94.74588952783597 -13.399999999999999 8.08548132206251
      vertex -94.95115809244791 -13.399999999999999 8.126311778198097
      vertex -94.74588952783597 -9.399999999999999 8.08548132206251
    endloop
  endfacet
  facet normal -0.06540312923014178 0 -0.9978589232386036
    outer loop
      vertex -94.95115809244791 -13.399999999999999 8.126311778198097
      vertex -95.16 -13.399999999999999 8.14
      vertex -94.95115809244791 -9.399999999999999 8.126311778198097
    endloop
  endfacet
  facet normal 0.06540312923014178 0 -0.9978589232386036
    outer loop
      vertex -95.16 -13.399999999999999 8.14
      vertex -95.36884190755208 -13.399999999999999 8.126311778198097
      vertex -95.16 -9.399999999999999 8.14
    endloop
  endfacet
  facet normal 0.19509032201612497 -5.152682840273055e-19 -0.9807852804032311
    outer loop
      vertex -95.57411047216404 -13.399999999999999 8.08548132206251
      vertex -95.36884190755208 -9.399999999999999 8.126311778198097
      vertex -95.36884190755208 -13.399999999999999 8.126311778198097
    endloop
  endfacet
  facet normal 0.9469301294951094 9.53806418354682e-19 -0.3214394653031508
    outer loop
      vertex -96.70548132206251 -13.399999999999999 6.954110472164033
      vertex -96.63820725201806 -9.399999999999999 7.152293491784143
      vertex -96.63820725201806 -13.399999999999999 7.152293491784143
    endloop
  endfacet
  facet normal 0.8968727415326868 1.4480681717226727e-18 -0.442288690219004
    outer loop
      vertex -96.63820725201806 -13.399999999999999 7.152293491784143
      vertex -96.5456406460551 -9.399999999999999 7.34
      vertex -96.5456406460551 -13.399999999999999 7.34
    endloop
  endfacet
  facet normal 0.8314696123025426 -3.722282225952703e-19 -0.5555702330196062
    outer loop
      vertex -96.5456406460551 -13.399999999999999 7.34
      vertex -96.42936534446598 -9.399999999999999 7.514018286413953
      vertex -96.42936534446598 -13.399999999999999 7.514018286413953
    endloop
  endfacet
  facet normal 0.7518398074789604 -7.452635590538619e-19 -0.6593458151000884
    outer loop
      vertex -96.42936534446598 -13.399999999999999 7.514018286413953
      vertex -96.29137084989847 -9.399999999999999 7.6713708498984765
      vertex -96.29137084989847 -13.399999999999999 7.6713708498984765
    endloop
  endfacet
  facet normal 0.6593458151000688 -1.9364356722168146e-19 -0.7518398074789774
    outer loop
      vertex -96.29137084989847 -13.399999999999999 7.6713708498984765
      vertex -96.13401828641395 -9.399999999999999 7.809365344465976
      vertex -96.13401828641395 -13.399999999999999 7.809365344465976
    endloop
  endfacet
  facet normal 0.5555702330196327 -5.622007969408655e-19 -0.8314696123025249
    outer loop
      vertex -96.13401828641395 -13.399999999999999 7.809365344465976
      vertex -95.96000000000001 -9.399999999999999 7.925640646055102
      vertex -95.96000000000001 -13.399999999999999 7.925640646055102
    endloop
  endfacet
  facet normal 0.4422886902189754 1.2654387363911575e-18 -0.8968727415327011
    outer loop
      vertex -95.96000000000001 -13.399999999999999 7.925640646055102
      vertex -95.77229349178414 -9.399999999999999 8.018207252018058
      vertex -95.77229349178414 -13.399999999999999 8.018207252018058
    endloop
  endfacet
  facet normal 0.32143946530317635 0 -0.9469301294951007
    outer loop
      vertex -95.57411047216404 -13.399999999999999 8.08548132206251
      vertex -95.77229349178414 -13.399999999999999 8.018207252018058
      vertex -95.57411047216404 -9.399999999999999 8.08548132206251
    endloop
  endfacet
  facet normal -0.9469301294951094 0 -0.3214394653031508
    outer loop
      vertex -93.68179274798194 -13.399999999999999 7.152293491784143
      vertex -93.68179274798194 -9.399999999999999 7.152293491784143
      vertex -93.6145186779375 -9.399999999999999 6.954110472164033
    endloop
  endfacet
  facet normal -0.8968727415326868 0 -0.442288690219004
    outer loop
      vertex -93.7743593539449 -13.399999999999999 7.34
      vertex -93.7743593539449 -9.399999999999999 7.34
      vertex -93.68179274798194 -9.399999999999999 7.152293491784143
    endloop
  endfacet
  facet normal -0.8314696123025426 0 -0.5555702330196062
    outer loop
      vertex -93.89063465553403 -13.399999999999999 7.514018286413953
      vertex -93.89063465553403 -9.399999999999999 7.514018286413953
      vertex -93.7743593539449 -9.399999999999999 7.34
    endloop
  endfacet
  facet normal -0.751839807478994 0 -0.65934581510005
    outer loop
      vertex -94.02862915010152 -13.399999999999999 7.6713708498984765
      vertex -94.02862915010152 -9.399999999999999 7.6713708498984765
      vertex -93.89063465553403 -9.399999999999999 7.514018286413953
    endloop
  endfacet
  facet normal -0.6593458151000688 0 -0.7518398074789774
    outer loop
      vertex -94.18598171358605 -13.399999999999999 7.809365344465976
      vertex -94.18598171358605 -9.399999999999999 7.809365344465976
      vertex -94.02862915010152 -9.399999999999999 7.6713708498984765
    endloop
  endfacet
  facet normal 0 -1 0
    outer loop
      vertex -93.6145186779375 -9.399999999999999 6.954110472164033
      vertex -93.68179274798194 -9.399999999999999 7.152293491784143
      vertex -94.05134456098645 -9.399999999999999 6.999220118838108
    endloop
  endfacet
  facet normal 0 -1 0
    outer loop
      vertex -94.05134456098645 -9.399999999999999 6.999220118838108
      vertex -93.68179274798194 -9.399999999999999 7.152293491784143
      vertex -94.12076951545868 -9.399999999999999 7.14
    endloop
  endfacet
  facet normal 0 -1 0
    outer loop
      vertex -93.68179274798194 -9.399999999999999 7.152293491784143
      vertex -94.20797599165051 -9.399999999999999 7.270513714810464
      vertex -94.12076951545868 -9.399999999999999 7.14
    endloop
  endfacet
  facet normal 0 -1 0
    outer loop
      vertex -93.68179274798194 -9.399999999999999 7.152293491784143
      vertex -93.7743593539449 -9.399999999999999 7.34
      vertex -94.20797599165051 -9.399999999999999 7.270513714810464
    endloop
  endfacet
  facet normal 0 -1 0
    outer loop
      vertex -93.7743593539449 -9.399999999999999 7.34
      vertex -94.31147186257614 -9.399999999999999 7.388528137423857
      vertex -94.20797599165051 -9.399999999999999 7.270513714810464
    endloop
  endfacet
  facet normal 0 -1 0
    outer loop
      vertex -93.7743593539449 -9.399999999999999 7.34
      vertex -93.89063465553403 -9.399999999999999 7.514018286413953
      vertex -94.31147186257614 -9.399999999999999 7.388528137423857
    endloop
  endfacet
  facet normal 0 -1 0
    outer loop
      vertex -93.89063465553403 -9.399999999999999 7.514018286413953
      vertex -94.42948628518954 -9.399999999999999 7.492024008349482
      vertex -94.31147186257614 -9.399999999999999 7.388528137423857
    endloop
  endfacet
  facet normal 0 -1 0
    outer loop
      vertex -93.89063465553403 -9.399999999999999 7.514018286413953
      vertex -94.56 -9.399999999999999 7.579230484541326
      vertex -94.42948628518954 -9.399999999999999 7.492024008349482
    endloop
  endfacet
  facet normal 0 -1 0
    outer loop
      vertex -93.89063465553403 -9.399999999999999 7.514018286413953
      vertex -94.02862915010152 -9.399999999999999 7.6713708498984765
      vertex -94.56 -9.399999999999999 7.579230484541326
    endloop
  endfacet
  facet normal 0 -1 0
    outer loop
      vertex -94.02862915010152 -9.399999999999999 7.6713708498984765
      vertex -94.70077988116189 -9.399999999999999 7.648655439013544
      vertex -94.56 -9.399999999999999 7.579230484541326
    endloop
  endfacet
  facet normal 0 -1 0
    outer loop
      vertex -94.02862915010152 -9.399999999999999 7.6713708498984765
      vertex -94.84941714587697 -9.399999999999999 7.699110991546882
      vertex -94.70077988116189 -9.399999999999999 7.648655439013544
    endloop
  endfacet
  facet normal 0 -1 0
    outer loop
      vertex -94.02862915010152 -9.399999999999999 7.6713708498984765
      vertex -94.18598171358605 -9.399999999999999 7.809365344465976
      vertex -94.84941714587697 -9.399999999999999 7.699110991546882
    endloop
  endfacet
  facet normal 0 -1 0
    outer loop
      vertex -94.84941714587697 -9.399999999999999 7.699110991546882
      vertex -94.18598171358605 -9.399999999999999 7.809365344465976
      vertex -95.00336856933593 -9.399999999999999 7.729733833648572
    endloop
  endfacet
  facet normal 0 -1 0
    outer loop
      vertex -95.00336856933593 -9.399999999999999 7.729733833648572
      vertex -94.18598171358605 -9.399999999999999 7.809365344465976
      vertex -95.16 -9.399999999999999 7.74
    endloop
  endfacet
  facet normal 0 -1 0
    outer loop
      vertex -94.18598171358605 -9.399999999999999 7.809365344465976
      vertex -96.29137084989847 -9.399999999999999 7.6713708498984765
      vertex -95.16 -9.399999999999999 7.74
    endloop
  endfacet
  facet normal 0 -1 0
    outer loop
      vertex -95.16 -9.399999999999999 7.74
      vertex -96.29137084989847 -9.399999999999999 7.6713708498984765
      vertex -95.31663143066406 -9.399999999999999 7.729733833648572
    endloop
  endfacet
  facet normal 0 -1 0
    outer loop
      vertex -94.18598171358605 -9.399999999999999 7.809365344465976
      vertex -96.13401828641395 -9.399999999999999 7.809365344465976
      vertex -96.29137084989847 -9.399999999999999 7.6713708498984765
    endloop
  endfacet
  facet normal 0 -1 0
    outer loop
      vertex -94.18598171358605 -9.399999999999999 7.809365344465976
      vertex -94.36 -9.399999999999999 7.925640646055102
      vertex -96.13401828641395 -9.399999999999999 7.809365344465976
    endloop
  endfacet
  facet normal -0.5555702330196013 0 -0.8314696123025458
    outer loop
      vertex -94.36 -13.399999999999999 7.925640646055102
      vertex -94.36 -9.399999999999999 7.925640646055102
      vertex -94.18598171358605 -9.399999999999999 7.809365344465976
    endloop
  endfacet
  facet normal -0.4422886902190023 0 -0.8968727415326878
    outer loop
      vertex -94.54770650821585 -13.399999999999999 8.018207252018058
      vertex -94.54770650821585 -9.399999999999999 8.018207252018058
      vertex -94.36 -9.399999999999999 7.925640646055102
    endloop
  endfacet
  facet normal -0.32143946530315565 0 -0.9469301294951077
    outer loop
      vertex -94.74588952783597 -13.399999999999999 8.08548132206251
      vertex -94.74588952783597 -9.399999999999999 8.08548132206251
      vertex -94.54770650821585 -9.399999999999999 8.018207252018058
    endloop
  endfacet
  facet normal -0.19509032201613796 0 -0.9807852804032285
    outer loop
      vertex -94.95115809244791 -13.399999999999999 8.126311778198097
      vertex -94.95115809244791 -9.399999999999999 8.126311778198097
      vertex -94.74588952783597 -9.399999999999999 8.08548132206251
    endloop
  endfacet
  facet normal -0.06540312923014178 0 -0.9978589232386036
    outer loop
      vertex -95.16 -13.399999999999999 8.14
      vertex -95.16 -9.399999999999999 8.14
      vertex -94.95115809244791 -9.399999999999999 8.126311778198097
    endloop
  endfacet
  facet normal 0.06540312923014178 0 -0.9978589232386036
    outer loop
      vertex -95.36884190755208 -13.399999999999999 8.126311778198097
      vertex -95.36884190755208 -9.399999999999999 8.126311778198097
      vertex -95.16 -9.399999999999999 8.14
    endloop
  endfacet
  facet normal 0.19509032201612497 0 -0.9807852804032311
    outer loop
      vertex -95.57411047216404 -13.399999999999999 8.08548132206251
      vertex -95.57411047216404 -9.399999999999999 8.08548132206251
      vertex -95.36884190755208 -9.399999999999999 8.126311778198097
    endloop
  endfacet
  facet normal 0 -1 0
    outer loop
      vertex -94.36 -9.399999999999999 7.925640646055102
      vertex -94.54770650821585 -9.399999999999999 8.018207252018058
      vertex -95.96000000000001 -9.399999999999999 7.925640646055102
    endloop
  endfacet
  facet normal 0 -1 0
    outer loop
      vertex -94.36 -9.399999999999999 7.925640646055102
      vertex -95.96000000000001 -9.399999999999999 7.925640646055102
      vertex -96.13401828641395 -9.399999999999999 7.809365344465976
    endloop
  endfacet
  facet normal 0 -1 0
    outer loop
      vertex -94.54770650821585 -9.399999999999999 8.018207252018058
      vertex -94.74588952783597 -9.399999999999999 8.08548132206251
      vertex -95.77229349178414 -9.399999999999999 8.018207252018058
    endloop
  endfacet
  facet normal 0 -1 0
    outer loop
      vertex -94.54770650821585 -9.399999999999999 8.018207252018058
      vertex -95.77229349178414 -9.399999999999999 8.018207252018058
      vertex -95.96000000000001 -9.399999999999999 7.925640646055102
    endloop
  endfacet
  facet normal 0 -1 0
    outer loop
      vertex -94.74588952783597 -9.399999999999999 8.08548132206251
      vertex -95.57411047216404 -9.399999999999999 8.08548132206251
      vertex -95.77229349178414 -9.399999999999999 8.018207252018058
    endloop
  endfacet
  facet normal 0 -1 0
    outer loop
      vertex -94.74588952783597 -9.399999999999999 8.08548132206251
      vertex -94.95115809244791 -9.399999999999999 8.126311778198097
      vertex -95.57411047216404 -9.399999999999999 8.08548132206251
    endloop
  endfacet
  facet normal 0 -1 0
    outer loop
      vertex -94.95115809244791 -9.399999999999999 8.126311778198097
      vertex -95.16 -9.399999999999999 8.14
      vertex -95.36884190755208 -9.399999999999999 8.126311778198097
    endloop
  endfacet
  facet normal 0 -1 0
    outer loop
      vertex -94.95115809244791 -9.399999999999999 8.126311778198097
      vertex -95.36884190755208 -9.399999999999999 8.126311778198097
      vertex -95.57411047216404 -9.399999999999999 8.08548132206251
    endloop
  endfacet
  facet normal 0.9469301294951094 0 -0.3214394653031508
    outer loop
      vertex -96.70548132206251 -13.399999999999999 6.954110472164033
      vertex -96.70548132206251 -9.399999999999999 6.954110472164033
      vertex -96.63820725201806 -9.399999999999999 7.152293491784143
    endloop
  endfacet
  facet normal 0.8968727415326868 0 -0.442288690219004
    outer loop
      vertex -96.63820725201806 -13.399999999999999 7.152293491784143
      vertex -96.63820725201806 -9.399999999999999 7.152293491784143
      vertex -96.5456406460551 -9.399999999999999 7.34
    endloop
  endfacet
  facet normal 0.8314696123025426 0 -0.5555702330196062
    outer loop
      vertex -96.5456406460551 -13.399999999999999 7.34
      vertex -96.5456406460551 -9.399999999999999 7.34
      vertex -96.42936534446598 -9.399999999999999 7.514018286413953
    endloop
  endfacet
  facet normal 0.7518398074789604 0 -0.6593458151000884
    outer loop
      vertex -96.42936534446598 -13.399999999999999 7.514018286413953
      vertex -96.42936534446598 -9.399999999999999 7.514018286413953
      vertex -96.29137084989847 -9.399999999999999 7.6713708498984765
    endloop
  endfacet
  facet normal 0.6593458151000688 0 -0.7518398074789774
    outer loop
      vertex -96.29137084989847 -13.399999999999999 7.6713708498984765
      vertex -96.29137084989847 -9.399999999999999 7.6713708498984765
      vertex -96.13401828641395 -9.399999999999999 7.809365344465976
    endloop
  endfacet
  facet normal 0.5555702330196327 0 -0.8314696123025249
    outer loop
      vertex -96.13401828641395 -13.399999999999999 7.809365344465976
      vertex -96.13401828641395 -9.399999999999999 7.809365344465976
      vertex -95.96000000000001 -9.399999999999999 7.925640646055102
    endloop
  endfacet
  facet normal 0 -1 0
    outer loop
      vertex -96.31911099154688 -9.399999999999999 6.850582854123025
      vertex -96.26865543901354 -9.399999999999999 6.999220118838108
      vertex -96.63820725201806 -9.399999999999999 7.152293491784143
    endloop
  endfacet
  facet normal 0 -1 0
    outer loop
      vertex -96.26865543901354 -9.399999999999999 6.999220118838108
      vertex -96.19923048454133 -9.399999999999999 7.14
      vertex -96.63820725201806 -9.399999999999999 7.152293491784143
    endloop
  endfacet
  facet normal 0 -1 0
    outer loop
      vertex -96.19923048454133 -9.399999999999999 7.14
      vertex -96.5456406460551 -9.399999999999999 7.34
      vertex -96.63820725201806 -9.399999999999999 7.152293491784143
    endloop
  endfacet
  facet normal 0 -1 0
    outer loop
      vertex -96.19923048454133 -9.399999999999999 7.14
      vertex -96.11202400834948 -9.399999999999999 7.270513714810464
      vertex -96.5456406460551 -9.399999999999999 7.34
    endloop
  endfacet
  facet normal 0 -1 0
    outer loop
      vertex -96.11202400834948 -9.399999999999999 7.270513714810464
      vertex -96.42936534446598 -9.399999999999999 7.514018286413953
      vertex -96.5456406460551 -9.399999999999999 7.34
    endloop
  endfacet
  facet normal 0 -1 0
    outer loop
      vertex -96.11202400834948 -9.399999999999999 7.270513714810464
      vertex -96.00852813742385 -9.399999999999999 7.388528137423857
      vertex -96.42936534446598 -9.399999999999999 7.514018286413953
    endloop
  endfacet
  facet normal 0 -1 0
    outer loop
      vertex -95.89051371481047 -9.399999999999999 7.492024008349482
      vertex -96.42936534446598 -9.399999999999999 7.514018286413953
      vertex -96.00852813742385 -9.399999999999999 7.388528137423857
    endloop
  endfacet
  facet normal 0 -1 0
    outer loop
      vertex -95.89051371481047 -9.399999999999999 7.492024008349482
      vertex -95.76 -9.399999999999999 7.579230484541326
      vertex -96.29137084989847 -9.399999999999999 7.6713708498984765
    endloop
  endfacet
  facet normal 0 -1 0
    outer loop
      vertex -95.61922011883811 -9.399999999999999 7.648655439013544
      vertex -96.29137084989847 -9.399999999999999 7.6713708498984765
      vertex -95.76 -9.399999999999999 7.579230484541326
    endloop
  endfacet
  facet normal 0 -1 0
    outer loop
      vertex -95.89051371481047 -9.399999999999999 7.492024008349482
      vertex -96.29137084989847 -9.399999999999999 7.6713708498984765
      vertex -96.42936534446598 -9.399999999999999 7.514018286413953
    endloop
  endfacet
  facet normal 0 -1 0
    outer loop
      vertex -95.47058285412302 -9.399999999999999 7.699110991546882
      vertex -96.29137084989847 -9.399999999999999 7.6713708498984765
      vertex -95.61922011883811 -9.399999999999999 7.648655439013544
    endloop
  endfacet
  facet normal 0 -1 0
    outer loop
      vertex -95.31663143066406 -9.399999999999999 7.729733833648572
      vertex -96.29137084989847 -9.399999999999999 7.6713708498984765
      vertex -95.47058285412302 -9.399999999999999 7.699110991546882
    endloop
  endfacet
  facet normal 0.4422886902189754 0 -0.8968727415327011
    outer loop
      vertex -95.96000000000001 -13.399999999999999 7.925640646055102
      vertex -95.96000000000001 -9.399999999999999 7.925640646055102
      vertex -95.77229349178414 -9.399999999999999 8.018207252018058
    endloop
  endfacet
  facet normal 0.32143946530317635 0 -0.9469301294951007
    outer loop
      vertex -95.77229349178414 -13.399999999999999 8.018207252018058
      vertex -95.77229349178414 -9.399999999999999 8.018207252018058
      vertex -95.57411047216404 -9.399999999999999 8.08548132206251
    endloop
  endfacet
  facet normal -0.44228869021900913 0 0.8968727415326844
    outer loop
      vertex -94.70077988116189 -9.399999999999999 5.431344560986456
      vertex -94.56 -9.399999999999999 5.500769515458674
      vertex -94.70077988116189 -7.299999999999999 5.431344560986456
    endloop
  endfacet
  facet normal -0.06540312923014742 -3.1126133945969732e-19 0.9978589232386033
    outer loop
      vertex -95.00336856933593 -9.399999999999999 5.350266166351428
      vertex -95.16 -7.299999999999999 5.34
      vertex -95.16 -9.399999999999999 5.34
    endloop
  endfacet
  facet normal 0.06540312923014742 3.1126133945969732e-19 0.9978589232386033
    outer loop
      vertex -95.16 -9.399999999999999 5.34
      vertex -95.31663143066406 -7.299999999999999 5.350266166351428
      vertex -95.31663143066406 -9.399999999999999 5.350266166351428
    endloop
  endfacet
  facet normal -0.3214394653031713 1.1262982778103466e-18 0.9469301294951025
    outer loop
      vertex -94.70077988116189 -9.399999999999999 5.431344560986456
      vertex -94.84941714587697 -7.299999999999999 5.380889008453118
      vertex -94.84941714587697 -9.399999999999999 5.380889008453118
    endloop
  endfacet
  facet normal -0.19509032201612383 -6.108970832239158e-19 0.9807852804032313
    outer loop
      vertex -94.84941714587697 -9.399999999999999 5.380889008453118
      vertex -95.00336856933593 -7.299999999999999 5.350266166351428
      vertex -95.00336856933593 -9.399999999999999 5.350266166351428
    endloop
  endfacet
  facet normal 0.19509032201612383 6.108970832239158e-19 0.9807852804032313
    outer loop
      vertex -95.31663143066406 -9.399999999999999 5.350266166351428
      vertex -95.47058285412302 -7.299999999999999 5.380889008453118
      vertex -95.47058285412302 -9.399999999999999 5.380889008453118
    endloop
  endfacet
  facet normal 0.3214394653031437 -2.4158170835463765e-19 0.9469301294951117
    outer loop
      vertex -95.47058285412302 -9.399999999999999 5.380889008453118
      vertex -95.61922011883811 -7.299999999999999 5.431344560986456
      vertex -95.61922011883811 -9.399999999999999 5.431344560986456
    endloop
  endfacet
  facet normal -0.5555702330196107 -8.45397565186575e-19 0.8314696123025396
    outer loop
      vertex -94.42948628518954 -9.399999999999999 5.587975991650518
      vertex -94.56 -7.299999999999999 5.500769515458674
      vertex -94.56 -9.399999999999999 5.500769515458674
    endloop
  endfacet
  facet normal -0.6593458151000456 0 0.7518398074789978
    outer loop
      vertex -94.42948628518954 -9.399999999999999 5.587975991650518
      vertex -94.31147186257614 -9.399999999999999 5.691471862576143
      vertex -94.42948628518954 -7.299999999999999 5.587975991650518
    endloop
  endfacet
  facet normal -0.7518398074789722 1.850476236378742e-18 0.6593458151000748
    outer loop
      vertex -94.20797599165051 -9.399999999999999 5.809486285189536
      vertex -94.31147186257614 -7.299999999999999 5.691471862576143
      vertex -94.31147186257614 -9.399999999999999 5.691471862576143
    endloop
  endfacet
  facet normal -0.8314696123025631 0 0.5555702330195756
    outer loop
      vertex -94.20797599165051 -9.399999999999999 5.809486285189536
      vertex -94.12076951545868 -9.399999999999999 5.94
      vertex -94.20797599165051 -7.299999999999999 5.809486285189536
    endloop
  endfacet
  facet normal -0.8968727415326686 0 0.4422886902190411
    outer loop
      vertex -94.12076951545868 -9.399999999999999 5.94
      vertex -94.05134456098645 -9.399999999999999 6.0807798811618925
      vertex -94.12076951545868 -7.299999999999999 5.94
    endloop
  endfacet
  facet normal -0.9469301294951094 0 0.3214394653031508
    outer loop
      vertex -94.05134456098645 -9.399999999999999 6.0807798811618925
      vertex -94.00088900845311 -9.399999999999999 6.229417145876975
      vertex -94.05134456098645 -7.299999999999999 6.0807798811618925
    endloop
  endfacet
  facet normal -0.9807852804032281 0 0.19509032201614018
    outer loop
      vertex -94.00088900845311 -9.399999999999999 6.229417145876975
      vertex -93.97026616635142 -9.399999999999999 6.383368569335938
      vertex -94.00088900845311 -7.299999999999999 6.229417145876975
    endloop
  endfacet
  facet normal -0.997858923238609 0 0.06540312923005802
    outer loop
      vertex -93.97026616635142 -9.399999999999999 6.383368569335938
      vertex -93.96000000000001 -9.399999999999999 6.54
      vertex -93.97026616635142 -7.299999999999999 6.383368569335938
    endloop
  endfacet
  facet normal -0.997858923238609 0 -0.06540312923005802
    outer loop
      vertex -93.96000000000001 -9.399999999999999 6.54
      vertex -93.97026616635142 -9.399999999999999 6.696631430664062
      vertex -93.96000000000001 -7.299999999999999 6.54
    endloop
  endfacet
  facet normal -0.9807852804032281 0 -0.19509032201614018
    outer loop
      vertex -93.97026616635142 -9.399999999999999 6.696631430664062
      vertex -94.00088900845311 -9.399999999999999 6.850582854123025
      vertex -93.97026616635142 -7.299999999999999 6.696631430664062
    endloop
  endfacet
  facet normal -0.9469301294951094 0 -0.3214394653031508
    outer loop
      vertex -94.00088900845311 -9.399999999999999 6.850582854123025
      vertex -94.05134456098645 -9.399999999999999 6.999220118838108
      vertex -94.00088900845311 -7.299999999999999 6.850582854123025
    endloop
  endfacet
  facet normal -0.06540312923014742 0 0.9978589232386033
    outer loop
      vertex -95.00336856933593 -9.399999999999999 5.350266166351428
      vertex -95.00336856933593 -7.299999999999999 5.350266166351428
      vertex -95.16 -7.299999999999999 5.34
    endloop
  endfacet
  facet normal 0.06540312923014742 0 0.9978589232386033
    outer loop
      vertex -95.16 -9.399999999999999 5.34
      vertex -95.16 -7.299999999999999 5.34
      vertex -95.31663143066406 -7.299999999999999 5.350266166351428
    endloop
  endfacet
  facet normal -0.19509032201612383 0 0.9807852804032313
    outer loop
      vertex -94.84941714587697 -9.399999999999999 5.380889008453118
      vertex -94.84941714587697 -7.299999999999999 5.380889008453118
      vertex -95.00336856933593 -7.299999999999999 5.350266166351428
    endloop
  endfacet
  facet normal -0.3214394653031713 0 0.9469301294951025
    outer loop
      vertex -94.70077988116189 -9.399999999999999 5.431344560986456
      vertex -94.70077988116189 -7.299999999999999 5.431344560986456
      vertex -94.84941714587697 -7.299999999999999 5.380889008453118
    endloop
  endfacet
  facet normal 0.19509032201612383 0 0.9807852804032313
    outer loop
      vertex -95.31663143066406 -9.399999999999999 5.350266166351428
      vertex -95.31663143066406 -7.299999999999999 5.350266166351428
      vertex -95.47058285412302 -7.299999999999999 5.380889008453118
    endloop
  endfacet
  facet normal 0.3214394653031437 0 0.9469301294951117
    outer loop
      vertex -95.47058285412302 -9.399999999999999 5.380889008453118
      vertex -95.47058285412302 -7.299999999999999 5.380889008453118
      vertex -95.61922011883811 -7.299999999999999 5.431344560986456
    endloop
  endfacet
  facet normal -0.44228869021900913 0 0.8968727415326844
    outer loop
      vertex -94.56 -9.399999999999999 5.500769515458674
      vertex -94.56 -7.299999999999999 5.500769515458674
      vertex -94.70077988116189 -7.299999999999999 5.431344560986456
    endloop
  endfacet
  facet normal -0.5555702330196107 0 0.8314696123025396
    outer loop
      vertex -94.42948628518954 -9.399999999999999 5.587975991650518
      vertex -94.42948628518954 -7.299999999999999 5.587975991650518
      vertex -94.56 -7.299999999999999 5.500769515458674
    endloop
  endfacet
  facet normal -0.6593458151000456 0 0.7518398074789978
    outer loop
      vertex -94.31147186257614 -9.399999999999999 5.691471862576143
      vertex -94.31147186257614 -7.299999999999999 5.691471862576143
      vertex -94.42948628518954 -7.299999999999999 5.587975991650518
    endloop
  endfacet
  facet normal -0.7518398074789722 0 0.6593458151000748
    outer loop
      vertex -94.20797599165051 -9.399999999999999 5.809486285189536
      vertex -94.20797599165051 -7.299999999999999 5.809486285189536
      vertex -94.31147186257614 -7.299999999999999 5.691471862576143
    endloop
  endfacet
  facet normal -0.8314696123025631 0 0.5555702330195756
    outer loop
      vertex -94.12076951545868 -9.399999999999999 5.94
      vertex -94.12076951545868 -7.299999999999999 5.94
      vertex -94.20797599165051 -7.299999999999999 5.809486285189536
    endloop
  endfacet
  facet normal -0.8968727415326686 0 0.4422886902190411
    outer loop
      vertex -94.05134456098645 -9.399999999999999 6.0807798811618925
      vertex -94.05134456098645 -7.299999999999999 6.0807798811618925
      vertex -94.12076951545868 -7.299999999999999 5.94
    endloop
  endfacet
  facet normal -0.9469301294951094 0 0.3214394653031508
    outer loop
      vertex -94.00088900845311 -9.399999999999999 6.229417145876975
      vertex -94.00088900845311 -7.299999999999999 6.229417145876975
      vertex -94.05134456098645 -7.299999999999999 6.0807798811618925
    endloop
  endfacet
  facet normal -0.9807852804032281 0 0.19509032201614018
    outer loop
      vertex -93.97026616635142 -9.399999999999999 6.383368569335938
      vertex -93.97026616635142 -7.299999999999999 6.383368569335938
      vertex -94.00088900845311 -7.299999999999999 6.229417145876975
    endloop
  endfacet
  facet normal -0.997858923238609 0 0.06540312923005802
    outer loop
      vertex -93.96000000000001 -9.399999999999999 6.54
      vertex -93.96000000000001 -7.299999999999999 6.54
      vertex -93.97026616635142 -7.299999999999999 6.383368569335938
    endloop
  endfacet
  facet normal -0.997858923238609 0 -0.06540312923005802
    outer loop
      vertex -93.97026616635142 -9.399999999999999 6.696631430664062
      vertex -93.97026616635142 -7.299999999999999 6.696631430664062
      vertex -93.96000000000001 -7.299999999999999 6.54
    endloop
  endfacet
  facet normal -0.9807852804032281 0 -0.19509032201614018
    outer loop
      vertex -94.00088900845311 -9.399999999999999 6.850582854123025
      vertex -94.00088900845311 -7.299999999999999 6.850582854123025
      vertex -93.97026616635142 -7.299999999999999 6.696631430664062
    endloop
  endfacet
  facet normal -0.9469301294951094 0 -0.3214394653031508
    outer loop
      vertex -94.05134456098645 -9.399999999999999 6.999220118838108
      vertex -94.05134456098645 -7.299999999999999 6.999220118838108
      vertex -94.00088900845311 -7.299999999999999 6.850582854123025
    endloop
  endfacet
  facet normal 0.44228869021900913 -2.1334852284465256e-19 0.8968727415326844
    outer loop
      vertex -95.61922011883811 -9.399999999999999 5.431344560986456
      vertex -95.76 -7.299999999999999 5.500769515458674
      vertex -95.76 -9.399999999999999 5.500769515458674
    endloop
  endfacet
  facet normal 0.5555702330196107 8.45397565186575e-19 0.8314696123025396
    outer loop
      vertex -95.76 -9.399999999999999 5.500769515458674
      vertex -95.89051371481047 -7.299999999999999 5.587975991650518
      vertex -95.89051371481047 -9.399999999999999 5.587975991650518
    endloop
  endfacet
  facet normal 0.6593458151000905 -9.078040550559874e-19 0.7518398074789585
    outer loop
      vertex -95.89051371481047 -9.399999999999999 5.587975991650518
      vertex -96.00852813742385 -7.299999999999999 5.691471862576143
      vertex -96.00852813742385 -9.399999999999999 5.691471862576143
    endloop
  endfacet
  facet normal 0.7518398074789722 -1.850476236378742e-18 0.6593458151000748
    outer loop
      vertex -96.00852813742385 -9.399999999999999 5.691471862576143
      vertex -96.11202400834948 -7.299999999999999 5.809486285189536
      vertex -96.11202400834948 -9.399999999999999 5.809486285189536
    endloop
  endfacet
  facet normal 0.8314696123025213 -1.0299086760789297e-18 0.5555702330196381
    outer loop
      vertex -96.11202400834948 -9.399999999999999 5.809486285189536
      vertex -96.19923048454133 -7.299999999999999 5.94
      vertex -96.19923048454133 -9.399999999999999 5.94
    endloop
  endfacet
  facet normal 0.8968727415327046 -2.617099033123272e-18 0.4422886902189682
    outer loop
      vertex -96.19923048454133 -9.399999999999999 5.94
      vertex -96.26865543901354 -7.299999999999999 6.0807798811618925
      vertex -96.26865543901354 -9.399999999999999 6.0807798811618925
    endloop
  endfacet
  facet normal 0.9469301294951094 -4.692808254869108e-20 0.3214394653031508
    outer loop
      vertex -96.26865543901354 -9.399999999999999 6.0807798811618925
      vertex -96.31911099154688 -7.299999999999999 6.229417145876975
      vertex -96.31911099154688 -9.399999999999999 6.229417145876975
    endloop
  endfacet
  facet normal 0.9807852804032281 7.720043490742984e-19 0.19509032201614018
    outer loop
      vertex -96.31911099154688 -9.399999999999999 6.229417145876975
      vertex -96.34973383364857 -7.299999999999999 6.383368569335938
      vertex -96.34973383364857 -9.399999999999999 6.383368569335938
    endloop
  endfacet
  facet normal 0.9978589232386031 -2.804963017777706e-19 0.06540312923014815
    outer loop
      vertex -96.34973383364857 -9.399999999999999 6.383368569335938
      vertex -96.36 -7.299999999999999 6.54
      vertex -96.36 -9.399999999999999 6.54
    endloop
  endfacet
  facet normal 0.9978589232386031 2.804963017777706e-19 -0.06540312923014815
    outer loop
      vertex -96.36 -9.399999999999999 6.54
      vertex -96.34973383364857 -7.299999999999999 6.696631430664062
      vertex -96.34973383364857 -9.399999999999999 6.696631430664062
    endloop
  endfacet
  facet normal 0.9807852804032281 -7.720043490742984e-19 -0.19509032201614018
    outer loop
      vertex -96.34973383364857 -9.399999999999999 6.696631430664062
      vertex -96.31911099154688 -7.299999999999999 6.850582854123025
      vertex -96.31911099154688 -9.399999999999999 6.850582854123025
    endloop
  endfacet
  facet normal 0.9469301294951094 4.692808254869108e-20 -0.3214394653031508
    outer loop
      vertex -96.31911099154688 -9.399999999999999 6.850582854123025
      vertex -96.26865543901354 -7.299999999999999 6.999220118838108
      vertex -96.26865543901354 -9.399999999999999 6.999220118838108
    endloop
  endfacet
  facet normal 0.44228869021900913 0 0.8968727415326844
    outer loop
      vertex -95.61922011883811 -9.399999999999999 5.431344560986456
      vertex -95.61922011883811 -7.299999999999999 5.431344560986456
      vertex -95.76 -7.299999999999999 5.500769515458674
    endloop
  endfacet
  facet normal 0.5555702330196107 0 0.8314696123025396
    outer loop
      vertex -95.76 -9.399999999999999 5.500769515458674
      vertex -95.76 -7.299999999999999 5.500769515458674
      vertex -95.89051371481047 -7.299999999999999 5.587975991650518
    endloop
  endfacet
  facet normal 0.6593458151000905 0 0.7518398074789585
    outer loop
      vertex -95.89051371481047 -9.399999999999999 5.587975991650518
      vertex -95.89051371481047 -7.299999999999999 5.587975991650518
      vertex -96.00852813742385 -7.299999999999999 5.691471862576143
    endloop
  endfacet
  facet normal 0.7518398074789722 0 0.6593458151000748
    outer loop
      vertex -96.00852813742385 -9.399999999999999 5.691471862576143
      vertex -96.00852813742385 -7.299999999999999 5.691471862576143
      vertex -96.11202400834948 -7.299999999999999 5.809486285189536
    endloop
  endfacet
  facet normal 0.8314696123025213 0 0.5555702330196381
    outer loop
      vertex -96.11202400834948 -9.399999999999999 5.809486285189536
      vertex -96.11202400834948 -7.299999999999999 5.809486285189536
      vertex -96.19923048454133 -7.299999999999999 5.94
    endloop
  endfacet
  facet normal 0.8968727415327046 0 0.4422886902189682
    outer loop
      vertex -96.19923048454133 -9.399999999999999 5.94
      vertex -96.19923048454133 -7.299999999999999 5.94
      vertex -96.26865543901354 -7.299999999999999 6.0807798811618925
    endloop
  endfacet
  facet normal 0.9469301294951094 0 0.3214394653031508
    outer loop
      vertex -96.26865543901354 -9.399999999999999 6.0807798811618925
      vertex -96.26865543901354 -7.299999999999999 6.0807798811618925
      vertex -96.31911099154688 -7.299999999999999 6.229417145876975
    endloop
  endfacet
  facet normal 0.9807852804032281 0 0.19509032201614018
    outer loop
      vertex -96.31911099154688 -9.399999999999999 6.229417145876975
      vertex -96.31911099154688 -7.299999999999999 6.229417145876975
      vertex -96.34973383364857 -7.299999999999999 6.383368569335938
    endloop
  endfacet
  facet normal 0.9978589232386031 0 0.06540312923014815
    outer loop
      vertex -96.34973383364857 -9.399999999999999 6.383368569335938
      vertex -96.34973383364857 -7.299999999999999 6.383368569335938
      vertex -96.36 -7.299999999999999 6.54
    endloop
  endfacet
  facet normal 0.9978589232386031 0 -0.06540312923014815
    outer loop
      vertex -96.36 -9.399999999999999 6.54
      vertex -96.36 -7.299999999999999 6.54
      vertex -96.34973383364857 -7.299999999999999 6.696631430664062
    endloop
  endfacet
  facet normal 0.9807852804032281 0 -0.19509032201614018
    outer loop
      vertex -96.34973383364857 -9.399999999999999 6.696631430664062
      vertex -96.34973383364857 -7.299999999999999 6.696631430664062
      vertex -96.31911099154688 -7.299999999999999 6.850582854123025
    endloop
  endfacet
  facet normal 0.9469301294951094 0 -0.3214394653031508
    outer loop
      vertex -96.31911099154688 -9.399999999999999 6.850582854123025
      vertex -96.31911099154688 -7.299999999999999 6.850582854123025
      vertex -96.26865543901354 -7.299999999999999 6.999220118838108
    endloop
  endfacet
  facet normal -0.8968727415326686 0 -0.4422886902190411
    outer loop
      vertex -94.05134456098645 -9.399999999999999 6.999220118838108
      vertex -94.12076951545868 -9.399999999999999 7.14
      vertex -94.05134456098645 -7.299999999999999 6.999220118838108
    endloop
  endfacet
  facet normal -0.8314696123025631 0 -0.5555702330195756
    outer loop
      vertex -94.12076951545868 -9.399999999999999 7.14
      vertex -94.20797599165051 -9.399999999999999 7.270513714810464
      vertex -94.12076951545868 -7.299999999999999 7.14
    endloop
  endfacet
  facet normal -0.7518398074789722 0 -0.6593458151000748
    outer loop
      vertex -94.20797599165051 -9.399999999999999 7.270513714810464
      vertex -94.31147186257614 -9.399999999999999 7.388528137423857
      vertex -94.20797599165051 -7.299999999999999 7.270513714810464
    endloop
  endfacet
  facet normal -0.6593458151000456 0 -0.7518398074789978
    outer loop
      vertex -94.31147186257614 -9.399999999999999 7.388528137423857
      vertex -94.42948628518954 -9.399999999999999 7.492024008349482
      vertex -94.31147186257614 -7.299999999999999 7.388528137423857
    endloop
  endfacet
  facet normal -0.5555702330196107 0 -0.8314696123025396
    outer loop
      vertex -94.42948628518954 -9.399999999999999 7.492024008349482
      vertex -94.56 -9.399999999999999 7.579230484541326
      vertex -94.42948628518954 -7.299999999999999 7.492024008349482
    endloop
  endfacet
  facet normal -0.44228869021900913 0 -0.8968727415326844
    outer loop
      vertex -94.56 -9.399999999999999 7.579230484541326
      vertex -94.70077988116189 -9.399999999999999 7.648655439013544
      vertex -94.56 -7.299999999999999 7.579230484541326
    endloop
  endfacet
  facet normal -0.3214394653031713 0 -0.9469301294951025
    outer loop
      vertex -94.70077988116189 -9.399999999999999 7.648655439013544
      vertex -94.84941714587697 -9.399999999999999 7.699110991546882
      vertex -94.70077988116189 -7.299999999999999 7.648655439013544
    endloop
  endfacet
  facet normal -0.19509032201612383 0 -0.9807852804032313
    outer loop
      vertex -94.84941714587697 -9.399999999999999 7.699110991546882
      vertex -95.00336856933593 -9.399999999999999 7.729733833648572
      vertex -94.84941714587697 -7.299999999999999 7.699110991546882
    endloop
  endfacet
  facet normal -0.06540312923014742 0 -0.9978589232386033
    outer loop
      vertex -95.00336856933593 -9.399999999999999 7.729733833648572
      vertex -95.16 -9.399999999999999 7.74
      vertex -95.00336856933593 -7.299999999999999 7.729733833648572
    endloop
  endfacet
  facet normal 0.3214394653031437 0 -0.9469301294951117
    outer loop
      vertex -95.47058285412302 -9.399999999999999 7.699110991546882
      vertex -95.61922011883811 -9.399999999999999 7.648655439013544
      vertex -95.47058285412302 -7.299999999999999 7.699110991546882
    endloop
  endfacet
  facet normal 0.06540312923014742 0 -0.9978589232386033
    outer loop
      vertex -95.16 -9.399999999999999 7.74
      vertex -95.31663143066406 -9.399999999999999 7.729733833648572
      vertex -95.16 -7.299999999999999 7.74
    endloop
  endfacet
  facet normal 0.19509032201612383 0 -0.9807852804032313
    outer loop
      vertex -95.31663143066406 -9.399999999999999 7.729733833648572
      vertex -95.47058285412302 -9.399999999999999 7.699110991546882
      vertex -95.31663143066406 -7.299999999999999 7.729733833648572
    endloop
  endfacet
  facet normal -0.8968727415326686 0 -0.4422886902190411
    outer loop
      vertex -94.12076951545868 -9.399999999999999 7.14
      vertex -94.12076951545868 -7.299999999999999 7.14
      vertex -94.05134456098645 -7.299999999999999 6.999220118838108
    endloop
  endfacet
  facet normal -0.8314696123025631 0 -0.5555702330195756
    outer loop
      vertex -94.20797599165051 -9.399999999999999 7.270513714810464
      vertex -94.20797599165051 -7.299999999999999 7.270513714810464
      vertex -94.12076951545868 -7.299999999999999 7.14
    endloop
  endfacet
  facet normal -0.7518398074789722 0 -0.6593458151000748
    outer loop
      vertex -94.31147186257614 -9.399999999999999 7.388528137423857
      vertex -94.31147186257614 -7.299999999999999 7.388528137423857
      vertex -94.20797599165051 -7.299999999999999 7.270513714810464
    endloop
  endfacet
  facet normal -0.6593458151000456 0 -0.7518398074789978
    outer loop
      vertex -94.42948628518954 -9.399999999999999 7.492024008349482
      vertex -94.42948628518954 -7.299999999999999 7.492024008349482
      vertex -94.31147186257614 -7.299999999999999 7.388528137423857
    endloop
  endfacet
  facet normal -0.5555702330196107 0 -0.8314696123025396
    outer loop
      vertex -94.56 -9.399999999999999 7.579230484541326
      vertex -94.56 -7.299999999999999 7.579230484541326
      vertex -94.42948628518954 -7.299999999999999 7.492024008349482
    endloop
  endfacet
  facet normal -0.44228869021900913 0 -0.8968727415326844
    outer loop
      vertex -94.70077988116189 -9.399999999999999 7.648655439013544
      vertex -94.70077988116189 -7.299999999999999 7.648655439013544
      vertex -94.56 -7.299999999999999 7.579230484541326
    endloop
  endfacet
  facet normal -0.3214394653031713 0 -0.9469301294951025
    outer loop
      vertex -94.84941714587697 -9.399999999999999 7.699110991546882
      vertex -94.84941714587697 -7.299999999999999 7.699110991546882
      vertex -94.70077988116189 -7.299999999999999 7.648655439013544
    endloop
  endfacet
  facet normal -0.19509032201612383 0 -0.9807852804032313
    outer loop
      vertex -95.00336856933593 -9.399999999999999 7.729733833648572
      vertex -95.00336856933593 -7.299999999999999 7.729733833648572
      vertex -94.84941714587697 -7.299999999999999 7.699110991546882
    endloop
  endfacet
  facet normal -0.06540312923014742 0 -0.9978589232386033
    outer loop
      vertex -95.16 -9.399999999999999 7.74
      vertex -95.16 -7.299999999999999 7.74
      vertex -95.00336856933593 -7.299999999999999 7.729733833648572
    endloop
  endfacet
  facet normal 0.3214394653031437 0 -0.9469301294951117
    outer loop
      vertex -95.61922011883811 -9.399999999999999 7.648655439013544
      vertex -95.61922011883811 -7.299999999999999 7.648655439013544
      vertex -95.47058285412302 -7.299999999999999 7.699110991546882
    endloop
  endfacet
  facet normal 0.19509032201612383 0 -0.9807852804032313
    outer loop
      vertex -95.47058285412302 -9.399999999999999 7.699110991546882
      vertex -95.47058285412302 -7.299999999999999 7.699110991546882
      vertex -95.31663143066406 -7.299999999999999 7.729733833648572
    endloop
  endfacet
  facet normal 0.06540312923014742 -3.1126133945969732e-19 -0.9978589232386033
    outer loop
      vertex -95.16 -7.299999999999999 7.74
      vertex -95.31663143066406 -9.399999999999999 7.729733833648572
      vertex -95.31663143066406 -7.299999999999999 7.729733833648572
    endloop
  endfacet
  facet normal 0.8968727415327046 2.617099033123272e-18 -0.4422886902189682
    outer loop
      vertex -96.26865543901354 -9.399999999999999 6.999220118838108
      vertex -96.19923048454133 -7.299999999999999 7.14
      vertex -96.19923048454133 -9.399999999999999 7.14
    endloop
  endfacet
  facet normal 0.8314696123025213 1.0299086760789297e-18 -0.5555702330196381
    outer loop
      vertex -96.19923048454133 -9.399999999999999 7.14
      vertex -96.11202400834948 -7.299999999999999 7.270513714810464
      vertex -96.11202400834948 -9.399999999999999 7.270513714810464
    endloop
  endfacet
  facet normal 0.7518398074789722 1.850476236378742e-18 -0.6593458151000748
    outer loop
      vertex -96.11202400834948 -9.399999999999999 7.270513714810464
      vertex -96.00852813742385 -7.299999999999999 7.388528137423857
      vertex -96.00852813742385 -9.399999999999999 7.388528137423857
    endloop
  endfacet
  facet normal 0.6593458151000905 0 -0.7518398074789585
    outer loop
      vertex -95.89051371481047 -9.399999999999999 7.492024008349482
      vertex -96.00852813742385 -9.399999999999999 7.388528137423857
      vertex -95.89051371481047 -7.299999999999999 7.492024008349482
    endloop
  endfacet
  facet normal 0.5555702330196107 -8.45397565186575e-19 -0.8314696123025396
    outer loop
      vertex -95.89051371481047 -9.399999999999999 7.492024008349482
      vertex -95.76 -7.299999999999999 7.579230484541326
      vertex -95.76 -9.399999999999999 7.579230484541326
    endloop
  endfacet
  facet normal 0.44228869021900913 0 -0.8968727415326844
    outer loop
      vertex -95.61922011883811 -9.399999999999999 7.648655439013544
      vertex -95.76 -9.399999999999999 7.579230484541326
      vertex -95.61922011883811 -7.299999999999999 7.648655439013544
    endloop
  endfacet
  facet normal 0.8968727415327046 0 -0.4422886902189682
    outer loop
      vertex -96.26865543901354 -9.399999999999999 6.999220118838108
      vertex -96.26865543901354 -7.299999999999999 6.999220118838108
      vertex -96.19923048454133 -7.299999999999999 7.14
    endloop
  endfacet
  facet normal 0.8314696123025213 0 -0.5555702330196381
    outer loop
      vertex -96.19923048454133 -9.399999999999999 7.14
      vertex -96.19923048454133 -7.299999999999999 7.14
      vertex -96.11202400834948 -7.299999999999999 7.270513714810464
    endloop
  endfacet
  facet normal 0.7518398074789722 0 -0.6593458151000748
    outer loop
      vertex -96.11202400834948 -9.399999999999999 7.270513714810464
      vertex -96.11202400834948 -7.299999999999999 7.270513714810464
      vertex -96.00852813742385 -7.299999999999999 7.388528137423857
    endloop
  endfacet
  facet normal 0.6593458151000905 0 -0.7518398074789585
    outer loop
      vertex -96.00852813742385 -9.399999999999999 7.388528137423857
      vertex -96.00852813742385 -7.299999999999999 7.388528137423857
      vertex -95.89051371481047 -7.299999999999999 7.492024008349482
    endloop
  endfacet
  facet normal 0.5555702330196107 0 -0.8314696123025396
    outer loop
      vertex -95.89051371481047 -9.399999999999999 7.492024008349482
      vertex -95.89051371481047 -7.299999999999999 7.492024008349482
      vertex -95.76 -7.299999999999999 7.579230484541326
    endloop
  endfacet
  facet normal 0.44228869021900913 0 -0.8968727415326844
    outer loop
      vertex -95.76 -9.399999999999999 7.579230484541326
      vertex -95.76 -7.299999999999999 7.579230484541326
      vertex -95.61922011883811 -7.299999999999999 7.648655439013544
    endloop
  endfacet
  facet normal 1 0 0
    outer loop
      vertex 5 -10.13055599891038 3
      vertex 5 -22 3
      vertex 5 -22 0
    endloop
  endfacet
  facet normal 1 0 0
    outer loop
      vertex 5 -22 0
      vertex 5 22 0
      vertex 5 -10.13055599891038 3
    endloop
  endfacet
  facet normal 0 0 1
    outer loop
      vertex -5 -20.175 14
      vertex -2 -20.175 14
      vertex -5 -18 14
    endloop
  endfacet
  facet normal 0 0 1
    outer loop
      vertex -5 -18 14
      vertex -2 -20.175 14
      vertex -2 -18 14
    endloop
  endfacet
  facet normal 0 0 1
    outer loop
      vertex -5 -18 14
      vertex -2 -18 14
      vertex -2 -15 14
    endloop
  endfacet
  facet normal 0 0 1
    outer loop
      vertex -5 -18 14
      vertex -2 -15 14
      vertex -7.75 -15 14
    endloop
  endfacet
  facet normal 0 0 1
    outer loop
      vertex -5 -18 14
      vertex -7.75 -15 14
      vertex -13.25 -15 14
    endloop
  endfacet
  facet normal 0 0 1
    outer loop
      vertex -7.75 -15 14
      vertex -13.25 -9.1 14
      vertex -13.25 -15 14
    endloop
  endfacet
  facet normal 0 0 1
    outer loop
      vertex -7.75 -15 14
      vertex -7.75 -9.1 14
      vertex -13.25 -9.1 14
    endloop
  endfacet
  facet normal 0 0 1
    outer loop
      vertex -5 -18 14
      vertex -13.25 -15 14
      vertex -56.75 -15 14
    endloop
  endfacet
  facet normal 0 0 1
    outer loop
      vertex -5 -18 14
      vertex -56.75 -15 14
      vertex -62 -18 14
    endloop
  endfacet
  facet normal 1 0 0
    outer loop
      vertex 5 22 0
      vertex 5 22 3
      vertex 5 -10.13055599891038 3
    endloop
  endfacet
  facet normal -1 0 0
    outer loop
      vertex -110 -22 0
      vertex -110 -22 3
      vertex -110 22 3
    endloop
  endfacet
  facet normal -1 0 0
    outer loop
      vertex -110 -22 0
      vertex -110 22 3
      vertex -110 -12.155729853504397 0
    endloop
  endfacet
  facet normal 0 0 1
    outer loop
      vertex -62 -20.175 14
      vertex -65 -18 14
      vertex -65 -20.175 14
    endloop
  endfacet
  facet normal 0 0 1
    outer loop
      vertex -62 -18 14
      vertex -65 -18 14
      vertex -62 -20.175 14
    endloop
  endfacet
  facet normal 0 0 1
    outer loop
      vertex -62 -18 14
      vertex -65 -15 14
      vertex -65 -18 14
    endloop
  endfacet
  facet normal 0 0 1
    outer loop
      vertex -56.75 -15 14
      vertex -56.75 -9.1 14
      vertex -62.25 -9.1 14
    endloop
  endfacet
  facet normal 0 0 1
    outer loop
      vertex -62 -18 14
      vertex -56.75 -15 14
      vertex -62.25 -15 14
    endloop
  endfacet
  facet normal 0 0 1
    outer loop
      vertex -62 -18 14
      vertex -62.25 -15 14
      vertex -65 -15 14
    endloop
  endfacet
  facet normal 0 0 1
    outer loop
      vertex -56.75 -15 14
      vertex -62.25 -9.1 14
      vertex -62.25 -15 14
    endloop
  endfacet
  facet normal 0 0 1
    outer loop
      vertex -70 -13.399999999999999 14
      vertex -70 -12.727595481441634 14
      vertex -75.4 -10.899999999999999 14
    endloop
  endfacet
  facet normal 0 0 1
    outer loop
      vertex -70 -12.727595481441634 14
      vertex -70 -10.899999999999999 14
      vertex -75.4 -10.899999999999999 14
    endloop
  endfacet
  facet normal 0 0 1
    outer loop
      vertex -70 -13.399999999999999 14
      vertex -75.4 -10.899999999999999 14
      vertex -94.6 -10.899999999999999 14
    endloop
  endfacet
  facet normal 0 0 1
    outer loop
      vertex -70 -10.899999999999999 14
      vertex -70 -7.299999999999999 14
      vertex -75.4 -10.899999999999999 14
    endloop
  endfacet
  facet normal 0 0 1
    outer loop
      vertex -72 -7.299999999999999 14
      vertex -75.4 -10.899999999999999 14
      vertex -70 -7.299999999999999 14
    endloop
  endfacet
  facet normal 0 0 1
    outer loop
      vertex -70 -4.899999999999999 14
      vertex -72 -7.299999999999999 14
      vertex -70 -7.299999999999999 14
    endloop
  endfacet
  facet normal 0 0 1
    outer loop
      vertex -72 -7.299999999999999 14
      vertex -70 -4.899999999999999 14
      vertex -72 -4.899999999999999 14
    endloop
  endfacet
  facet normal 0 0 1
    outer loop
      vertex -72 -7.299999999999999 14
      vertex -75.4 -7.299999999999999 14
      vertex -75.4 -10.899999999999999 14
    endloop
  endfacet
  facet normal 0 0 1
    outer loop
      vertex -100 -13.399999999999999 14
      vertex -70 -13.399999999999999 14
      vertex -94.6 -10.899999999999999 14
    endloop
  endfacet
  facet normal 0 0 1
    outer loop
      vertex -100 -11.200076749369176 14
      vertex -100 -13.399999999999999 14
      vertex -94.6 -10.899999999999999 14
    endloop
  endfacet
  facet normal 0 0 1
    outer loop
      vertex -100 -11.200076749369176 14
      vertex -94.6 -10.899999999999999 14
      vertex -100 -10.899999999999999 14
    endloop
  endfacet
  facet normal 0 0 1
    outer loop
      vertex -94.6 -10.899999999999999 14
      vertex -94.6 -7.299999999999999 14
      vertex -100 -10.899999999999999 14
    endloop
  endfacet
  facet normal 0 0 1
    outer loop
      vertex -98 -7.299999999999999 14
      vertex -100 -10.899999999999999 14
      vertex -94.6 -7.299999999999999 14
    endloop
  endfacet
  facet normal 0 0 1
    outer loop
      vertex -100 -7.299999999999999 14
      vertex -100 -10.899999999999999 14
      vertex -98 -7.299999999999999 14
    endloop
  endfacet
  facet normal 0 0 1
    outer loop
      vertex -100 -7.299999999999999 14
      vertex -98 -7.299999999999999 14
      vertex -98 -4.899999999999999 14
    endloop
  endfacet
  facet normal 0 0 1
    outer loop
      vertex -98 -4.899999999999999 14
      vertex -100 -4.899999999999999 14
      vertex -100 -7.299999999999999 14
    endloop
  endfacet
  facet normal -1 0 0
    outer loop
      vertex -110 -12.155729853504397 0
      vertex -110 22 3
      vertex -110 22 0
    endloop
  endfacet
endsolid OpenSCAD_Model
